Script started on 2026-06-23 13:43:14+02:00 [TERM="xterm-256color" TTY="/dev/pts/1" COLUMNS="139" LINES="76"]
[1;32mBuilding application "experiment_root" for "iotlab-m3" with CPU "stm32".[0m

"make" -C /home/tin/Desktop/RIOT_CODE/RIOT/pkg/cmsis/ 
"make" -C /home/tin/Desktop/RIOT_CODE/RIOT/pkg/mpaland-printf/ 
"make" -C /home/tin/Desktop/RIOT_CODE/RIOT/build/pkg/mpaland-printf -f /home/tin/Desktop/RIOT_CODE/RIOT/pkg/mpaland-printf/mpaland-printf.mk
"make" -C /home/tin/Desktop/RIOT_CODE/RIOT/boards
"make" -C /home/tin/Desktop/RIOT_CODE/RIOT/boards/common/init
"make" -C /home/tin/Desktop/RIOT_CODE/RIOT/boards/iotlab-m3
"make" -C /home/tin/Desktop/RIOT_CODE/RIOT/boards/common/iotlab
"make" -C /home/tin/Desktop/RIOT_CODE/RIOT/core
"make" -C /home/tin/Desktop/RIOT_CODE/RIOT/core/lib
"make" -C /home/tin/Desktop/RIOT_CODE/RIOT/cpu/stm32
"make" -C /home/tin/Desktop/RIOT_CODE/RIOT/cpu/cortexm_common
"make" -C /home/tin/Desktop/RIOT_CODE/RIOT/cpu/cortexm_common/periph
"make" -C /home/tin/Desktop/RIOT_CODE/RIOT/cpu/stm32/periph
"make" -C /home/tin/Desktop/RIOT_CODE/RIOT/cpu/stm32/stmclk
"make" -C /home/tin/Desktop/RIOT_CODE/RIOT/cpu/stm32/vectors
"make" -C /home/tin/Desktop/RIOT_CODE/RIOT/drivers
"make" -C /home/tin/Desktop/RIOT_CODE/RIOT/drivers/at86rf2xx
"make" -C /home/tin/Desktop/RIOT_CODE/RIOT/drivers/netdev
"make" -C /home/tin/Desktop/RIOT_CODE/RIOT/drivers/periph_common
"make" -C /home/tin/Desktop/RIOT_CODE/RIOT/sys
"make" -C /home/tin/Desktop/RIOT_CODE/RIOT/sys/auto_init
"make" -C /home/tin/Desktop/RIOT_CODE/RIOT/sys/div
"make" -C /home/tin/Desktop/RIOT_CODE/RIOT/sys/event
"make" -C /home/tin/Desktop/RIOT_CODE/RIOT/sys/evtimer
"make" -C /home/tin/Desktop/RIOT_CODE/RIOT/sys/fmt
"make" -C /home/tin/Desktop/RIOT_CODE/RIOT/sys/frac
"make" -C /home/tin/Desktop/RIOT_CODE/RIOT/sys/iolist
"make" -C /home/tin/Desktop/RIOT_CODE/RIOT/sys/isrpipe
"make" -C /home/tin/Desktop/RIOT_CODE/RIOT/sys/libc
"make" -C /home/tin/Desktop/RIOT_CODE/RIOT/sys/luid
"make" -C /home/tin/Desktop/RIOT_CODE/RIOT/sys/malloc_thread_safe
"make" -C /home/tin/Desktop/RIOT_CODE/RIOT/sys/net/crosslayer/inet_csum
"make" -C /home/tin/Desktop/RIOT_CODE/RIOT/sys/net/gnrc
"make" -C /home/tin/Desktop/RIOT_CODE/RIOT/sys/net/gnrc/netapi
"make" -C /home/tin/Desktop/RIOT_CODE/RIOT/sys/net/gnrc/netif
"make" -C /home/tin/Desktop/RIOT_CODE/RIOT/sys/net/gnrc/netif/hdr
"make" -C /home/tin/Desktop/RIOT_CODE/RIOT/sys/net/gnrc/netif/ieee802154
"make" -C /home/tin/Desktop/RIOT_CODE/RIOT/sys/net/gnrc/netif/init_devs
"make" -C /home/tin/Desktop/RIOT_CODE/RIOT/sys/net/gnrc/netreg
"make" -C /home/tin/Desktop/RIOT_CODE/RIOT/sys/net/gnrc/network_layer/icmpv6
"make" -C /home/tin/Desktop/RIOT_CODE/RIOT/sys/net/gnrc/network_layer/ipv6
"make" -C /home/tin/Desktop/RIOT_CODE/RIOT/sys/net/gnrc/network_layer/ipv6/hdr
"make" -C /home/tin/Desktop/RIOT_CODE/RIOT/sys/net/gnrc/network_layer/ipv6/nib
"make" -C /home/tin/Desktop/RIOT_CODE/RIOT/sys/net/gnrc/network_layer/ndp
"make" -C /home/tin/Desktop/RIOT_CODE/RIOT/sys/net/gnrc/network_layer/sixlowpan
"make" -C /home/tin/Desktop/RIOT_CODE/RIOT/sys/net/gnrc/network_layer/sixlowpan/ctx
"make" -C /home/tin/Desktop/RIOT_CODE/RIOT/sys/net/gnrc/network_layer/sixlowpan/frag
"make" -C /home/tin/Desktop/RIOT_CODE/RIOT/sys/net/gnrc/network_layer/sixlowpan/frag/fb
"make" -C /home/tin/Desktop/RIOT_CODE/RIOT/sys/net/gnrc/network_layer/sixlowpan/frag/rb
"make" -C /home/tin/Desktop/RIOT_CODE/RIOT/sys/net/gnrc/network_layer/sixlowpan/iphc
"make" -C /home/tin/Desktop/RIOT_CODE/RIOT/sys/net/gnrc/network_layer/sixlowpan/nd
"make" -C /home/tin/Desktop/RIOT_CODE/RIOT/sys/net/gnrc/pkt
"make" -C /home/tin/Desktop/RIOT_CODE/RIOT/sys/net/gnrc/pktbuf
"make" -C /home/tin/Desktop/RIOT_CODE/RIOT/sys/net/gnrc/pktbuf_static
"make" -C /home/tin/Desktop/RIOT_CODE/RIOT/sys/net/gnrc/pktdump
"make" -C /home/tin/Desktop/RIOT_CODE/RIOT/sys/net/gnrc/routing/rpl
"make" -C /home/tin/Desktop/RIOT_CODE/RIOT/sys/net/gnrc/sock
"make" -C /home/tin/Desktop/RIOT_CODE/RIOT/sys/net/gnrc/sock/udp
"make" -C /home/tin/Desktop/RIOT_CODE/RIOT/sys/net/gnrc/transport_layer/udp
"make" -C /home/tin/Desktop/RIOT_CODE/RIOT/sys/net/link_layer/eui_provider
"make" -C /home/tin/Desktop/RIOT_CODE/RIOT/sys/net/link_layer/ieee802154
"make" -C /home/tin/Desktop/RIOT_CODE/RIOT/sys/net/link_layer/l2util
"make" -C /home/tin/Desktop/RIOT_CODE/RIOT/sys/net/netif
"make" -C /home/tin/Desktop/RIOT_CODE/RIOT/sys/net/netstats
"make" -C /home/tin/Desktop/RIOT_CODE/RIOT/sys/net/netutils
"make" -C /home/tin/Desktop/RIOT_CODE/RIOT/sys/net/network_layer/icmpv6
"make" -C /home/tin/Desktop/RIOT_CODE/RIOT/sys/net/network_layer/ipv6/addr
"make" -C /home/tin/Desktop/RIOT_CODE/RIOT/sys/net/network_layer/ipv6/hdr
"make" -C /home/tin/Desktop/RIOT_CODE/RIOT/sys/net/network_layer/sixlowpan
"make" -C /home/tin/Desktop/RIOT_CODE/RIOT/sys/net/sock
"make" -C /home/tin/Desktop/RIOT_CODE/RIOT/sys/net/sock/async/event
"make" -C /home/tin/Desktop/RIOT_CODE/RIOT/sys/net/transport_layer/udp
"make" -C /home/tin/Desktop/RIOT_CODE/RIOT/sys/newlib_syscalls_default
"make" -C /home/tin/Desktop/RIOT_CODE/RIOT/sys/od
"make" -C /home/tin/Desktop/RIOT_CODE/RIOT/sys/pm_layered
"make" -C /home/tin/Desktop/RIOT_CODE/RIOT/sys/posix/inet
"make" -C /home/tin/Desktop/RIOT_CODE/RIOT/sys/preprocessor
"make" -C /home/tin/Desktop/RIOT_CODE/RIOT/sys/random
"make" -C /home/tin/Desktop/RIOT_CODE/RIOT/sys/sema_inv
"make" -C /home/tin/Desktop/RIOT_CODE/RIOT/sys/shell
"make" -C /home/tin/Desktop/RIOT_CODE/RIOT/sys/shell/cmds
"make" -C /home/tin/Desktop/RIOT_CODE/RIOT/sys/stdio
"make" -C /home/tin/Desktop/RIOT_CODE/RIOT/sys/stdio_uart
"make" -C /home/tin/Desktop/RIOT_CODE/RIOT/sys/trickle
"make" -C /home/tin/Desktop/RIOT_CODE/RIOT/sys/tsrb
"make" -C /home/tin/Desktop/RIOT_CODE/RIOT/sys/ztimer
   text	   data	    bss	    dec	    hex	filename
  89636	    216	  37860	 127712	  1f2e0	/home/tin/Desktop/RIOT_CODE/RIOT/examples/networking/gnrc/experiment_rpl_of/root_experiment/bin/iotlab-m3/experiment_root.elf
iotlab-node --jmespath='keys(@)[0]' --format='lambda ret: exit(int(ret))'  --list lille,m3,181 --flash /home/tin/Desktop/RIOT_CODE/RIOT/examples/networking/gnrc/experiment_rpl_of/root_experiment/bin/iotlab-m3/experiment_root.bin
ssh -t thunguye@lille.iot-lab.info 'socat - tcp:m3-181.lille.iot-lab.info:20000' 
Root: Network interface PID: 6
main(): This is RIOT! (Version: 2026.01-devel-170-gc6095-rpl-mrhof-experiment)
Root: Network interface PID: 6
Root: {"IPv6 addresses": ["fe80::dcbe:7023:9481:1015", "2001:db8::1"]}

Root: Created listening thread
Root: Created DIspatcher thread
Root: Running Shell
> Listener:Sent_pong;1;A7E4
Dispatcher:A7E4;0;0;256;0;2;207;255;0;1
Listener:Sent_pong;2;A7E4
Dispatcher:A7E4;507;24354;256;0;2;207;255;1;2
Listener:Sent_pong;2;2EDF
Dispatcher:2EDF;508;0;256;0;2;201;255;0;2
Listener:Sent_pong;2;0002
Dispatcher:0002;527;0;256;0;2;191;255;0;2
Listener:Sent_pong;2;F010
Dispatcher:F010;532;0;256;0;2;198;255;0;2
Listener:Sent_pong;3;A7E4
Dispatcher:A7E4;1014;25302;256;0;2;207;255;2;3
Listener:Sent_pong;3;2EDF
Dispatcher:2EDF;1015;28874;256;0;2;201;255;1;3
Listener:Sent_pong;3;F010
Dispatcher:F010;1041;97887;256;0;2;198;255;1;3
Listener:Sent_pong;4;A7E4
Dispatcher:A7E4;1521;26585;256;0;2;207;255;3;4
Listener:Sent_pong;4;2EDF
Dispatcher:2EDF;1522;28544;256;0;2;201;255;2;4
Listener:Sent_pong;4;F010
Dispatcher:F010;1550;97887;256;0;2;198;255;1;4
Listener:Sent_pong;4;0002
Dispatcher:0002;1564;0;256;0;2;191;255;0;4
Listener:Sent_pong;4;A78F
Dispatcher:A78F;1585;0;256;0;2;201;255;0;4
Listener:Sent_pong;4;C323
Dispatcher:C323;1655;0;256;0;2;204;255;0;4
Listener:Sent_pong;5;A7E4
Dispatcher:A7E4;2030;27517;256;0;2;207;255;4;5
Listener:Sent_pong;5;2EDF
Dispatcher:2EDF;2031;28564;256;0;2;201;255;3;5
Listener:Sent_pong;5;F010
Dispatcher:F010;2058;26327;256;0;2;198;255;2;5
Listener:Sent_pong;5;FCED
Dispatcher:FCED;2085;0;256;0;2;210;255;0;5
Listener:Sent_pong;5;904F
Dispatcher:904F;2111;0;256;0;2;193;255;0;5
Listener:Sent_pong;5;67E2
Dispatcher:67E2;2136;0;256;0;2;205;255;0;5
Listener:Sent_pong;5;C323
Dispatcher:C323;2189;58574;256;0;2;204;255;1;5
Listener:Sent_pong;6;A7E4
Dispatcher:A7E4;2539;27667;256;0;2;207;255;5;6
Listener:Sent_pong;6;2EDF
Dispatcher:2EDF;2539;24722;256;0;2;201;255;4;6
Listener:Sent_pong;6;F010
Dispatcher:F010;2565;25315;256;0;2;198;255;3;6
Listener:Sent_pong;6;0002
Dispatcher:0002;2587;0;256;0;2;191;255;0;6
Listener:Sent_pong;6;904F
Dispatcher:904F;2638;0;256;0;2;193;255;0;6
Listener:Sent_pong;6;A78F
Dispatcher:A78F;2699;101051;256;0;2;201;255;1;6
Listener:Sent_pong;6;C323
Dispatcher:C323;2737;65378;256;0;2;204;255;2;6
Listener:Sent_pong;7;A7E4
Dispatcher:A7E4;3046;24339;256;0;2;207;255;6;7
Listener:Sent_pong;7;2EDF
Dispatcher:2EDF;3048;30794;256;0;2;201;255;5;7
Listener:Sent_pong;7;F010
Dispatcher:F010;3075;30803;256;0;2;198;255;4;7
Listener:Sent_pong;7;0002
Dispatcher:0002;3100;40489;256;0;2;191;255;1;7
Listener:Sent_pong;7;904F
Dispatcher:904F;3150;64766;256;0;2;193;255;1;7
Listener:Sent_pong;7;A78F
Dispatcher:A78F;3206;101051;256;0;2;201;255;1;7
Listener:Sent_pong;7;C323
Dispatcher:C323;3264;50096;256;0;2;204;255;3;7
Listener:Sent_pong;7;67E2
Dispatcher:67E2;3262;0;256;0;2;205;255;0;7
Listener:Sent_pong;8;A7E4
Dispatcher:A7E4;3554;24691;256;0;2;207;255;7;8
Listener:Sent_pong;8;2EDF
Dispatcher:2EDF;3556;31918;256;0;2;201;255;6;8
Listener:Sent_pong;8;F010
Dispatcher:F010;3585;30853;256;0;2;198;255;5;8
Listener:Sent_pong;8;0002
Dispatcher:0002;3610;54191;256;0;2;191;255;2;8
Listener:Sent_pong;8;FCED
Dispatcher:FCED;3616;45864;256;0;2;210;255;1;8
Listener:Sent_pong;8;9375
Dispatcher:9375;3709;0;256;0;2;207;255;0;8
Listener:Sent_pong;8;A78F
Dispatcher:A78F;3715;30829;256;0;2;201;255;2;8
Listener:Sent_pong;9;A7E4
Dispatcher:A7E4;4063;29466;256;0;2;207;255;8;9
Listener:Sent_pong;9;2EDF
Dispatcher:2EDF;4063;27632;256;0;2;201;255;7;9
Listener:Sent_pong;9;F010
Dispatcher:F010;4094;28559;256;0;2;198;255;6;9
Listener:Sent_pong;9;0002
Dispatcher:0002;4117;42209;256;0;2;191;255;3;9
Listener:Sent_pong;9;FCED
Dispatcher:FCED;4157;60312;256;0;2;210;255;2;9
Listener:Sent_pong;9;904F
Dispatcher:904F;4175;51494;256;0;2;193;255;2;9
Listener:Sent_pong;9;9375
Dispatcher:9375;4217;0;256;0;2;207;255;0;9
Listener:Sent_pong;9;8D93
Dispatcher:8D93;4263;0;256;0;2;206;255;0;9
Listener:Sent_pong;10;A7E4
Dispatcher:A7E4;4571;27223;256;0;2;207;255;9;10
Listener:Sent_pong;10;2EDF
Dispatcher:2EDF;4570;26282;256;0;2;201;255;8;10
Listener:Sent_pong;10;F010
Dispatcher:F010;4601;29159;256;0;2;198;255;7;10
Listener:Sent_pong;10;0002
Dispatcher:0002;4627;29609;256;0;2;191;255;4;10
Listener:Sent_pong;10;FCED
Dispatcher:FCED;4665;37764;256;0;2;210;255;3;10
Listener:Sent_pong;10;904F
Dispatcher:904F;4705;79834;256;0;2;193;255;3;10
Listener:Sent_pong;10;9375
Dispatcher:9375;4757;0;256;0;2;207;255;0;10
Listener:Sent_pong;10;8D93
Dispatcher:8D93;4784;0;256;0;2;206;255;0;10
Listener:Sent_pong;10;A78F
Dispatcher:A78F;4821;91685;256;0;2;201;255;3;10
Listener:Sent_pong;11;A7E4
Dispatcher:A7E4;5078;29501;256;0;2;207;255;10;11
Listener:Sent_pong;11;2EDF
Dispatcher:2EDF;5080;29208;256;0;2;201;255;9;11
Listener:Sent_pong;11;F010
Dispatcher:F010;5109;27875;256;0;2;198;255;8;11
Listener:Sent_pong;11;0002
Dispatcher:0002;5140;32499;256;0;2;191;255;5;11
Listener:Sent_pong;11;FCED
Dispatcher:FCED;5171;23084;256;0;2;210;255;4;11
Listener:Sent_pong;11;904F
Dispatcher:904F;5213;24388;256;0;2;193;255;4;11
Listener:Sent_pong;11;9375
Dispatcher:9375;5265;38850;256;0;2;207;255;1;11
Listener:Sent_pong;11;8D93
Dispatcher:8D93;5301;36752;256;0;2;206;255;1;11
Listener:Sent_pong;11;E934
Dispatcher:E934;5331;0;256;0;2;201;255;0;11
Listener:Sent_pong;11;C323
Dispatcher:C323;5356;34436;256;0;2;204;255;4;11
Listener:Sent_pong;12;A7E4
Dispatcher:A7E4;5587;28520;256;0;2;207;255;11;12
Listener:Sent_pong;12;2EDF
Dispatcher:2EDF;5589;24734;256;0;2;201;255;10;12
Listener:Sent_pong;12;F010
Dispatcher:F010;5615;23423;256;0;2;198;255;9;12
Listener:Sent_pong;12;0002
Dispatcher:0002;5648;31025;256;0;2;191;255;6;12
Listener:Sent_pong;12;FCED
Dispatcher:FCED;5679;25016;256;0;2;210;255;5;12
Listener:Sent_pong;12;904F
Dispatcher:904F;5720;27586;256;0;2;193;255;5;12
Listener:Sent_pong;12;9375
Dispatcher:9375;5772;25000;256;0;2;207;255;2;12
Listener:Sent_pong;12;8D93
Dispatcher:8D93;5810;28859;256;0;2;206;255;2;12
Listener:Sent_pong;12;E934
Dispatcher:E934;5838;0;256;0;2;201;255;0;12
Listener:Sent_pong;12;67E2
Dispatcher:67E2;5899;56742;256;0;2;205;255;1;12
Listener:Sent_pong;13;A7E4
Dispatcher:A7E4;6094;30399;256;0;2;207;255;12;13
Listener:Sent_pong;13;2EDF
Dispatcher:2EDF;6098;27462;256;0;2;201;255;11;13
Listener:Sent_pong;13;F010
Dispatcher:F010;6123;27241;256;0;2;198;255;10;13
Listener:Sent_pong;13;0002
Dispatcher:0002;6155;24679;256;0;2;191;255;7;13
Listener:Sent_pong;13;FCED
Dispatcher:FCED;6187;26932;256;0;2;210;255;6;13
Listener:Sent_pong;13;904F
Dispatcher:904F;6229;29836;256;0;2;193;255;6;13
Listener:Sent_pong;13;9375
Dispatcher:9375;6281;27862;256;0;2;207;255;3;13
Listener:Sent_pong;13;E934
Dispatcher:E934;6348;58670;256;0;2;201;255;1;13
Listener:Sent_pong;13;CE13
Dispatcher:CE13;6383;0;256;0;2;195;255;0;13
Listener:Sent_pong;13;67E2
Dispatcher:67E2;6434;53672;256;0;2;205;255;2;13
Listener:Sent_pong;14;A7E4
Dispatcher:A7E4;6602;31228;256;0;2;207;255;13;14
Listener:Sent_pong;14;2EDF
Dispatcher:2EDF;6606;25660;256;0;2;201;255;12;14
Listener:Sent_pong;14;F010
Dispatcher:F010;6632;28011;256;0;2;198;255;11;14
Listener:Sent_pong;14;FCED
Dispatcher:FCED;6694;30252;256;0;2;210;255;7;14
Listener:Sent_pong;14;904F
Dispatcher:904F;6737;29170;256;0;2;193;255;7;14
Listener:Sent_pong;14;9375
Dispatcher:9375;6789;76326;256;0;2;207;255;4;14
Listener:Sent_pong;14;8D93
Dispatcher:8D93;6843;29529;256;0;2;206;255;3;14
Listener:Sent_pong;14;E934
Dispatcher:E934;6873;50626;256;0;2;201;255;2;14
Listener:Sent_pong;14;CE13
Dispatcher:CE13;6911;54089;256;0;2;195;255;1;14
Listener:Sent_pong;14;A78F
Dispatcher:A78F;6938;107841;256;0;2;201;255;4;14
Listener:Sent_pong;15;A7E4
Dispatcher:A7E4;7111;27541;256;0;2;207;255;14;15
Listener:Sent_pong;15;2EDF
Dispatcher:2EDF;7124;49516;256;0;2;201;255;13;15
Listener:Sent_pong;15;F010
Dispatcher:F010;7160;52120;256;0;2;198;255;12;15
Listener:Sent_pong;15;0002
Dispatcher:0002;7170;27885;256;0;2;191;255;8;15
Listener:Sent_pong;15;904F
Dispatcher:904F;7245;28872;256;0;2;193;255;8;15
Listener:Sent_pong;15;9375
Dispatcher:9375;7298;28558;256;0;2;207;255;5;15
Listener:Sent_pong;15;8D93
Dispatcher:8D93;7352;29817;256;0;2;206;255;4;15
Listener:Sent_pong;15;E934
Dispatcher:E934;7382;29004;256;0;2;201;255;3;15
Listener:Sent_pong;15;CE13
Dispatcher:CE13;7418;54089;256;0;2;195;255;1;15
Listener:Sent_pong;15;C323
Dispatcher:C323;7452;63704;256;0;2;204;255;5;15
Listener:Sent_pong;15;A78F
Dispatcher:A78F;7474;54065;256;0;2;201;255;5;15
Listener:Sent_pong;16;A7E4
Dispatcher:A7E4;7619;25636;256;0;2;207;255;15;16
Listener:Sent_pong;16;2EDF
Dispatcher:2EDF;7631;24734;256;0;2;201;255;14;16
Listener:Sent_pong;16;F010
Dispatcher:F010;7668;28155;256;0;2;198;255;13;16
Listener:Sent_pong;16;0002
Dispatcher:0002;7704;84897;256;0;2;191;255;9;16
Listener:Sent_pong;16;FCED
Dispatcher:FCED;7733;27714;256;0;2;210;255;8;16
Listener:Sent_pong;16;904F
Dispatcher:904F;7767;43146;256;0;2;193;255;9;16
Listener:Sent_pong;16;9375
Dispatcher:9375;7805;24064;256;0;2;207;255;6;16
Listener:Sent_pong;16;8D93
Dispatcher:8D93;7859;24399;256;0;2;206;255;5;16
Listener:Sent_pong;16;E934
Dispatcher:E934;7889;26614;256;0;2;201;253;4;16
Listener:Sent_pong;16;CE13
Dispatcher:CE13;7925;29807;256;0;2;195;255;2;16
Listener:Sent_pong;16;C323
Dispatcher:C323;7960;50408;256;0;2;204;255;6;16
Listener:Sent_pong;16;A78F
Dispatcher:A78F;8011;68541;256;0;2;201;255;6;16
Listener:Sent_pong;16;67E2
Dispatcher:67E2;8023;30048;256;0;2;205;255;3;16
Listener:Sent_pong;17;A7E4
Dispatcher:A7E4;8128;27531;256;0;2;207;255;16;17
Listener:Sent_pong;17;2EDF
Dispatcher:2EDF;8139;27594;256;0;2;201;255;15;17
Listener:Sent_pong;17;F010
Dispatcher:F010;8175;23407;256;0;2;198;255;14;17
Listener:Sent_pong;17;0002
Dispatcher:0002;8210;24699;256;0;2;191;255;10;17
Listener:Sent_pong;17;FCED
Dispatcher:FCED;8242;27278;256;0;2;210;255;9;17
Listener:Sent_pong;17;904F
Dispatcher:904F;8275;26938;256;0;2;193;255;10;17
Listener:Sent_pong;17;9375
Dispatcher:9375;8313;28836;256;0;2;207;255;7;17
Listener:Sent_pong;17;8D93
Dispatcher:8D93;8373;45882;256;0;2;206;255;6;17
Listener:Sent_pong;17;E934
Dispatcher:E934;8417;58568;256;0;2;201;253;5;17
Listener:Sent_pong;17;CE13
Dispatcher:CE13;8457;60101;256;0;2;195;255;3;17
Listener:Sent_pong;17;C323
Dispatcher:C323;8486;45254;256;0;2;204;255;7;17
Listener:Sent_pong;17;A78F
Dispatcher:A78F;8519;36507;256;0;2;201;255;7;17
Listener:Sent_pong;17;67E2
Dispatcher:67E2;8553;50192;256;0;2;205;255;4;17
Listener:Sent_pong;18;A7E4
Dispatcher:A7E4;8636;26268;256;0;2;207;255;17;18
Listener:Sent_pong;18;2EDF
Dispatcher:2EDF;8647;28228;256;0;2;201;255;16;18
Listener:Sent_pong;18;F010
Dispatcher:F010;8689;32759;256;0;2;198;255;15;18
Listener:Sent_pong;18;FCED
Dispatcher:FCED;8749;28236;256;0;2;210;255;10;18
Listener:Sent_pong;18;904F
Dispatcher:904F;8790;32742;256;0;2;193;255;11;18
Listener:Sent_pong;18;9375
Dispatcher:9375;8822;27546;256;0;2;207;255;8;18
Listener:Sent_pong;18;8D93
Dispatcher:8D93;8882;31539;256;0;2;206;255;7;18
Listener:Sent_pong;18;E934
Dispatcher:E934;8926;26610;256;0;2;201;253;6;18
Listener:Sent_pong;18;CE13
Dispatcher:CE13;8965;27587;256;0;2;195;255;4;18
Listener:Sent_pong;18;C323
Dispatcher:C323;8995;27284;256;0;2;204;255;8;18
Listener:Sent_pong;18;A78F
Dispatcher:A78F;9027;28859;256;0;2;201;255;8;18
Listener:Sent_pong;18;67E2
Dispatcher:67E2;9061;25658;256;0;2;205;255;5;18
Listener:Sent_pong;19;A7E4
Dispatcher:A7E4;9143;25310;256;0;2;207;255;18;19
Listener:Sent_pong;19;2EDF
Dispatcher:2EDF;9156;30448;256;0;2;201;255;17;19
Listener:Sent_pong;19;F010
Dispatcher:F010;9198;78579;256;0;2;198;255;16;19
Listener:Sent_pong;19;0002
Dispatcher:0002;9252;26623;256;0;2;191;255;11;19
Listener:Sent_pong;19;FCED
Dispatcher:FCED;9272;40502;256;0;2;210;255;11;19
Listener:Sent_pong;19;904F
Dispatcher:904F;9298;28974;256;0;2;193;255;12;19
Listener:Sent_pong;19;9375
Dispatcher:9375;9330;27570;256;0;2;207;255;9;19
Listener:Sent_pong;19;8D93
Dispatcher:8D93;9391;26953;256;0;2;206;255;8;19
Listener:Sent_pong;19;E934
Dispatcher:E934;9434;27890;256;0;2;201;253;7;19
Listener:Sent_pong;19;CE13
Dispatcher:CE13;9474;29195;256;0;2;195;255;5;19
Listener:Sent_pong;19;C323
Dispatcher:C323;9503;28546;256;0;2;204;255;9;19
Listener:Sent_pong;19;A78F
Dispatcher:A78F;9536;29485;256;0;2;201;255;9;19
Listener:Sent_pong;19;67E2
Dispatcher:67E2;9570;26296;256;0;2;205;255;6;19
Listener:Sent_pong;20;A7E4
Dispatcher:A7E4;9656;32074;256;0;2;207;255;19;20
Listener:Sent_pong;20;2EDF
Dispatcher:2EDF;9664;25998;256;0;2;201;255;18;20
Listener:Sent_pong;20;F010
Dispatcher:F010;9706;25675;256;0;2;198;255;17;20
Listener:Sent_pong;20;0002
Dispatcher:0002;9759;25665;256;0;2;191;255;12;20
Listener:Sent_pong;20;FCED
Dispatcher:FCED;9780;27870;256;0;2;210;255;12;20
Listener:Sent_pong;20;904F
Dispatcher:904F;9808;27694;256;0;2;193;255;13;20
Listener:Sent_pong;20;9375
Dispatcher:9375;9839;26586;256;0;2;207;255;10;20
Listener:Sent_pong;20;8D93
Dispatcher:8D93;9898;24381;256;0;2;206;255;9;20
Listener:Sent_pong;20;E934
Dispatcher:E934;9943;29798;256;0;2;201;253;8;20
Listener:Sent_pong;20;CE13
Dispatcher:CE13;9981;26929;256;0;2;195;255;6;20
Listener:Sent_pong;20;C323
Dispatcher:C323;10010;25644;256;0;2;204;255;10;20
Listener:Sent_pong;20;A78F
Dispatcher:A78F;10042;22773;256;0;2;201;255;10;20
Listener:Sent_pong;20;67E2
Dispatcher:67E2;10078;28522;256;0;2;205;255;7;20
Listener:Sent_pong;21;A7E4
Dispatcher:A7E4;10163;26604;256;0;2;207;255;20;21
Listener:Sent_pong;21;2EDF
Dispatcher:2EDF;10171;26616;256;0;2;201;255;19;21
Listener:Sent_pong;21;F010
Dispatcher:F010;10213;28543;256;0;2;198;255;18;21
Listener:Sent_pong;21;0002
Dispatcher:0002;10266;26639;256;0;2;191;255;13;21
Listener:Sent_pong;21;FCED
Dispatcher:FCED;10287;28514;256;0;2;210;255;13;21
Listener:Sent_pong;21;9375
Dispatcher:9375;10357;34132;256;0;2;207;255;11;21
Listener:Sent_pong;21;8D93
Dispatcher:8D93;10406;25976;256;0;2;206;255;10;21
Listener:Sent_pong;21;E934
Dispatcher:E934;10450;31996;256;0;2;201;253;9;21
Listener:Sent_pong;21;CE13
Dispatcher:CE13;10488;26629;256;0;2;195;255;7;21
Listener:Sent_pong;21;C323
Dispatcher:C323;10518;28540;256;0;2;204;255;11;21
Listener:Sent_pong;21;A78F
Dispatcher:A78F;10550;32629;256;0;2;201;255;11;21
Listener:Sent_pong;21;67E2
Dispatcher:67E2;10585;24370;256;0;2;205;255;8;21
Listener:Sent_pong;22;A7E4
Dispatcher:A7E4;10671;25341;256;0;2;207;255;21;22
Listener:Sent_pong;22;2EDF
Dispatcher:2EDF;10678;23420;256;0;2;201;255;20;22
Listener:Sent_pong;22;F010
Dispatcher:F010;10720;30251;256;0;2;198;255;19;22
Listener:Sent_pong;22;0002
Dispatcher:0002;10779;26639;256;0;2;191;255;13;22
Listener:Sent_pong;22;FCED
Dispatcher:FCED;10807;65564;256;0;2;210;255;14;22
Listener:Sent_pong;22;904F
Dispatcher:904F;10846;28128;256;0;2;193;255;14;22
Listener:Sent_pong;22;9375
Dispatcher:9375;10865;39848;256;0;2;207;255;12;22
Listener:Sent_pong;22;8D93
Dispatcher:8D93;10913;25359;256;0;2;206;255;11;22
Listener:Sent_pong;22;E934
Dispatcher:E934;10958;25346;256;0;2;201;253;10;22
Listener:Sent_pong;22;CE13
Dispatcher:CE13;10996;25047;256;0;2;195;255;8;22
Listener:Sent_pong;22;C323
Dispatcher:C323;11026;26642;256;0;2;204;255;12;22
Listener:Sent_pong;22;A78F
Dispatcher:A78F;11057;26917;256;0;2;201;255;12;22
Listener:Sent_pong;22;67E2
Dispatcher:67E2;11093;28504;256;0;2;205;255;9;22
Listener:Sent_pong;23;A7E4
Dispatcher:A7E4;11180;27878;256;0;2;207;255;22;23
Listener:Sent_pong;23;2EDF
Dispatcher:2EDF;11198;41156;256;0;2;201;255;21;23
Listener:Sent_pong;23;F010
Dispatcher:F010;11233;33715;256;0;2;198;255;20;23
Listener:Sent_pong;23;0002
Dispatcher:0002;11291;29625;256;0;2;191;255;14;23
Listener:Sent_pong;23;FCED
Dispatcher:FCED;11315;27252;256;0;2;210;255;15;23
Listener:Sent_pong;23;904F
Dispatcher:904F;11353;25375;256;0;2;193;255;15;23
Listener:Sent_pong;23;9375
Dispatcher:9375;11375;28150;256;0;2;207;255;13;23
Listener:Sent_pong;23;8D93
Dispatcher:8D93;11420;25331;256;0;2;206;255;12;23
Listener:Sent_pong;23;E934
Dispatcher:E934;11467;26946;256;0;2;201;253;11;23
Listener:Sent_pong;23;CE13
Dispatcher:CE13;11509;30853;256;0;2;195;255;9;23
Listener:Sent_pong;23;C323
Dispatcher:C323;11533;25670;256;0;2;204;255;13;23
Listener:Sent_pong;23;A78F
Dispatcher:A78F;11564;26957;256;0;2;201;255;13;23
Listener:Sent_pong;23;67E2
Dispatcher:67E2;11601;29874;256;0;2;205;255;10;23
Listener:Sent_pong;24;A7E4
Dispatcher:A7E4;11687;26278;256;0;2;207;255;23;24
Listener:Sent_pong;24;2EDF
Dispatcher:2EDF;11707;28440;256;0;2;201;255;22;24
Listener:Sent_pong;24;F010
Dispatcher:F010;11741;29471;256;0;2;198;255;21;24
Listener:Sent_pong;24;0002
Dispatcher:0002;11799;34583;256;0;2;191;255;15;24
Listener:Sent_pong;24;FCED
Dispatcher:FCED;11828;31544;256;0;2;210;255;16;24
Listener:Sent_pong;24;904F
Dispatcher:904F;11861;26642;256;0;2;193;255;16;24
Listener:Sent_pong;24;9375
Dispatcher:9375;11882;23282;256;0;2;207;255;14;24
Listener:Sent_pong;24;8D93
Dispatcher:8D93;11928;28233;256;0;2;206;255;13;24
Listener:Sent_pong;24;E934
Dispatcher:E934;11975;26972;256;0;2;201;253;12;24
Listener:Sent_pong;24;CE13
Dispatcher:CE13;12017;34369;256;0;2;195;255;10;24
Listener:Sent_pong;24;C323
Dispatcher:C323;12044;32194;256;0;2;204;255;14;24
Listener:Sent_pong;24;A78F
Dispatcher:A78F;12073;28937;256;0;2;201;255;14;24
Listener:Sent_pong;24;67E2
Dispatcher:67E2;12109;32818;256;0;2;205;255;11;24
Listener:Sent_pong;25;A7E4
Dispatcher:A7E4;12194;26282;256;0;2;207;255;24;25
Listener:Sent_pong;25;2EDF
Dispatcher:2EDF;12214;25380;256;0;2;201;255;23;25
Listener:Sent_pong;25;F010
Dispatcher:F010;12248;25655;256;0;2;198;255;22;25
Listener:Sent_pong;25;0002
Dispatcher:0002;12308;28523;256;0;2;191;255;16;25
Listener:Sent_pong;25;FCED
Dispatcher:FCED;12335;23630;256;0;2;210;255;17;25
Listener:Sent_pong;25;904F
Dispatcher:904F;12368;35766;256;0;2;193;255;17;25
Listener:Sent_pong;25;9375
Dispatcher:9375;12399;51718;256;0;2;207;255;15;25
Listener:Sent_pong;25;8D93
Dispatcher:8D93;12449;40057;256;0;2;206;255;14;25
Listener:Sent_pong;25;E934
Dispatcher:E934;12482;24054;256;0;2;201;253;13;25
Listener:Sent_pong;25;CE13
Dispatcher:CE13;12526;29159;256;0;2;195;255;11;25
Listener:Sent_pong;25;C323
Dispatcher:C323;12553;29642;256;0;2;204;255;15;25
Listener:Sent_pong;25;A78F
Dispatcher:A78F;12581;27731;256;0;2;201;255;15;25
Listener:Sent_pong;25;67E2
Dispatcher:67E2;12616;27896;256;0;2;205;255;12;25
Listener:Sent_pong;26;A7E4
Dispatcher:A7E4;12701;27522;256;0;2;207;255;25;26
Listener:Sent_pong;26;2EDF
Dispatcher:2EDF;12722;27584;256;0;2;201;255;24;26
Listener:Sent_pong;26;F010
Dispatcher:F010;12764;36075;256;0;2;198;255;23;26
Listener:Sent_pong;26;0002
Dispatcher:0002;12817;26931;256;0;2;191;255;17;26
Listener:Sent_pong;26;FCED
Dispatcher:FCED;12843;26104;256;0;2;210;255;18;26
Listener:Sent_pong;26;904F
Dispatcher:904F;12882;31482;256;0;2;193;255;18;26
Listener:Sent_pong;26;9375
Dispatcher:9375;12908;27892;256;0;2;207;255;16;26
Listener:Sent_pong;26;8D93
Dispatcher:8D93;12965;40681;256;0;2;206;255;15;26
Listener:Sent_pong;26;E934
Dispatcher:E934;13000;36758;256;0;2;201;253;14;26
Listener:Sent_pong;26;C323
Dispatcher:C323;13067;32750;256;0;2;204;255;16;26
Listener:Sent_pong;26;A78F
Dispatcher:A78F;13095;32883;256;0;2;201;255;16;26
Listener:Sent_pong;27;A7E4
Dispatcher:A7E4;13209;25634;256;0;2;207;255;26;27
Listener:Sent_pong;27;2EDF
Dispatcher:2EDF;13229;27562;256;0;2;201;255;25;27
Listener:Sent_pong;27;F010
Dispatcher:F010;13272;36075;256;0;2;198;255;23;27
Listener:Sent_pong;27;0002
Dispatcher:0002;13325;27887;256;0;2;191;255;18;27
Listener:Sent_pong;27;FCED
Dispatcher:FCED;13350;28242;256;0;2;210;255;19;27
Listener:Sent_pong;27;904F
Dispatcher:904F;13391;27896;256;0;2;193;255;19;27
Listener:Sent_pong;27;9375
Dispatcher:9375;13415;26596;256;0;2;207;255;17;27
Listener:Sent_pong;27;8D93
Dispatcher:8D93;13474;40681;256;0;2;206;255;15;27
Listener:Sent_pong;27;E934
Dispatcher:E934;13549;75134;256;0;2;201;253;15;27
Listener:Sent_pong;27;C323
Dispatcher:C323;13576;30294;256;0;2;204;255;17;27
Listener:Sent_pong;27;A78F
Dispatcher:A78F;13605;59585;256;0;2;201;255;17;27
Listener:Sent_pong;27;67E2
Dispatcher:67E2;13639;26930;256;0;2;205;255;13;27
Listener:Sent_pong;28;A7E4
Dispatcher:A7E4;13717;35800;256;0;2;207;255;27;28
Listener:Sent_pong;28;2EDF
Dispatcher:2EDF;13737;27562;256;0;2;201;255;25;28
Listener:Sent_pong;28;F010
Dispatcher:F010;13779;26297;256;0;2;198;255;24;28
Listener:Sent_pong;28;0002
Dispatcher:0002;13833;26935;256;0;2;191;255;19;28
Listener:Sent_pong;28;FCED
Dispatcher:FCED;13857;25666;256;0;2;210;255;20;28
Listener:Sent_pong;28;904F
Dispatcher:904F;13900;29332;256;0;2;193;255;20;28
Listener:Sent_pong;28;9375
Dispatcher:9375;13923;26600;256;0;2;207;255;18;28
Listener:Sent_pong;28;8D93
Dispatcher:8D93;13982;27921;256;0;2;206;255;16;28
Listener:Sent_pong;28;E934
Dispatcher:E934;14057;29146;256;0;2;201;253;16;28
Listener:Sent_pong;28;C323
Dispatcher:C323;14083;27278;256;0;2;204;255;18;28
Listener:Sent_pong;28;A78F
Dispatcher:A78F;14114;27081;256;0;2;201;255;18;28
Listener:Sent_pong;28;67E2
Dispatcher:67E2;14148;31198;256;0;2;205;255;14;28
Listener:Sent_pong;28;CE13
Dispatcher:CE13;14147;27709;256;0;2;195;255;12;28
Listener:Sent_pong;29;A7E4
Dispatcher:A7E4;14225;35800;256;0;2;207;255;27;29
Listener:Sent_pong;29;2EDF
Dispatcher:2EDF;14244;31942;256;0;2;201;255;26;29
Listener:Sent_pong;29;F010
Dispatcher:F010;14292;26463;256;0;2;198;255;25;29
Listener:Sent_pong;29;0002
Dispatcher:0002;14354;32837;256;0;2;191;255;20;29
Listener:Sent_pong;29;FCED
Dispatcher:FCED;14367;29848;256;0;2;210;255;21;29
Listener:Sent_pong;29;904F
Dispatcher:904F;14407;26298;256;0;2;193;255;21;29
Listener:Sent_pong;29;9375
Dispatcher:9375;14446;47674;256;0;2;207;255;19;29
Listener:Sent_pong;29;8D93
Dispatcher:8D93;14490;26997;256;0;2;206;255;17;29
Listener:Sent_pong;29;E934
Dispatcher:E934;14565;27248;256;0;2;201;253;17;29
Listener:Sent_pong;29;C323
Dispatcher:C323;14591;27248;256;0;2;204;255;19;29
Listener:Sent_pong;29;A78F
Dispatcher:A78F;14623;29477;256;0;2;201;255;19;29
Listener:Sent_pong;29;67E2
Dispatcher:67E2;14658;28024;256;0;2;205;255;15;29
Listener:Sent_pong;30;A7E4
Dispatcher:A7E4;14736;31006;256;0;2;207;255;28;30
Listener:Sent_pong;30;2EDF
Dispatcher:2EDF;14751;27266;256;0;2;201;255;27;30
Listener:Sent_pong;30;F010
Dispatcher:F010;14800;26597;256;0;2;198;255;26;30
Listener:Sent_pong;30;0002
Dispatcher:0002;14861;32837;256;0;2;191;255;20;30
Listener:Sent_pong;30;904F
Dispatcher:904F;14917;25646;256;0;2;193;255;22;30
Listener:Sent_pong;30;9375
Dispatcher:9375;14954;24996;256;0;2;207;255;20;30
Listener:Sent_pong;30;8D93
Dispatcher:8D93;14998;27909;256;0;2;206;255;18;30
Listener:Sent_pong;30;E934
Dispatcher:E934;15072;26282;256;0;2;201;253;18;30
Listener:Sent_pong;30;C323
Dispatcher:C323;15100;27270;256;0;2;204;241;20;30
Listener:Sent_pong;30;A78F
Dispatcher:A78F;15129;22161;256;0;2;201;255;20;30
Listener:Sent_pong;30;CE13
Dispatcher:CE13;15167;55815;256;0;2;195;238;13;30
Listener:Sent_pong;31;A7E4
Dispatcher:A7E4;15243;24366;256;0;2;207;255;29;31
Listener:Sent_pong;31;2EDF
Dispatcher:2EDF;15259;27266;256;0;2;201;255;27;31
Listener:Sent_pong;31;F010
Dispatcher:F010;15322;39733;256;0;2;198;255;27;31
Listener:Sent_pong;31;0002
Dispatcher:0002;15375;32757;256;0;2;191;255;21;31
Listener:Sent_pong;31;FCED
Dispatcher:FCED;15399;43325;256;0;2;210;255;22;31
Listener:Sent_pong;31;904F
Dispatcher:904F;15425;23768;256;0;2;193;255;23;31
Listener:Sent_pong;31;9375
Dispatcher:9375;15463;31224;256;0;2;207;255;21;31
Listener:Sent_pong;31;8D93
Dispatcher:8D93;15506;27271;256;0;2;206;255;19;31
Listener:Sent_pong;31;E934
Dispatcher:E934;15580;26110;256;0;2;201;253;19;31
Listener:Sent_pong;31;C323
Dispatcher:C323;15607;26330;256;0;2;204;244;21;31
Listener:Sent_pong;31;A78F
Dispatcher:A78F;15636;25651;256;0;2;201;255;21;31
Listener:Sent_pong;31;CE13
Dispatcher:CE13;15674;28927;256;0;2;195;242;14;31
Listener:Sent_pong;32;A7E4
Dispatcher:A7E4;15752;25958;256;0;2;207;255;30;32
Listener:Sent_pong;32;2EDF
Dispatcher:2EDF;15768;34772;256;0;2;201;255;28;32
Listener:Sent_pong;32;F010
Dispatcher:F010;15828;24053;256;0;2;198;255;28;32
Listener:Sent_pong;32;0002
Dispatcher:0002;15884;32279;256;0;2;191;255;22;32
Listener:Sent_pong;32;FCED
Dispatcher:FCED;15909;27562;256;0;2;210;255;23;32
Listener:Sent_pong;32;904F
Dispatcher:904F;15934;28910;256;0;2;193;255;24;32
Listener:Sent_pong;32;9375
Dispatcher:9375;15971;26602;256;0;2;207;255;22;32
Listener:Sent_pong;32;8D93
Dispatcher:8D93;16015;29485;256;0;2;206;255;20;32
Listener:Sent_pong;32;E934
Dispatcher:E934;16087;28354;256;0;2;201;253;20;32
Listener:Sent_pong;32;C323
Dispatcher:C323;16114;25024;256;0;2;204;246;22;32
Listener:Sent_pong;32;A78F
Dispatcher:A78F;16145;28545;256;0;2;201;255;22;32
Listener:Sent_pong;32;CE13
Dispatcher:CE13;16182;52959;256;0;2;195;244;15;32
Listener:Sent_pong;32;67E2
Dispatcher:67E2;16223;36444;256;0;2;205;247;16;32
Listener:Sent_pong;33;A7E4
Dispatcher:A7E4;16266;36122;256;0;2;207;255;31;33
Listener:Sent_pong;33;F010
Dispatcher:F010;16335;23425;256;0;2;198;255;29;33
Listener:Sent_pong;33;0002
Dispatcher:0002;16393;26293;256;0;2;191;255;23;33
Listener:Sent_pong;33;FCED
Dispatcher:FCED;16416;26968;256;0;2;210;255;24;33
Listener:Sent_pong;33;904F
Dispatcher:904F;16444;29143;256;0;2;193;255;25;33
Listener:Sent_pong;33;9375
Dispatcher:9375;16480;25630;256;0;2;207;255;23;33
Listener:Sent_pong;33;8D93
Dispatcher:8D93;16523;24696;256;0;2;206;255;21;33
Listener:Sent_pong;33;E934
Dispatcher:E934;16595;24720;256;0;2;201;253;21;33
Listener:Sent_pong;33;C323
Dispatcher:C323;16623;29838;256;0;2;204;248;23;33
Listener:Sent_pong;33;A78F
Dispatcher:A78F;16652;26601;256;0;2;201;255;23;33
Listener:Sent_pong;33;CE13
Dispatcher:CE13;16689;23435;256;0;2;195;246;16;33
Listener:Sent_pong;33;67E2
Dispatcher:67E2;16730;36444;256;0;2;205;248;16;33
Listener:Sent_pong;34;A7E4
Dispatcher:A7E4;16799;36122;256;0;2;207;255;31;34
Listener:Sent_pong;34;2EDF
Dispatcher:2EDF;16804;28888;256;0;2;201;255;29;34
Listener:Sent_pong;34;F010
Dispatcher:F010;16842;27587;256;0;2;198;255;30;34
Listener:Sent_pong;34;0002
Dispatcher:0002;16901;27889;256;0;2;191;255;24;34
Listener:Sent_pong;34;FCED
Dispatcher:FCED;16922;30907;256;0;2;210;255;25;34
Listener:Sent_pong;34;904F
Dispatcher:904F;16955;29812;256;0;2;193;255;26;34
Listener:Sent_pong;34;9375
Dispatcher:9375;16987;25646;256;0;2;207;255;24;34
Listener:Sent_pong;34;8D93
Dispatcher:8D93;17039;31486;256;0;2;206;255;22;34
Listener:Sent_pong;34;E934
Dispatcher:E934;17102;22776;256;0;2;201;253;22;34
Listener:Sent_pong;34;C323
Dispatcher:C323;17130;32318;256;0;2;204;249;24;34
Listener:Sent_pong;34;A78F
Dispatcher:A78F;17164;32457;256;0;2;201;255;24;34
Listener:Sent_pong;34;CE13
Dispatcher:CE13;17198;29479;256;0;2;195;248;17;34
Listener:Sent_pong;34;67E2
Dispatcher:67E2;17238;31552;256;0;2;204;249;17;34
Listener:Sent_pong;35;A7E4
Dispatcher:A7E4;17306;24998;256;0;2;207;255;32;35
Listener:Sent_pong;35;2EDF
Dispatcher:2EDF;17312;26014;256;0;2;201;255;30;35
Listener:Sent_pong;35;F010
Dispatcher:F010;17349;48735;256;0;2;198;255;31;35
Listener:Sent_pong;35;0002
Dispatcher:0002;17407;24391;256;0;2;191;255;25;35
Listener:Sent_pong;35;FCED
Dispatcher:FCED;17430;28192;256;0;2;210;255;26;35
Listener:Sent_pong;35;904F
Dispatcher:904F;17463;27248;256;0;2;193;255;27;35
Listener:Sent_pong;35;9375
Dispatcher:9375;17495;28230;256;0;2;207;255;25;35
Listener:Sent_pong;35;8D93
Dispatcher:8D93;17547;28542;256;0;2;206;255;23;35
Listener:Sent_pong;35;E934
Dispatcher:E934;17610;26630;256;0;2;201;253;23;35
Listener:Sent_pong;35;C323
Dispatcher:C323;17638;28556;256;0;2;204;249;25;35
Listener:Sent_pong;35;A78F
Dispatcher:A78F;17673;28989;256;0;2;201;255;25;35
Listener:Sent_pong;35;CE13
Dispatcher:CE13;17706;25345;256;0;2;195;249;18;35
Listener:Sent_pong;35;67E2
Dispatcher:67E2;17747;34422;256;0;2;204;249;18;35
Listener:Sent_pong;36;A7E4
Dispatcher:A7E4;17813;26602;256;0;2;207;255;33;36
Listener:Sent_pong;36;2EDF
Dispatcher:2EDF;17820;25044;256;0;2;201;255;31;36
Listener:Sent_pong;36;F010
Dispatcher:F010;17856;26317;256;0;2;198;255;32;36
Listener:Sent_pong;36;0002
Dispatcher:0002;17914;25651;256;0;2;191;255;26;36
Listener:Sent_pong;36;FCED
Dispatcher:FCED;17939;26928;256;0;2;210;255;27;36
Listener:Sent_pong;36;904F
Dispatcher:904F;17971;33290;256;0;2;193;255;28;36
Listener:Sent_pong;36;9375
Dispatcher:9375;18003;26280;256;0;2;207;255;26;36
Listener:Sent_pong;36;8D93
Dispatcher:8D93;18055;25356;256;0;2;206;255;24;36
Listener:Sent_pong;36;E934
Dispatcher:E934;18118;26960;256;0;2;201;253;24;36
Listener:Sent_pong;36;C323
Dispatcher:C323;18145;27922;256;0;2;204;249;26;36
Listener:Sent_pong;36;A78F
Dispatcher:A78F;18180;28869;256;0;2;201;255;26;36
Listener:Sent_pong;36;CE13
Dispatcher:CE13;18214;27559;256;0;2;195;249;19;36
Listener:Sent_pong;36;67E2
Dispatcher:67E2;18256;29180;256;0;2;204;249;19;36
Listener:Sent_pong;37;A7E4
Dispatcher:A7E4;18326;32462;256;0;2;207;255;34;37
Listener:Sent_pong;37;2EDF
Dispatcher:2EDF;18329;26944;256;0;2;201;255;32;37
Listener:Sent_pong;37;F010
Dispatcher:F010;18365;26943;256;0;2;198;255;33;37
Listener:Sent_pong;37;0002
Dispatcher:0002;18421;25967;256;0;2;191;255;27;37
Listener:Sent_pong;37;FCED
Dispatcher:FCED;18446;25312;256;0;2;210;255;28;37
Listener:Sent_pong;37;904F
Dispatcher:904F;18480;28547;256;0;2;193;255;29;37
Listener:Sent_pong;37;9375
Dispatcher:9375;18510;25352;256;0;2;207;255;27;37
Listener:Sent_pong;37;8D93
Dispatcher:8D93;18563;24719;256;0;2;206;255;25;37
Listener:Sent_pong;37;E934
Dispatcher:E934;18625;27580;256;0;2;201;253;25;37
Listener:Sent_pong;37;C323
Dispatcher:C323;18654;29806;256;0;2;204;249;27;37
Listener:Sent_pong;37;A78F
Dispatcher:A78F;18689;43695;256;0;2;201;255;27;37
Listener:Sent_pong;37;CE13
Dispatcher:CE13;18733;38685;256;0;2;195;249;20;37
Listener:Sent_pong;37;67E2
Dispatcher:67E2;18764;28820;256;0;2;204;249;20;37
Listener:Sent_pong;38;A7E4
Dispatcher:A7E4;18835;34452;256;0;2;207;255;35;38
Listener:Sent_pong;38;2EDF
Dispatcher:2EDF;18842;31236;256;0;2;201;255;33;38
Listener:Sent_pong;38;F010
Dispatcher:F010;18873;26925;256;0;2;198;255;34;38
Listener:Sent_pong;38;0002
Dispatcher:0002;18929;26287;256;0;2;191;255;28;38
Listener:Sent_pong;38;FCED
Dispatcher:FCED;18954;25970;256;0;2;210;255;29;38
Listener:Sent_pong;38;904F
Dispatcher:904F;18989;27740;256;0;2;193;255;30;38
Listener:Sent_pong;38;9375
Dispatcher:9375;19027;36372;256;0;2;207;255;28;38
Listener:Sent_pong;38;8D93
Dispatcher:8D93;19070;27561;256;0;2;206;255;26;38
Listener:Sent_pong;38;E934
Dispatcher:E934;19134;37218;256;0;2;201;253;26;38
Listener:Sent_pong;38;C323
Dispatcher:C323;19164;31002;256;0;2;204;249;28;38
Listener:Sent_pong;38;A78F
Dispatcher:A78F;19198;27547;256;0;2;201;255;28;38
Listener:Sent_pong;38;CE13
Dispatcher:CE13;19242;28239;256;0;2;195;249;21;38
Listener:Sent_pong;38;67E2
Dispatcher:67E2;19273;27256;256;0;2;204;249;21;38
Listener:Sent_pong;39;A7E4
Dispatcher:A7E4;19344;26902;256;0;2;207;255;36;39
Listener:Sent_pong;39;2EDF
Dispatcher:2EDF;19348;25358;256;0;2;201;255;34;39
Listener:Sent_pong;39;F010
Dispatcher:F010;19382;30753;256;0;2;198;255;35;39
Listener:Sent_pong;39;0002
Dispatcher:0002;19437;31225;256;0;2;191;255;29;39
Listener:Sent_pong;39;FCED
Dispatcher:FCED;19463;25652;256;0;2;210;255;30;39
Listener:Sent_pong;39;904F
Dispatcher:904F;19497;27914;256;0;2;193;255;31;39
Listener:Sent_pong;39;9375
Dispatcher:9375;19535;33146;256;0;2;207;255;29;39
Listener:Sent_pong;39;8D93
Dispatcher:8D93;19578;23763;256;0;2;206;255;27;39
Listener:Sent_pong;39;E934
Dispatcher:E934;19641;33292;256;0;2;201;253;27;39
Listener:Sent_pong;39;C323
Dispatcher:C323;19673;28837;256;0;2;204;249;29;39
Listener:Sent_pong;39;A78F
Dispatcher:A78F;19706;25985;256;0;2;201;255;29;39
Listener:Sent_pong;39;CE13
Dispatcher:CE13;19751;34435;256;0;2;195;249;22;39
Listener:Sent_pong;39;67E2
Dispatcher:67E2;19779;24682;256;0;2;204;249;22;39
Listener:Sent_pong;40;A7E4
Dispatcher:A7E4;19852;29162;256;0;2;207;255;37;40
Listener:Sent_pong;40;2EDF
Dispatcher:2EDF;19855;52250;256;0;2;201;255;35;40
Listener:Sent_pong;40;F010
Dispatcher:F010;19906;42727;256;0;2;198;255;36;40
Listener:Sent_pong;40;0002
Dispatcher:0002;19944;24675;256;0;2;191;255;30;40
Listener:Sent_pong;40;FCED
Dispatcher:FCED;19972;28662;256;0;2;210;255;31;40
Listener:Sent_pong;40;904F
Dispatcher:904F;20004;22802;256;0;2;193;255;32;40
Listener:Sent_pong;40;9375
Dispatcher:9375;20043;27564;256;0;2;207;255;30;40
Listener:Sent_pong;40;8D93
Dispatcher:8D93;20085;24070;256;0;2;206;255;28;40
Listener:Sent_pong;40;E934
Dispatcher:E934;20150;29502;256;0;2;201;253;28;40
Listener:Sent_pong;40;C323
Dispatcher:C323;20181;27592;256;0;2;204;249;30;40
Listener:Sent_pong;40;A78F
Dispatcher:A78F;20215;29793;256;0;2;201;255;30;40
Listener:Sent_pong;40;CE13
Dispatcher:CE13;20257;26625;256;0;2;195;249;23;40
Listener:Sent_pong;40;67E2
Dispatcher:67E2;20286;27240;256;0;2;204;249;23;40
Listener:Sent_pong;41;A7E4
Dispatcher:A7E4;20360;26615;256;0;2;207;255;38;41
Listener:Sent_pong;41;2EDF
Dispatcher:2EDF;20363;26318;256;0;2;201;255;36;41
Listener:Sent_pong;41;F010
Dispatcher:F010;20414;23409;256;0;2;198;255;37;41
Listener:Sent_pong;41;0002
Dispatcher:0002;20451;25635;256;0;2;191;255;31;41
Listener:Sent_pong;41;904F
Dispatcher:904F;20512;27274;256;0;2;193;255;33;41
Listener:Sent_pong;41;9375
Dispatcher:9375;20552;28542;256;0;2;207;255;31;41
Listener:Sent_pong;41;8D93
Dispatcher:8D93;20593;25354;256;0;2;206;255;29;41
Listener:Sent_pong;41;E934
Dispatcher:E934;20659;29482;256;0;2;201;253;29;41
Listener:Sent_pong;41;C323
Dispatcher:C323;20697;35944;256;0;2;204;249;31;41
Listener:Sent_pong;41;A78F
Dispatcher:A78F;20725;27055;256;0;2;201;255;31;41
Listener:Sent_pong;41;CE13
Dispatcher:CE13;20764;24383;256;0;2;195;249;24;41
Listener:Sent_pong;41;67E2
Dispatcher:67E2;20795;28316;256;0;2;204;249;24;41
Listener:Sent_pong;42;A7E4
Dispatcher:A7E4;20873;32784;256;0;2;207;255;39;42
Listener:Sent_pong;42;2EDF
Dispatcher:2EDF;20872;27134;256;0;2;201;255;37;42
Listener:Sent_pong;42;F010
Dispatcher:F010;20924;29433;256;0;2;198;255;38;42
Listener:Sent_pong;42;0002
Dispatcher:0002;20993;87927;256;0;2;191;255;32;42
Listener:Sent_pong;42;FCED
Dispatcher:FCED;20998;31048;256;0;2;210;255;32;42
Listener:Sent_pong;42;904F
Dispatcher:904F;21042;56692;256;0;2;193;255;34;42
Listener:Sent_pong;42;8D93
Dispatcher:8D93;21101;25354;256;0;2;206;255;29;42
Listener:Sent_pong;42;E934
Dispatcher:E934;21184;43344;256;0;2;201;253;30;42
Listener:Sent_pong;42;C323
Dispatcher:C323;21204;23758;256;0;2;204;249;32;42
Listener:Sent_pong;42;A78F
Dispatcher:A78F;21232;25009;256;0;2;201;255;32;42
Listener:Sent_pong;42;CE13
Dispatcher:CE13;21273;26951;256;0;2;195;249;25;42
Listener:Sent_pong;42;67E2
Dispatcher:67E2;21301;26738;256;0;2;204;249;25;42
Listener:Sent_pong;43;A7E4
Dispatcher:A7E4;21382;27909;256;0;2;207;255;40;43
Listener:Sent_pong;43;2EDF
Dispatcher:2EDF;21380;30142;256;0;2;201;255;38;43
Listener:Sent_pong;43;F010
Dispatcher:F010;21432;28831;256;0;2;198;255;39;43
Listener:Sent_pong;43;0002
Dispatcher:0002;21501;35829;256;0;2;191;255;33;43
Listener:Sent_pong;43;FCED
Dispatcher:FCED;21537;61071;256;0;2;210;255;33;43
Listener:Sent_pong;43;904F
Dispatcher:904F;21566;56692;256;0;2;193;255;34;43
Listener:Sent_pong;43;9375
Dispatcher:9375;21603;37760;256;0;2;207;255;32;43
Listener:Sent_pong;43;8D93
Dispatcher:8D93;21614;32423;256;0;2;206;255;30;43
Listener:Sent_pong;43;E934
Dispatcher:E934;21692;25360;256;0;2;201;253;31;43
Listener:Sent_pong;43;C323
Dispatcher:C323;21711;23124;256;0;2;204;249;33;43
Listener:Sent_pong;43;A78F
Dispatcher:A78F;21740;25141;256;0;2;201;255;33;43
Listener:Sent_pong;43;CE13
Dispatcher:CE13;21780;27271;256;0;2;195;249;26;43
Listener:Sent_pong;43;67E2
Dispatcher:67E2;21810;26624;256;0;2;204;249;26;43
Listener:Sent_pong;44;A7E4
Dispatcher:A7E4;21889;24022;256;0;2;207;255;41;44
Listener:Sent_pong;44;2EDF
Dispatcher:2EDF;21888;26638;256;0;2;201;255;39;44
Listener:Sent_pong;44;F010
Dispatcher:F010;21941;29285;256;0;2;198;255;40;44
Listener:Sent_pong;44;0002
Dispatcher:0002;22008;28211;256;0;2;191;255;34;44
Listener:Sent_pong;44;FCED
Dispatcher:FCED;22045;31564;256;0;2;210;255;34;44
Listener:Sent_pong;44;904F
Dispatcher:904F;22077;30350;256;0;2;193;255;35;44
Listener:Sent_pong;44;9375
Dispatcher:9375;22111;34890;256;0;2;207;255;33;44
Listener:Sent_pong;44;8D93
Dispatcher:8D93;22145;32423;256;0;2;206;255;30;44
Listener:Sent_pong;44;E934
Dispatcher:E934;22198;26956;256;0;2;201;253;32;44
Listener:Sent_pong;44;C323
Dispatcher:C323;22220;28854;256;0;2;204;249;34;44
Listener:Sent_pong;44;A78F
Dispatcher:A78F;22247;29093;256;0;2;201;255;34;44
Listener:Sent_pong;44;CE13
Dispatcher:CE13;22288;27899;256;0;2;195;249;27;44
Listener:Sent_pong;44;67E2
Dispatcher:67E2;22317;24696;256;0;2;204;249;27;44
Listener:Sent_pong;45;A7E4
Dispatcher:A7E4;22400;30556;256;0;2;207;255;42;45
Listener:Sent_pong;45;2EDF
Dispatcher:2EDF;22401;32214;256;0;2;201;255;40;45
Listener:Sent_pong;45;F010
Dispatcher:F010;22448;26919;256;0;2;198;255;41;45
Listener:Sent_pong;45;0002
Dispatcher:0002;22515;26907;256;0;2;191;255;35;45
Listener:Sent_pong;45;FCED
Dispatcher:FCED;22554;29816;256;0;2;210;255;35;45
Listener:Sent_pong;45;904F
Dispatcher:904F;22585;27277;256;0;2;193;255;36;45
Listener:Sent_pong;45;9375
Dispatcher:9375;22619;27570;256;0;2;207;255;34;45
Listener:Sent_pong;45;8D93
Dispatcher:8D93;22653;26311;256;0;2;206;255;31;45
Listener:Sent_pong;45;E934
Dispatcher:E934;22706;25684;256;0;2;201;253;33;45
Listener:Sent_pong;45;C323
Dispatcher:C323;22728;24690;256;0;2;204;249;35;45
Listener:Sent_pong;45;A78F
Dispatcher:A78F;22754;25993;256;0;2;201;255;35;45
Listener:Sent_pong;45;CE13
Dispatcher:CE13;22796;28207;256;0;2;195;249;28;45
Listener:Sent_pong;46;A7E4
Dispatcher:A7E4;22908;34318;256;0;2;207;255;43;46
Listener:Sent_pong;46;2EDF
Dispatcher:2EDF;22918;35578;256;0;2;201;255;41;46
Listener:Sent_pong;46;F010
Dispatcher:F010;22956;25985;256;0;2;198;255;42;46
Listener:Sent_pong;46;0002
Dispatcher:0002;23023;26915;256;0;2;191;255;36;46
Listener:Sent_pong;46;FCED
Dispatcher:FCED;23061;26308;256;0;2;210;255;36;46
Listener:Sent_pong;46;904F
Dispatcher:904F;23101;31459;256;0;2;193;255;37;46
Listener:Sent_pong;46;9375
Dispatcher:9375;23126;26292;256;0;2;207;255;35;46
Listener:Sent_pong;46;8D93
Dispatcher:8D93;23160;26637;256;0;2;206;255;32;46
Listener:Sent_pong;46;E934
Dispatcher:E934;23213;26946;256;0;2;201;253;34;46
Listener:Sent_pong;46;C323
Dispatcher:C323;23236;27260;256;0;2;204;249;36;46
Listener:Sent_pong;46;A78F
Dispatcher:A78F;23264;28337;256;0;2;201;255;36;46
Listener:Sent_pong;46;CE13
Dispatcher:CE13;23318;72043;256;0;2;195;249;29;46
Listener:Sent_pong;46;67E2
Dispatcher:67E2;23354;26904;256;0;2;204;249;28;46
Listener:Sent_pong;47;A7E4
Dispatcher:A7E4;23417;41084;256;0;2;207;255;44;47
Listener:Sent_pong;47;2EDF
Dispatcher:2EDF;23428;27786;256;0;2;201;255;42;47
Listener:Sent_pong;47;F010
Dispatcher:F010;23464;26931;256;0;2;198;255;43;47
Listener:Sent_pong;47;0002
Dispatcher:0002;23531;30113;256;0;2;191;255;37;47
Listener:Sent_pong;47;FCED
Dispatcher:FCED;23568;28203;256;0;2;210;255;37;47
Listener:Sent_pong;47;904F
Dispatcher:904F;23609;26638;256;0;2;193;255;38;47
Listener:Sent_pong;47;9375
Dispatcher:9375;23634;24676;256;0;2;207;255;36;47
Listener:Sent_pong;47;8D93
Dispatcher:8D93;23668;24405;256;0;2;206;255;33;47
Listener:Sent_pong;47;E934
Dispatcher:E934;23728;33272;256;0;2;201;253;35;47
Listener:Sent_pong;47;C323
Dispatcher:C323;23747;28083;256;0;2;204;249;37;47
Listener:Sent_pong;47;A78F
Dispatcher:A78F;23771;24675;256;0;2;201;255;37;47
Listener:Sent_pong;47;CE13
Dispatcher:CE13;23825;28159;256;0;2;195;249;30;47
Listener:Sent_pong;47;67E2
Dispatcher:67E2;23862;27880;256;0;2;204;249;29;47
Listener:Sent_pong;48;A7E4
Dispatcher:A7E4;23925;25676;256;0;2;207;255;45;48
Listener:Sent_pong;48;2EDF
Dispatcher:2EDF;23942;34606;256;0;2;201;255;43;48
Listener:Sent_pong;48;F010
Dispatcher:F010;23972;27601;256;0;2;198;255;44;48
Listener:Sent_pong;48;0002
Dispatcher:0002;24046;33083;256;0;2;191;255;38;48
Listener:Sent_pong;48;FCED
Dispatcher:FCED;24075;23109;256;0;2;210;255;38;48
Listener:Sent_pong;48;904F
Dispatcher:904F;24117;23740;256;0;2;193;255;39;48
Listener:Sent_pong;48;9375
Dispatcher:9375;24141;22744;256;0;2;207;255;37;48
Listener:Sent_pong;48;8D93
Dispatcher:8D93;24175;26631;256;0;2;206;255;34;48
Listener:Sent_pong;48;E934
Dispatcher:E934;24235;26302;256;0;2;201;253;36;48
Listener:Sent_pong;48;C323
Dispatcher:C323;24255;24144;256;0;2;204;249;38;48
Listener:Sent_pong;48;A78F
Dispatcher:A78F;24279;23601;256;0;2;201;255;38;48
Listener:Sent_pong;48;CE13
Dispatcher:CE13;24334;36417;256;0;2;195;249;31;48
Listener:Sent_pong;48;67E2
Dispatcher:67E2;24370;27254;256;0;2;204;249;30;48
Listener:Sent_pong;49;A7E4
Dispatcher:A7E4;24431;23406;256;0;2;207;255;46;49
Listener:Sent_pong;49;2EDF
Dispatcher:2EDF;24451;50906;256;0;2;201;255;44;49
Listener:Sent_pong;49;F010
Dispatcher:F010;24499;47067;256;0;2;198;255;45;49
Listener:Sent_pong;49;0002
Dispatcher:0002;24554;32939;256;0;2;191;255;39;49
Listener:Sent_pong;49;FCED
Dispatcher:FCED;24584;25996;256;0;2;210;255;39;49
Listener:Sent_pong;49;904F
Dispatcher:904F;24624;27907;256;0;2;193;255;40;49
Listener:Sent_pong;49;9375
Dispatcher:9375;24649;28010;256;0;2;207;255;38;49
Listener:Sent_pong;49;8D93
Dispatcher:8D93;24684;29209;256;0;2;206;255;35;49
Listener:Sent_pong;49;E934
Dispatcher:E934;24743;27914;256;0;2;201;253;37;49
Listener:Sent_pong;49;C323
Dispatcher:C323;24769;39548;256;0;2;204;249;39;49
Listener:Sent_pong;49;A78F
Dispatcher:A78F;24809;48185;256;0;2;201;255;39;49
Listener:Sent_pong;49;CE13
Dispatcher:CE13;24843;25981;256;0;2;195;249;32;49
Listener:Sent_pong;49;67E2
Dispatcher:67E2;24877;26902;256;0;2;204;249;31;49
Listener:Sent_pong;50;A7E4
Dispatcher:A7E4;24938;22754;256;0;2;207;255;47;50
Listener:Sent_pong;50;2EDF
Dispatcher:2EDF;24958;27904;256;0;2;201;255;45;50
Listener:Sent_pong;50;F010
Dispatcher:F010;25005;23391;256;0;2;198;255;46;50
Listener:Sent_pong;50;0002
Dispatcher:0002;25062;27885;256;0;2;191;255;40;50
Listener:Sent_pong;50;FCED
Dispatcher:FCED;25092;28516;256;0;2;210;255;40;50
Listener:Sent_pong;50;904F
Dispatcher:904F;25132;45804;256;0;2;193;255;41;50
Listener:Sent_pong;50;9375
Dispatcher:9375;25176;28010;256;0;2;207;255;38;50
Listener:Sent_pong;50;8D93
Dispatcher:8D93;25220;53303;256;0;2;206;255;36;50
Listener:Sent_pong;50;E934
Dispatcher:E934;25250;24414;256;0;2;201;253;38;50
Listener:Sent_pong;50;C323
Dispatcher:C323;25278;34868;256;0;2;204;249;40;50
Listener:Sent_pong;50;A78F
Dispatcher:A78F;25318;27899;256;0;2;201;255;40;50
Listener:Sent_pong;50;CE13
Dispatcher:CE13;25350;27889;256;0;2;195;249;33;50
Listener:Sent_pong;50;67E2
Dispatcher:67E2;25385;25966;256;0;2;204;249;32;50
Listener:Sent_pong;51;A7E4
Dispatcher:A7E4;25445;27564;256;0;2;207;255;48;51
Listener:Sent_pong;51;2EDF
Dispatcher:2EDF;25466;27272;256;0;2;201;255;46;51
Listener:Sent_pong;51;F010
Dispatcher:F010;25513;26915;256;0;2;198;255;47;51
Listener:Sent_pong;51;0002
Dispatcher:0002;25570;27225;256;0;2;191;255;41;51
Listener:Sent_pong;51;FCED
Dispatcher:FCED;25599;26258;256;0;2;210;255;41;51
Listener:Sent_pong;51;904F
Dispatcher:904F;25640;26948;256;0;2;193;255;42;51
Listener:Sent_pong;51;9375
Dispatcher:9375;25685;34432;256;0;2;207;255;39;51
Listener:Sent_pong;51;8D93
Dispatcher:8D93;25728;29185;256;0;2;206;255;37;51
Listener:Sent_pong;51;E934
Dispatcher:E934;25759;30146;256;0;2;201;253;39;51
Listener:Sent_pong;51;C323
Dispatcher:C323;25787;28558;256;0;2;204;249;41;51
Listener:Sent_pong;51;A78F
Dispatcher:A78F;25825;26289;256;0;2;201;255;41;51
Listener:Sent_pong;51;CE13
Dispatcher:CE13;25859;24719;256;0;2;195;249;34;51
Listener:Sent_pong;51;67E2
Dispatcher:67E2;25892;23396;256;0;2;204;249;33;51
Listener:Sent_pong;52;A7E4
Dispatcher:A7E4;25952;25936;256;0;2;207;255;49;52
Listener:Sent_pong;52;2EDF
Dispatcher:2EDF;25975;27888;256;0;2;201;255;47;52
Listener:Sent_pong;52;F010
Dispatcher:F010;26028;32743;256;0;2;198;255;48;52
Listener:Sent_pong;52;0002
Dispatcher:0002;26077;26595;256;0;2;191;255;42;52
Listener:Sent_pong;52;FCED
Dispatcher:FCED;26107;30257;256;0;2;210;255;42;52
Listener:Sent_pong;52;904F
Dispatcher:904F;26152;31786;256;0;2;193;255;43;52
Listener:Sent_pong;52;9375
Dispatcher:9375;26193;28866;256;0;2;207;255;40;52
Listener:Sent_pong;52;8D93
Dispatcher:8D93;26237;27921;256;0;2;206;255;38;52
Listener:Sent_pong;52;C323
Dispatcher:C323;26294;27590;256;0;2;204;249;42;52
Listener:Sent_pong;52;A78F
Dispatcher:A78F;26340;34663;256;0;2;201;255;42;52
Listener:Sent_pong;52;CE13
Dispatcher:CE13;26370;28809;256;0;2;195;249;35;52
Listener:Sent_pong;52;67E2
Dispatcher:67E2;26399;26592;256;0;2;204;249;34;52
Listener:Sent_pong;53;A7E4
Dispatcher:A7E4;26461;33266;256;0;2;207;255;50;53
Listener:Sent_pong;53;2EDF
Dispatcher:2EDF;26483;27604;256;0;2;201;255;48;53
Listener:Sent_pong;53;F010
Dispatcher:F010;26537;43941;256;0;2;198;255;49;53
Listener:Sent_pong;53;0002
Dispatcher:0002;26585;26287;256;0;2;191;255;43;53
Listener:Sent_pong;53;FCED
Dispatcher:FCED;26614;24706;256;0;2;210;255;43;53
Listener:Sent_pong;53;904F
Dispatcher:904F;26661;26281;256;0;2;193;255;44;53
Listener:Sent_pong;53;9375
Dispatcher:9375;26702;29160;256;0;2;207;255;41;53
Listener:Sent_pong;53;8D93
Dispatcher:8D93;26743;64107;256;0;2;206;255;39;53
Listener:Sent_pong;53;E934
Dispatcher:E934;26800;30126;256;0;2;201;253;40;53
Listener:Sent_pong;53;A78F
Dispatcher:A78F;26846;24051;256;0;2;201;255;43;53
Listener:Sent_pong;53;CE13
Dispatcher:CE13;26877;22459;256;0;2;195;249;36;53
Listener:Sent_pong;53;67E2
Dispatcher:67E2;26906;23382;256;0;2;204;249;35;53
Listener:Sent_pong;54;2EDF
Dispatcher:2EDF;26990;25352;256;0;2;201;255;49;54
Listener:Sent_pong;54;F010
Dispatcher:F010;27046;27901;256;0;2;198;255;50;54
Listener:Sent_pong;54;0002
Dispatcher:0002;27092;31335;256;0;2;191;255;44;54
Listener:Sent_pong;54;FCED
Dispatcher:FCED;27123;28537;256;0;2;210;255;44;54
Listener:Sent_pong;54;904F
Dispatcher:904F;27174;34046;256;0;2;193;255;45;54
Listener:Sent_pong;54;9375
Dispatcher:9375;27211;29466;256;0;2;207;255;42;54
Listener:Sent_pong;54;8D93
Dispatcher:8D93;27251;26949;256;0;2;206;255;40;54
Listener:Sent_pong;54;E934
Dispatcher:E934;27307;48194;256;0;2;201;253;41;54
Listener:Sent_pong;54;C323
Dispatcher:C323;27342;29550;256;0;2;204;249;43;54
Listener:Sent_pong;54;CE13
Dispatcher:CE13;27412;64671;256;0;2;195;249;37;54
Listener:Sent_pong;55;A7E4
Dispatcher:A7E4;27503;24036;256;0;2;207;255;51;55
Listener:Sent_pong;55;2EDF
Dispatcher:2EDF;27503;31432;256;0;2;201;255;50;55
Listener:Sent_pong;55;F010
Dispatcher:F010;27553;27291;256;0;2;198;255;51;55
Listener:Sent_pong;55;0002
Dispatcher:0002;27600;24707;256;0;2;191;255;45;55
Listener:Sent_pong;55;FCED
Dispatcher:FCED;27631;24694;256;0;2;210;255;45;55
Listener:Sent_pong;55;904F
Dispatcher:904F;27683;32432;256;0;2;193;255;46;55
Listener:Sent_pong;55;9375
Dispatcher:9375;27717;22434;256;0;2;207;255;43;55
Listener:Sent_pong;55;8D93
Dispatcher:8D93;27760;28575;256;0;2;206;255;41;55
Listener:Sent_pong;55;E934
Dispatcher:E934;27814;26000;256;0;2;201;253;42;55
Listener:Sent_pong;55;C323
Dispatcher:C323;27851;28584;256;0;2;204;249;44;55
Listener:Sent_pong;55;A78F
Dispatcher:A78F;27871;53023;256;0;2;201;255;44;55
Listener:Sent_pong;55;67E2
Dispatcher:67E2;27921;23382;256;0;2;204;249;35;55
Listener:Sent_pong;56;A7E4
Dispatcher:A7E4;28010;24076;256;0;2;207;255;52;56
Listener:Sent_pong;56;2EDF
Dispatcher:2EDF;28014;29128;256;0;2;201;255;51;56
Listener:Sent_pong;56;F010
Dispatcher:F010;28060;28509;256;0;2;198;255;52;56
Listener:Sent_pong;56;0002
Dispatcher:0002;28107;34483;256;0;2;191;255;46;56
Listener:Sent_pong;56;FCED
Dispatcher:FCED;28139;27259;256;0;2;210;255;46;56
Listener:Sent_pong;56;904F
Dispatcher:904F;28192;27903;256;0;2;193;255;47;56
Listener:Sent_pong;56;9375
Dispatcher:9375;28224;24680;256;0;2;207;255;44;56
Listener:Sent_pong;56;8D93
Dispatcher:8D93;28267;26308;256;0;2;206;255;42;56
Listener:Sent_pong;56;E934
Dispatcher:E934;28324;30928;256;0;2;201;253;43;56
Listener:Sent_pong;56;C323
Dispatcher:C323;28359;41930;256;0;2;204;249;45;56
Listener:Sent_pong;56;A78F
Dispatcher:A78F;28401;65109;256;0;2;201;255;45;56
Listener:Sent_pong;56;67E2
Dispatcher:67E2;28443;44212;256;0;2;204;249;36;56
Listener:Sent_pong;56;CE13
Dispatcher:CE13;28458;54467;256;0;2;195;249;38;56
Listener:Sent_pong;57;A7E4
Dispatcher:A7E4;28517;24386;256;0;2;207;255;53;57
Listener:Sent_pong;57;2EDF
Dispatcher:2EDF;28522;27362;256;0;2;201;255;52;57
Listener:Sent_pong;57;F010
Dispatcher:F010;28567;23093;256;0;2;198;255;53;57
Listener:Sent_pong;57;0002
Dispatcher:0002;28616;26605;256;0;2;191;255;47;57
Listener:Sent_pong;57;FCED
Dispatcher:FCED;28647;27552;256;0;2;210;255;47;57
Listener:Sent_pong;57;904F
Dispatcher:904F;28701;28850;256;0;2;193;255;48;57
Listener:Sent_pong;57;9375
Dispatcher:9375;28740;32862;256;0;2;207;255;45;57
Listener:Sent_pong;57;8D93
Dispatcher:8D93;28775;26630;256;0;2;206;255;43;57
Listener:Sent_pong;57;E934
Dispatcher:E934;28832;26748;256;0;2;201;253;44;57
Listener:Sent_pong;57;C323
Dispatcher:C323;28867;25660;256;0;2;204;249;46;57
Listener:Sent_pong;57;A78F
Dispatcher:A78F;28910;26947;256;0;2;201;255;46;57
Listener:Sent_pong;57;67E2
Dispatcher:67E2;28949;25356;256;0;2;204;249;37;57
Listener:Sent_pong;57;CE13
Dispatcher:CE13;28978;35997;256;0;2;195;249;39;57
Listener:Sent_pong;58;A7E4
Dispatcher:A7E4;29028;26206;256;0;2;207;255;54;58
Listener:Sent_pong;58;2EDF
Dispatcher:2EDF;29031;28880;256;0;2;201;255;53;58
Listener:Sent_pong;58;F010
Dispatcher:F010;29075;28859;256;0;2;198;255;54;58
Listener:Sent_pong;58;0002
Dispatcher:0002;29124;26617;256;0;2;191;255;48;58
Listener:Sent_pong;58;FCED
Dispatcher:FCED;29156;27245;256;0;2;210;255;48;58
Listener:Sent_pong;58;904F
Dispatcher:904F;29209;27250;256;0;2;193;255;49;58
Listener:Sent_pong;58;9375
Dispatcher:9375;29248;49958;256;0;2;207;255;46;58
Listener:Sent_pong;58;8D93
Dispatcher:8D93;29298;41537;256;0;2;206;255;44;58
Listener:Sent_pong;58;E934
Dispatcher:E934;29339;27246;256;0;2;201;253;45;58
Listener:Sent_pong;58;C323
Dispatcher:C323;29374;26948;256;0;2;204;249;47;58
Listener:Sent_pong;58;A78F
Dispatcher:A78F;29417;29815;256;0;2;201;255;47;58
Listener:Sent_pong;58;67E2
Dispatcher:67E2;29456;26664;256;0;2;204;249;38;58
Listener:Sent_pong;59;A7E4
Dispatcher:A7E4;29535;26288;256;0;2;207;255;55;59
Listener:Sent_pong;58;CE13
Dispatcher:CE13;29485;23753;256;0;2;195;249;40;58
Listener:Sent_pong;59;2EDF
Dispatcher:2EDF;29539;27894;256;0;2;201;255;54;59
Listener:Sent_pong;59;0002
Dispatcher:0002;29633;29143;256;0;2;191;255;49;59
Listener:Sent_pong;59;FCED
Dispatcher:FCED;29664;27232;256;0;2;210;255;49;59
Listener:Sent_pong;59;904F
Dispatcher:904F;29717;29492;256;0;2;193;255;50;59
Listener:Sent_pong;59;9375
Dispatcher:9375;29755;28660;256;0;2;207;255;47;59
Listener:Sent_pong;59;8D93
Dispatcher:8D93;29807;30739;256;0;2;206;255;45;59
Listener:Sent_pong;59;E934
Dispatcher:E934;29846;27896;256;0;2;201;253;46;59
Listener:Sent_pong;59;C323
Dispatcher:C323;29889;34004;256;0;2;204;249;48;59
Listener:Sent_pong;59;A78F
Dispatcher:A78F;29926;28527;256;0;2;201;255;48;59
Listener:Sent_pong;59;67E2
Dispatcher:67E2;29965;29788;256;0;2;204;249;39;59
Listener:Sent_pong;59;CE13
Dispatcher:CE13;30021;70943;256;0;2;195;249;41;59
Listener:Sent_pong;60;A7E4
Dispatcher:A7E4;30044;31539;256;0;2;207;255;56;60
Listener:Sent_pong;60;2EDF
Dispatcher:2EDF;30072;76381;256;0;2;201;255;55;60
Listener:Sent_pong;60;F010
Dispatcher:F010;30111;26933;256;0;2;198;255;55;60
Listener:Sent_pong;60;0002
Dispatcher:0002;30141;27261;256;0;2;191;255;50;60
Listener:Sent_pong;60;FCED
Dispatcher:FCED;30173;30730;256;0;2;210;255;50;60
Listener:Sent_pong;60;904F
Dispatcher:904F;30226;28546;256;0;2;193;255;51;60
Listener:Sent_pong;60;9375
Dispatcher:9375;30264;27888;256;0;2;207;255;48;60
Listener:Sent_pong;60;8D93
Dispatcher:8D93;30315;23417;256;0;2;206;255;46;60
Listener:Sent_pong;60;E934
Dispatcher:E934;30354;25954;256;0;2;201;253;47;60
Listener:Sent_pong;60;C323
Dispatcher:C323;30397;33902;256;0;2;204;249;49;60
Listener:Sent_pong;60;A78F
Dispatcher:A78F;30433;23745;256;0;2;201;255;49;60
Listener:Sent_pong;60;67E2
Dispatcher:67E2;30472;26270;256;0;2;204;249;40;60
Listener:Sent_pong;61;A7E4
Dispatcher:A7E4;30551;57460;256;0;2;207;255;57;61
Listener:Sent_pong;60;CE13
Dispatcher:CE13;30531;32565;256;0;2;195;249;42;60
Listener:Sent_pong;61;2EDF
Dispatcher:2EDF;30580;26846;256;0;2;201;255;56;61
Listener:Sent_pong;61;F010
Dispatcher:F010;30629;36737;256;0;2;198;255;56;61
Listener:Sent_pong;61;0002
Dispatcher:0002;30653;31103;256;0;2;191;255;51;61
Listener:Sent_pong;61;FCED
Dispatcher:FCED;30682;27891;256;0;2;210;255;51;61
Listener:Sent_pong;61;904F
Dispatcher:904F;30734;27570;256;0;2;193;255;52;61
Listener:Sent_pong;61;9375
Dispatcher:9375;30773;27876;256;0;2;207;255;49;61
Listener:Sent_pong;61;8D93
Dispatcher:8D93;30828;30651;256;0;2;206;255;47;61
Listener:Sent_pong;61;E934
Dispatcher:E934;30862;24700;256;0;2;201;253;48;61
Listener:Sent_pong;61;C323
Dispatcher:C323;30905;24372;256;0;2;204;249;50;61
Listener:Sent_pong;61;A78F
Dispatcher:A78F;30939;25953;256;0;2;201;255;50;61
Listener:Sent_pong;61;67E2
Dispatcher:67E2;30980;28214;256;0;2;204;249;41;61
Listener:Sent_pong;62;A7E4
Dispatcher:A7E4;31060;57460;256;0;2;207;255;57;62
Listener:Sent_pong;62;2EDF
Dispatcher:2EDF;31088;28910;256;0;2;201;255;57;62
Listener:Sent_pong;62;F010
Dispatcher:F010;31138;32849;256;0;2;198;255;57;62
Listener:Sent_pong;62;0002
Dispatcher:0002;31166;31167;256;0;2;191;255;52;62
Listener:Sent_pong;62;FCED
Dispatcher:FCED;31188;24688;256;0;2;210;255;52;62
Listener:Sent_pong;62;904F
Dispatcher:904F;31252;39212;256;0;2;193;255;53;62
Listener:Sent_pong;62;9375
Dispatcher:9375;31281;28214;256;0;2;207;255;50;62
Listener:Sent_pong;62;8D93
Dispatcher:8D93;31337;49301;256;0;2;206;255;48;62
Listener:Sent_pong;62;E934
Dispatcher:E934;31386;41418;256;0;2;201;253;49;62
Listener:Sent_pong;62;C323
Dispatcher:C323;31411;25020;256;0;2;204;249;51;62
Listener:Sent_pong;62;A78F
Dispatcher:A78F;31455;34645;256;0;2;201;255;51;62
Listener:Sent_pong;62;67E2
Dispatcher:67E2;31487;25016;256;0;2;204;249;42;62
Listener:Sent_pong;63;A7E4
Dispatcher:A7E4;31567;72848;256;0;2;207;255;58;63
Listener:Sent_pong;62;CE13
Dispatcher:CE13;31578;39949;256;0;2;195;249;43;62
Listener:Sent_pong;63;2EDF
Dispatcher:2EDF;31614;48736;256;0;2;201;255;58;63
Listener:Sent_pong;63;F010
Dispatcher:F010;31647;31001;256;0;2;198;255;58;63
Listener:Sent_pong;63;0002
Dispatcher:0002;31673;24375;256;0;2;191;255;53;63
Listener:Sent_pong;63;FCED
Dispatcher:FCED;31696;24386;256;0;2;210;255;53;63
Listener:Sent_pong;63;904F
Dispatcher:904F;31760;30394;256;0;2;193;255;54;63
Listener:Sent_pong;63;9375
Dispatcher:9375;31788;28840;256;0;2;207;255;51;63
Listener:Sent_pong;63;8D93
Dispatcher:8D93;31845;28235;256;0;2;206;255;49;63
Listener:Sent_pong;63;E934
Dispatcher:E934;31893;28852;256;0;2;201;253;50;63
Listener:Sent_pong;63;C323
Dispatcher:C323;31919;25056;256;0;2;204;249;52;63
Listener:Sent_pong;63;A78F
Dispatcher:A78F;31963;28779;256;0;2;201;255;52;63
Listener:Sent_pong;63;67E2
Dispatcher:67E2;31995;30868;256;0;2;204;249;43;63
Listener:Sent_pong;64;A7E4
Dispatcher:A7E4;32075;26620;256;0;2;207;255;59;64
Listener:Sent_pong;63;CE13
Dispatcher:CE13;32086;27273;256;0;2;195;249;44;63
Listener:Sent_pong;64;2EDF
Dispatcher:2EDF;32122;27254;256;0;2;201;255;59;64
Listener:Sent_pong;64;F010
Dispatcher:F010;32155;26619;256;0;2;198;255;59;64
Listener:Sent_pong;64;0002
Dispatcher:0002;32182;39353;256;0;2;191;255;54;64
Listener:Sent_pong;64;FCED
Dispatcher:FCED;32213;37328;256;0;2;210;255;54;64
Listener:Sent_pong;64;904F
Dispatcher:904F;32269;27266;256;0;2;193;255;55;64
Listener:Sent_pong;64;9375
Dispatcher:9375;32298;30660;256;0;2;207;255;52;64
Listener:Sent_pong;64;8D93
Dispatcher:8D93;32353;26976;256;0;2;206;255;50;64
Listener:Sent_pong;64;E934
Dispatcher:E934;32401;26636;256;0;2;201;253;51;64
Listener:Sent_pong;64;C323
Dispatcher:C323;32427;33746;256;0;2;204;249;53;64
Listener:Sent_pong;64;A78F
Dispatcher:A78F;32470;27875;256;0;2;201;255;53;64
Listener:Sent_pong;64;67E2
Dispatcher:67E2;32503;27580;256;0;2;204;249;44;64
Listener:Sent_pong;65;A7E4
Dispatcher:A7E4;32582;25982;256;0;2;207;255;60;65
Listener:Sent_pong;64;CE13
Dispatcher:CE13;32592;30607;256;0;2;195;249;45;64
Listener:Sent_pong;65;2EDF
Dispatcher:2EDF;32630;28542;256;0;2;201;255;60;65
Listener:Sent_pong;65;F010
Dispatcher:F010;32663;27563;256;0;2;198;255;60;65
Listener:Sent_pong;65;0002
Dispatcher:0002;32689;24671;256;0;2;191;255;55;65
Listener:Sent_pong;65;FCED
Dispatcher:FCED;32722;27256;256;0;2;210;255;55;65
Listener:Sent_pong;65;904F
Dispatcher:904F;32776;23102;256;0;2;193;255;56;65
Listener:Sent_pong;65;9375
Dispatcher:9375;32815;32228;256;0;2;207;255;53;65
Listener:Sent_pong;65;8D93
Dispatcher:8D93;32861;23421;256;0;2;206;255;51;65
Listener:Sent_pong;65;E934
Dispatcher:E934;32910;28370;256;0;2;201;253;52;65
Listener:Sent_pong;65;C323
Dispatcher:C323;32935;26308;256;0;2;204;249;54;65
Listener:Sent_pong;65;A78F
Dispatcher:A78F;32979;26647;256;0;2;201;255;54;65
Listener:Sent_pong;65;67E2
Dispatcher:67E2;33010;23422;256;0;2;204;249;45;65
Listener:Sent_pong;66;A7E4
Dispatcher:A7E4;33091;26272;256;0;2;207;255;61;66
Listener:Sent_pong;65;CE13
Dispatcher:CE13;33099;22791;256;0;2;195;249;46;65
Listener:Sent_pong;66;2EDF
Dispatcher:2EDF;33138;25984;256;0;2;201;255;61;66
Listener:Sent_pong;66;F010
Dispatcher:F010;33170;24035;256;0;2;198;255;61;66
Listener:Sent_pong;66;0002
Dispatcher:0002;33196;25019;256;0;2;191;255;56;66
Listener:Sent_pong;66;FCED
Dispatcher:FCED;33229;24480;256;0;2;210;255;56;66
Listener:Sent_pong;66;904F
Dispatcher:904F;33284;24387;256;0;2;193;255;57;66
Listener:Sent_pong;66;9375
Dispatcher:9375;33322;45114;256;0;2;207;255;54;66
Listener:Sent_pong;66;8D93
Dispatcher:8D93;33368;23759;256;0;2;206;255;52;66
Listener:Sent_pong;66;E934
Dispatcher:E934;33417;27586;256;0;2;201;253;53;66
Listener:Sent_pong;66;C323
Dispatcher:C323;33444;27352;256;0;2;204;249;55;66
Listener:Sent_pong;66;A78F
Dispatcher:A78F;33485;24367;256;0;2;201;255;55;66
Listener:Sent_pong;66;67E2
Dispatcher:67E2;33519;27552;256;0;2;204;249;46;66
Listener:Sent_pong;67;A7E4
Dispatcher:A7E4;33600;24672;256;0;2;207;255;62;67
Listener:Sent_pong;66;CE13
Dispatcher:CE13;33606;24363;256;0;2;195;249;47;66
Listener:Sent_pong;67;2EDF
Dispatcher:2EDF;33653;34078;256;0;2;201;255;62;67
Listener:Sent_pong;67;0002
Dispatcher:0002;33704;25625;256;0;2;191;255;57;67
Listener:Sent_pong;67;FCED
Dispatcher:FCED;33736;26502;256;0;2;210;255;57;67
Listener:Sent_pong;67;904F
Dispatcher:904F;33791;26630;256;0;2;193;255;58;67
Listener:Sent_pong;67;9375
Dispatcher:9375;33830;25344;256;0;2;207;255;55;67
Listener:Sent_pong;67;8D93
Dispatcher:8D93;33877;27927;256;0;2;206;255;53;67
Listener:Sent_pong;67;E934
Dispatcher:E934;33926;26636;256;0;2;201;253;54;67
Listener:Sent_pong;67;C323
Dispatcher:C323;33960;36274;256;0;2;204;249;56;67
Listener:Sent_pong;67;A78F
Dispatcher:A78F;33993;28529;256;0;2;201;255;56;67
Listener:Sent_pong;67;67E2
Dispatcher:67E2;34027;29162;256;0;2;204;249;47;67
Listener:Sent_pong;68;A7E4
Dispatcher:A7E4;34109;28824;256;0;2;207;255;63;68
Listener:Sent_pong;67;CE13
Dispatcher:CE13;34114;28227;256;0;2;195;249;48;67
Listener:Sent_pong;68;2EDF
Dispatcher:2EDF;34162;34078;256;0;2;201;255;62;68
Listener:Sent_pong;68;F010
Dispatcher:F010;34202;26611;256;0;2;198;255;62;68
Listener:Sent_pong;68;0002
Dispatcher:0002;34220;38329;256;0;2;191;255;58;68
Listener:Sent_pong;68;9375
Dispatcher:9375;34337;26294;256;0;2;207;255;56;68
Listener:Sent_pong;68;8D93
Dispatcher:8D93;34386;26616;256;0;2;206;255;54;68
Listener:Sent_pong;68;E934
Dispatcher:E934;34433;24386;256;0;2;201;253;55;68
Listener:Sent_pong;68;C323
Dispatcher:C323;34467;24972;256;0;2;204;249;57;68
Listener:Sent_pong;68;A78F
Dispatcher:A78F;34502;27577;256;0;2;201;255;57;68
Listener:Sent_pong;68;67E2
Dispatcher:67E2;34535;27262;256;0;2;204;249;48;68
Listener:Sent_pong;69;A7E4
Dispatcher:A7E4;34622;31832;256;0;2;207;255;64;69
Listener:Sent_pong;68;CE13
Dispatcher:CE13;34622;27895;256;0;2;195;249;49;68
Listener:Sent_pong;69;2EDF
Dispatcher:2EDF;34669;24416;256;0;2;201;255;63;69
Listener:Sent_pong;69;F010
Dispatcher:F010;34717;26611;256;0;2;198;255;62;69
Listener:Sent_pong;69;0002
Dispatcher:0002;34781;38329;256;0;2;191;255;58;69
Listener:Sent_pong;69;FCED
Dispatcher:FCED;34828;25649;256;0;2;210;255;58;69
Listener:Sent_pong;69;8D93
Dispatcher:8D93;34902;36747;256;0;2;206;255;55;69
Listener:Sent_pong;69;C323
Dispatcher:C323;34974;26322;256;0;2;204;249;58;69
Listener:Sent_pong;69;A78F
Dispatcher:A78F;35010;28243;256;0;2;201;255;58;69
Listener:Sent_pong;69;67E2
Dispatcher:67E2;35043;29162;256;0;2;204;249;49;69
Listener:Sent_pong;70;A7E4
Dispatcher:A7E4;35130;34220;256;0;2;207;255;65;70
Listener:Sent_pong;69;CE13
Dispatcher:CE13;35134;29817;256;0;2;195;249;50;69
Listener:Sent_pong;70;2EDF
Dispatcher:2EDF;35176;26318;256;0;2;201;255;64;70
Listener:Sent_pong;70;F010
Dispatcher:F010;35224;23411;256;0;2;198;255;63;70
Listener:Sent_pong;70;0002
Dispatcher:0002;35288;25993;256;0;2;191;255;59;70
Listener:Sent_pong;70;FCED
Dispatcher:FCED;35335;25649;256;0;2;210;255;58;70
Listener:Sent_pong;70;904F
Dispatcher:904F;35365;28828;256;0;2;193;255;59;70
Listener:Sent_pong;70;9375
Dispatcher:9375;35401;31972;256;0;2;207;255;57;70
Listener:Sent_pong;70;E934
Dispatcher:E934;35475;28546;256;0;2;201;253;56;70
Listener:Sent_pong;70;C323
Dispatcher:C323;35488;33178;256;0;2;204;249;59;70
Listener:Sent_pong;70;A78F
Dispatcher:A78F;35518;29349;256;0;2;201;255;59;70
Listener:Sent_pong;70;67E2
Dispatcher:67E2;35551;26268;256;0;2;204;249;50;70
Listener:Sent_pong;71;A7E4
Dispatcher:A7E4;35638;26913;256;0;2;207;255;66;71
Listener:Sent_pong;70;CE13
Dispatcher:CE13;35641;26621;256;0;2;195;249;51;70
Listener:Sent_pong;71;2EDF
Dispatcher:2EDF;35684;26296;256;0;2;201;255;65;71
Listener:Sent_pong;71;F010
Dispatcher:F010;35731;23411;256;0;2;198;255;63;71
Listener:Sent_pong;71;0002
Dispatcher:0002;35796;26933;256;0;2;191;255;60;71
Listener:Sent_pong;71;FCED
Dispatcher:FCED;35844;28902;256;0;2;210;255;59;71
Listener:Sent_pong;71;904F
Dispatcher:904F;35873;32342;256;0;2;193;255;60;71
Listener:Sent_pong;71;9375
Dispatcher:9375;35909;29380;256;0;2;207;255;58;71
Listener:Sent_pong;71;E934
Dispatcher:E934;35982;33170;256;0;2;201;253;57;71
Listener:Sent_pong;71;C323
Dispatcher:C323;36010;45396;256;0;2;204;249;60;71
Listener:Sent_pong;71;A78F
Dispatcher:A78F;36042;50647;256;0;2;201;255;60;71
Listener:Sent_pong;71;67E2
Dispatcher:67E2;36075;43182;256;0;2;204;249;51;71
Listener:Sent_pong;72;A7E4
Dispatcher:A7E4;36146;25330;256;0;2;207;255;67;72
Listener:Sent_pong;71;CE13
Dispatcher:CE13;36149;31353;256;0;2;195;249;52;71
Listener:Sent_pong;72;2EDF
Dispatcher:2EDF;36192;25982;256;0;2;201;252;66;72
Listener:Sent_pong;72;F010
Dispatcher:F010;36239;26627;256;0;2;198;255;64;72
Listener:Sent_pong;72;0002
Dispatcher:0002;36303;27569;256;0;2;191;255;61;72
Listener:Sent_pong;72;FCED
Dispatcher:FCED;36352;25001;256;0;2;210;255;60;72
Listener:Sent_pong;72;904F
Dispatcher:904F;36380;24397;256;0;2;193;255;61;72
Listener:Sent_pong;72;9375
Dispatcher:9375;36418;29380;256;0;2;207;255;58;72
Listener:Sent_pong;72;8D93
Dispatcher:8D93;36449;36747;256;0;2;206;255;55;72
Listener:Sent_pong;72;E934
Dispatcher:E934;36490;24422;256;0;2;201;253;58;72
Listener:Sent_pong;72;C323
Dispatcher:C323;36519;27944;256;0;2;204;249;61;72
Listener:Sent_pong;72;A78F
Dispatcher:A78F;36549;29483;256;0;2;201;255;61;72
Listener:Sent_pong;72;67E2
Dispatcher:67E2;36582;29494;256;0;2;204;249;52;72
Listener:Sent_pong;73;A7E4
Dispatcher:A7E4;36654;25958;256;0;2;207;255;68;73
Listener:Sent_pong;72;CE13
Dispatcher:CE13;36657;27281;256;0;2;195;249;53;72
Listener:Sent_pong;73;2EDF
Dispatcher:2EDF;36699;25348;256;0;2;201;252;67;73
Listener:Sent_pong;73;F010
Dispatcher:F010;36747;27923;256;0;2;198;255;65;73
Listener:Sent_pong;73;0002
Dispatcher:0002;36811;28877;256;0;2;191;255;62;73
Listener:Sent_pong;73;FCED
Dispatcher:FCED;36859;27262;256;0;2;210;255;61;73
Listener:Sent_pong;73;904F
Dispatcher:904F;36888;27266;256;0;2;193;255;62;73
Listener:Sent_pong;73;9375
Dispatcher:9375;36925;25952;256;0;2;207;255;59;73
Listener:Sent_pong;73;8D93
Dispatcher:8D93;36957;27283;256;0;2;206;255;56;73
Listener:Sent_pong;73;E934
Dispatcher:E934;36997;25334;256;0;2;201;253;59;73
Listener:Sent_pong;73;C323
Dispatcher:C323;37026;25358;256;0;2;204;249;62;73
Listener:Sent_pong;73;A78F
Dispatcher:A78F;37057;25999;256;0;2;201;255;62;73
Listener:Sent_pong;73;67E2
Dispatcher:67E2;37091;26938;256;0;2;204;249;53;73
Listener:Sent_pong;74;A7E4
Dispatcher:A7E4;37161;28206;256;0;2;207;255;69;74
Listener:Sent_pong;73;CE13
Dispatcher:CE13;37164;23421;256;0;2;195;249;54;73
Listener:Sent_pong;74;2EDF
Dispatcher:2EDF;37207;26960;256;0;2;201;252;68;74
Listener:Sent_pong;74;F010
Dispatcher:F010;37256;29155;256;0;2;198;255;66;74
Listener:Sent_pong;74;0002
Dispatcher:0002;37318;26291;256;0;2;191;255;63;74
Listener:Sent_pong;74;FCED
Dispatcher:FCED;37366;28516;256;0;2;210;255;62;74
Listener:Sent_pong;74;904F
Dispatcher:904F;37396;27268;256;0;2;193;255;63;74
Listener:Sent_pong;74;9375
Dispatcher:9375;37434;29830;256;0;2;207;255;60;74
Listener:Sent_pong;74;8D93
Dispatcher:8D93;37465;27578;256;0;2;206;255;57;74
Listener:Sent_pong;74;E934
Dispatcher:E934;37506;32958;256;0;2;201;253;60;74
Listener:Sent_pong;74;C323
Dispatcher:C323;37533;25364;256;0;2;204;249;63;74
Listener:Sent_pong;74;A78F
Dispatcher:A78F;37566;28831;256;0;2;201;255;63;74
Listener:Sent_pong;74;67E2
Dispatcher:67E2;37598;35110;256;0;2;204;249;54;74
Listener:Sent_pong;75;A7E4
Dispatcher:A7E4;37669;24700;256;0;2;207;255;70;75
Listener:Sent_pong;74;CE13
Dispatcher:CE13;37673;27605;256;0;2;195;249;55;74
Listener:Sent_pong;75;2EDF
Dispatcher:2EDF;37714;26960;256;0;2;201;252;68;75
Listener:Sent_pong;75;F010
Dispatcher:F010;37781;45965;256;0;2;198;255;67;75
Listener:Sent_pong;75;0002
Dispatcher:0002;37831;31475;256;0;2;191;255;64;75
Listener:Sent_pong;75;FCED
Dispatcher:FCED;37874;29493;256;0;2;210;255;63;75
Listener:Sent_pong;75;904F
Dispatcher:904F;37905;29496;256;0;2;193;255;64;75
Listener:Sent_pong;75;9375
Dispatcher:9375;37942;25682;256;0;2;207;255;61;75
Listener:Sent_pong;75;8D93
Dispatcher:8D93;37974;27903;256;0;2;206;255;58;75
Listener:Sent_pong;75;E934
Dispatcher:E934;38014;27582;256;0;2;201;253;61;75
Listener:Sent_pong;75;C323
Dispatcher:C323;38044;29492;256;0;2;204;249;64;75
Listener:Sent_pong;75;A78F
Dispatcher:A78F;38075;24735;256;0;2;201;255;64;75
Listener:Sent_pong;75;67E2
Dispatcher:67E2;38105;26590;256;0;2;204;249;55;75
Listener:Sent_pong;76;A7E4
Dispatcher:A7E4;38177;29477;256;0;2;207;255;71;76
Listener:Sent_pong;75;CE13
Dispatcher:CE13;38181;28857;256;0;2;195;249;56;75
Listener:Sent_pong;76;2EDF
Dispatcher:2EDF;38236;44950;256;0;2;201;252;69;76
Listener:Sent_pong;76;F010
Dispatcher:F010;38287;25039;256;0;2;198;255;68;76
Listener:Sent_pong;76;0002
Dispatcher:0002;38339;34645;256;0;2;191;255;65;76
Listener:Sent_pong;76;FCED
Dispatcher:FCED;38382;25970;256;0;2;210;255;64;76
Listener:Sent_pong;76;904F
Dispatcher:904F;38413;24736;256;0;2;193;255;65;76
Listener:Sent_pong;76;9375
Dispatcher:9375;38452;32322;256;0;2;207;255;62;76
Listener:Sent_pong;76;8D93
Dispatcher:8D93;38482;25049;256;0;2;206;255;59;76
Listener:Sent_pong;76;E934
Dispatcher:E934;38523;34352;256;0;2;201;253;62;76
Listener:Sent_pong;76;C323
Dispatcher:C323;38559;34990;256;0;2;204;249;65;76
Listener:Sent_pong;76;67E2
Dispatcher:67E2;38613;28826;256;0;2;204;249;56;76
Listener:Sent_pong;77;A7E4
Dispatcher:A7E4;38685;30393;256;0;2;207;255;72;77
Listener:Sent_pong;76;CE13
Dispatcher:CE13;38690;26629;256;0;2;195;249;57;76
Listener:Sent_pong;77;2EDF
Dispatcher:2EDF;38743;26304;256;0;2;201;252;70;77
Listener:Sent_pong;77;F010
Dispatcher:F010;38794;26909;256;0;2;198;255;69;77
Listener:Sent_pong;77;0002
Dispatcher:0002;38848;28843;256;0;2;191;255;66;77
Listener:Sent_pong;77;FCED
Dispatcher:FCED;38891;27907;256;0;2;210;255;65;77
Listener:Sent_pong;77;904F
Dispatcher:904F;38920;26766;256;0;2;193;255;66;77
Listener:Sent_pong;77;9375
Dispatcher:9375;38961;53820;256;0;2;207;255;63;77
Listener:Sent_pong;77;8D93
Dispatcher:8D93;39013;51723;256;0;2;206;255;60;77
Listener:Sent_pong;77;E934
Dispatcher:E934;39047;42630;256;0;2;201;253;63;77
Listener:Sent_pong;77;C323
Dispatcher:C323;39067;34990;256;0;2;204;249;65;77
Listener:Sent_pong;77;A78F
Dispatcher:A78F;39115;30893;256;0;2;201;255;65;77
Listener:Sent_pong;78;A7E4
Dispatcher:A7E4;39194;29954;256;0;2;207;255;73;78
Listener:Sent_pong;77;CE13
Dispatcher:CE13;39206;36287;256;0;2;195;249;58;77
Listener:Sent_pong;78;2EDF
Dispatcher:2EDF;39251;27624;256;0;2;201;252;71;78
Listener:Sent_pong;78;F010
Dispatcher:F010;39303;27883;256;0;2;198;255;70;78
Listener:Sent_pong;78;0002
Dispatcher:0002;39357;27253;256;0;2;191;255;67;78
Listener:Sent_pong;78;FCED
Dispatcher:FCED;39399;30592;256;0;2;210;255;66;78
Listener:Sent_pong;78;904F
Dispatcher:904F;39430;29230;256;0;2;193;255;67;78
Listener:Sent_pong;78;9375
Dispatcher:9375;39470;26632;256;0;2;207;255;64;78
Listener:Sent_pong;78;8D93
Dispatcher:8D93;39520;24717;256;0;2;206;255;61;78
Listener:Sent_pong;78;E934
Dispatcher:E934;39555;30136;256;0;2;201;253;64;78
Listener:Sent_pong;78;C323
Dispatcher:C323;39577;31876;256;0;2;204;249;66;78
Listener:Sent_pong;78;A78F
Dispatcher:A78F;39622;28125;256;0;2;201;255;66;78
Listener:Sent_pong;78;67E2
Dispatcher:67E2;39633;30072;256;0;2;204;249;57;78
Listener:Sent_pong;79;A7E4
Dispatcher:A7E4;39709;36288;256;0;2;207;255;74;79
Listener:Sent_pong;78;CE13
Dispatcher:CE13;39714;26629;256;0;2;195;249;59;78
Listener:Sent_pong;79;2EDF
Dispatcher:2EDF;39758;23756;256;0;2;201;252;72;79
Listener:Sent_pong;79;F010
Dispatcher:F010;39817;33693;256;0;2;198;255;71;79
Listener:Sent_pong;79;0002
Dispatcher:0002;39871;31811;256;0;2;191;255;68;79
Listener:Sent_pong;79;FCED
Dispatcher:FCED;39906;25955;256;0;2;210;255;67;79
Listener:Sent_pong;79;904F
Dispatcher:904F;39937;27584;256;0;2;193;255;68;79
Listener:Sent_pong;79;9375
Dispatcher:9375;39978;29824;256;0;2;207;255;65;79
Listener:Sent_pong;79;8D93
Dispatcher:8D93;40028;29801;256;0;2;206;255;62;79
Listener:Sent_pong;79;E934
Dispatcher:E934;40062;28864;256;0;2;201;253;65;79
Listener:Sent_pong;79;C323
Dispatcher:C323;40086;29426;256;0;2;204;249;67;79
Listener:Sent_pong;79;A78F
Dispatcher:A78F;40130;28125;256;0;2;201;255;66;79
Listener:Sent_pong;79;67E2
Dispatcher:67E2;40159;45650;256;0;2;204;249;58;79
Listener:Sent_pong;80;A7E4
Dispatcher:A7E4;40218;31838;256;0;2;207;255;75;80
Listener:Sent_pong;79;CE13
Dispatcher:CE13;40221;27529;256;0;2;195;249;60;79
Listener:Sent_pong;80;2EDF
Dispatcher:2EDF;40265;25044;256;0;2;201;252;73;80
Listener:Sent_pong;80;F010
Dispatcher:F010;40325;63177;256;0;2;198;255;72;80
Listener:Sent_pong;80;0002
Dispatcher:0002;40384;30081;256;0;2;191;255;69;80
Listener:Sent_pong;80;FCED
Dispatcher:FCED;40413;31878;256;0;2;210;255;68;80
Listener:Sent_pong;80;904F
Dispatcher:904F;40445;25984;256;0;2;193;255;69;80
Listener:Sent_pong;80;9375
Dispatcher:9375;40486;26592;256;0;2;207;255;66;80
Listener:Sent_pong;80;8D93
Dispatcher:8D93;40544;34839;256;0;2;206;255;63;80
Listener:Sent_pong;80;C323
Dispatcher:C323;40593;29078;256;0;2;204;249;68;80
Listener:Sent_pong;80;A78F
Dispatcher:A78F;40648;36401;256;0;2;201;255;67;80
Listener:Sent_pong;81;2EDF
Dispatcher:2EDF;40771;22794;256;0;2;201;252;74;81
Listener:Sent_pong;81;F010
Dispatcher:F010;40834;29509;256;0;2;198;255;73;81
Listener:Sent_pong;81;0002
Dispatcher:0002;40891;24715;256;0;2;191;255;70;81
Listener:Sent_pong;81;FCED
Dispatcher:FCED;40921;26310;256;0;2;210;255;69;81
Listener:Sent_pong;81;904F
Dispatcher:904F;40953;28516;256;0;2;193;255;70;81
Listener:Sent_pong;81;9375
Dispatcher:9375;40993;29480;256;0;2;207;255;67;81
Listener:Sent_pong;81;8D93
Dispatcher:8D93;41051;34839;256;0;2;206;255;63;81
Listener:Sent_pong;81;E934
Dispatcher:E934;41123;30488;256;0;2;201;253;66;81
Listener:Sent_pong;81;A78F
Dispatcher:A78F;41172;105977;256;0;2;201;255;68;81
Listener:Sent_pong;81;67E2
Dispatcher:67E2;41217;30416;256;0;2;204;249;59;81
Listener:Sent_pong;82;A7E4
Dispatcher:A7E4;41261;26972;256;0;2;207;255;76;82
Listener:Sent_pong;81;CE13
Dispatcher:CE13;41273;24739;256;0;2;195;249;61;81
Listener:Sent_pong;82;F010
Dispatcher:F010;41343;28209;256;0;2;198;255;74;82
Listener:Sent_pong;82;0002
Dispatcher:0002;41398;27595;256;0;2;191;255;71;82
Listener:Sent_pong;82;FCED
Dispatcher:FCED;41430;27578;256;0;2;210;255;70;82
Listener:Sent_pong;82;904F
Dispatcher:904F;41462;31034;256;0;2;193;255;71;82
Listener:Sent_pong;82;9375
Dispatcher:9375;41502;25030;256;0;2;207;255;68;82
Listener:Sent_pong;82;8D93
Dispatcher:8D93;41559;26962;256;0;2;206;255;64;82
Listener:Sent_pong;82;E934
Dispatcher:E934;41632;33186;256;0;2;201;253;67;82
Listener:Sent_pong;82;C323
Dispatcher:C323;41639;64000;256;0;2;204;249;69;82
Listener:Sent_pong;82;A78F
Dispatcher:A78F;41680;32323;256;0;2;201;255;69;82
Listener:Sent_pong;82;67E2
Dispatcher:67E2;41725;32066;256;0;2;204;249;60;82
Listener:Sent_pong;83;A7E4
Dispatcher:A7E4;41785;44172;256;0;2;207;255;77;83
Listener:Sent_pong;82;CE13
Dispatcher:CE13;41784;56903;256;0;2;195;249;62;82
Listener:Sent_pong;83;F010
Dispatcher:F010;41850;28543;256;0;2;198;255;75;83
Listener:Sent_pong;83;0002
Dispatcher:0002;41905;24371;256;0;2;191;255;72;83
Listener:Sent_pong;83;FCED
Dispatcher:FCED;41938;25674;256;0;2;210;255;71;83
Listener:Sent_pong;83;904F
Dispatcher:904F;41969;25345;256;0;2;193;255;72;83
Listener:Sent_pong;83;9375
Dispatcher:9375;42011;33150;256;0;2;207;255;69;83
Listener:Sent_pong;83;8D93
Dispatcher:8D93;42066;25367;256;0;2;206;255;65;83
Listener:Sent_pong;83;E934
Dispatcher:E934;42139;24392;256;0;2;201;253;68;83
Listener:Sent_pong;83;C323
Dispatcher:C323;42160;39670;256;0;2;204;249;70;83
Listener:Sent_pong;83;A78F
Dispatcher:A78F;42189;35071;256;0;2;201;255;70;83
Listener:Sent_pong;83;67E2
Dispatcher:67E2;42234;27576;256;0;2;204;249;61;83
Listener:Sent_pong;84;A7E4
Dispatcher:A7E4;42294;30740;256;0;2;207;255;78;84
Listener:Sent_pong;83;CE13
Dispatcher:CE13;42293;56903;256;0;2;195;249;62;83
Listener:Sent_pong;84;F010
Dispatcher:F010;42358;25975;256;0;2;198;255;76;84
Listener:Sent_pong;84;0002
Dispatcher:0002;42413;35855;256;0;2;191;255;73;84
Listener:Sent_pong;84;FCED
Dispatcher:FCED;42445;24698;256;0;2;210;255;72;84
Listener:Sent_pong;84;904F
Dispatcher:904F;42476;25360;256;0;2;193;255;73;84
Listener:Sent_pong;84;9375
Dispatcher:9375;42527;34464;256;0;2;207;255;70;84
Listener:Sent_pong;84;8D93
Dispatcher:8D93;42572;26320;256;0;2;206;255;66;84
Listener:Sent_pong;84;E934
Dispatcher:E934;42647;27912;256;0;2;201;253;69;84
Listener:Sent_pong;84;C323
Dispatcher:C323;42669;28902;256;0;2;204;249;71;84
Listener:Sent_pong;84;A78F
Dispatcher:A78F;42698;26937;256;0;2;201;255;71;84
Listener:Sent_pong;84;67E2
Dispatcher:67E2;42742;26294;256;0;2;204;249;62;84
Listener:Sent_pong;85;A7E4
Dispatcher:A7E4;42803;28514;256;0;2;207;255;79;85
Listener:Sent_pong;84;CE13
Dispatcher:CE13;42802;56903;256;0;2;195;249;62;84
Listener:Sent_pong;85;2EDF
Dispatcher:2EDF;42834;36230;256;0;2;201;252;75;85
Listener:Sent_pong;85;F010
Dispatcher:F010;42867;28537;256;0;2;198;255;77;85
Listener:Sent_pong;85;0002
Dispatcher:0002;42921;24041;256;0;2;191;255;74;85
Listener:Sent_pong;85;FCED
Dispatcher:FCED;42954;28502;256;0;2;210;255;73;85
Listener:Sent_pong;85;904F
Dispatcher:904F;42990;33480;256;0;2;193;255;74;85
Listener:Sent_pong;85;9375
Dispatcher:9375;43036;47946;256;0;2;207;255;71;85
Listener:Sent_pong;85;8D93
Dispatcher:8D93;43081;26289;256;0;2;206;255;67;85
Listener:Sent_pong;85;E934
Dispatcher:E934;43155;29898;256;0;2;201;253;70;85
Listener:Sent_pong;85;C323
Dispatcher:C323;43178;26796;256;0;2;204;249;72;85
Listener:Sent_pong;85;A78F
Dispatcher:A78F;43207;29509;256;0;2;201;255;72;85
Listener:Sent_pong;85;67E2
Dispatcher:67E2;43248;23754;256;0;2;204;249;63;85
Listener:Sent_pong;86;A7E4
Dispatcher:A7E4;43311;26289;256;0;2;207;255;80;86
Listener:Sent_pong;85;CE13
Dispatcher:CE13;43310;23423;256;0;2;195;249;63;85
Listener:Sent_pong;86;2EDF
Dispatcher:2EDF;43341;25040;256;0;2;201;252;76;86
Listener:Sent_pong;86;F010
Dispatcher:F010;43373;26945;256;0;2;198;255;78;86
Listener:Sent_pong;86;0002
Dispatcher:0002;43428;28509;256;0;2;191;255;75;86
Listener:Sent_pong;86;FCED
Dispatcher:FCED;43462;27190;256;0;2;210;255;74;86
Listener:Sent_pong;86;904F
Dispatcher:904F;43505;33378;256;0;2;193;255;75;86
Listener:Sent_pong;86;9375
Dispatcher:9375;43544;28218;256;0;2;207;255;72;86
Listener:Sent_pong;86;8D93
Dispatcher:8D93;43589;24685;256;0;2;206;255;68;86
Listener:Sent_pong;86;E934
Dispatcher:E934;43663;29938;256;0;2;201;253;71;86
Listener:Sent_pong;86;C323
Dispatcher:C323;43687;31558;256;0;2;204;249;73;86
Listener:Sent_pong;86;A78F
Dispatcher:A78F;43718;32829;256;0;2;201;255;73;86
Listener:Sent_pong;86;67E2
Dispatcher:67E2;43755;24356;256;0;2;204;249;64;86
Listener:Sent_pong;87;A7E4
Dispatcher:A7E4;43820;27879;256;0;2;207;255;81;87
Listener:Sent_pong;86;CE13
Dispatcher:CE13;43818;28745;256;0;2;195;249;64;86
Listener:Sent_pong;87;2EDF
Dispatcher:2EDF;43849;25704;256;0;2;201;252;77;87
Listener:Sent_pong;87;F010
Dispatcher:F010;43881;29917;256;0;2;198;255;79;87
Listener:Sent_pong;87;0002
Dispatcher:0002;43935;24709;256;0;2;191;255;76;87
Listener:Sent_pong;87;FCED
Dispatcher:FCED;43971;32502;256;0;2;210;255;75;87
Listener:Sent_pong;87;904F
Dispatcher:904F;44013;28206;256;0;2;193;255;76;87
Listener:Sent_pong;87;9375
Dispatcher:9375;44053;28542;256;0;2;207;255;73;87
Listener:Sent_pong;87;8D93
Dispatcher:8D93;44096;26303;256;0;2;206;255;69;87
Listener:Sent_pong;87;C323
Dispatcher:C323;44196;27922;256;0;2;204;249;74;87
Listener:Sent_pong;87;67E2
Dispatcher:67E2;44262;23100;256;0;2;204;249;65;87
Listener:Sent_pong;88;A7E4
Dispatcher:A7E4;44335;30476;256;0;2;207;255;82;88
Listener:Sent_pong;87;CE13
Dispatcher:CE13;44328;27993;256;0;2;195;249;65;87
Listener:Sent_pong;88;2EDF
Dispatcher:2EDF;44358;29824;256;0;2;201;252;78;88
Listener:Sent_pong;88;F010
Dispatcher:F010;44389;29781;256;0;2;198;255;80;88
Listener:Sent_pong;88;0002
Dispatcher:0002;44443;30579;256;0;2;191;255;77;88
Listener:Sent_pong;88;FCED
Dispatcher:FCED;44480;26598;256;0;2;210;255;76;88
Listener:Sent_pong;88;904F
Dispatcher:904F;44522;28238;256;0;2;193;255;77;88
Listener:Sent_pong;88;9375
Dispatcher:9375;44561;24686;256;0;2;207;255;74;88
Listener:Sent_pong;88;8D93
Dispatcher:8D93;44603;56149;256;0;2;206;255;70;88
Listener:Sent_pong;88;E934
Dispatcher:E934;44681;28530;256;0;2;201;253;72;88
Listener:Sent_pong;88;C323
Dispatcher:C323;44705;27922;256;0;2;204;249;74;88
Listener:Sent_pong;88;A78F
Dispatcher:A78F;44750;27579;256;0;2;201;255;74;88
Listener:Sent_pong;88;67E2
Dispatcher:67E2;44770;26954;256;0;2;204;249;66;88
Listener:Sent_pong;89;A7E4
Dispatcher:A7E4;44841;25916;256;0;2;207;255;83;89
Listener:Sent_pong;88;CE13
Dispatcher:CE13;44839;29765;256;0;2;195;249;66;88
Listener:Sent_pong;89;2EDF
Dispatcher:2EDF;44865;26778;256;0;2;201;252;79;89
Listener:Sent_pong;89;0002
Dispatcher:0002;44951;25631;256;0;2;191;255;78;89
Listener:Sent_pong;89;FCED
Dispatcher:FCED;44988;26628;256;0;2;210;255;77;89
Listener:Sent_pong;89;904F
Dispatcher:904F;45034;31154;256;0;2;193;255;78;89
Listener:Sent_pong;89;9375
Dispatcher:9375;45067;25954;256;0;2;207;255;75;89
Listener:Sent_pong;89;8D93
Dispatcher:8D93;45110;26945;256;0;2;206;255;71;89
Listener:Sent_pong;89;E934
Dispatcher:E934;45190;29952;256;0;2;201;253;73;89
Listener:Sent_pong;89;C323
Dispatcher:C323;45213;28956;256;0;2;204;249;75;89
Listener:Sent_pong;89;A78F
Dispatcher:A78F;45257;32651;256;0;2;201;255;75;89
Listener:Sent_pong;89;67E2
Dispatcher:67E2;45291;37626;256;0;2;204;249;67;89
Listener:Sent_pong;90;A7E4
Dispatcher:A7E4;45349;25936;256;0;2;207;255;84;90
Listener:Sent_pong;89;CE13
Dispatcher:CE13;45354;38745;256;0;2;195;249;67;89
Listener:Sent_pong;90;F010
Dispatcher:F010;45439;28511;256;0;2;198;255;81;90
Listener:Sent_pong;90;FCED
Dispatcher:FCED;45495;26615;256;0;2;210;255;78;90
Listener:Sent_pong;90;904F
Dispatcher:904F;45542;28028;256;0;2;193;255;79;90
Listener:Sent_pong;90;9375
Dispatcher:9375;45575;26614;256;0;2;207;255;76;90
Listener:Sent_pong;90;8D93
Dispatcher:8D93;45617;31059;256;0;2;206;255;72;90
Listener:Sent_pong;90;E934
Dispatcher:E934;45699;27566;256;0;2;201;253;74;90
Listener:Sent_pong;90;C323
Dispatcher:C323;45721;24404;256;0;2;204;249;76;90
Listener:Sent_pong;90;A78F
Dispatcher:A78F;45764;25665;256;0;2;201;255;76;90
Listener:Sent_pong;90;67E2
Dispatcher:67E2;45798;37626;256;0;2;204;249;67;90
Listener:Sent_pong;91;A7E4
Dispatcher:A7E4;45887;25936;256;0;2;207;255;84;91
Listener:Sent_pong;90;CE13
Dispatcher:CE13;45895;71305;256;0;2;195;249;68;90
Listener:Sent_pong;91;F010
Dispatcher:F010;45946;30605;256;0;2;198;255;82;91
Listener:Sent_pong;91;0002
Dispatcher:0002;46002;30085;256;0;2;191;255;79;91
Listener:Sent_pong;91;904F
Dispatcher:904F;46054;53908;256;0;2;193;255;80;91
Listener:Sent_pong;91;9375
Dispatcher:9375;46103;79044;256;0;2;207;255;77;91
Listener:Sent_pong;91;8D93
Dispatcher:8D93;46159;71167;256;0;2;206;255;73;91
Listener:Sent_pong;91;E934
Dispatcher:E934;46206;28536;256;0;2;201;253;75;91
Listener:Sent_pong;91;A78F
Dispatcher:A78F;46272;26901;256;0;2;201;255;77;91
Listener:Sent_pong;91;67E2
Dispatcher:67E2;46306;23744;256;0;2;204;249;68;91
Listener:Sent_pong;92;A7E4
Dispatcher:A7E4;46395;25013;256;0;2;207;255;85;92
Listener:Sent_pong;92;2EDF
Dispatcher:2EDF;46434;68800;256;0;2;201;249;80;92
Listener:Sent_pong;92;F010
Dispatcher:F010;46487;60359;256;0;2;198;248;83;92
Listener:Sent_pong;92;FCED
Dispatcher:FCED;46513;44912;256;0;2;210;255;79;92
Listener:Sent_pong;92;0002
Dispatcher:0002;46512;36345;256;0;2;191;255;80;92
Listener:Sent_pong;92;904F
Dispatcher:904F;46562;29182;256;0;2;193;255;81;92
Listener:Sent_pong;92;9375
Dispatcher:9375;46611;26280;256;0;2;207;255;78;92
Listener:Sent_pong;92;8D93
Dispatcher:8D93;46667;28199;256;0;2;206;255;74;92
Listener:Sent_pong;92;E934
Dispatcher:E934;46713;24702;256;0;2;201;253;76;92
Listener:Sent_pong;92;C323
Dispatcher:C323;46737;26976;256;0;2;204;249;77;92
Listener:Sent_pong;92;A78F
Dispatcher:A78F;46779;28549;256;0;2;201;255;78;92
Listener:Sent_pong;92;67E2
Dispatcher:67E2;46814;28212;256;0;2;204;249;69;92
Listener:Sent_pong;93;A7E4
Dispatcher:A7E4;46904;30112;256;0;2;207;255;86;93
Listener:Sent_pong;92;CE13
Dispatcher:CE13;46938;84083;256;0;2;195;249;69;92
Listener:Sent_pong;93;F010
Dispatcher:F010;46994;24381;256;0;2;198;249;84;93
Listener:Sent_pong;93;FCED
Dispatcher:FCED;47024;34751;256;0;2;210;255;80;93
Listener:Sent_pong;93;0002
Dispatcher:0002;47022;59041;256;0;2;191;255;81;93
Listener:Sent_pong;93;9375
Dispatcher:9375;47120;26616;256;0;2;207;255;79;93
Listener:Sent_pong;93;8D93
Dispatcher:8D93;47176;31909;256;0;2;206;255;75;93
Listener:Sent_pong;93;E934
Dispatcher:E934;47220;28800;256;0;2;201;253;77;93
Listener:Sent_pong;93;C323
Dispatcher:C323;47244;24408;256;0;2;204;249;78;93
Listener:Sent_pong;93;A78F
Dispatcher:A78F;47287;26275;256;0;2;201;255;79;93
Listener:Sent_pong;93;67E2
Dispatcher:67E2;47322;24976;256;0;2;204;249;70;93
Listener:Sent_pong;94;A7E4
Dispatcher:A7E4;47411;26620;256;0;2;207;255;87;94
Listener:Sent_pong;93;CE13
Dispatcher:CE13;47446;84083;256;0;2;195;249;69;93
Listener:Sent_pong;94;F010
Dispatcher:F010;47501;24381;256;0;2;198;249;84;94
Listener:Sent_pong;94;2EDF
Dispatcher:2EDF;47518;34022;256;0;2;201;249;81;94
Listener:Sent_pong;94;0002
Dispatcher:0002;47569;89315;256;0;2;191;255;82;94
Listener:Sent_pong;94;9375
Dispatcher:9375;47629;27884;256;0;2;207;255;80;94
Listener:Sent_pong;94;8D93
Dispatcher:8D93;47685;26614;256;0;2;206;255;76;94
Listener:Sent_pong;94;E934
Dispatcher:E934;47727;27284;256;0;2;201;253;78;94
Listener:Sent_pong;94;C323
Dispatcher:C323;47753;27374;256;0;2;204;249;79;94
Listener:Sent_pong;94;A78F
Dispatcher:A78F;47795;24377;256;0;2;201;255;80;94
Listener:Sent_pong;94;67E2
Dispatcher:67E2;47829;26920;256;0;2;204;249;71;94
Listener:Sent_pong;95;A7E4
Dispatcher:A7E4;47920;27539;256;0;2;207;255;88;95
Listener:Sent_pong;94;CE13
Dispatcher:CE13;47954;26943;256;0;2;195;249;70;94
Listener:Sent_pong;95;F010
Dispatcher:F010;48010;33127;256;0;2;198;249;85;95
Listener:Sent_pong;95;2EDF
Dispatcher:2EDF;48040;34022;256;0;2;201;249;81;95
Listener:Sent_pong;95;FCED
Dispatcher:FCED;48065;34128;256;0;2;210;255;81;95
Listener:Sent_pong;95;0002
Dispatcher:0002;48079;58139;256;0;2;191;255;83;95
Listener:Sent_pong;95;904F
Dispatcher:904F;48123;29976;256;0;2;193;255;82;95
Listener:Sent_pong;95;9375
Dispatcher:9375;48138;30432;256;0;2;207;255;81;95
Listener:Sent_pong;95;8D93
Dispatcher:8D93;48191;23441;256;0;2;206;255;77;95
Listener:Sent_pong;95;E934
Dispatcher:E934;48235;23742;256;0;2;201;253;79;95
Listener:Sent_pong;95;C323
Dispatcher:C323;48261;26744;256;0;2;204;249;80;95
Listener:Sent_pong;95;A78F
Dispatcher:A78F;48302;23105;256;0;2;201;255;81;95
Listener:Sent_pong;95;67E2
Dispatcher:67E2;48336;25634;256;0;2;204;249;72;95
Listener:Sent_pong;96;A7E4
Dispatcher:A7E4;48427;25344;256;0;2;207;255;89;96
Listener:Sent_pong;95;CE13
Dispatcher:CE13;48462;31297;256;0;2;195;249;71;95
Listener:Sent_pong;96;F010
Dispatcher:F010;48518;27889;256;0;2;198;249;86;96
Listener:Sent_pong;96;2EDF
Dispatcher:2EDF;48548;26356;256;0;2;201;249;82;96
Listener:Sent_pong;96;904F
Dispatcher:904F;48632;26638;256;0;2;193;255;83;96
Listener:Sent_pong;96;8D93
Dispatcher:8D93;48698;27593;256;0;2;206;255;78;96
Listener:Sent_pong;96;C323
Dispatcher:C323;48770;35308;256;0;2;204;249;81;96
Listener:Sent_pong;96;A78F
Dispatcher:A78F;48810;42265;256;0;2;201;255;82;96
Listener:Sent_pong;96;67E2
Dispatcher:67E2;48860;41832;256;0;2;204;249;73;96
Listener:Sent_pong;97;A7E4
Dispatcher:A7E4;48934;31526;256;0;2;207;255;90;97
Listener:Sent_pong;96;CE13
Dispatcher:CE13;48970;25039;256;0;2;195;249;72;96
Listener:Sent_pong;97;F010
Dispatcher:F010;49025;49691;256;0;2;198;249;87;97
Listener:Sent_pong;97;2EDF
Dispatcher:2EDF;49074;106646;256;0;2;201;249;83;97
Listener:Sent_pong;97;FCED
Dispatcher:FCED;49120;23714;256;0;2;210;255;82;97
Listener:Sent_pong;97;0002
Dispatcher:0002;49145;41581;256;0;2;191;255;84;97
Listener:Sent_pong;97;904F
Dispatcher:904F;49161;88962;256;0;2;193;255;84;97
Listener:Sent_pong;97;9375
Dispatcher:9375;49198;43862;256;0;2;207;255;82;97
Listener:Sent_pong;97;C323
Dispatcher:C323;49276;23766;256;0;2;204;249;82;97
Listener:Sent_pong;97;A78F
Dispatcher:A78F;49319;27597;256;0;2;201;255;83;97
Listener:Sent_pong;97;67E2
Dispatcher:67E2;49367;27552;256;0;2;204;249;74;97
Listener:Sent_pong;98;A7E4
Dispatcher:A7E4;49442;30582;256;0;2;207;255;91;98
Listener:Sent_pong;97;CE13
Dispatcher:CE13;49478;27287;256;0;2;195;249;73;97
Listener:Sent_pong;98;F010
Dispatcher:F010;49533;27563;256;0;2;198;249;88;98
Listener:Sent_pong;98;FCED
Dispatcher:FCED;49629;27916;256;0;2;210;255;83;98
Listener:Sent_pong;98;0002
Dispatcher:0002;49659;44501;256;0;2;191;255;85;98
Listener:Sent_pong;98;904F
Dispatcher:904F;49695;58832;256;0;2;193;255;85;98
Listener:Sent_pong;98;9375
Dispatcher:9375;49722;43862;256;0;2;207;255;82;98
Listener:Sent_pong;98;E934
Dispatcher:E934;49786;28544;256;0;2;201;253;80;98
Listener:Sent_pong;98;8D93
Dispatcher:8D93;49790;27593;256;0;2;206;255;78;98
Listener:Sent_pong;99;A7E4
Dispatcher:A7E4;49951;25626;256;0;2;207;255;92;99
Listener:Sent_pong;98;CE13
Dispatcher:CE13;49986;26607;256;0;2;195;249;74;98
Listener:Sent_pong;99;F010
Dispatcher:F010;50041;27563;256;0;2;198;249;88;99
Listener:Sent_pong;99;2EDF
Dispatcher:2EDF;50101;27308;256;0;2;201;249;84;99
Listener:Sent_pong;99;FCED
Dispatcher:FCED;50138;31920;256;0;2;210;255;84;99
Listener:Sent_pong;99;0002
Dispatcher:0002;50173;31197;256;0;2;191;255;86;99
Listener:Sent_pong;99;904F
Dispatcher:904F;50204;27550;256;0;2;193;255;86;99
Listener:Sent_pong;99;9375
Dispatcher:9375;50231;32822;256;0;2;207;255;83;99
Listener:Sent_pong;99;E934
Dispatcher:E934;50292;28544;256;0;2;201;253;80;99
Listener:Sent_pong;99;C323
Dispatcher:C323;50304;31370;256;0;2;204;249;83;99
Listener:Sent_pong;99;A78F
Dispatcher:A78F;50334;30307;256;0;2;201;255;84;99
Listener:Sent_pong;100;A7E4
Dispatcher:A7E4;50461;36341;256;0;2;207;255;93;100
Listener:Sent_pong;99;67E2
Dispatcher:67E2;50437;24722;256;0;2;204;249;75;99
Listener:Sent_pong;99;CE13
Dispatcher:CE13;50493;27903;256;0;2;195;249;75;99
Listener:Sent_pong;100;F010
Dispatcher:F010;50548;27281;256;0;2;198;249;89;100
Listener:Sent_pong;100;2EDF
Dispatcher:2EDF;50608;25064;256;0;2;201;249;85;100
Listener:Sent_pong;100;FCED
Dispatcher:FCED;50647;27898;256;0;2;210;255;85;100
Listener:Sent_pong;100;0002
Dispatcher:0002;50681;26283;256;0;2;191;255;87;100
Listener:Sent_pong;100;904F
Dispatcher:904F;50712;28513;256;0;2;193;255;87;100
Listener:Sent_pong;100;9375
Dispatcher:9375;50739;26950;256;0;2;207;255;84;100
Listener:Sent_pong;100;E934
Dispatcher:E934;50800;31884;256;0;2;201;253;81;100
Listener:Sent_pong;100;C323
Dispatcher:C323;50826;51236;256;0;2;204;249;84;100
Listener:Sent_pong;100;A78F
Dispatcher:A78F;50862;55571;256;0;2;201;255;85;100
Listener:Sent_pong;100;8D93
Dispatcher:8D93;50876;27593;256;0;2;206;255;78;100
Listener:Sent_pong;101;A7E4
Dispatcher:A7E4;50968;32169;256;0;2;207;255;94;101
Listener:Sent_pong;100;67E2
Dispatcher:67E2;50972;57602;256;0;2;204;249;76;100
Listener:Sent_pong;100;CE13
Dispatcher:CE13;51005;30541;256;0;2;195;249;76;100
Listener:Sent_pong;101;F010
Dispatcher:F010;51055;23791;256;0;2;198;249;90;101
Listener:Sent_pong;101;2EDF
Dispatcher:2EDF;51114;24420;256;0;2;201;249;86;101
Listener:Sent_pong;101;FCED
Dispatcher:FCED;51156;26624;256;0;2;210;255;86;101
Listener:Sent_pong;101;0002
Dispatcher:0002;51189;34235;256;0;2;191;255;88;101
Listener:Sent_pong;101;904F
Dispatcher:904F;51220;25054;256;0;2;193;255;88;101
Listener:Sent_pong;101;9375
Dispatcher:9375;51246;25056;256;0;2;207;255;85;101
Listener:Sent_pong;101;E934
Dispatcher:E934;51307;25658;256;0;2;201;253;82;101
Listener:Sent_pong;101;A78F
Dispatcher:A78F;51369;32909;256;0;2;201;255;86;101
Listener:Sent_pong;101;8D93
Dispatcher:8D93;51406;51905;256;0;2;206;255;79;101
Listener:Sent_pong;101;67E2
Dispatcher:67E2;51479;23752;256;0;2;204;249;77;101
Listener:Sent_pong;101;CE13
Dispatcher:CE13;51512;26949;256;0;2;195;249;77;101
Listener:Sent_pong;102;F010
Dispatcher:F010;51561;22169;256;0;2;198;249;91;102
Listener:Sent_pong;102;FCED
Dispatcher:FCED;51664;27276;256;0;2;210;255;87;102
Listener:Sent_pong;102;0002
Dispatcher:0002;51698;28869;256;0;2;191;255;89;102
Listener:Sent_pong;102;904F
Dispatcher:904F;51727;24133;256;0;2;193;255;89;102
Listener:Sent_pong;102;9375
Dispatcher:9375;51753;23432;256;0;2;207;255;86;102
Listener:Sent_pong;102;E934
Dispatcher:E934;51828;48976;256;0;2;201;253;83;102
Listener:Sent_pong;102;C323
Dispatcher:C323;51850;28882;256;0;2;204;249;85;102
Listener:Sent_pong;102;A78F
Dispatcher:A78F;51878;26649;256;0;2;201;255;87;102
Listener:Sent_pong;102;8D93
Dispatcher:8D93;51915;68741;256;0;2;206;255;80;102
Listener:Sent_pong;103;A7E4
Dispatcher:A7E4;52008;28552;256;0;2;207;255;95;103
Listener:Sent_pong;102;CE13
Dispatcher:CE13;52020;30803;256;0;2;195;249;78;102
Listener:Sent_pong;103;F010
Dispatcher:F010;52068;25975;256;0;2;198;249;92;103
Listener:Sent_pong;103;2EDF
Dispatcher:2EDF;52153;24750;256;0;2;201;249;87;103
Listener:Sent_pong;103;FCED
Dispatcher:FCED;52172;25044;256;0;2;210;255;88;103
Listener:Sent_pong;103;0002
Dispatcher:0002;52207;28843;256;0;2;191;255;90;103
Listener:Sent_pong;103;904F
Dispatcher:904F;52234;33836;256;0;2;193;255;90;103
Listener:Sent_pong;103;9375
Dispatcher:9375;52263;26464;256;0;2;207;255;87;103
Listener:Sent_pong;103;E934
Dispatcher:E934;52335;31364;256;0;2;201;253;84;103
Listener:Sent_pong;103;C323
Dispatcher:C323;52360;30366;256;0;2;204;249;86;103
Listener:Sent_pong;103;A78F
Dispatcher:A78F;52389;28759;256;0;2;201;255;88;103
Listener:Sent_pong;103;8D93
Dispatcher:8D93;52422;24711;256;0;2;206;255;81;103
Listener:Sent_pong;104;A7E4
Dispatcher:A7E4;52515;47672;256;0;2;207;255;96;104
Listener:Sent_pong;103;67E2
Dispatcher:67E2;52520;32826;256;0;2;204;249;78;103
Listener:Sent_pong;103;CE13
Dispatcher:CE13;52533;52759;256;0;2;195;249;79;103
Listener:Sent_pong;104;2EDF
Dispatcher:2EDF;52665;29696;256;0;2;201;249;88;104
Listener:Sent_pong;104;FCED
Dispatcher:FCED;52681;25665;256;0;2;210;255;89;104
Listener:Sent_pong;104;0002
Dispatcher:0002;52716;28863;256;0;2;191;255;91;104
Listener:Sent_pong;104;904F
Dispatcher:904F;52742;26020;256;0;2;193;255;91;104
Listener:Sent_pong;104;9375
Dispatcher:9375;52770;24834;256;0;2;207;255;88;104
Listener:Sent_pong;104;E934
Dispatcher:E934;52844;28546;256;0;2;201;253;85;104
Listener:Sent_pong;104;C323
Dispatcher:C323;52870;28444;256;0;2;204;249;87;104
Listener:Sent_pong;104;A78F
Dispatcher:A78F;52896;24131;256;0;2;201;255;89;104
Listener:Sent_pong;104;8D93
Dispatcher:8D93;52931;28237;256;0;2;206;255;82;104
Listener:Sent_pong;105;A7E4
Dispatcher:A7E4;53024;25049;256;0;2;207;255;97;105
Listener:Sent_pong;104;67E2
Dispatcher:67E2;53027;44632;256;0;2;204;249;79;104
Listener:Sent_pong;104;CE13
Dispatcher:CE13;53079;68111;256;0;2;195;249;80;104
Listener:Sent_pong;105;2EDF
Dispatcher:2EDF;53172;27064;256;0;2;201;249;89;105
Listener:Sent_pong;105;FCED
Dispatcher:FCED;53191;29505;256;0;2;210;255;90;105
Listener:Sent_pong;105;0002
Dispatcher:0002;53225;26653;256;0;2;191;255;92;105
Listener:Sent_pong;105;904F
Dispatcher:904F;53249;25376;256;0;2;193;255;92;105
Listener:Sent_pong;105;9375
Dispatcher:9375;53285;31486;256;0;2;207;255;89;105
Listener:Sent_pong;105;E934
Dispatcher:E934;53353;27920;256;0;2;201;253;86;105
Listener:Sent_pong;105;C323
Dispatcher:C323;53378;39182;256;0;2;204;249;88;105
Listener:Sent_pong;105;A78F
Dispatcher:A78F;53418;24131;256;0;2;201;255;89;105
Listener:Sent_pong;105;8D93
Dispatcher:8D93;53455;43541;256;0;2;206;255;83;105
Listener:Sent_pong;106;A7E4
Dispatcher:A7E4;53532;27578;256;0;2;207;255;98;106
Listener:Sent_pong;105;67E2
Dispatcher:67E2;53536;25690;256;0;2;204;249;80;105
Listener:Sent_pong;105;CE13
Dispatcher:CE13;53586;68111;256;0;2;195;249;80;105
Listener:Sent_pong;106;F010
Dispatcher:F010;53619;30087;256;0;2;198;249;93;106
Listener:Sent_pong;106;2EDF
Dispatcher:2EDF;53680;26028;256;0;2;201;249;90;106
Listener:Sent_pong;106;FCED
Dispatcher:FCED;53699;27928;256;0;2;210;255;91;106
Listener:Sent_pong;106;0002
Dispatcher:0002;53732;28809;256;0;2;191;255;93;106
Listener:Sent_pong;106;904F
Dispatcher:904F;53756;24547;256;0;2;193;255;93;106
Listener:Sent_pong;106;9375
Dispatcher:9375;53792;28688;256;0;2;207;255;90;106
Listener:Sent_pong;106;E934
Dispatcher:E934;53861;28882;256;0;2;201;253;87;106
Listener:Sent_pong;106;C323
Dispatcher:C323;53885;25664;256;0;2;204;249;89;106
Listener:Sent_pong;106;A78F
Dispatcher:A78F;53925;31301;256;0;2;201;255;90;106
Listener:Sent_pong;106;8D93
Dispatcher:8D93;53964;26635;256;0;2;206;255;84;106
Listener:Sent_pong;107;A7E4
Dispatcher:A7E4;54040;25318;256;0;2;207;255;99;107
Listener:Sent_pong;106;67E2
Dispatcher:67E2;54044;26948;256;0;2;204;249;81;106
Listener:Sent_pong;106;CE13
Dispatcher:CE13;54095;27911;256;0;2;195;249;81;106
Listener:Sent_pong;107;F010
Dispatcher:F010;54127;26641;256;0;2;198;249;94;107
Listener:Sent_pong;107;2EDF
Dispatcher:2EDF;54187;27602;256;0;2;201;249;91;107
Listener:Sent_pong;107;FCED
Dispatcher:FCED;54206;25042;256;0;2;210;255;92;107
Listener:Sent_pong;107;0002
Dispatcher:0002;54244;31515;256;0;2;191;255;94;107
Listener:Sent_pong;107;904F
Dispatcher:904F;54266;28882;256;0;2;193;255;94;107
Listener:Sent_pong;107;9375
Dispatcher:9375;54300;27572;256;0;2;207;255;91;107
Listener:Sent_pong;107;E934
Dispatcher:E934;54368;23438;256;0;2;201;253;88;107
Listener:Sent_pong;107;C323
Dispatcher:C323;54394;30792;256;0;2;204;249;90;107
Listener:Sent_pong;107;A78F
Dispatcher:A78F;54433;27947;256;0;2;201;255;91;107
Listener:Sent_pong;107;8D93
Dispatcher:8D93;54472;28247;256;0;2;206;255;85;107
Listener:Sent_pong;108;A7E4
Dispatcher:A7E4;54549;37568;256;0;2;207;255;100;108
Listener:Sent_pong;107;67E2
Dispatcher:67E2;54551;27926;256;0;2;204;249;82;107
Listener:Sent_pong;107;CE13
Dispatcher:CE13;54603;26303;256;0;2;195;249;82;107
Listener:Sent_pong;108;F010
Dispatcher:F010;54635;26921;256;0;2;198;249;95;108
Listener:Sent_pong;108;2EDF
Dispatcher:2EDF;54696;26962;256;0;2;201;249;92;108
Listener:Sent_pong;108;FCED
Dispatcher:FCED;54713;25202;256;0;2;210;255;93;108
Listener:Sent_pong;108;0002
Dispatcher:0002;54751;23419;256;0;2;191;255;95;108
Listener:Sent_pong;108;904F
Dispatcher:904F;54774;26980;256;0;2;193;255;95;108
Listener:Sent_pong;108;9375
Dispatcher:9375;54808;27706;256;0;2;207;255;92;108
Listener:Sent_pong;108;E934
Dispatcher:E934;54875;25684;256;0;2;201;253;89;108
Listener:Sent_pong;108;C323
Dispatcher:C323;54903;29496;256;0;2;204;249;91;108
Listener:Sent_pong;108;A78F
Dispatcher:A78F;54941;27947;256;0;2;201;255;91;108
Listener:Sent_pong;108;8D93
Dispatcher:8D93;54980;28288;256;0;2;206;255;86;108
Listener:Sent_pong;109;A7E4
Dispatcher:A7E4;55056;25360;256;0;2;207;255;101;109
Listener:Sent_pong;108;67E2
Dispatcher:67E2;55061;26744;256;0;2;204;249;83;108
Listener:Sent_pong;108;CE13
Dispatcher:CE13;55111;24083;256;0;2;195;249;83;108
Listener:Sent_pong;109;F010
Dispatcher:F010;55142;27265;256;0;2;198;249;96;109
Listener:Sent_pong;109;2EDF
Dispatcher:2EDF;55205;28886;256;0;2;201;249;93;109
Listener:Sent_pong;109;FCED
Dispatcher:FCED;55225;32528;256;0;2;210;255;94;109
Listener:Sent_pong;109;0002
Dispatcher:0002;55258;33053;256;0;2;191;255;96;109
Listener:Sent_pong;109;904F
Dispatcher:904F;55287;32545;256;0;2;193;255;96;109
Listener:Sent_pong;109;9375
Dispatcher:9375;55316;28556;256;0;2;207;255;93;109
Listener:Sent_pong;109;E934
Dispatcher:E934;55383;32158;256;0;2;201;253;90;109
Listener:Sent_pong;109;C323
Dispatcher:C323;55411;26336;256;0;2;204;249;92;109
Listener:Sent_pong;109;A78F
Dispatcher:A78F;55449;26961;256;0;2;201;255;92;109
Listener:Sent_pong;109;8D93
Dispatcher:8D93;55487;24727;256;0;2;206;255;87;109
Listener:Sent_pong;110;A7E4
Dispatcher:A7E4;55563;25980;256;0;2;207;255;102;110
Listener:Sent_pong;109;67E2
Dispatcher:67E2;55569;29498;256;0;2;204;249;84;109
Listener:Sent_pong;109;CE13
Dispatcher:CE13;55619;29511;256;0;2;195;249;84;109
Listener:Sent_pong;110;F010
Dispatcher:F010;55649;26617;256;0;2;198;249;97;110
Listener:Sent_pong;110;2EDF
Dispatcher:2EDF;55713;23452;256;0;2;201;249;94;110
Listener:Sent_pong;110;FCED
Dispatcher:FCED;55733;25342;256;0;2;210;255;95;110
Listener:Sent_pong;110;0002
Dispatcher:0002;55765;24405;256;0;2;191;255;97;110
Listener:Sent_pong;110;904F
Dispatcher:904F;55795;24714;256;0;2;193;255;97;110
Listener:Sent_pong;110;9375
Dispatcher:9375;55825;29850;256;0;2;207;255;94;110
Listener:Sent_pong;110;E934
Dispatcher:E934;55890;28150;256;0;2;201;253;91;110
Listener:Sent_pong;110;C323
Dispatcher:C323;55918;25680;256;0;2;204;249;93;110
Listener:Sent_pong;110;A78F
Dispatcher:A78F;55957;27909;256;0;2;201;255;93;110
Listener:Sent_pong;110;8D93
Dispatcher:8D93;56001;35025;256;0;2;206;255;88;110
Listener:Sent_pong;111;A7E4
Dispatcher:A7E4;56072;29818;256;0;2;207;255;103;111
Listener:Sent_pong;110;67E2
Dispatcher:67E2;56077;25672;256;0;2;204;249;85;110
Listener:Sent_pong;110;CE13
Dispatcher:CE13;56127;26621;256;0;2;195;249;85;110
Listener:Sent_pong;111;F010
Dispatcher:F010;56158;26959;256;0;2;198;249;98;111
Listener:Sent_pong;111;2EDF
Dispatcher:2EDF;56219;24414;256;0;2;201;249;95;111
Listener:Sent_pong;111;FCED
Dispatcher:FCED;56241;24391;256;0;2;210;255;96;111
Listener:Sent_pong;111;9375
Dispatcher:9375;56334;27572;256;0;2;207;255;95;111
Listener:Sent_pong;111;E934
Dispatcher:E934;56398;32532;256;0;2;201;253;92;111
Listener:Sent_pong;111;C323
Dispatcher:C323;56427;29192;256;0;2;204;249;94;111
Listener:Sent_pong;111;A78F
Dispatcher:A78F;56472;34257;256;0;2;201;255;94;111
Listener:Sent_pong;111;8D93
Dispatcher:8D93;56509;28277;256;0;2;206;255;89;111
Listener:Sent_pong;112;A7E4
Dispatcher:A7E4;56579;25644;256;0;2;207;255;104;112
Listener:Sent_pong;111;67E2
Dispatcher:67E2;56583;25674;256;0;2;204;249;86;111
Listener:Sent_pong;111;CE13
Dispatcher:CE13;56634;25073;256;0;2;195;249;86;111
Listener:Sent_pong;112;F010
Dispatcher:F010;56667;28873;256;0;2;198;249;99;112
Listener:Sent_pong;112;2EDF
Dispatcher:2EDF;56727;53298;256;0;2;201;249;96;112
Listener:Sent_pong;112;FCED
Dispatcher:FCED;56773;89553;256;0;2;210;255;97;112
Listener:Sent_pong;112;0002
Dispatcher:0002;56791;25053;256;0;2;191;255;98;112
Listener:Sent_pong;112;9375
Dispatcher:9375;56841;51768;256;0;2;207;255;96;112
Listener:Sent_pong;112;E934
Dispatcher:E934;56905;24068;256;0;2;201;253;93;112
Listener:Sent_pong;112;C323
Dispatcher:C323;56940;30532;256;0;2;204;249;95;112
Listener:Sent_pong;112;A78F
Dispatcher:A78F;56980;26943;256;0;2;201;255;95;112
Listener:Sent_pong;112;8D93
Dispatcher:8D93;57017;25068;256;0;2;206;255;90;112
Listener:Sent_pong;113;A7E4
Dispatcher:A7E4;57087;28517;256;0;2;207;255;105;113
Listener:Sent_pong;112;67E2
Dispatcher:67E2;57090;26928;256;0;2;204;249;87;112
Listener:Sent_pong;112;CE13
Dispatcher:CE13;57141;25343;256;0;2;195;249;87;112
Listener:Sent_pong;113;F010
Dispatcher:F010;57175;26011;256;0;2;198;249;100;113
Listener:Sent_pong;113;2EDF
Dispatcher:2EDF;57234;27286;256;0;2;201;249;97;113
Listener:Sent_pong;113;FCED
Dispatcher:FCED;57280;26670;256;0;2;210;255;98;113
Listener:Sent_pong;113;0002
Dispatcher:0002;57309;36683;256;0;2;191;255;99;113
Listener:Sent_pong;113;904F
Dispatcher:904F;57348;25503;256;0;2;193;255;98;113
Listener:Sent_pong;113;E934
Dispatcher:E934;57414;25690;256;0;2;201;253;94;113
Listener:Sent_pong;113;C323
Dispatcher:C323;57448;34256;256;0;2;204;249;96;113
Listener:Sent_pong;113;A78F
Dispatcher:A78F;57488;25055;256;0;2;201;255;96;113
Listener:Sent_pong;113;8D93
Dispatcher:8D93;57525;30299;256;0;2;206;255;91;113
Listener:Sent_pong;114;A7E4
Dispatcher:A7E4;57602;35972;256;0;2;207;255;106;114
Listener:Sent_pong;113;67E2
Dispatcher:67E2;57599;35064;256;0;2;204;249;88;113
Listener:Sent_pong;113;CE13
Dispatcher:CE13;57649;33639;256;0;2;195;249;88;113
Listener:Sent_pong;114;F010
Dispatcher:F010;57682;23439;256;0;2;198;249;101;114
Listener:Sent_pong;114;2EDF
Dispatcher:2EDF;57742;25716;256;0;2;201;249;98;114
Listener:Sent_pong;114;FCED
Dispatcher:FCED;57789;26954;256;0;2;210;255;99;114
Listener:Sent_pong;114;0002
Dispatcher:0002;57816;26023;256;0;2;191;255;100;114
Listener:Sent_pong;114;E934
Dispatcher:E934;57922;25694;256;0;2;201;253;95;114
Listener:Sent_pong;114;C323
Dispatcher:C323;57956;26018;256;0;2;204;249;97;114
Listener:Sent_pong;114;A78F
Dispatcher:A78F;57996;26947;256;0;2;201;255;97;114
Listener:Sent_pong;114;8D93
Dispatcher:8D93;58034;30801;256;0;2;206;255;92;114
Listener:Sent_pong;115;A7E4
Dispatcher:A7E4;58123;44188;256;0;2;207;255;107;115
Listener:Sent_pong;114;67E2
Dispatcher:67E2;58120;39094;256;0;2;204;249;89;114
Listener:Sent_pong;114;CE13
Dispatcher:CE13;58157;26327;256;0;2;195;249;89;114
Listener:Sent_pong;115;F010
Dispatcher:F010;58202;41201;256;0;2;198;249;102;115
Listener:Sent_pong;115;2EDF
Dispatcher:2EDF;58250;28234;256;0;2;201;249;99;115
Listener:Sent_pong;115;FCED
Dispatcher:FCED;58313;58916;256;0;2;210;255;100;115
Listener:Sent_pong;115;0002
Dispatcher:0002;58362;26023;256;0;2;191;255;100;115
Listener:Sent_pong;115;904F
Dispatcher:904F;58380;34182;256;0;2;193;255;99;115
Listener:Sent_pong;115;9375
Dispatcher:9375;58401;53634;256;0;2;207;255;97;115
Listener:Sent_pong;115;E934
Dispatcher:E934;58431;37096;256;0;2;201;253;96;115
Listener:Sent_pong;115;C323
Dispatcher:C323;58464;26032;256;0;2;204;249;98;115
Listener:Sent_pong;115;A78F
Dispatcher:A78F;58510;32443;256;0;2;201;255;98;115
Listener:Sent_pong;115;8D93
Dispatcher:8D93;58542;24083;256;0;2;206;255;93;115
Listener:Sent_pong;116;A7E4
Dispatcher:A7E4;58630;26644;256;0;2;207;255;108;116
Listener:Sent_pong;115;67E2
Dispatcher:67E2;58627;26946;256;0;2;204;249;90;115
Listener:Sent_pong;115;CE13
Dispatcher:CE13;58666;27589;256;0;2;195;249;90;115
Listener:Sent_pong;116;F010
Dispatcher:F010;58709;25019;256;0;2;198;249;103;116
Listener:Sent_pong;116;2EDF
Dispatcher:2EDF;58758;27914;256;0;2;201;249;100;116
Listener:Sent_pong;116;FCED
Dispatcher:FCED;58820;26922;256;0;2;210;255;101;116
Listener:Sent_pong;116;0002
Dispatcher:0002;58871;25401;256;0;2;191;255;101;116
Listener:Sent_pong;116;904F
Dispatcher:904F;58891;28258;256;0;2;193;255;100;116
Listener:Sent_pong;116;9375
Dispatcher:9375;58912;52856;256;0;2;207;255;98;116
Listener:Sent_pong;116;E934
Dispatcher:E934;58962;48168;256;0;2;201;253;97;116
Listener:Sent_pong;116;C323
Dispatcher:C323;58979;33936;256;0;2;204;249;99;116
Listener:Sent_pong;116;A78F
Dispatcher:A78F;59018;33927;256;0;2;201;255;99;116
Listener:Sent_pong;116;8D93
Dispatcher:8D93;59049;26069;256;0;2;206;255;94;116
Listener:Sent_pong;117;A7E4
Dispatcher:A7E4;59139;29506;256;0;2;207;255;109;117
Listener:Sent_pong;116;67E2
Dispatcher:67E2;59140;33160;256;0;2;204;249;91;116
Listener:Sent_pong;116;CE13
Dispatcher:CE13;59172;26943;256;0;2;195;249;91;116
Listener:Sent_pong;117;F010
Dispatcher:F010;59217;28879;256;0;2;198;249;104;117
Listener:Sent_pong;117;2EDF
Dispatcher:2EDF;59267;29852;256;0;2;201;249;101;117
Listener:Sent_pong;117;FCED
Dispatcher:FCED;59328;25674;256;0;2;210;255;102;117
Listener:Sent_pong;117;0002
Dispatcher:0002;59377;24409;256;0;2;191;255;102;117
Listener:Sent_pong;117;904F
Dispatcher:904F;59400;29856;256;0;2;193;255;101;117
Listener:Sent_pong;117;9375
Dispatcher:9375;59425;30292;256;0;2;207;255;99;117
Listener:Sent_pong;117;E934
Dispatcher:E934;59469;23752;256;0;2;201;253;98;117
Listener:Sent_pong;117;C323
Dispatcher:C323;59488;27904;256;0;2;204;249;100;117
Listener:Sent_pong;117;A78F
Dispatcher:A78F;59525;25353;256;0;2;201;255;100;117
Listener:Sent_pong;117;8D93
Dispatcher:8D93;59556;26624;256;0;2;206;255;95;117
Listener:Sent_pong;118;A7E4
Dispatcher:A7E4;59647;25665;256;0;2;207;255;110;118
Listener:Sent_pong;117;67E2
Dispatcher:67E2;59648;28970;256;0;2;204;249;92;117
Listener:Sent_pong;117;CE13
Dispatcher:CE13;59680;27273;256;0;2;195;249;92;117
Listener:Sent_pong;118;F010
Dispatcher:F010;59725;25997;256;0;2;198;249;105;118
Listener:Sent_pong;118;2EDF
Dispatcher:2EDF;59775;24720;256;0;2;201;249;102;118
Listener:Sent_pong;118;FCED
Dispatcher:FCED;59835;23742;256;0;2;210;255;103;118
Listener:Sent_pong;118;0002
Dispatcher:0002;59885;27249;256;0;2;191;255;103;118
Listener:Sent_pong;118;904F
Dispatcher:904F;59908;25944;256;0;2;193;255;102;118
Listener:Sent_pong;118;9375
Dispatcher:9375;59934;26648;256;0;2;207;255;100;118
Listener:Sent_pong;118;E934
Dispatcher:E934;59978;27960;256;0;2;201;253;99;118
Listener:Sent_pong;118;C323
Dispatcher:C323;59998;30742;256;0;2;204;249;101;118
Listener:Sent_pong;118;A78F
Dispatcher:A78F;60033;27617;256;0;2;201;255;101;118
Listener:Sent_pong;118;8D93
Dispatcher:8D93;60064;26624;256;0;2;206;255;95;118
Listener:Sent_pong;119;A7E4
Dispatcher:A7E4;60155;26312;256;0;2;207;255;111;119
Listener:Sent_pong;118;67E2
Dispatcher:67E2;60156;32546;256;0;2;204;249;93;118
Listener:Sent_pong;118;CE13
Dispatcher:CE13;60190;28751;256;0;2;195;249;93;118
Listener:Sent_pong;119;F010
Dispatcher:F010;60233;28867;256;0;2;198;249;106;119
Listener:Sent_pong;119;2EDF
Dispatcher:2EDF;60291;36094;256;0;2;201;249;103;119
Listener:Sent_pong;119;FCED
Dispatcher:FCED;60342;29196;256;0;2;210;255;104;119
Listener:Sent_pong;119;0002
Dispatcher:0002;60392;23431;256;0;2;191;255;104;119
Listener:Sent_pong;119;904F
Dispatcher:904F;60417;26008;256;0;2;193;255;103;119
Listener:Sent_pong;119;9375
Dispatcher:9375;60442;26942;256;0;2;207;255;101;119
Listener:Sent_pong;119;E934
Dispatcher:E934;60486;31274;256;0;2;201;253;100;119
Listener:Sent_pong;119;C323
Dispatcher:C323;60510;30598;256;0;2;204;249;102;119
Listener:Sent_pong;119;A78F
Dispatcher:A78F;60540;25691;256;0;2;201;255;102;119
Listener:Sent_pong;119;8D93
Dispatcher:8D93;60572;33180;256;0;2;206;255;96;119
Listener:Sent_pong;120;A7E4
Dispatcher:A7E4;60663;25327;256;0;2;207;255;112;120
Listener:Sent_pong;119;67E2
Dispatcher:67E2;60664;28244;256;0;2;204;249;94;119
Listener:Sent_pong;119;CE13
Dispatcher:CE13;60705;36291;256;0;2;195;249;94;119
Listener:Sent_pong;120;F010
Dispatcher:F010;60742;28851;256;0;2;198;249;107;120
Listener:Sent_pong;120;2EDF
Dispatcher:2EDF;60799;26024;256;0;2;201;249;104;120
Listener:Sent_pong;120;FCED
Dispatcher:FCED;60850;28224;256;0;2;210;255;105;120
Listener:Sent_pong;120;0002
Dispatcher:0002;60905;37769;256;0;2;191;255;105;120
Listener:Sent_pong;120;904F
Dispatcher:904F;60932;32621;256;0;2;193;255;104;120
Listener:Sent_pong;120;9375
Dispatcher:9375;60951;26824;256;0;2;207;255;102;120
Listener:Sent_pong;120;E934
Dispatcher:E934;60993;26008;256;0;2;201;253;101;120
Listener:Sent_pong;120;C323
Dispatcher:C323;61022;31876;256;0;2;204;249;103;120
Listener:Sent_pong;120;A78F
Dispatcher:A78F;61049;29015;256;0;2;201;255;103;120
Listener:Sent_pong;120;8D93
Dispatcher:8D93;61080;27917;256;0;2;206;255;97;120
Listener:Sent_pong;121;A7E4
Dispatcher:A7E4;61171;27255;256;0;2;207;255;113;121
Listener:Sent_pong;120;67E2
Dispatcher:67E2;61172;27592;256;0;2;204;249;95;120
Listener:Sent_pong;120;CE13
Dispatcher:CE13;61213;29191;256;0;2;195;249;95;120
Listener:Sent_pong;121;F010
Dispatcher:F010;61250;27293;256;0;2;198;249;108;121
Listener:Sent_pong;121;2EDF
Dispatcher:2EDF;61306;23456;256;0;2;201;249;105;121
Listener:Sent_pong;121;FCED
Dispatcher:FCED;61357;24706;256;0;2;210;255;106;121
Listener:Sent_pong;121;0002
Dispatcher:0002;61412;25337;256;0;2;191;255;106;121
Listener:Sent_pong;121;904F
Dispatcher:904F;61441;26650;256;0;2;193;255;105;121
Listener:Sent_pong;121;9375
Dispatcher:9375;61462;29830;256;0;2;207;255;103;121
Listener:Sent_pong;121;E934
Dispatcher:E934;61502;25688;256;0;2;201;253;102;121
Listener:Sent_pong;121;C323
Dispatcher:C323;61536;31800;256;0;2;204;249;104;121
Listener:Sent_pong;121;A78F
Dispatcher:A78F;61562;30865;256;0;2;201;255;104;121
Listener:Sent_pong;121;8D93
Dispatcher:8D93;61588;28559;256;0;2;206;255;98;121
Listener:Sent_pong;122;A7E4
Dispatcher:A7E4;61679;26942;256;0;2;207;255;114;122
Listener:Sent_pong;121;67E2
Dispatcher:67E2;61680;25656;256;0;2;204;249;96;121
Listener:Sent_pong;121;CE13
Dispatcher:CE13;61721;37635;256;0;2;195;249;96;121
Listener:Sent_pong;122;F010
Dispatcher:F010;61757;27721;256;0;2;198;249;109;122
Listener:Sent_pong;122;2EDF
Dispatcher:2EDF;61814;26976;256;0;2;201;249;106;122
Listener:Sent_pong;122;FCED
Dispatcher:FCED;61865;24056;256;0;2;210;255;107;122
Listener:Sent_pong;122;0002
Dispatcher:0002;61920;24405;256;0;2;191;255;107;122
Listener:Sent_pong;122;904F
Dispatcher:904F;61949;26348;256;0;2;193;255;106;122
Listener:Sent_pong;122;9375
Dispatcher:9375;61971;27010;256;0;2;207;255;104;122
Listener:Sent_pong;122;E934
Dispatcher:E934;62011;29484;256;0;2;201;253;103;122
Listener:Sent_pong;122;C323
Dispatcher:C323;62045;31032;256;0;2;204;249;105;122
Listener:Sent_pong;122;A78F
Dispatcher:A78F;62076;31199;256;0;2;201;255;105;122
Listener:Sent_pong;122;8D93
Dispatcher:8D93;62098;27547;256;0;2;206;255;99;122
Listener:Sent_pong;123;A7E4
Dispatcher:A7E4;62188;27878;256;0;2;207;255;115;123
Listener:Sent_pong;122;67E2
Dispatcher:67E2;62187;27580;256;0;2;204;249;97;122
Listener:Sent_pong;122;CE13
Dispatcher:CE13;62234;30233;256;0;2;195;249;97;122
Listener:Sent_pong;123;F010
Dispatcher:F010;62273;33709;256;0;2;198;249;110;123
Listener:Sent_pong;123;2EDF
Dispatcher:2EDF;62322;27582;256;0;2;201;249;107;123
Listener:Sent_pong;123;FCED
Dispatcher:FCED;62372;27620;256;0;2;210;255;108;123
Listener:Sent_pong;123;0002
Dispatcher:0002;62428;26311;256;0;2;191;255;108;123
Listener:Sent_pong;123;904F
Dispatcher:904F;62457;35002;256;0;2;193;255;107;123
Listener:Sent_pong;123;9375
Dispatcher:9375;62485;33320;256;0;2;207;255;105;123
Listener:Sent_pong;123;E934
Dispatcher:E934;62519;26978;256;0;2;201;253;104;123
Listener:Sent_pong;123;C323
Dispatcher:C323;62553;27608;256;0;2;204;249;106;123
Listener:Sent_pong;123;A78F
Dispatcher:A78F;62587;31199;256;0;2;201;255;105;123
Listener:Sent_pong;123;8D93
Dispatcher:8D93;62625;43453;256;0;2;206;255;100;123
Listener:Sent_pong;124;A7E4
Dispatcher:A7E4;62697;37220;256;0;2;207;255;116;124
Listener:Sent_pong;123;67E2
Dispatcher:67E2;62700;33796;256;0;2;204;249;98;123
Listener:Sent_pong;123;CE13
Dispatcher:CE13;62742;28565;256;0;2;195;249;98;123
Listener:Sent_pong;124;F010
Dispatcher:F010;62780;30213;256;0;2;198;249;111;124
Listener:Sent_pong;124;2EDF
Dispatcher:2EDF;62830;27928;256;0;2;201;249;108;124
Listener:Sent_pong;124;FCED
Dispatcher:FCED;62881;26618;256;0;2;210;255;109;124
Listener:Sent_pong;124;0002
Dispatcher:0002;62936;25669;256;0;2;191;255;109;124
Listener:Sent_pong;124;904F
Dispatcher:904F;62965;28232;256;0;2;193;255;108;124
Listener:Sent_pong;124;9375
Dispatcher:9375;63002;38080;256;0;2;207;255;106;124
Listener:Sent_pong;124;E934
Dispatcher:E934;63032;39934;256;0;2;201;253;105;124
Listener:Sent_pong;124;A78F
Dispatcher:A78F;63095;32663;256;0;2;201;255;106;124
Listener:Sent_pong;124;8D93
Dispatcher:8D93;63134;25993;256;0;2;206;255;101;124
Listener:Sent_pong;125;A7E4
Dispatcher:A7E4;63206;26941;256;0;2;207;255;117;125
Listener:Sent_pong;124;67E2
Dispatcher:67E2;63208;28232;256;0;2;204;249;99;124
Listener:Sent_pong;124;CE13
Dispatcher:CE13;63249;26945;256;0;2;195;249;99;124
Listener:Sent_pong;125;F010
Dispatcher:F010;63287;29513;256;0;2;198;249;112;125
Listener:Sent_pong;125;2EDF
Dispatcher:2EDF;63338;28884;256;0;2;201;249;109;125
Listener:Sent_pong;125;FCED
Dispatcher:FCED;63390;27570;256;0;2;210;255;110;125
Listener:Sent_pong;125;0002
Dispatcher:0002;63445;30779;256;0;2;191;255;110;125
Listener:Sent_pong;125;904F
Dispatcher:904F;63473;26970;256;0;2;193;255;109;125
Listener:Sent_pong;125;9375
Dispatcher:9375;63509;51506;256;0;2;207;255;107;125
Listener:Sent_pong;125;E934
Dispatcher:E934;63565;57618;256;0;2;201;253;106;125
Listener:Sent_pong;125;C323
Dispatcher:C323;63584;22506;256;0;2;204;249;107;125
Listener:Sent_pong;125;A78F
Dispatcher:A78F;63604;30751;256;0;2;201;255;107;125
Listener:Sent_pong;125;8D93
Dispatcher:8D93;63643;29509;256;0;2;206;255;102;125
Listener:Sent_pong;126;A7E4
Dispatcher:A7E4;63715;28687;256;0;2;207;255;118;126
Listener:Sent_pong;125;67E2
Dispatcher:67E2;63715;28814;256;0;2;204;249;100;125
Listener:Sent_pong;125;CE13
Dispatcher:CE13;63756;26941;256;0;2;195;249;100;125
Listener:Sent_pong;126;F010
Dispatcher:F010;63796;28859;256;0;2;198;249;113;126
Listener:Sent_pong;126;2EDF
Dispatcher:2EDF;63846;27932;256;0;2;201;243;110;126
Listener:Sent_pong;126;FCED
Dispatcher:FCED;63898;27590;256;0;2;210;255;111;126
Listener:Sent_pong;126;0002
Dispatcher:0002;63954;33585;256;0;2;191;255;111;126
Listener:Sent_pong;126;904F
Dispatcher:904F;63983;28760;256;0;2;193;255;110;126
Listener:Sent_pong;126;9375
Dispatcher:9375;64018;27618;256;0;2;207;255;108;126
Listener:Sent_pong;126;E934
Dispatcher:E934;64073;27592;256;0;2;201;253;107;126
Listener:Sent_pong;126;C323
Dispatcher:C323;64094;26876;256;0;2;204;249;108;126
Listener:Sent_pong;126;A78F
Dispatcher:A78F;64120;32991;256;0;2;201;255;108;126
Listener:Sent_pong;126;8D93
Dispatcher:8D93;64151;24739;256;0;2;206;255;103;126
Listener:Sent_pong;127;A7E4
Dispatcher:A7E4;64223;24404;256;0;2;207;255;119;127
Listener:Sent_pong;126;67E2
Dispatcher:67E2;64223;25656;256;0;2;204;249;101;126
Listener:Sent_pong;126;CE13
Dispatcher:CE13;64264;26327;256;0;2;195;249;101;126
Listener:Sent_pong;127;F010
Dispatcher:F010;64304;25671;256;0;2;198;249;114;127
Listener:Sent_pong;127;2EDF
Dispatcher:2EDF;64355;29346;256;0;2;201;245;111;127
Listener:Sent_pong;127;FCED
Dispatcher:FCED;64404;23766;256;0;2;210;255;112;127
Listener:Sent_pong;127;0002
Dispatcher:0002;64466;30837;256;0;2;191;255;112;127
Listener:Sent_pong;127;904F
Dispatcher:904F;64490;26320;256;0;2;193;255;111;127
Listener:Sent_pong;127;9375
Dispatcher:9375;64525;23154;256;0;2;207;255;109;127
Listener:Sent_pong;127;E934
Dispatcher:E934;64581;25026;256;0;2;201;253;108;127
Listener:Sent_pong;127;C323
Dispatcher:C323;64601;23468;256;0;2;204;249;109;127
Listener:Sent_pong;127;A78F
Dispatcher:A78F;64628;24743;256;0;2;201;255;109;127
Listener:Sent_pong;127;8D93
Dispatcher:8D93;64660;31275;256;0;2;206;255;104;127
Listener:Sent_pong;128;A7E4
Dispatcher:A7E4;64731;24732;256;0;2;207;255;120;128
Listener:Sent_pong;127;67E2
Dispatcher:67E2;64732;26630;256;0;2;204;249;102;127
Listener:Sent_pong;127;CE13
Dispatcher:CE13;64778;33091;256;0;2;195;249;102;127
Listener:Sent_pong;128;F010
Dispatcher:F010;64812;27259;256;0;2;198;249;115;128
Listener:Sent_pong;128;2EDF
Dispatcher:2EDF;64863;31262;256;0;2;201;247;112;128
Listener:Sent_pong;128;FCED
Dispatcher:FCED;64913;27922;256;0;2;210;255;113;128
Listener:Sent_pong;128;0002
Dispatcher:0002;64975;30837;256;0;2;191;255;112;128
Listener:Sent_pong;128;904F
Dispatcher:904F;65011;44119;256;0;2;193;255;112;128
Listener:Sent_pong;128;9375
Dispatcher:9375;65037;32590;256;0;2;207;255;110;128
Listener:Sent_pong;128;E934
Dispatcher:E934;65092;28386;256;0;2;201;253;109;128
Listener:Sent_pong;128;C323
Dispatcher:C323;65110;28230;256;0;2;204;249;110;128
Listener:Sent_pong;128;A78F
Dispatcher:A78F;65136;24281;256;0;2;201;255;110;128
Listener:Sent_pong;128;8D93
Dispatcher:8D93;65167;23773;256;0;2;206;255;105;128
Listener:Sent_pong;129;A7E4
Dispatcher:A7E4;65238;26296;256;0;2;207;255;121;129
Listener:Sent_pong;128;67E2
Dispatcher:67E2;65241;26290;256;0;2;204;249;103;128
Listener:Sent_pong;128;CE13
Dispatcher:CE13;65285;32241;256;0;2;195;249;103;128
Listener:Sent_pong;129;F010
Dispatcher:F010;65320;34357;256;0;2;198;249;116;129
Listener:Sent_pong;129;2EDF
Dispatcher:2EDF;65371;28266;256;0;2;201;249;113;129
Listener:Sent_pong;129;FCED
Dispatcher:FCED;65421;26981;256;0;2;210;255;114;129
Listener:Sent_pong;129;0002
Dispatcher:0002;65482;24717;256;0;2;191;255;113;129
Listener:Sent_pong;129;904F
Dispatcher:904F;65518;28228;256;0;2;193;255;113;129
Listener:Sent_pong;129;9375
Dispatcher:9375;65545;29216;256;0;2;207;255;111;129
Listener:Sent_pong;129;E934
Dispatcher:E934;65599;25500;256;0;2;201;253;110;129
Listener:Sent_pong;129;C323
Dispatcher:C323;65619;27062;256;0;2;204;249;111;129
Listener:Sent_pong;129;A78F
Dispatcher:A78F;65646;27797;256;0;2;201;255;111;129
Listener:Sent_pong;129;8D93
Dispatcher:8D93;65674;26663;256;0;2;206;255;106;129
Listener:Sent_pong;129;67E2
Dispatcher:67E2;65749;26928;256;0;2;204;249;104;129
Listener:Sent_pong;129;CE13
Dispatcher:CE13;65792;24403;256;0;2;195;249;104;129
Listener:Sent_pong;130;F010
Dispatcher:F010;65829;28209;256;0;2;198;249;117;130
Listener:Sent_pong;130;2EDF
Dispatcher:2EDF;65879;24738;256;0;2;201;249;114;130
Listener:Sent_pong;130;FCED
Dispatcher:FCED;65928;25355;256;0;2;210;255;115;130
Listener:Sent_pong;130;0002
Dispatcher:0002;65990;25997;256;0;2;191;255;114;130
Listener:Sent_pong;130;904F
Dispatcher:904F;66032;28952;256;0;2;193;255;114;130
Listener:Sent_pong;130;9375
Dispatcher:9375;66053;27574;256;0;2;207;255;112;130
Listener:Sent_pong;130;E934
Dispatcher:E934;66106;27328;256;0;2;201;253;111;130
Listener:Sent_pong;130;C323
Dispatcher:C323;66133;37710;256;0;2;204;249;112;130
Listener:Sent_pong;130;A78F
Dispatcher:A78F;66165;54901;256;0;2;201;255;112;130
Listener:Sent_pong;130;8D93
Dispatcher:8D93;66205;63024;256;0;2;206;255;107;130
Listener:Sent_pong;131;A7E4
Dispatcher:A7E4;66282;26088;256;0;2;207;255;122;131
Listener:Sent_pong;130;CE13
Dispatcher:CE13;66299;24713;256;0;2;195;249;105;130
Listener:Sent_pong;131;F010
Dispatcher:F010;66337;42903;256;0;2;198;249;118;131
Listener:Sent_pong;131;2EDF
Dispatcher:2EDF;66387;25388;256;0;2;201;249;115;131
Listener:Sent_pong;131;FCED
Dispatcher:FCED;66437;31889;256;0;2;210;255;116;131
Listener:Sent_pong;131;0002
Dispatcher:0002;66498;28881;256;0;2;191;255;115;131
Listener:Sent_pong;131;904F
Dispatcher:904F;66538;27720;256;0;2;193;255;115;131
Listener:Sent_pong;131;9375
Dispatcher:9375;66563;31226;256;0;2;207;255;113;131
Listener:Sent_pong;131;E934
Dispatcher:E934;66615;26336;256;0;2;201;253;112;131
Listener:Sent_pong;131;C323
Dispatcher:C323;66642;33318;256;0;2;204;249;113;131
Listener:Sent_pong;131;A78F
Dispatcher:A78F;66674;29267;256;0;2;201;255;113;131
Listener:Sent_pong;131;8D93
Dispatcher:8D93;66713;28577;256;0;2;206;255;108;131
Listener:Sent_pong;132;A7E4
Dispatcher:A7E4;66791;26088;256;0;2;207;255;122;132
Listener:Sent_pong;131;67E2
Dispatcher:67E2;66788;30416;256;0;2;204;249;105;131
Listener:Sent_pong;131;CE13
Dispatcher:CE13;66812;30835;256;0;2;195;249;106;131
Listener:Sent_pong;132;F010
Dispatcher:F010;66846;27935;256;0;2;198;249;119;132
Listener:Sent_pong;132;2EDF
Dispatcher:2EDF;66895;27930;256;0;2;201;249;116;132
Listener:Sent_pong;132;FCED
Dispatcher:FCED;66946;32855;256;0;2;210;255;117;132
Listener:Sent_pong;132;0002
Dispatcher:0002;67007;28865;256;0;2;191;255;116;132
Listener:Sent_pong;132;904F
Dispatcher:904F;67046;25040;256;0;2;193;255;116;132
Listener:Sent_pong;132;9375
Dispatcher:9375;67071;24704;256;0;2;207;255;114;132
Listener:Sent_pong;132;E934
Dispatcher:E934;67124;28576;256;0;2;201;253;113;132
Listener:Sent_pong;132;C323
Dispatcher:C323;67151;28268;256;0;2;204;249;114;132
Listener:Sent_pong;132;A78F
Dispatcher:A78F;67185;31587;256;0;2;201;255;114;132
Listener:Sent_pong;132;8D93
Dispatcher:8D93;67221;24431;256;0;2;206;255;109;132
Listener:Sent_pong;133;A7E4
Dispatcher:A7E4;67300;26968;256;0;2;207;255;123;133
Listener:Sent_pong;132;67E2
Dispatcher:67E2;67296;24118;256;0;2;204;249;106;132
Listener:Sent_pong;132;CE13
Dispatcher:CE13;67321;27527;256;0;2;195;249;107;132
Listener:Sent_pong;133;2EDF
Dispatcher:2EDF;67404;29190;256;0;2;201;249;117;133
Listener:Sent_pong;133;FCED
Dispatcher:FCED;67453;26955;256;0;2;210;255;118;133
Listener:Sent_pong;133;0002
Dispatcher:0002;67514;25993;256;0;2;191;255;117;133
Listener:Sent_pong;133;904F
Dispatcher:904F;67555;26340;256;0;2;193;255;117;133
Listener:Sent_pong;133;9375
Dispatcher:9375;67578;27394;256;0;2;207;255;115;133
Listener:Sent_pong;133;E934
Dispatcher:E934;67632;25048;256;0;2;201;253;114;133
Listener:Sent_pong;133;C323
Dispatcher:C323;67658;26950;256;0;2;204;249;115;133
Listener:Sent_pong;133;A78F
Dispatcher:A78F;67700;34369;256;0;2;201;255;115;133
Listener:Sent_pong;133;8D93
Dispatcher:8D93;67728;25365;256;0;2;206;255;110;133
Listener:Sent_pong;134;A7E4
Dispatcher:A7E4;67807;24378;256;0;2;207;255;124;134
Listener:Sent_pong;133;67E2
Dispatcher:67E2;67803;43220;256;0;2;204;249;107;133
Listener:Sent_pong;133;CE13
Dispatcher:CE13;67852;74645;256;0;2;195;249;108;133
Listener:Sent_pong;134;2EDF
Dispatcher:2EDF;67919;34402;256;0;2;201;249;118;134
Listener:Sent_pong;134;FCED
Dispatcher:FCED;67961;26321;256;0;2;210;255;119;134
Listener:Sent_pong;134;0002
Dispatcher:0002;68023;26955;256;0;2;191;255;118;134
Listener:Sent_pong;134;904F
Dispatcher:904F;68064;28558;256;0;2;193;255;118;134
Listener:Sent_pong;134;9375
Dispatcher:9375;68086;26700;256;0;2;207;255;116;134
Listener:Sent_pong;134;E934
Dispatcher:E934;68139;26634;256;0;2;201;253;115;134
Listener:Sent_pong;134;C323
Dispatcher:C323;68165;26642;256;0;2;204;249;116;134
Listener:Sent_pong;134;A78F
Dispatcher:A78F;68209;34291;256;0;2;201;255;116;134
Listener:Sent_pong;134;8D93
Dispatcher:8D93;68238;26455;256;0;2;206;255;111;134
Listener:Sent_pong;135;A7E4
Dispatcher:A7E4;68314;22768;256;0;2;207;255;125;135
Listener:Sent_pong;134;67E2
Dispatcher:67E2;68312;27734;256;0;2;204;249;108;134
Listener:Sent_pong;134;CE13
Dispatcher:CE13;68360;31281;256;0;2;195;249;109;134
Listener:Sent_pong;135;2EDF
Dispatcher:2EDF;68425;33482;256;0;2;201;249;119;135
Listener:Sent_pong;135;FCED
Dispatcher:FCED;68470;28889;256;0;2;210;255;120;135
Listener:Sent_pong;135;0002
Dispatcher:0002;68539;37557;256;0;2;191;255;119;135
Listener:Sent_pong;135;904F
Dispatcher:904F;68572;27620;256;0;2;193;255;119;135
Listener:Sent_pong;135;9375
Dispatcher:9375;68593;25674;256;0;2;207;255;117;135
Listener:Sent_pong;135;E934
Dispatcher:E934;68648;28234;256;0;2;201;253;116;135
Listener:Sent_pong;135;C323
Dispatcher:C323;68672;25996;256;0;2;204;249;117;135
Listener:Sent_pong;135;A78F
Dispatcher:A78F;68717;25041;256;0;2;201;255;117;135
Listener:Sent_pong;135;8D93
Dispatcher:8D93;68747;26648;256;0;2;206;255;112;135
Listener:Sent_pong;135;67E2
Dispatcher:67E2;68819;24724;256;0;2;204;249;109;135
Listener:Sent_pong;135;CE13
Dispatcher:CE13;68868;31281;256;0;2;195;249;109;135
Listener:Sent_pong;136;F010
Dispatcher:F010;68903;27615;256;0;2;198;249;120;136
Listener:Sent_pong;136;2EDF
Dispatcher:2EDF;68933;27648;256;0;2;201;249;120;136
Listener:Sent_pong;136;FCED
Dispatcher:FCED;68979;26025;256;0;2;210;255;121;136
Listener:Sent_pong;136;0002
Dispatcher:0002;69047;28355;256;0;2;191;255;120;136
Listener:Sent_pong;136;904F
Dispatcher:904F;69079;24736;256;0;2;193;255;120;136
Listener:Sent_pong;136;9375
Dispatcher:9375;69100;24706;256;0;2;207;255;118;136
Listener:Sent_pong;136;E934
Dispatcher:E934;69156;33922;256;0;2;201;253;117;136
Listener:Sent_pong;136;C323
Dispatcher:C323;69183;29148;256;0;2;204;249;118;136
Listener:Sent_pong;136;A78F
Dispatcher:A78F;69224;28881;256;0;2;201;255;118;136
Listener:Sent_pong;136;8D93
Dispatcher:8D93;69254;26648;256;0;2;206;255;112;136
Listener:Sent_pong;137;A7E4
Dispatcher:A7E4;69340;28205;256;0;2;207;255;126;137
Listener:Sent_pong;136;67E2
Dispatcher:67E2;69325;24736;256;0;2;204;249;110;136
Listener:Sent_pong;136;CE13
Dispatcher:CE13;69376;27949;256;0;2;195;249;110;136
Listener:Sent_pong;137;F010
Dispatcher:F010;69412;26977;256;0;2;198;249;121;137
Listener:Sent_pong;137;2EDF
Dispatcher:2EDF;69441;25692;256;0;2;201;249;121;137
Listener:Sent_pong;137;FCED
Dispatcher:FCED;69487;28564;256;0;2;210;255;122;137
Listener:Sent_pong;137;0002
Dispatcher:0002;69555;26323;256;0;2;191;255;121;137
Listener:Sent_pong;137;904F
Dispatcher:904F;69588;29516;256;0;2;193;255;121;137
Listener:Sent_pong;137;9375
Dispatcher:9375;69612;32082;256;0;2;207;255;119;137
Listener:Sent_pong;137;E934
Dispatcher:E934;69665;26978;256;0;2;201;253;118;137
Listener:Sent_pong;137;C323
Dispatcher:C323;69692;30006;256;0;2;204;249;119;137
Listener:Sent_pong;137;A78F
Dispatcher:A78F;69731;28545;256;0;2;201;255;119;137
Listener:Sent_pong;137;8D93
Dispatcher:8D93;69761;26675;256;0;2;206;255;113;137
Listener:Sent_pong;138;A7E4
Dispatcher:A7E4;69848;32841;256;0;2;207;255;127;138
Listener:Sent_pong;137;67E2
Dispatcher:67E2;69848;39610;256;0;2;204;249;111;137
Listener:Sent_pong;137;CE13
Dispatcher:CE13;69884;26137;256;0;2;195;249;111;137
Listener:Sent_pong;138;F010
Dispatcher:F010;69919;26321;256;0;2;198;249;122;138
Listener:Sent_pong;138;2EDF
Dispatcher:2EDF;69948;23782;256;0;2;201;249;122;138
Listener:Sent_pong;138;FCED
Dispatcher:FCED;69997;29988;256;0;2;210;255;123;138
Listener:Sent_pong;138;0002
Dispatcher:0002;70064;26643;256;0;2;191;255;122;138
Listener:Sent_pong;138;904F
Dispatcher:904F;70096;27400;256;0;2;193;255;122;138
Listener:Sent_pong;138;9375
Dispatcher:9375;70120;24732;256;0;2;207;255;120;138
Listener:Sent_pong;138;E934
Dispatcher:E934;70172;29540;256;0;2;201;253;119;138
Listener:Sent_pong;138;C323
Dispatcher:C323;70204;34378;256;0;2;204;249;120;138
Listener:Sent_pong;138;A78F
Dispatcher:A78F;70239;27569;256;0;2;201;255;120;138
Listener:Sent_pong;138;8D93
Dispatcher:8D93;70269;25711;256;0;2;206;255;114;138
Listener:Sent_pong;139;A7E4
Dispatcher:A7E4;70357;29520;256;0;2;207;255;128;139
Listener:Sent_pong;138;67E2
Dispatcher:67E2;70355;26332;256;0;2;204;249;112;138
Listener:Sent_pong;138;CE13
Dispatcher:CE13;70391;23423;256;0;2;195;249;112;138
Listener:Sent_pong;139;F010
Dispatcher:F010;70427;26943;256;0;2;198;249;123;139
Listener:Sent_pong;139;2EDF
Dispatcher:2EDF;70456;25698;256;0;2;201;249;123;139
Listener:Sent_pong;139;FCED
Dispatcher:FCED;70504;29647;256;0;2;210;255;124;139
Listener:Sent_pong;139;0002
Dispatcher:0002;70571;26003;256;0;2;191;255;123;139
Listener:Sent_pong;139;904F
Dispatcher:904F;70604;30638;256;0;2;193;255;123;139
Listener:Sent_pong;139;9375
Dispatcher:9375;70628;26630;256;0;2;207;255;121;139
Listener:Sent_pong;139;E934
Dispatcher:E934;70680;27904;256;0;2;201;253;120;139
Listener:Sent_pong;139;C323
Dispatcher:C323;70712;28544;256;0;2;204;249;121;139
Listener:Sent_pong;139;A78F
Dispatcher:A78F;70746;26621;256;0;2;201;255;121;139
Listener:Sent_pong;139;8D93
Dispatcher:8D93;70777;25401;256;0;2;206;255;115;139
Listener:Sent_pong;140;A7E4
Dispatcher:A7E4;70866;27891;256;0;2;207;255;129;140
Listener:Sent_pong;139;67E2
Dispatcher:67E2;70863;26940;256;0;2;204;249;113;139
Listener:Sent_pong;139;CE13
Dispatcher:CE13;70899;26009;256;0;2;195;249;113;139
Listener:Sent_pong;140;F010
Dispatcher:F010;70935;29675;256;0;2;198;249;124;140
Listener:Sent_pong;140;2EDF
Dispatcher:2EDF;70964;27296;256;0;2;201;249;124;140
Listener:Sent_pong;140;FCED
Dispatcher:FCED;71011;27596;256;0;2;210;255;125;140
Listener:Sent_pong;140;0002
Dispatcher:0002;71079;27561;256;0;2;191;255;124;140
Listener:Sent_pong;140;904F
Dispatcher:904F;71112;27118;256;0;2;193;255;124;140
Listener:Sent_pong;140;9375
Dispatcher:9375;71136;33170;256;0;2;207;255;122;140
Listener:Sent_pong;140;E934
Dispatcher:E934;71188;27916;256;0;2;201;253;121;140
Listener:Sent_pong;140;C323
Dispatcher:C323;71221;29226;256;0;2;204;249;122;140
Listener:Sent_pong;140;A78F
Dispatcher:A78F;71259;32829;256;0;2;201;255;122;140
Listener:Sent_pong;141;A7E4
Dispatcher:A7E4;71375;31451;256;0;2;207;255;130;141
Listener:Sent_pong;140;67E2
Dispatcher:67E2;71370;25672;256;0;2;204;249;114;140
Listener:Sent_pong;140;CE13
Dispatcher:CE13;71407;28241;256;0;2;195;249;114;140
Listener:Sent_pong;141;F010
Dispatcher:F010;71443;29325;256;0;2;198;249;125;141
Listener:Sent_pong;141;2EDF
Dispatcher:2EDF;71471;27900;256;0;2;201;249;125;141
Listener:Sent_pong;141;FCED
Dispatcher:FCED;71519;26946;256;0;2;210;255;126;141
Listener:Sent_pong;141;0002
Dispatcher:0002;71586;26309;256;0;2;191;255;125;141
Listener:Sent_pong;141;904F
Dispatcher:904F;71621;27902;256;0;2;193;255;125;141
Listener:Sent_pong;141;9375
Dispatcher:9375;71644;26966;256;0;2;207;255;123;141
Listener:Sent_pong;141;E934
Dispatcher:E934;71696;25350;256;0;2;201;253;122;141
Listener:Sent_pong;141;C323
Dispatcher:C323;71729;26626;256;0;2;204;249;123;141
Listener:Sent_pong;141;A78F
Dispatcher:A78F;71773;57259;256;0;2;201;255;123;141
Listener:Sent_pong;141;8D93
Dispatcher:8D93;71811;25665;256;0;2;206;255;116;141
Listener:Sent_pong;142;A7E4
Dispatcher:A7E4;71883;23767;256;0;2;207;255;131;142
Listener:Sent_pong;141;67E2
Dispatcher:67E2;71879;28872;256;0;2;204;249;115;141
Listener:Sent_pong;141;CE13
Dispatcher:CE13;71916;29845;256;0;2;195;249;115;141
Listener:Sent_pong;142;F010
Dispatcher:F010;71951;24733;256;0;2;198;249;126;142
Listener:Sent_pong;142;2EDF
Dispatcher:2EDF;71979;32532;256;0;2;201;249;126;142
Listener:Sent_pong;142;FCED
Dispatcher:FCED;72027;26007;256;0;2;210;255;127;142
Listener:Sent_pong;142;0002
Dispatcher:0002;72095;34351;256;0;2;191;255;126;142
Listener:Sent_pong;142;904F
Dispatcher:904F;72129;27922;256;0;2;193;255;126;142
Listener:Sent_pong;142;9375
Dispatcher:9375;72153;29824;256;0;2;207;255;124;142
Listener:Sent_pong;142;E934
Dispatcher:E934;72204;30154;256;0;2;201;253;123;142
Listener:Sent_pong;142;C323
Dispatcher:C323;72238;30480;256;0;2;204;249;124;142
Listener:Sent_pong;142;A78F
Dispatcher:A78F;72281;27933;256;0;2;201;255;124;142
Listener:Sent_pong;142;8D93
Dispatcher:8D93;72320;27648;256;0;2;206;255;117;142
Listener:Sent_pong;143;A7E4
Dispatcher:A7E4;72390;22462;256;0;2;207;255;132;143
Listener:Sent_pong;142;67E2
Dispatcher:67E2;72386;25618;256;0;2;204;249;116;142
Listener:Sent_pong;142;CE13
Dispatcher:CE13;72425;27285;256;0;2;195;249;116;142
Listener:Sent_pong;143;F010
Dispatcher:F010;72458;25345;256;0;2;198;249;127;143
Listener:Sent_pong;143;2EDF
Dispatcher:2EDF;72487;25036;256;0;2;201;249;127;143
Listener:Sent_pong;143;FCED
Dispatcher:FCED;72536;28240;256;0;2;210;255;128;143
Listener:Sent_pong;143;0002
Dispatcher:0002;72603;30275;256;0;2;191;255;127;143
Listener:Sent_pong;143;904F
Dispatcher:904F;72636;24722;256;0;2;193;255;127;143
Listener:Sent_pong;143;9375
Dispatcher:9375;72659;23450;256;0;2;207;255;125;143
Listener:Sent_pong;143;E934
Dispatcher:E934;72719;33080;256;0;2;201;253;124;143
Listener:Sent_pong;143;C323
Dispatcher:C323;72746;26658;256;0;2;204;249;125;143
Listener:Sent_pong;143;A78F
Dispatcher:A78F;72789;26649;256;0;2;201;255;125;143
Listener:Sent_pong;143;8D93
Dispatcher:8D93;72828;26666;256;0;2;206;255;118;143
Listener:Sent_pong;144;A7E4
Dispatcher:A7E4;72897;27262;256;0;2;207;255;133;144
Listener:Sent_pong;143;67E2
Dispatcher:67E2;72894;28560;256;0;2;204;249;117;143
Listener:Sent_pong;143;CE13
Dispatcher:CE13;72939;35011;256;0;2;195;249;117;143
Listener:Sent_pong;144;F010
Dispatcher:F010;72967;30671;256;0;2;198;249;128;144
Listener:Sent_pong;144;2EDF
Dispatcher:2EDF;72995;25748;256;0;2;201;249;128;144
Listener:Sent_pong;144;FCED
Dispatcher:FCED;73043;22461;256;0;2;210;255;129;144
Listener:Sent_pong;144;0002
Dispatcher:0002;73110;24079;256;0;2;191;255;128;144
Listener:Sent_pong;144;904F
Dispatcher:904F;73144;25688;256;0;2;193;255;128;144
Listener:Sent_pong;144;9375
Dispatcher:9375;73167;26296;256;0;2;207;255;126;144
Listener:Sent_pong;144;E934
Dispatcher:E934;73226;32330;256;0;2;201;253;125;144
Listener:Sent_pong;144;C323
Dispatcher:C323;73253;25372;256;0;2;204;249;126;144
Listener:Sent_pong;144;A78F
Dispatcher:A78F;73297;25685;256;0;2;201;255;126;144
Listener:Sent_pong;144;8D93
Dispatcher:8D93;73340;31239;256;0;2;206;255;119;144
Listener:Sent_pong;145;A7E4
Dispatcher:A7E4;73405;26946;256;0;2;207;255;134;145
Listener:Sent_pong;144;67E2
Dispatcher:67E2;73402;30144;256;0;2;204;249;118;144
Listener:Sent_pong;144;CE13
Dispatcher:CE13;73448;29529;256;0;2;195;249;118;144
Listener:Sent_pong;145;F010
Dispatcher:F010;73475;25493;256;0;2;198;249;129;145
Listener:Sent_pong;145;2EDF
Dispatcher:2EDF;73503;26676;256;0;2;201;249;129;145
Listener:Sent_pong;145;FCED
Dispatcher:FCED;73549;25687;256;0;2;210;255;130;145
Listener:Sent_pong;145;0002
Dispatcher:0002;73617;23773;256;0;2;191;255;129;145
Listener:Sent_pong;145;904F
Dispatcher:904F;73658;32368;256;0;2;193;255;129;145
Listener:Sent_pong;145;9375
Dispatcher:9375;73679;31230;256;0;2;207;255;127;145
Listener:Sent_pong;145;E934
Dispatcher:E934;73734;28866;256;0;2;201;253;126;145
Listener:Sent_pong;145;C323
Dispatcher:C323;73773;40288;256;0;2;204;249;127;145
Listener:Sent_pong;145;A78F
Dispatcher:A78F;73804;25987;256;0;2;201;255;127;145
Listener:Sent_pong;145;8D93
Dispatcher:8D93;73849;46552;256;0;2;206;255;120;145
Listener:Sent_pong;146;A7E4
Dispatcher:A7E4;73924;41172;256;0;2;207;255;135;146
Listener:Sent_pong;145;67E2
Dispatcher:67E2;73921;38394;256;0;2;204;249;119;145
Listener:Sent_pong;145;CE13
Dispatcher:CE13;73956;30611;256;0;2;195;249;119;145
Listener:Sent_pong;146;F010
Dispatcher:F010;73986;29557;256;0;2;198;249;130;146
Listener:Sent_pong;146;2EDF
Dispatcher:2EDF;74010;23466;256;0;2;201;249;130;146
Listener:Sent_pong;146;FCED
Dispatcher:FCED;74057;28485;256;0;2;210;255;131;146
Listener:Sent_pong;146;0002
Dispatcher:0002;74126;28243;256;0;2;191;255;130;146
Listener:Sent_pong;146;904F
Dispatcher:904F;74166;37882;256;0;2;193;255;130;146
Listener:Sent_pong;146;9375
Dispatcher:9375;74200;38426;256;0;2;207;255;128;146
Listener:Sent_pong;146;E934
Dispatcher:E934;74242;35198;256;0;2;201;253;127;146
Listener:Sent_pong;146;8D93
Dispatcher:8D93;74356;27928;256;0;2;206;255;121;146
Listener:Sent_pong;146;A78F
Dispatcher:A78F;74312;28227;256;0;2;201;255;128;146
Listener:Sent_pong;147;A7E4
Dispatcher:A7E4;74432;32969;256;0;2;207;255;136;147
Listener:Sent_pong;146;67E2
Dispatcher:67E2;74431;26906;256;0;2;204;249;120;146
Listener:Sent_pong;147;F010
Dispatcher:F010;74495;28979;256;0;2;198;249;131;147
Listener:Sent_pong;147;FCED
Dispatcher:FCED;74565;26293;256;0;2;210;255;132;147
Listener:Sent_pong;147;0002
Dispatcher:0002;74646;38649;256;0;2;191;255;131;147
Listener:Sent_pong;147;904F
Dispatcher:904F;74675;29526;256;0;2;193;255;131;147
Listener:Sent_pong;147;9375
Dispatcher:9375;74726;65980;256;0;2;207;255;129;147
Listener:Sent_pong;147;E934
Dispatcher:E934;74780;66566;256;0;2;201;253;128;147
Listener:Sent_pong;147;C323
Dispatcher:C323;74815;25698;256;0;2;204;249;128;147
Listener:Sent_pong;147;A78F
Dispatcher:A78F;74856;100457;256;0;2;201;255;129;147
Listener:Sent_pong;148;A7E4
Dispatcher:A7E4;74955;50909;256;0;2;207;255;137;148
Listener:Sent_pong;147;67E2
Dispatcher:67E2;74957;63074;256;0;2;204;249;121;147
Listener:Sent_pong;147;CE13
Dispatcher:CE13;74993;24389;256;0;2;195;249;120;147
Listener:Sent_pong;148;F010
Dispatcher:F010;75017;28979;256;0;2;198;249;131;148
Listener:Sent_pong;148;2EDF
Dispatcher:2EDF;75048;31348;256;0;2;201;249;131;148
Listener:Sent_pong;148;FCED
Dispatcher:FCED;75074;27610;256;0;2;210;255;133;148
Listener:Sent_pong;148;0002
Dispatcher:0002;75152;23471;256;0;2;191;255;132;148
Listener:Sent_pong;148;904F
Dispatcher:904F;75183;26952;256;0;2;193;255;132;148
Listener:Sent_pong;148;9375
Dispatcher:9375;75234;26654;256;0;2;207;255;130;148
Listener:Sent_pong;148;E934
Dispatcher:E934;75287;26966;256;0;2;201;253;129;148
Listener:Sent_pong;148;C323
Dispatcher:C323;75322;26014;256;0;2;204;249;129;148
Listener:Sent_pong;148;A78F
Dispatcher:A78F;75364;30581;256;0;2;201;255;130;148
Listener:Sent_pong;149;A7E4
Dispatcher:A7E4;75462;23442;256;0;2;207;255;138;149
Listener:Sent_pong;148;67E2
Dispatcher:67E2;75464;24364;256;0;2;204;249;122;148
Listener:Sent_pong;148;CE13
Dispatcher:CE13;75502;26965;256;0;2;195;249;121;148
Listener:Sent_pong;149;F010
Dispatcher:F010;75528;36659;256;0;2;198;249;132;149
Listener:Sent_pong;149;2EDF
Dispatcher:2EDF;75560;30650;256;0;2;201;249;132;149
Listener:Sent_pong;149;FCED
Dispatcher:FCED;75582;24731;256;0;2;210;255;134;149
Listener:Sent_pong;149;0002
Dispatcher:0002;75660;25667;256;0;2;191;255;133;149
Listener:Sent_pong;149;904F
Dispatcher:904F;75692;29838;256;0;2;193;255;133;149
Listener:Sent_pong;149;9375
Dispatcher:9375;75743;29178;256;0;2;207;255;131;149
Listener:Sent_pong;149;E934
Dispatcher:E934;75794;27606;256;0;2;201;253;130;149
Listener:Sent_pong;149;C323
Dispatcher:C323;75830;27450;256;0;2;204;249;130;149
Listener:Sent_pong;149;A78F
Dispatcher:A78F;75872;31691;256;0;2;201;255;131;149
Listener:Sent_pong;150;A7E4
Dispatcher:A7E4;75971;33292;256;0;2;207;255;139;150
Listener:Sent_pong;149;67E2
Dispatcher:67E2;75972;25994;256;0;2;204;249;123;149
Listener:Sent_pong;149;CE13
Dispatcher:CE13;76009;26013;256;0;2;195;249;122;149
Listener:Sent_pong;150;F010
Dispatcher:F010;76036;26921;256;0;2;198;249;133;150
Listener:Sent_pong;150;2EDF
Dispatcher:2EDF;76069;30498;256;0;2;201;249;133;150
Listener:Sent_pong;150;FCED
Dispatcher:FCED;76090;26247;256;0;2;210;255;135;150
Listener:Sent_pong;150;0002
Dispatcher:0002;76169;28215;256;0;2;191;255;134;150
Listener:Sent_pong;150;904F
Dispatcher:904F;76201;29506;256;0;2;193;255;134;150
Listener:Sent_pong;150;9375
Dispatcher:9375;76251;42290;256;0;2;207;255;132;150
Listener:Sent_pong;150;E934
Dispatcher:E934;76301;23762;256;0;2;201;253;131;150
Listener:Sent_pong;150;C323
Dispatcher:C323;76338;26624;256;0;2;204;249;131;150
Listener:Sent_pong;150;A78F
Dispatcher:A78F;76381;31691;256;0;2;201;255;131;150
Listener:Sent_pong;150;8D93
Dispatcher:8D93;76408;30901;256;0;2;206;255;122;150
Listener:Sent_pong;151;A7E4
Dispatcher:A7E4;76478;24067;256;0;2;207;255;140;151
Listener:Sent_pong;150;CE13
Dispatcher:CE13;76517;25671;256;0;2;195;249;123;150
Listener:Sent_pong;151;F010
Dispatcher:F010;76543;24421;256;0;2;198;249;134;151
Listener:Sent_pong;151;2EDF
Dispatcher:2EDF;76585;32416;256;0;2;201;249;134;151
Listener:Sent_pong;151;FCED
Dispatcher:FCED;76603;33808;256;0;2;210;255;136;151
Listener:Sent_pong;151;0002
Dispatcher:0002;76676;34227;256;0;2;191;255;135;151
Listener:Sent_pong;151;904F
Dispatcher:904F;76708;31492;256;0;2;193;255;135;151
Listener:Sent_pong;151;9375
Dispatcher:9375;76758;22490;256;0;2;207;255;133;151
Listener:Sent_pong;151;E934
Dispatcher:E934;76810;29176;256;0;2;201;253;132;151
Listener:Sent_pong;151;C323
Dispatcher:C323;76847;26024;256;0;2;204;249;132;151
Listener:Sent_pong;151;A78F
Dispatcher:A78F;76895;30559;256;0;2;201;255;132;151
Listener:Sent_pong;151;8D93
Dispatcher:8D93;76917;30213;256;0;2;206;255;123;151
Listener:Sent_pong;152;A7E4
Dispatcher:A7E4;76986;26304;256;0;2;207;255;141;152
Listener:Sent_pong;151;67E2
Dispatcher:67E2;76988;27274;256;0;2;204;249;124;151
Listener:Sent_pong;151;CE13
Dispatcher:CE13;77024;28585;256;0;2;195;249;124;151
Listener:Sent_pong;152;F010
Dispatcher:F010;77052;29029;256;0;2;198;249;135;152
Listener:Sent_pong;152;2EDF
Dispatcher:2EDF;77093;27654;256;0;2;201;249;135;152
Listener:Sent_pong;152;FCED
Dispatcher:FCED;77112;30216;256;0;2;210;255;137;152
Listener:Sent_pong;152;0002
Dispatcher:0002;77185;33831;256;0;2;191;255;136;152
Listener:Sent_pong;152;904F
Dispatcher:904F;77216;34686;256;0;2;193;255;136;152
Listener:Sent_pong;152;9375
Dispatcher:9375;77265;25672;256;0;2;207;255;134;152
Listener:Sent_pong;152;E934
Dispatcher:E934;77318;24748;256;0;2;201;253;133;152
Listener:Sent_pong;152;C323
Dispatcher:C323;77356;26646;256;0;2;204;249;133;152
Listener:Sent_pong;152;A78F
Dispatcher:A78F;77401;25381;256;0;2;201;255;133;152
Listener:Sent_pong;152;8D93
Dispatcher:8D93;77426;29612;256;0;2;206;255;124;152
Listener:Sent_pong;153;A7E4
Dispatcher:A7E4;77494;25013;256;0;2;207;255;142;153
Listener:Sent_pong;152;67E2
Dispatcher:67E2;77495;29968;256;0;2;204;249;125;152
Listener:Sent_pong;152;CE13
Dispatcher:CE13;77531;26325;256;0;2;195;249;125;152
Listener:Sent_pong;153;F010
Dispatcher:F010;77559;26623;256;0;2;198;249;136;153
Listener:Sent_pong;153;2EDF
Dispatcher:2EDF;77601;27290;256;0;2;201;249;136;153
Listener:Sent_pong;153;FCED
Dispatcher:FCED;77622;29643;256;0;2;210;255;138;153
Listener:Sent_pong;153;0002
Dispatcher:0002;77693;28245;256;0;2;191;255;137;153
Listener:Sent_pong;153;904F
Dispatcher:904F;77730;34062;256;0;2;193;255;137;153
Listener:Sent_pong;153;9375
Dispatcher:9375;77774;27936;256;0;2;207;255;135;153
Listener:Sent_pong;153;E934
Dispatcher:E934;77825;30116;256;0;2;201;253;134;153
Listener:Sent_pong;153;C323
Dispatcher:C323;77864;25038;256;0;2;204;249;134;153
Listener:Sent_pong;153;A78F
Dispatcher:A78F;77908;24403;256;0;2;201;255;134;153
Listener:Sent_pong;153;8D93
Dispatcher:8D93;77934;24408;256;0;2;206;255;125;153
Listener:Sent_pong;154;A7E4
Dispatcher:A7E4;78003;28237;256;0;2;207;255;143;154
Listener:Sent_pong;153;67E2
Dispatcher:67E2;78003;27910;256;0;2;204;249;126;153
Listener:Sent_pong;153;CE13
Dispatcher:CE13;78052;37971;256;0;2;195;249;126;153
Listener:Sent_pong;154;F010
Dispatcher:F010;78083;42215;256;0;2;198;249;137;154
Listener:Sent_pong;154;2EDF
Dispatcher:2EDF;78109;28598;256;0;2;201;249;137;154
Listener:Sent_pong;154;FCED
Dispatcher:FCED;78130;28556;256;0;2;210;255;139;154
Listener:Sent_pong;154;0002
Dispatcher:0002;78201;25667;256;0;2;191;255;138;154
Listener:Sent_pong;154;904F
Dispatcher:904F;78239;33272;256;0;2;193;255;138;154
Listener:Sent_pong;154;9375
Dispatcher:9375;78281;27576;256;0;2;207;255;136;154
Listener:Sent_pong;154;E934
Dispatcher:E934;78333;31274;256;0;2;201;253;135;154
Listener:Sent_pong;154;C323
Dispatcher:C323;78373;27276;256;0;2;204;249;135;154
Listener:Sent_pong;154;A78F
Dispatcher:A78F;78415;27603;256;0;2;201;255;135;154
Listener:Sent_pong;154;8D93
Dispatcher:8D93;78441;34804;256;0;2;206;255;126;154
Listener:Sent_pong;155;A7E4
Dispatcher:A7E4;78510;28550;256;0;2;207;255;144;155
Listener:Sent_pong;154;67E2
Dispatcher:67E2;78511;25960;256;0;2;204;249;127;154
Listener:Sent_pong;154;CE13
Dispatcher:CE13;78558;27357;256;0;2;195;249;127;154
Listener:Sent_pong;155;F010
Dispatcher:F010;78590;26651;256;0;2;198;249;138;155
Listener:Sent_pong;155;FCED
Dispatcher:FCED;78639;28321;256;0;2;210;255;140;155
Listener:Sent_pong;155;0002
Dispatcher:0002;78709;24707;256;0;2;191;255;139;155
Listener:Sent_pong;155;904F
Dispatcher:904F;78745;26318;256;0;2;193;255;139;155
Listener:Sent_pong;155;9375
Dispatcher:9375;78789;24730;256;0;2;207;255;137;155
Listener:Sent_pong;155;E934
Dispatcher:E934;78841;26008;256;0;2;201;253;136;155
Listener:Sent_pong;155;C323
Dispatcher:C323;78884;29666;256;0;2;204;249;136;155
Listener:Sent_pong;155;A78F
Dispatcher:A78F;78923;27919;256;0;2;201;255;136;155
Listener:Sent_pong;155;8D93
Dispatcher:8D93;78949;27621;256;0;2;206;255;127;155
Listener:Sent_pong;156;A7E4
Dispatcher:A7E4;79019;27903;256;0;2;207;255;145;156
Listener:Sent_pong;155;67E2
Dispatcher:67E2;79017;23408;256;0;2;204;249;128;155
Listener:Sent_pong;155;CE13
Dispatcher:CE13;79067;44025;256;0;2;195;249;128;155
Listener:Sent_pong;156;2EDF
Dispatcher:2EDF;79121;29892;256;0;2;201;249;138;156
Listener:Sent_pong;156;F010
Dispatcher:F010;79116;51737;256;0;2;198;249;139;156
Listener:Sent_pong;156;0002
Dispatcher:0002;79216;27607;256;0;2;191;255;140;156
Listener:Sent_pong;156;904F
Dispatcher:904F;79252;24064;256;0;2;193;255;140;156
Listener:Sent_pong;156;9375
Dispatcher:9375;79296;24370;256;0;2;207;255;138;156
Listener:Sent_pong;156;E934
Dispatcher:E934;79349;25060;256;0;2;201;253;137;156
Listener:Sent_pong;156;C323
Dispatcher:C323;79398;30214;256;0;2;204;249;137;156
Listener:Sent_pong;156;A78F
Dispatcher:A78F;79431;25353;256;0;2;201;255;137;156
Listener:Sent_pong;156;8D93
Dispatcher:8D93;79457;27596;256;0;2;206;255;128;156
Listener:Sent_pong;157;A7E4
Dispatcher:A7E4;79535;35280;256;0;2;207;255;146;157
Listener:Sent_pong;156;67E2
Dispatcher:67E2;79527;27084;256;0;2;204;249;129;156
Listener:Sent_pong;156;CE13
Dispatcher:CE13;79576;25705;256;0;2;195;249;129;156
Listener:Sent_pong;157;F010
Dispatcher:F010;79624;72481;256;0;2;198;249;140;157
Listener:Sent_pong;157;FCED
Dispatcher:FCED;79665;27904;256;0;2;210;255;141;157
Listener:Sent_pong;157;0002
Dispatcher:0002;79725;29849;256;0;2;191;255;141;157
Listener:Sent_pong;157;904F
Dispatcher:904F;79762;29012;256;0;2;193;255;141;157
Listener:Sent_pong;157;9375
Dispatcher:9375;79803;52422;256;0;2;207;255;139;157
Listener:Sent_pong;157;E934
Dispatcher:E934;79858;27452;256;0;2;201;253;138;157
Listener:Sent_pong;157;C323
Dispatcher:C323;79906;34876;256;0;2;204;249;138;157
Listener:Sent_pong;157;A78F
Dispatcher:A78F;79940;28555;256;0;2;201;255;138;157
Listener:Sent_pong;157;8D93
Dispatcher:8D93;79964;25681;256;0;2;206;255;129;157
Listener:Sent_pong;158;A7E4
Dispatcher:A7E4;80043;27244;256;0;2;207;255;147;158
Listener:Sent_pong;157;67E2
Dispatcher:67E2;80037;29620;256;0;2;204;249;130;157
Listener:Sent_pong;157;CE13
Dispatcher:CE13;80083;22473;256;0;2;195;249;130;157
Listener:Sent_pong;158;F010
Dispatcher:F010;80136;39573;256;0;2;198;249;141;158
Listener:Sent_pong;158;FCED
Dispatcher:FCED;80173;25382;256;0;2;210;255;142;158
Listener:Sent_pong;158;0002
Dispatcher:0002;80240;31465;256;0;2;191;255;142;158
Listener:Sent_pong;158;904F
Dispatcher:904F;80271;25664;256;0;2;193;255;142;158
Listener:Sent_pong;158;9375
Dispatcher:9375;80311;26324;256;0;2;207;255;140;158
Listener:Sent_pong;158;E934
Dispatcher:E934;80365;25672;256;0;2;201;253;139;158
Listener:Sent_pong;158;C323
Dispatcher:C323;80414;26342;256;0;2;204;249;139;158
Listener:Sent_pong;158;A78F
Dispatcher:A78F;80448;25669;256;0;2;201;255;139;158
Listener:Sent_pong;158;8D93
Dispatcher:8D93;80473;27302;256;0;2;206;255;130;158
Listener:Sent_pong;159;A7E4
Dispatcher:A7E4;80551;24704;256;0;2;207;255;148;159
Listener:Sent_pong;158;67E2
Dispatcher:67E2;80550;30902;256;0;2;204;249;131;158
Listener:Sent_pong;158;CE13
Dispatcher:CE13;80590;25375;256;0;2;195;249;131;158
Listener:Sent_pong;159;F010
Dispatcher:F010;80644;35855;256;0;2;198;249;142;159
Listener:Sent_pong;159;FCED
Dispatcher:FCED;80681;27912;256;0;2;210;255;143;159
Listener:Sent_pong;159;0002
Dispatcher:0002;80747;24399;256;0;2;191;255;143;159
Listener:Sent_pong;159;904F
Dispatcher:904F;80779;26294;256;0;2;193;255;143;159
Listener:Sent_pong;159;9375
Dispatcher:9375;80818;26010;256;0;2;207;255;141;159
Listener:Sent_pong;159;E934
Dispatcher:E934;80874;28860;256;0;2;201;253;140;159
Listener:Sent_pong;159;C323
Dispatcher:C323;80923;24734;256;0;2;204;249;140;159
Listener:Sent_pong;159;A78F
Dispatcher:A78F;80956;43381;256;0;2;201;255;140;159
Listener:Sent_pong;159;8D93
Dispatcher:8D93;80996;42457;256;0;2;206;255;131;159
Listener:Sent_pong;160;A7E4
Dispatcher:A7E4;81060;29852;256;0;2;207;255;149;160
Listener:Sent_pong;159;67E2
Dispatcher:67E2;81057;26294;256;0;2;204;249;132;159
Listener:Sent_pong;159;CE13
Dispatcher:CE13;81099;26647;256;0;2;195;249;132;159
Listener:Sent_pong;160;F010
Dispatcher:F010;81152;41883;256;0;2;198;249;143;160
Listener:Sent_pong;160;2EDF
Dispatcher:2EDF;81198;44072;256;0;2;201;249;139;160
Listener:Sent_pong;160;FCED
Dispatcher:FCED;81189;30607;256;0;2;210;255;144;160
Listener:Sent_pong;160;0002
Dispatcher:0002;81255;26947;256;0;2;191;255;144;160
Listener:Sent_pong;160;904F
Dispatcher:904F;81286;25368;256;0;2;193;255;144;160
Listener:Sent_pong;160;9375
Dispatcher:9375;81327;27572;256;0;2;207;255;142;160
Listener:Sent_pong;160;E934
Dispatcher:E934;81388;32154;256;0;2;201;253;141;160
Listener:Sent_pong;160;C323
Dispatcher:C323;81431;26332;256;0;2;204;249;141;160
Listener:Sent_pong;160;A78F
Dispatcher:A78F;81465;25999;256;0;2;201;255;141;160
Listener:Sent_pong;160;8D93
Dispatcher:8D93;81505;27311;256;0;2;206;255;132;160
Listener:Sent_pong;161;A7E4
Dispatcher:A7E4;81567;27570;256;0;2;207;255;150;161
Listener:Sent_pong;160;67E2
Dispatcher:67E2;81564;27894;256;0;2;204;249;133;160
Listener:Sent_pong;160;CE13
Dispatcher:CE13;81606;28023;256;0;2;195;249;133;160
Listener:Sent_pong;161;F010
Dispatcher:F010;81659;27603;256;0;2;198;249;144;161
Listener:Sent_pong;161;FCED
Dispatcher:FCED;81698;69548;256;0;2;210;255;145;161
Listener:Sent_pong;161;2EDF
Dispatcher:2EDF;81714;49588;256;0;2;201;249;140;161
Listener:Sent_pong;161;0002
Dispatcher:0002;81770;31325;256;0;2;191;255;145;161
Listener:Sent_pong;161;904F
Dispatcher:904F;81794;29340;256;0;2;193;255;145;161
Listener:Sent_pong;161;9375
Dispatcher:9375;81833;23732;256;0;2;207;255;143;161
Listener:Sent_pong;161;E934
Dispatcher:E934;81897;35508;256;0;2;201;253;142;161
Listener:Sent_pong;161;C323
Dispatcher:C323;81937;22176;256;0;2;204;249;142;161
Listener:Sent_pong;161;A78F
Dispatcher:A78F;81973;23755;256;0;2;201;255;142;161
Listener:Sent_pong;161;8D93
Dispatcher:8D93;82013;25683;256;0;2;206;255;133;161
Listener:Sent_pong;162;A7E4
Dispatcher:A7E4;82074;27578;256;0;2;207;255;151;162
Listener:Sent_pong;161;67E2
Dispatcher:67E2;82073;29508;256;0;2;204;249;134;161
Listener:Sent_pong;161;CE13
Dispatcher:CE13;82121;32121;256;0;2;195;249;134;161
Listener:Sent_pong;162;F010
Dispatcher:F010;82167;24385;256;0;2;198;249;145;162
Listener:Sent_pong;162;FCED
Dispatcher:FCED;82205;69548;256;0;2;210;255;145;162
Listener:Sent_pong;162;2EDF
Dispatcher:2EDF;82248;51668;256;0;2;201;249;141;162
Listener:Sent_pong;162;0002
Dispatcher:0002;82277;26647;256;0;2;191;255;146;162
Listener:Sent_pong;162;904F
Dispatcher:904F;82301;33816;256;0;2;193;255;146;162
Listener:Sent_pong;162;9375
Dispatcher:9375;82341;28530;256;0;2;207;255;144;162
Listener:Sent_pong;162;E934
Dispatcher:E934;82404;29522;256;0;2;201;240;143;162
Listener:Sent_pong;162;C323
Dispatcher:C323;82444;25040;256;0;2;204;249;143;162
Listener:Sent_pong;162;A78F
Dispatcher:A78F;82482;29641;256;0;2;201;255;143;162
Listener:Sent_pong;162;8D93
Dispatcher:8D93;82522;31578;256;0;2;206;255;134;162
Listener:Sent_pong;163;A7E4
Dispatcher:A7E4;82583;25542;256;0;2;207;255;152;163
Listener:Sent_pong;162;67E2
Dispatcher:67E2;82580;23416;256;0;2;204;249;135;162
Listener:Sent_pong;162;CE13
Dispatcher:CE13;82629;34565;256;0;2;195;249;135;162
Listener:Sent_pong;163;F010
Dispatcher:F010;82675;28551;256;0;2;198;249;146;163
Listener:Sent_pong;163;FCED
Dispatcher:FCED;82714;27599;256;0;2;210;255;146;163
Listener:Sent_pong;163;2EDF
Dispatcher:2EDF;82756;23772;256;0;2;201;249;142;163
Listener:Sent_pong;163;0002
Dispatcher:0002;82786;28251;256;0;2;191;255;147;163
Listener:Sent_pong;163;904F
Dispatcher:904F;82809;26314;256;0;2;193;255;147;163
Listener:Sent_pong;163;9375
Dispatcher:9375;82848;25976;256;0;2;207;255;145;163
Listener:Sent_pong;163;E934
Dispatcher:E934;82913;28560;256;0;2;201;243;144;163
Listener:Sent_pong;163;C323
Dispatcher:C323;82952;26012;256;0;2;204;249;144;163
Listener:Sent_pong;163;A78F
Dispatcher:A78F;82989;25035;256;0;2;201;255;144;163
Listener:Sent_pong;163;8D93
Dispatcher:8D93;83031;31597;256;0;2;206;255;135;163
Listener:Sent_pong;164;A7E4
Dispatcher:A7E4;83092;31621;256;0;2;207;255;153;164
Listener:Sent_pong;163;67E2
Dispatcher:67E2;83087;27392;256;0;2;204;249;136;163
Listener:Sent_pong;163;CE13
Dispatcher:CE13;83137;26987;256;0;2;195;249;136;163
Listener:Sent_pong;164;F010
Dispatcher:F010;83184;29209;256;0;2;198;249;147;164
Listener:Sent_pong;164;FCED
Dispatcher:FCED;83222;29662;256;0;2;210;255;147;164
Listener:Sent_pong;164;2EDF
Dispatcher:2EDF;83270;34142;256;0;2;201;249;143;164
Listener:Sent_pong;164;0002
Dispatcher:0002;83294;27577;256;0;2;191;255;148;164
Listener:Sent_pong;164;904F
Dispatcher:904F;83318;27588;256;0;2;193;255;148;164
Listener:Sent_pong;164;9375
Dispatcher:9375;83357;32832;256;0;2;207;255;146;164
Listener:Sent_pong;164;E934
Dispatcher:E934;83420;26938;256;0;2;201;245;145;164
Listener:Sent_pong;164;C323
Dispatcher:C323;83460;32002;256;0;2;204;249;145;164
Listener:Sent_pong;164;A78F
Dispatcher:A78F;83506;43311;256;0;2;201;255;145;164
Listener:Sent_pong;164;8D93
Dispatcher:8D93;83538;26002;256;0;2;206;255;136;164
Listener:Sent_pong;165;A7E4
Dispatcher:A7E4;83613;55885;256;0;2;207;255;154;165
Listener:Sent_pong;164;67E2
Dispatcher:67E2;83623;61008;256;0;2;204;249;137;164
Listener:Sent_pong;164;CE13
Dispatcher:CE13;83658;43045;256;0;2;195;249;137;164
Listener:Sent_pong;165;FCED
Dispatcher:FCED;83728;22481;256;0;2;210;255;148;165
Listener:Sent_pong;165;2EDF
Dispatcher:2EDF;83778;26788;256;0;2;201;249;144;165
Listener:Sent_pong;165;0002
Dispatcher:0002;83802;25667;256;0;2;191;255;149;165
Listener:Sent_pong;165;904F
Dispatcher:904F;83826;33740;256;0;2;193;255;149;165
Listener:Sent_pong;165;9375
Dispatcher:9375;83865;32028;256;0;2;207;255;147;165
Listener:Sent_pong;165;E934
Dispatcher:E934;83927;25350;256;0;2;201;247;146;165
Listener:Sent_pong;165;C323
Dispatcher:C323;83968;26016;256;0;2;204;249;146;165
Listener:Sent_pong;165;A78F
Dispatcher:A78F;84015;29825;256;0;2;201;255;146;165
Listener:Sent_pong;165;8D93
Dispatcher:8D93;84046;25366;256;0;2;206;255;137;165
Listener:Sent_pong;166;A7E4
Dispatcher:A7E4;84119;30067;256;0;2;207;255;155;166
Listener:Sent_pong;165;67E2
Dispatcher:67E2;84132;25988;256;0;2;204;249;138;165
Listener:Sent_pong;165;CE13
Dispatcher:CE13;84167;28857;256;0;2;195;249;138;165
Listener:Sent_pong;166;F010
Dispatcher:F010;84211;31547;256;0;2;198;249;148;166
Listener:Sent_pong;166;FCED
Dispatcher:FCED;84235;26652;256;0;2;210;255;149;166
Listener:Sent_pong;166;2EDF
Dispatcher:2EDF;84285;27302;256;0;2;201;249;145;166
Listener:Sent_pong;166;0002
Dispatcher:0002;84314;28673;256;0;2;191;255;150;166
Listener:Sent_pong;166;9375
Dispatcher:9375;84373;25992;256;0;2;207;255;148;166
Listener:Sent_pong;166;E934
Dispatcher:E934;84434;26662;256;0;2;201;249;147;166
Listener:Sent_pong;166;C323
Dispatcher:C323;84475;26346;256;0;2;204;249;147;166
Listener:Sent_pong;166;A78F
Dispatcher:A78F;84524;28875;256;0;2;201;255;147;166
Listener:Sent_pong;166;8D93
Dispatcher:8D93;84554;27936;256;0;2;206;255;138;166
Listener:Sent_pong;167;A7E4
Dispatcher:A7E4;84628;33796;256;0;2;207;255;156;167
Listener:Sent_pong;166;67E2
Dispatcher:67E2;84640;25982;256;0;2;204;249;139;166
Listener:Sent_pong;166;CE13
Dispatcher:CE13;84676;28859;256;0;2;195;249;139;166
Listener:Sent_pong;167;F010
Dispatcher:F010;84720;37967;256;0;2;198;249;149;167
Listener:Sent_pong;167;FCED
Dispatcher:FCED;84750;35261;256;0;2;210;255;150;167
Listener:Sent_pong;167;2EDF
Dispatcher:2EDF;84792;27302;256;0;2;201;249;145;167
Listener:Sent_pong;167;0002
Dispatcher:0002;84821;61161;256;0;2;191;255;151;167
Listener:Sent_pong;167;904F
Dispatcher:904F;84868;28724;256;0;2;193;255;150;167
Listener:Sent_pong;167;9375
Dispatcher:9375;84881;28838;256;0;2;207;255;149;167
Listener:Sent_pong;167;E934
Dispatcher:E934;84942;25684;256;0;2;201;249;148;167
Listener:Sent_pong;167;C323
Dispatcher:C323;84984;30782;256;0;2;204;249;148;167
Listener:Sent_pong;167;A78F
Dispatcher:A78F;85039;34883;256;0;2;201;255;148;167
Listener:Sent_pong;167;8D93
Dispatcher:8D93;85062;28113;256;0;2;206;255;139;167
Listener:Sent_pong;168;A7E4
Dispatcher:A7E4;85136;28523;256;0;2;207;255;157;168
Listener:Sent_pong;167;67E2
Dispatcher:67E2;85149;30464;256;0;2;204;249;140;167
Listener:Sent_pong;167;CE13
Dispatcher:CE13;85183;25365;256;0;2;195;249;140;167
Listener:Sent_pong;168;F010
Dispatcher:F010;85227;26021;256;0;2;198;249;150;168
Listener:Sent_pong;168;FCED
Dispatcher:FCED;85258;27282;256;0;2;210;255;151;168
Listener:Sent_pong;168;2EDF
Dispatcher:2EDF;85299;26960;256;0;2;201;249;146;168
Listener:Sent_pong;168;0002
Dispatcher:0002;85328;24099;256;0;2;191;255;152;168
Listener:Sent_pong;168;904F
Dispatcher:904F;85377;26016;256;0;2;193;255;151;168
Listener:Sent_pong;168;9375
Dispatcher:9375;85396;34012;256;0;2;207;255;150;168
Listener:Sent_pong;168;E934
Dispatcher:E934;85449;30934;256;0;2;201;249;149;168
Listener:Sent_pong;168;C323
Dispatcher:C323;85493;29236;256;0;2;204;249;149;168
Listener:Sent_pong;168;A78F
Dispatcher:A78F;85548;34259;256;0;2;201;255;149;168
Listener:Sent_pong;168;8D93
Dispatcher:8D93;85579;35847;256;0;2;206;255;140;168
Listener:Sent_pong;169;A7E4
Dispatcher:A7E4;85644;29827;256;0;2;207;255;158;169
Listener:Sent_pong;168;67E2
Dispatcher:67E2;85657;27926;256;0;2;204;249;141;168
Listener:Sent_pong;168;CE13
Dispatcher:CE13;85692;28557;256;0;2;195;249;141;168
Listener:Sent_pong;169;F010
Dispatcher:F010;85736;27915;256;0;2;198;249;151;169
Listener:Sent_pong;169;FCED
Dispatcher:FCED;85766;25943;256;0;2;210;255;152;169
Listener:Sent_pong;169;2EDF
Dispatcher:2EDF;85808;27914;256;0;2;201;249;147;169
Listener:Sent_pong;169;0002
Dispatcher:0002;85835;29717;256;0;2;191;255;153;169
Listener:Sent_pong;169;904F
Dispatcher:904F;85884;27624;256;0;2;193;255;152;169
Listener:Sent_pong;169;9375
Dispatcher:9375;85906;27716;256;0;2;207;255;151;169
Listener:Sent_pong;169;E934
Dispatcher:E934;85957;26004;256;0;2;201;249;150;169
Listener:Sent_pong;169;C323
Dispatcher:C323;86002;28574;256;0;2;204;249;150;169
Listener:Sent_pong;169;A78F
Dispatcher:A78F;86055;23745;256;0;2;201;255;150;169
Listener:Sent_pong;169;8D93
Dispatcher:8D93;86086;22799;256;0;2;206;255;141;169
Listener:Sent_pong;169;67E2
Dispatcher:67E2;86164;25984;256;0;2;204;249;142;169
Listener:Sent_pong;169;CE13
Dispatcher:CE13;86200;26329;256;0;2;195;249;142;169
Listener:Sent_pong;170;F010
Dispatcher:F010;86244;27891;256;0;2;198;249;152;170
Listener:Sent_pong;170;FCED
Dispatcher:FCED;86274;30602;256;0;2;210;255;153;170
Listener:Sent_pong;170;2EDF
Dispatcher:2EDF;86317;28580;256;0;2;201;249;148;170
Listener:Sent_pong;170;0002
Dispatcher:0002;86344;34875;256;0;2;191;255;154;170
Listener:Sent_pong;170;904F
Dispatcher:904F;86398;49280;256;0;2;193;255;153;170
Listener:Sent_pong;170;9375
Dispatcher:9375;86435;49240;256;0;2;207;255;152;170
Listener:Sent_pong;170;E934
Dispatcher:E934;86464;26614;256;0;2;201;249;151;170
Listener:Sent_pong;170;C323
Dispatcher:C323;86510;26018;256;0;2;204;249;151;170
Listener:Sent_pong;170;A78F
Dispatcher:A78F;86562;25695;256;0;2;201;255;151;170
Listener:Sent_pong;170;8D93
Dispatcher:8D93;86593;22799;256;0;2;206;255;141;170
Listener:Sent_pong;171;A7E4
Dispatcher:A7E4;86688;24705;256;0;2;207;255;159;171
Listener:Sent_pong;170;67E2
Dispatcher:67E2;86672;26016;256;0;2;204;249;143;170
Listener:Sent_pong;170;CE13
Dispatcher:CE13;86706;28069;256;0;2;195;249;143;170
Listener:Sent_pong;171;F010
Dispatcher:F010;86753;28547;256;0;2;198;249;153;171
Listener:Sent_pong;171;FCED
Dispatcher:FCED;86782;26961;256;0;2;210;255;154;171
Listener:Sent_pong;171;2EDF
Dispatcher:2EDF;86824;28238;256;0;2;201;249;149;171
Listener:Sent_pong;171;0002
Dispatcher:0002;86852;27289;256;0;2;191;255;155;171
Listener:Sent_pong;171;904F
Dispatcher:904F;86906;28056;256;0;2;193;255;154;171
Listener:Sent_pong;171;9375
Dispatcher:9375;86943;27320;256;0;2;207;255;153;171
Listener:Sent_pong;171;E934
Dispatcher:E934;86971;26046;256;0;2;201;249;152;171
Listener:Sent_pong;171;C323
Dispatcher:C323;87024;33396;256;0;2;204;249;152;171
Listener:Sent_pong;171;A78F
Dispatcher:A78F;87069;23435;256;0;2;201;255;152;171
Listener:Sent_pong;171;8D93
Dispatcher:8D93;87102;26993;256;0;2;206;255;142;171
Listener:Sent_pong;172;A7E4
Dispatcher:A7E4;87196;24705;256;0;2;207;255;159;172
Listener:Sent_pong;171;67E2
Dispatcher:67E2;87194;39028;256;0;2;204;249;144;171
Listener:Sent_pong;171;CE13
Dispatcher:CE13;87221;33781;256;0;2;195;249;144;171
Listener:Sent_pong;172;F010
Dispatcher:F010;87261;25025;256;0;2;198;249;154;172
Listener:Sent_pong;172;FCED
Dispatcher:FCED;87289;34429;256;0;2;210;255;155;172
Listener:Sent_pong;172;2EDF
Dispatcher:2EDF;87331;57834;256;0;2;201;249;150;172
Listener:Sent_pong;172;0002
Dispatcher:0002;87391;58585;256;0;2;191;255;156;172
Listener:Sent_pong;172;904F
Dispatcher:904F;87413;24094;256;0;2;193;255;155;172
Listener:Sent_pong;172;9375
Dispatcher:9375;87451;24688;256;0;2;207;255;154;172
Listener:Sent_pong;172;E934
Dispatcher:E934;87480;35978;256;0;2;201;249;153;172
Listener:Sent_pong;172;C323
Dispatcher:C323;87531;25990;256;0;2;204;249;153;172
Listener:Sent_pong;172;A78F
Dispatcher:A78F;87577;27581;256;0;2;201;255;153;172
Listener:Sent_pong;172;8D93
Dispatcher:8D93;87611;26988;256;0;2;206;255;143;172
Listener:Sent_pong;173;A7E4
Dispatcher:A7E4;87704;27909;256;0;2;207;255;160;173
Listener:Sent_pong;172;67E2
Dispatcher:67E2;87702;27342;256;0;2;204;249;145;172
Listener:Sent_pong;172;CE13
Dispatcher:CE13;87730;26715;256;0;2;195;249;145;172
Listener:Sent_pong;173;F010
Dispatcher:F010;87768;26001;256;0;2;198;249;155;173
Listener:Sent_pong;173;FCED
Dispatcher:FCED;87798;28239;256;0;2;210;255;156;173
Listener:Sent_pong;173;2EDF
Dispatcher:2EDF;87838;34804;256;0;2;201;249;151;173
Listener:Sent_pong;173;0002
Dispatcher:0002;87899;28855;256;0;2;191;255;157;173
Listener:Sent_pong;173;904F
Dispatcher:904F;87923;28052;256;0;2;193;255;156;173
Listener:Sent_pong;173;9375
Dispatcher:9375;87963;30262;256;0;2;207;255;155;173
Listener:Sent_pong;173;E934
Dispatcher:E934;87990;28254;256;0;2;201;249;154;173
Listener:Sent_pong;173;C323
Dispatcher:C323;88039;24398;256;0;2;204;249;154;173
Listener:Sent_pong;173;A78F
Dispatcher:A78F;88085;26633;256;0;2;201;255;154;173
Listener:Sent_pong;173;8D93
Dispatcher:8D93;88119;28872;256;0;2;206;255;144;173
Listener:Sent_pong;174;A7E4
Dispatcher:A7E4;88212;28524;256;0;2;207;255;161;174
Listener:Sent_pong;173;67E2
Dispatcher:67E2;88210;26620;256;0;2;204;249;146;173
Listener:Sent_pong;173;CE13
Dispatcher:CE13;88239;26675;256;0;2;195;249;146;173
Listener:Sent_pong;174;F010
Dispatcher:F010;88284;33157;256;0;2;198;249;156;174
Listener:Sent_pong;174;2EDF
Dispatcher:2EDF;88347;27596;256;0;2;201;249;152;174
Listener:Sent_pong;174;0002
Dispatcher:0002;88408;26977;256;0;2;191;255;158;174
Listener:Sent_pong;174;904F
Dispatcher:904F;88430;25668;256;0;2;193;255;157;174
Listener:Sent_pong;174;9375
Dispatcher:9375;88470;28670;256;0;2;207;255;156;174
Listener:Sent_pong;174;E934
Dispatcher:E934;88501;29344;256;0;2;201;249;155;174
Listener:Sent_pong;174;C323
Dispatcher:C323;88546;25676;256;0;2;204;249;155;174
Listener:Sent_pong;174;A78F
Dispatcher:A78F;88592;25991;256;0;2;201;255;155;174
Listener:Sent_pong;174;8D93
Dispatcher:8D93;88627;28233;256;0;2;206;255;145;174
Listener:Sent_pong;175;A7E4
Dispatcher:A7E4;88726;33540;256;0;2;207;255;162;175
Listener:Sent_pong;174;67E2
Dispatcher:67E2;88719;28802;256;0;2;204;249;147;174
Listener:Sent_pong;174;CE13
Dispatcher:CE13;88748;28053;256;0;2;195;249;147;174
Listener:Sent_pong;175;F010
Dispatcher:F010;88791;33157;256;0;2;198;249;156;175
Listener:Sent_pong;175;FCED
Dispatcher:FCED;88847;27254;256;0;2;210;255;157;175
Listener:Sent_pong;175;0002
Dispatcher:0002;88929;44127;256;0;2;191;255;159;175
Listener:Sent_pong;175;904F
Dispatcher:904F;88956;43814;256;0;2;193;255;158;175
Listener:Sent_pong;175;9375
Dispatcher:9375;88977;25658;256;0;2;207;255;157;175
Listener:Sent_pong;175;E934
Dispatcher:E934;89012;30888;256;0;2;201;249;156;175
Listener:Sent_pong;175;C323
Dispatcher:C323;89055;29836;256;0;2;204;249;156;175
Listener:Sent_pong;175;A78F
Dispatcher:A78F;89099;24649;256;0;2;201;255;156;175
Listener:Sent_pong;175;8D93
Dispatcher:8D93;89135;24726;256;0;2;206;255;146;175
Listener:Sent_pong;176;A7E4
Dispatcher:A7E4;89235;29857;256;0;2;207;255;163;176
Listener:Sent_pong;175;67E2
Dispatcher:67E2;89229;27996;256;0;2;204;249;148;175
Listener:Sent_pong;175;CE13
Dispatcher:CE13;89257;25015;256;0;2;195;249;148;175
Listener:Sent_pong;176;F010
Dispatcher:F010;89299;24723;256;0;2;198;249;157;176
Listener:Sent_pong;176;FCED
Dispatcher:FCED;89354;29089;256;0;2;210;255;158;176
Listener:Sent_pong;176;0002
Dispatcher:0002;89436;25015;256;0;2;191;255;160;176
Listener:Sent_pong;176;904F
Dispatcher:904F;89464;26960;256;0;2;193;255;159;176
Listener:Sent_pong;176;E934
Dispatcher:E934;89521;33620;256;0;2;201;249;157;176
Listener:Sent_pong;176;C323
Dispatcher:C323;89564;30470;256;0;2;204;249;157;176
Listener:Sent_pong;176;A78F
Dispatcher:A78F;89606;25989;256;0;2;201;255;157;176
Listener:Sent_pong;176;8D93
Dispatcher:8D93;89642;27276;256;0;2;206;255;147;176
Listener:Sent_pong;177;A7E4
Dispatcher:A7E4;89742;26625;256;0;2;207;255;164;177
Listener:Sent_pong;176;67E2
Dispatcher:67E2;89735;28348;256;0;2;204;249;149;176
Listener:Sent_pong;176;CE13
Dispatcher:CE13;89767;29839;256;0;2;195;249;149;176
Listener:Sent_pong;177;F010
Dispatcher:F010;89806;27607;256;0;2;198;249;158;177
Listener:Sent_pong;177;FCED
Dispatcher:FCED;89861;63478;256;0;2;210;255;159;177
Listener:Sent_pong;177;2EDF
Dispatcher:2EDF;89901;27596;256;0;2;201;249;152;177
Listener:Sent_pong;177;0002
Dispatcher:0002;89943;27729;256;0;2;191;255;161;177
Listener:Sent_pong;177;904F
Dispatcher:904F;89972;31208;256;0;2;193;255;160;177
Listener:Sent_pong;177;9375
Dispatcher:9375;89989;25528;256;0;2;207;255;158;177
Listener:Sent_pong;177;E934
Dispatcher:E934;90028;25362;256;0;2;201;249;158;177
Listener:Sent_pong;177;C323
Dispatcher:C323;90072;25688;256;0;2;204;249;158;177
Listener:Sent_pong;177;A78F
Dispatcher:A78F;90115;28537;256;0;2;201;255;158;177
Listener:Sent_pong;177;8D93
Dispatcher:8D93;90158;32710;256;0;2;206;255;148;177
Listener:Sent_pong;178;A7E4
Dispatcher:A7E4;90250;25976;256;0;2;207;255;165;178
Listener:Sent_pong;177;67E2
Dispatcher:67E2;90243;31816;256;0;2;204;249;150;177
Listener:Sent_pong;177;CE13
Dispatcher:CE13;90276;30589;256;0;2;195;249;150;177
Listener:Sent_pong;178;F010
Dispatcher:F010;90315;28861;256;0;2;198;249;159;178
Listener:Sent_pong;178;FCED
Dispatcher:FCED;90368;25360;256;0;2;210;255;160;178
Listener:Sent_pong;178;2EDF
Dispatcher:2EDF;90410;25410;256;0;2;201;249;153;178
Listener:Sent_pong;178;0002
Dispatcher:0002;90452;25349;256;0;2;191;255;162;178
Listener:Sent_pong;178;904F
Dispatcher:904F;90481;26680;256;0;2;193;255;161;178
Listener:Sent_pong;178;9375
Dispatcher:9375;90503;32196;256;0;2;207;255;159;178
Listener:Sent_pong;178;E934
Dispatcher:E934;90535;25026;256;0;2;201;249;159;178
Listener:Sent_pong;178;C323
Dispatcher:C323;90580;26950;256;0;2;204;249;159;178
Listener:Sent_pong;178;A78F
Dispatcher:A78F;90621;25055;256;0;2;201;255;159;178
Listener:Sent_pong;178;8D93
Dispatcher:8D93;90667;53664;256;0;2;206;255;149;178
Listener:Sent_pong;179;A7E4
Dispatcher:A7E4;90758;25980;256;0;2;207;255;166;179
Listener:Sent_pong;178;67E2
Dispatcher:67E2;90750;25030;256;0;2;204;249;151;178
Listener:Sent_pong;178;CE13
Dispatcher:CE13;90790;33821;256;0;2;195;249;151;178
Listener:Sent_pong;179;F010
Dispatcher:F010;90821;25991;256;0;2;198;249;160;179
Listener:Sent_pong;179;FCED
Dispatcher:FCED;90876;28539;256;0;2;210;255;161;179
Listener:Sent_pong;179;2EDF
Dispatcher:2EDF;90917;26672;256;0;2;201;249;154;179
Listener:Sent_pong;179;0002
Dispatcher:0002;90960;28875;256;0;2;191;255;163;179
Listener:Sent_pong;179;904F
Dispatcher:904F;90994;32132;256;0;2;193;255;162;179
Listener:Sent_pong;179;9375
Dispatcher:9375;91019;35258;256;0;2;207;255;160;179
Listener:Sent_pong;179;E934
Dispatcher:E934;91048;29984;256;0;2;201;249;160;179
Listener:Sent_pong;179;C323
Dispatcher:C323;91097;32790;256;0;2;204;249;160;179
Listener:Sent_pong;179;A78F
Dispatcher:A78F;91128;23129;256;0;2;201;255;160;179
Listener:Sent_pong;179;8D93
Dispatcher:8D93;91176;27942;256;0;2;206;255;150;179
Listener:Sent_pong;180;A7E4
Dispatcher:A7E4;91265;26995;256;0;2;207;255;167;180
Listener:Sent_pong;179;67E2
Dispatcher:67E2;91257;25988;256;0;2;204;249;152;179
Listener:Sent_pong;179;CE13
Dispatcher:CE13;91299;33009;256;0;2;195;249;152;179
Listener:Sent_pong;180;F010
Dispatcher:F010;91330;26237;256;0;2;198;249;161;180
Listener:Sent_pong;180;FCED
Dispatcher:FCED;91383;27582;256;0;2;210;255;162;180
Listener:Sent_pong;180;2EDF
Dispatcher:2EDF;91423;25698;256;0;2;201;249;155;180
Listener:Sent_pong;180;0002
Dispatcher:0002;91469;33589;256;0;2;191;255;164;180
Listener:Sent_pong;180;904F
Dispatcher:904F;91501;30970;256;0;2;193;255;163;180
Listener:Sent_pong;180;9375
Dispatcher:9375;91527;28748;256;0;2;207;255;161;180
Listener:Sent_pong;180;E934
Dispatcher:E934;91556;25714;256;0;2;201;249;161;180
Listener:Sent_pong;180;C323
Dispatcher:C323;91603;25048;256;0;2;204;249;161;180
Listener:Sent_pong;180;A78F
Dispatcher:A78F;91635;26941;256;0;2;201;255;161;180
Listener:Sent_pong;180;8D93
Dispatcher:8D93;91683;25363;256;0;2;206;255;151;180
Listener:Sent_pong;181;A7E4
Dispatcher:A7E4;91774;28850;256;0;2;207;255;168;181
Listener:Sent_pong;180;67E2
Dispatcher:67E2;91769;32312;256;0;2;204;249;153;180
Listener:Sent_pong;180;CE13
Dispatcher:CE13;91812;32321;256;0;2;195;249;153;180
Listener:Sent_pong;181;F010
Dispatcher:F010;91837;24907;256;0;2;198;249;162;181
Listener:Sent_pong;181;FCED
Dispatcher:FCED;91891;24413;256;0;2;210;255;163;181
Listener:Sent_pong;181;2EDF
Dispatcher:2EDF;91930;28378;256;0;2;201;249;156;181
Listener:Sent_pong;181;0002
Dispatcher:0002;91977;27911;256;0;2;191;255;165;181
Listener:Sent_pong;181;904F
Dispatcher:904F;92010;31088;256;0;2;193;255;164;181
Listener:Sent_pong;181;9375
Dispatcher:9375;92043;34896;256;0;2;207;255;162;181
Listener:Sent_pong;181;E934
Dispatcher:E934;92076;38822;256;0;2;201;249;162;181
Listener:Sent_pong;181;C323
Dispatcher:C323;92111;25988;256;0;2;204;249;162;181
Listener:Sent_pong;181;A78F
Dispatcher:A78F;92144;26649;256;0;2;201;255;162;181
Listener:Sent_pong;181;8D93
Dispatcher:8D93;92192;25359;256;0;2;206;255;152;181
Listener:Sent_pong;182;A7E4
Dispatcher:A7E4;92282;26961;256;0;2;207;255;169;182
Listener:Sent_pong;181;67E2
Dispatcher:67E2;92277;29176;256;0;2;204;249;154;181
Listener:Sent_pong;181;CE13
Dispatcher:CE13;92322;45951;256;0;2;195;249;154;181
Listener:Sent_pong;182;F010
Dispatcher:F010;92369;53175;256;0;2;198;249;163;182
Listener:Sent_pong;182;FCED
Dispatcher:FCED;92398;24069;256;0;2;210;255;164;182
Listener:Sent_pong;182;2EDF
Dispatcher:2EDF;92439;35958;256;0;2;201;249;157;182
Listener:Sent_pong;182;0002
Dispatcher:0002;92484;23119;256;0;2;191;255;166;182
Listener:Sent_pong;182;904F
Dispatcher:904F;92519;27918;256;0;2;193;255;165;182
Listener:Sent_pong;182;9375
Dispatcher:9375;92561;42632;256;0;2;207;255;163;182
Listener:Sent_pong;182;E934
Dispatcher:E934;92597;42828;256;0;2;201;249;163;182
Listener:Sent_pong;182;C323
Dispatcher:C323;92619;28090;256;0;2;204;249;163;182
Listener:Sent_pong;182;A78F
Dispatcher:A78F;92653;34565;256;0;2;201;255;163;182
Listener:Sent_pong;182;8D93
Dispatcher:8D93;92700;27619;256;0;2;206;255;153;182
Listener:Sent_pong;183;A7E4
Dispatcher:A7E4;92791;31559;256;0;2;207;255;170;183
Listener:Sent_pong;182;67E2
Dispatcher:67E2;92787;24730;256;0;2;204;249;155;182
Listener:Sent_pong;182;CE13
Dispatcher:CE13;92831;25653;256;0;2;195;249;155;182
Listener:Sent_pong;183;F010
Dispatcher:F010;92878;27379;256;0;2;198;249;164;183
Listener:Sent_pong;183;FCED
Dispatcher:FCED;92906;27902;256;0;2;210;255;165;183
Listener:Sent_pong;183;2EDF
Dispatcher:2EDF;92947;28566;256;0;2;201;249;158;183
Listener:Sent_pong;183;0002
Dispatcher:0002;92990;22811;256;0;2;191;255;167;183
Listener:Sent_pong;183;904F
Dispatcher:904F;93027;26302;256;0;2;193;255;166;183
Listener:Sent_pong;183;9375
Dispatcher:9375;93070;31228;256;0;2;207;255;164;183
Listener:Sent_pong;183;E934
Dispatcher:E934;93105;25676;256;0;2;201;249;164;183
Listener:Sent_pong;183;C323
Dispatcher:C323;93127;28886;256;0;2;204;249;164;183
Listener:Sent_pong;183;A78F
Dispatcher:A78F;93159;24401;256;0;2;201;255;164;183
Listener:Sent_pong;183;8D93
Dispatcher:8D93;93207;25686;256;0;2;206;255;154;183
Listener:Sent_pong;184;A7E4
Dispatcher:A7E4;93298;24714;256;0;2;207;255;171;184
Listener:Sent_pong;183;67E2
Dispatcher:67E2;93295;27396;256;0;2;204;249;156;183
Listener:Sent_pong;183;CE13
Dispatcher:CE13;93340;27595;256;0;2;195;249;156;183
Listener:Sent_pong;184;F010
Dispatcher:F010;93386;29919;256;0;2;198;249;165;184
Listener:Sent_pong;184;FCED
Dispatcher:FCED;93415;29832;256;0;2;210;255;166;184
Listener:Sent_pong;184;2EDF
Dispatcher:2EDF;93454;23128;256;0;2;201;249;159;184
Listener:Sent_pong;184;0002
Dispatcher:0002;93505;33095;256;0;2;191;255;168;184
Listener:Sent_pong;184;904F
Dispatcher:904F;93536;27602;256;0;2;193;255;167;184
Listener:Sent_pong;184;9375
Dispatcher:9375;93579;26304;256;0;2;207;255;165;184
Listener:Sent_pong;184;E934
Dispatcher:E934;93614;30590;256;0;2;201;249;165;184
Listener:Sent_pong;184;C323
Dispatcher:C323;93637;29688;256;0;2;204;249;165;184
Listener:Sent_pong;184;A78F
Dispatcher:A78F;93667;27937;256;0;2;201;255;165;184
Listener:Sent_pong;184;8D93
Dispatcher:8D93;93716;31124;256;0;2;206;255;155;184
Listener:Sent_pong;185;A7E4
Dispatcher:A7E4;93806;27909;256;0;2;207;255;172;185
Listener:Sent_pong;184;67E2
Dispatcher:67E2;93804;30252;256;0;2;204;249;157;184
Listener:Sent_pong;184;CE13
Dispatcher:CE13;93848;26333;256;0;2;195;249;157;184
Listener:Sent_pong;185;F010
Dispatcher:F010;93893;25037;256;0;2;198;249;166;185
Listener:Sent_pong;185;FCED
Dispatcher:FCED;93923;25992;256;0;2;210;255;167;185
Listener:Sent_pong;185;2EDF
Dispatcher:2EDF;93961;25382;256;0;2;201;249;160;185
Listener:Sent_pong;185;0002
Dispatcher:0002;94012;25753;256;0;2;191;255;169;185
Listener:Sent_pong;185;904F
Dispatcher:904F;94045;26644;256;0;2;193;255;168;185
Listener:Sent_pong;185;9375
Dispatcher:9375;94088;28828;256;0;2;207;255;166;185
Listener:Sent_pong;185;E934
Dispatcher:E934;94129;32496;256;0;2;201;249;166;185
Listener:Sent_pong;185;C323
Dispatcher:C323;94147;27918;256;0;2;204;249;166;185
Listener:Sent_pong;185;A78F
Dispatcher:A78F;94175;27585;256;0;2;201;255;166;185
Listener:Sent_pong;185;8D93
Dispatcher:8D93;94234;35781;256;0;2;206;255;156;185
Listener:Sent_pong;186;A7E4
Dispatcher:A7E4;94314;25673;256;0;2;207;255;173;186
Listener:Sent_pong;185;67E2
Dispatcher:67E2;94311;24722;256;0;2;204;249;158;185
Listener:Sent_pong;185;CE13
Dispatcher:CE13;94357;26017;256;0;2;195;249;158;185
Listener:Sent_pong;186;F010
Dispatcher:F010;94401;23437;256;0;2;198;249;167;186
Listener:Sent_pong;186;FCED
Dispatcher:FCED;94430;28057;256;0;2;210;255;168;186
Listener:Sent_pong;186;2EDF
Dispatcher:2EDF;94470;27958;256;0;2;201;249;161;186
Listener:Sent_pong;186;0002
Dispatcher:0002;94520;27935;256;0;2;191;255;170;186
Listener:Sent_pong;186;904F
Dispatcher:904F;94554;24846;256;0;2;193;255;169;186
Listener:Sent_pong;186;9375
Dispatcher:9375;94597;28528;256;0;2;207;255;167;186
Listener:Sent_pong;186;E934
Dispatcher:E934;94636;25956;256;0;2;201;249;167;186
Listener:Sent_pong;186;C323
Dispatcher:C323;94655;28478;256;0;2;204;249;167;186
Listener:Sent_pong;186;A78F
Dispatcher:A78F;94682;26027;256;0;2;201;255;167;186
Listener:Sent_pong;186;8D93
Dispatcher:8D93;94741;35781;256;0;2;206;255;156;186
Listener:Sent_pong;187;A7E4
Dispatcher:A7E4;94832;43057;256;0;2;207;255;174;187
Listener:Sent_pong;186;67E2
Dispatcher:67E2;94830;35738;256;0;2;204;249;159;186
Listener:Sent_pong;186;CE13
Dispatcher:CE13;94865;28233;256;0;2;195;249;159;186
Listener:Sent_pong;187;F010
Dispatcher:F010;94908;24413;256;0;2;198;249;168;187
Listener:Sent_pong;187;FCED
Dispatcher:FCED;94938;26646;256;0;2;210;255;169;187
Listener:Sent_pong;187;2EDF
Dispatcher:2EDF;94976;25358;256;0;2;201;249;162;187
Listener:Sent_pong;187;0002
Dispatcher:0002;95027;25035;256;0;2;191;255;171;187
Listener:Sent_pong;187;904F
Dispatcher:904F;95068;33886;256;0;2;193;255;170;187
Listener:Sent_pong;187;9375
Dispatcher:9375;95105;26946;256;0;2;207;255;168;187
Listener:Sent_pong;187;E934
Dispatcher:E934;95144;26710;256;0;2;201;249;168;187
Listener:Sent_pong;187;C323
Dispatcher:C323;95169;38354;256;0;2;204;249;168;187
Listener:Sent_pong;187;A78F
Dispatcher:A78F;95201;36997;256;0;2;201;255;168;187
Listener:Sent_pong;187;8D93
Dispatcher:8D93;95249;27298;256;0;2;206;255;157;187
Listener:Sent_pong;188;A7E4
Dispatcher:A7E4;95340;29508;256;0;2;207;255;175;188
Listener:Sent_pong;187;67E2
Dispatcher:67E2;95338;26958;256;0;2;204;249;160;187
Listener:Sent_pong;187;CE13
Dispatcher:CE13;95372;31045;256;0;2;195;249;160;187
Listener:Sent_pong;188;F010
Dispatcher:F010;95415;22797;256;0;2;198;249;169;188
Listener:Sent_pong;188;FCED
Dispatcher:FCED;95446;25370;256;0;2;210;255;170;188
Listener:Sent_pong;188;2EDF
Dispatcher:2EDF;95491;32770;256;0;2;201;249;163;188
Listener:Sent_pong;188;0002
Dispatcher:0002;95535;29519;256;0;2;191;255;172;188
Listener:Sent_pong;188;904F
Dispatcher:904F;95575;29642;256;0;2;193;255;171;188
Listener:Sent_pong;188;9375
Dispatcher:9375;95612;25332;256;0;2;207;255;169;188
Listener:Sent_pong;188;E934
Dispatcher:E934;95651;26314;256;0;2;201;249;169;188
Listener:Sent_pong;188;C323
Dispatcher:C323;95677;34262;256;0;2;204;249;169;188
Listener:Sent_pong;188;A78F
Dispatcher:A78F;95711;29793;256;0;2;201;255;169;188
Listener:Sent_pong;188;8D93
Dispatcher:8D93;95756;23464;256;0;2;206;255;158;188
Listener:Sent_pong;189;A7E4
Dispatcher:A7E4;95847;22465;256;0;2;207;255;176;189
Listener:Sent_pong;188;67E2
Dispatcher:67E2;95847;28538;256;0;2;204;249;161;188
Listener:Sent_pong;188;CE13
Dispatcher:CE13;95880;25969;256;0;2;195;249;161;188
Listener:Sent_pong;189;F010
Dispatcher:F010;95922;26307;256;0;2;198;249;170;189
Listener:Sent_pong;189;FCED
Dispatcher:FCED;95953;24383;256;0;2;210;255;171;189
Listener:Sent_pong;189;2EDF
Dispatcher:2EDF;95998;25822;256;0;2;201;249;164;189
Listener:Sent_pong;189;0002
Dispatcher:0002;96044;26939;256;0;2;191;255;173;189
Listener:Sent_pong;189;904F
Dispatcher:904F;96090;38968;256;0;2;193;255;172;189
Listener:Sent_pong;189;9375
Dispatcher:9375;96121;26636;256;0;2;207;255;170;189
Listener:Sent_pong;189;E934
Dispatcher:E934;96159;26970;256;0;2;201;249;170;189
Listener:Sent_pong;189;C323
Dispatcher:C323;96184;24426;256;0;2;204;249;170;189
Listener:Sent_pong;189;A78F
Dispatcher:A78F;96220;29499;256;0;2;201;255;170;189
Listener:Sent_pong;189;8D93
Dispatcher:8D93;96265;29838;256;0;2;206;255;159;189
Listener:Sent_pong;190;A7E4
Dispatcher:A7E4;96354;22471;256;0;2;207;255;177;190
Listener:Sent_pong;189;67E2
Dispatcher:67E2;96355;24688;256;0;2;204;249;162;189
Listener:Sent_pong;189;CE13
Dispatcher:CE13;96386;22801;256;0;2;195;249;162;189
Listener:Sent_pong;190;F010
Dispatcher:F010;96431;28857;256;0;2;198;249;171;190
Listener:Sent_pong;190;FCED
Dispatcher:FCED;96461;26645;256;0;2;210;255;172;190
Listener:Sent_pong;190;2EDF
Dispatcher:2EDF;96507;27940;256;0;2;201;249;165;190
Listener:Sent_pong;190;0002
Dispatcher:0002;96565;38111;256;0;2;191;255;174;190
Listener:Sent_pong;190;904F
Dispatcher:904F;96598;26308;256;0;2;193;255;173;190
Listener:Sent_pong;190;9375
Dispatcher:9375;96631;27388;256;0;2;207;255;171;190
Listener:Sent_pong;190;E934
Dispatcher:E934;96668;29850;256;0;2;201;249;171;190
Listener:Sent_pong;190;C323
Dispatcher:C323;96691;32356;256;0;2;204;249;171;190
Listener:Sent_pong;190;A78F
Dispatcher:A78F;96729;29647;256;0;2;201;255;171;190
Listener:Sent_pong;190;8D93
Dispatcher:8D93;96774;30802;256;0;2;206;255;160;190
Listener:Sent_pong;191;A7E4
Dispatcher:A7E4;96861;34225;256;0;2;207;255;178;191
Listener:Sent_pong;190;67E2
Dispatcher:67E2;96864;30168;256;0;2;204;249;163;190
Listener:Sent_pong;190;CE13
Dispatcher:CE13;96895;27931;256;0;2;195;249;163;190
Listener:Sent_pong;191;F010
Dispatcher:F010;96940;33069;256;0;2;198;249;172;191
Listener:Sent_pong;191;FCED
Dispatcher:FCED;96969;27584;256;0;2;210;255;173;191
Listener:Sent_pong;191;2EDF
Dispatcher:2EDF;97015;28560;256;0;2;201;249;166;191
Listener:Sent_pong;191;0002
Dispatcher:0002;97078;32115;256;0;2;191;255;175;191
Listener:Sent_pong;191;904F
Dispatcher:904F;97107;27304;256;0;2;193;255;174;191
Listener:Sent_pong;191;9375
Dispatcher:9375;97138;27398;256;0;2;207;255;172;191
Listener:Sent_pong;191;E934
Dispatcher:E934;97175;25696;256;0;2;201;249;172;191
Listener:Sent_pong;191;C323
Dispatcher:C323;97198;27926;256;0;2;204;249;172;191
Listener:Sent_pong;191;A78F
Dispatcher:A78F;97238;38509;256;0;2;201;255;172;191
Listener:Sent_pong;191;8D93
Dispatcher:8D93;97282;28580;256;0;2;206;255;161;191
Listener:Sent_pong;192;A7E4
Dispatcher:A7E4;97370;25978;256;0;2;207;255;179;192
Listener:Sent_pong;191;67E2
Dispatcher:67E2;97373;29836;256;0;2;204;249;164;191
Listener:Sent_pong;191;CE13
Dispatcher:CE13;97405;27207;256;0;2;195;249;164;191
Listener:Sent_pong;192;F010
Dispatcher:F010;97448;23763;256;0;2;198;249;173;192
Listener:Sent_pong;192;FCED
Dispatcher:FCED;97477;29850;256;0;2;210;255;174;192
Listener:Sent_pong;192;2EDF
Dispatcher:2EDF;97523;29866;256;0;2;201;249;167;192
Listener:Sent_pong;192;0002
Dispatcher:0002;97587;27579;256;0;2;191;255;176;192
Listener:Sent_pong;192;904F
Dispatcher:904F;97615;25676;256;0;2;193;255;175;192
Listener:Sent_pong;192;9375
Dispatcher:9375;97647;27602;256;0;2;207;255;173;192
Listener:Sent_pong;192;E934
Dispatcher:E934;97683;27646;256;0;2;201;249;173;192
Listener:Sent_pong;192;C323
Dispatcher:C323;97709;28790;256;0;2;204;249;173;192
Listener:Sent_pong;192;A78F
Dispatcher:A78F;97746;29185;256;0;2;201;255;173;192
Listener:Sent_pong;192;8D93
Dispatcher:8D93;97789;26005;256;0;2;206;255;162;192
Listener:Sent_pong;193;A7E4
Dispatcher:A7E4;97878;29845;256;0;2;207;255;180;193
Listener:Sent_pong;192;67E2
Dispatcher:67E2;97882;31568;256;0;2;204;249;165;192
Listener:Sent_pong;192;CE13
Dispatcher:CE13;97914;26305;256;0;2;195;249;165;192
Listener:Sent_pong;193;F010
Dispatcher:F010;97954;27595;256;0;2;198;249;174;193
Listener:Sent_pong;193;FCED
Dispatcher:FCED;97986;27931;256;0;2;210;255;175;193
Listener:Sent_pong;193;2EDF
Dispatcher:2EDF;98032;28262;256;0;2;201;249;168;193
Listener:Sent_pong;193;0002
Dispatcher:0002;98099;32733;256;0;2;191;255;177;193
Listener:Sent_pong;193;904F
Dispatcher:904F;98123;28016;256;0;2;193;255;176;193
Listener:Sent_pong;193;9375
Dispatcher:9375;98155;25670;256;0;2;207;255;174;193
Listener:Sent_pong;193;E934
Dispatcher:E934;98190;31494;256;0;2;201;249;174;193
Listener:Sent_pong;193;C323
Dispatcher:C323;98218;29534;256;0;2;204;249;174;193
Listener:Sent_pong;193;A78F
Dispatcher:A78F;98254;26969;256;0;2;201;255;174;193
Listener:Sent_pong;193;8D93
Dispatcher:8D93;98306;33700;256;0;2;206;255;163;193
Listener:Sent_pong;194;A7E4
Dispatcher:A7E4;98385;24053;256;0;2;207;255;181;194
Listener:Sent_pong;193;67E2
Dispatcher:67E2;98389;34662;256;0;2;204;249;166;193
Listener:Sent_pong;193;CE13
Dispatcher:CE13;98428;33099;256;0;2;195;249;166;193
Listener:Sent_pong;194;F010
Dispatcher:F010;98463;29521;256;0;2;198;249;175;194
Listener:Sent_pong;194;FCED
Dispatcher:FCED;98493;29325;256;0;2;210;255;176;194
Listener:Sent_pong;194;2EDF
Dispatcher:2EDF;98541;29828;256;0;2;201;249;169;194
Listener:Sent_pong;194;0002
Dispatcher:0002;98607;26445;256;0;2;191;255;178;194
Listener:Sent_pong;194;904F
Dispatcher:904F;98631;27278;256;0;2;193;255;177;194
Listener:Sent_pong;194;9375
Dispatcher:9375;98662;25342;256;0;2;207;255;175;194
Listener:Sent_pong;194;E934
Dispatcher:E934;98703;44616;256;0;2;201;249;175;194
Listener:Sent_pong;194;C323
Dispatcher:C323;98740;40256;256;0;2;204;249;175;194
Listener:Sent_pong;194;A78F
Dispatcher:A78F;98767;31080;256;0;2;201;255;175;194
Listener:Sent_pong;194;8D93
Dispatcher:8D93;98812;33700;256;0;2;206;255;163;194
Listener:Sent_pong;195;A7E4
Dispatcher:A7E4;98893;27264;256;0;2;207;255;182;195
Listener:Sent_pong;194;67E2
Dispatcher:67E2;98896;25368;256;0;2;204;249;167;194
Listener:Sent_pong;194;CE13
Dispatcher:CE13;98936;23767;256;0;2;195;249;167;194
Listener:Sent_pong;195;F010
Dispatcher:F010;98970;23753;256;0;2;198;249;176;195
Listener:Sent_pong;195;FCED
Dispatcher:FCED;99001;27271;256;0;2;210;255;177;195
Listener:Sent_pong;195;2EDF
Dispatcher:2EDF;99049;24084;256;0;2;201;249;170;195
Listener:Sent_pong;195;0002
Dispatcher:0002;99116;28533;256;0;2;191;255;179;195
Listener:Sent_pong;195;904F
Dispatcher:904F;99142;26138;256;0;2;193;255;178;195
Listener:Sent_pong;195;9375
Dispatcher:9375;99170;24692;256;0;2;207;255;176;195
Listener:Sent_pong;195;E934
Dispatcher:E934;99209;24416;256;0;2;201;249;176;195
Listener:Sent_pong;195;C323
Dispatcher:C323;99248;25694;256;0;2;204;249;176;195
Listener:Sent_pong;195;A78F
Dispatcher:A78F;99273;24465;256;0;2;201;255;176;195
Listener:Sent_pong;195;8D93
Dispatcher:8D93;99319;25061;256;0;2;206;255;164;195
Listener:Sent_pong;196;A7E4
Dispatcher:A7E4;99401;26310;256;0;2;207;255;183;196
Listener:Sent_pong;195;67E2
Dispatcher:67E2;99403;22176;256;0;2;204;249;168;195
Listener:Sent_pong;195;CE13
Dispatcher:CE13;99443;25021;256;0;2;195;249;168;195
Listener:Sent_pong;196;F010
Dispatcher:F010;99479;26975;256;0;2;198;249;177;196
Listener:Sent_pong;196;FCED
Dispatcher:FCED;99509;27271;256;0;2;210;255;177;196
Listener:Sent_pong;196;2EDF
Dispatcher:2EDF;99563;33876;256;0;2;201;249;171;196
Listener:Sent_pong;196;0002
Dispatcher:0002;99625;27601;256;0;2;191;255;180;196
Listener:Sent_pong;196;904F
Dispatcher:904F;99648;32616;256;0;2;193;255;179;196
Listener:Sent_pong;196;9375
Dispatcher:9375;99678;28208;256;0;2;207;255;177;196
Listener:Sent_pong;196;E934
Dispatcher:E934;99716;23438;256;0;2;201;249;177;196
Listener:Sent_pong;196;C323
Dispatcher:C323;99755;26786;256;0;2;204;249;177;196
Listener:Sent_pong;196;A78F
Dispatcher:A78F;99782;26573;256;0;2;201;255;177;196
Listener:Sent_pong;196;8D93
Dispatcher:8D93;99828;30163;256;0;2;206;255;165;196
Listener:Sent_pong;197;A7E4
Dispatcher:A7E4;99910;33809;256;0;2;207;255;184;197
Listener:Sent_pong;196;67E2
Dispatcher:67E2;99910;26948;256;0;2;204;249;169;196
Listener:Sent_pong;196;CE13
Dispatcher:CE13;99951;26019;256;0;2;195;249;169;196
Listener:Sent_pong;197;F010
Dispatcher:F010;99987;28881;256;0;2;198;249;178;197
Listener:Sent_pong;197;FCED
Dispatcher:FCED;100016;26626;256;0;2;210;255;178;197
Listener:Sent_pong;197;2EDF
Dispatcher:2EDF;100069;30210;256;0;2;201;249;172;197
Listener:Sent_pong;197;0002
Dispatcher:0002;100133;24685;256;0;2;191;255;181;197
Listener:Sent_pong;197;904F
Dispatcher:904F;100156;27616;256;0;2;193;255;180;197
Listener:Sent_pong;197;9375
Dispatcher:9375;100187;27836;256;0;2;207;255;178;197
Listener:Sent_pong;197;E934
Dispatcher:E934;100225;26640;256;0;2;201;249;178;197
Listener:Sent_pong;197;C323
Dispatcher:C323;100262;24386;256;0;2;204;249;178;197
Listener:Sent_pong;197;A78F
Dispatcher:A78F;100303;38075;256;0;2;201;255;178;197
Listener:Sent_pong;197;8D93
Dispatcher:8D93;100337;26032;256;0;2;206;255;166;197
Listener:Sent_pong;198;A7E4
Dispatcher:A7E4;100418;27269;256;0;2;207;255;185;198
Listener:Sent_pong;197;67E2
Dispatcher:67E2;100418;26304;256;0;2;204;249;170;197
Listener:Sent_pong;197;CE13
Dispatcher:CE13;100459;31577;256;0;2;195;249;170;197
Listener:Sent_pong;198;F010
Dispatcher:F010;100504;34987;256;0;2;198;249;179;198
Listener:Sent_pong;198;FCED
Dispatcher:FCED;100524;25684;256;0;2;210;255;179;198
Listener:Sent_pong;198;2EDF
Dispatcher:2EDF;100577;27916;256;0;2;201;249;173;198
Listener:Sent_pong;198;0002
Dispatcher:0002;100641;28851;256;0;2;191;255;182;198
Listener:Sent_pong;198;904F
Dispatcher:904F;100667;36180;256;0;2;193;255;181;198
Listener:Sent_pong;198;9375
Dispatcher:9375;100695;27836;256;0;2;207;255;178;198
Listener:Sent_pong;198;E934
Dispatcher:E934;100742;35578;256;0;2;201;249;179;198
Listener:Sent_pong;198;C323
Dispatcher:C323;100771;29892;256;0;2;204;249;179;198
Listener:Sent_pong;198;A78F
Dispatcher:A78F;100811;28679;256;0;2;201;255;179;198
Listener:Sent_pong;198;8D93
Dispatcher:8D93;100846;26966;256;0;2;206;255;167;198
Listener:Sent_pong;199;A7E4
Dispatcher:A7E4;100927;31227;256;0;2;207;255;186;199
Listener:Sent_pong;198;67E2
Dispatcher:67E2;100925;26620;256;0;2;204;249;171;198
Listener:Sent_pong;198;CE13
Dispatcher:CE13;100968;28239;256;0;2;195;249;171;198
Listener:Sent_pong;199;F010
Dispatcher:F010;101012;29525;256;0;2;198;246;180;199
Listener:Sent_pong;199;FCED
Dispatcher:FCED;101033;27564;256;0;2;210;255;180;199
Listener:Sent_pong;199;2EDF
Dispatcher:2EDF;101085;26310;256;0;2;201;249;174;199
Listener:Sent_pong;199;0002
Dispatcher:0002;101149;27921;256;0;2;191;255;183;199
Listener:Sent_pong;199;904F
Dispatcher:904F;101182;34720;256;0;2;193;255;182;199
Listener:Sent_pong;199;9375
Dispatcher:9375;101203;32880;256;0;2;207;255;179;199
Listener:Sent_pong;199;E934
Dispatcher:E934;101249;26338;256;0;2;201;249;180;199
Listener:Sent_pong;199;C323
Dispatcher:C323;101287;33410;256;0;2;204;249;180;199
Listener:Sent_pong;199;A78F
Dispatcher:A78F;101319;27419;256;0;2;201;255;180;199
Listener:Sent_pong;199;8D93
Dispatcher:8D93;101365;37208;256;0;2;206;255;168;199
Listener:Sent_pong;200;A7E4
Dispatcher:A7E4;101433;24704;256;0;2;207;255;187;200
Listener:Sent_pong;199;67E2
Dispatcher:67E2;101432;30264;256;0;2;204;249;172;199
Listener:Sent_pong;199;CE13
Dispatcher:CE13;101477;28901;256;0;2;195;249;172;199
Listener:Sent_pong;200;F010
Dispatcher:F010;101520;26641;256;0;2;198;248;181;200
Listener:Sent_pong;200;FCED
Dispatcher:FCED;101545;30604;256;0;2;210;255;181;200
Listener:Sent_pong;200;2EDF
Dispatcher:2EDF;101592;22794;256;0;2;201;249;175;200
Listener:Sent_pong;200;0002
Dispatcher:0002;101656;24715;256;0;2;191;255;184;200
Listener:Sent_pong;200;904F
Dispatcher:904F;101688;24726;256;0;2;193;255;183;200
Listener:Sent_pong;200;9375
Dispatcher:9375;101711;26664;256;0;2;207;255;180;200
Listener:Sent_pong;200;E934
Dispatcher:E934;101756;26338;256;0;2;201;249;180;200
Listener:Sent_pong;200;C323
Dispatcher:C323;101803;34976;256;0;2;204;249;181;200
Listener:Sent_pong;200;A78F
Dispatcher:A78F;101830;30513;256;0;2;201;255;181;200
Listener:Sent_pong;200;8D93
Dispatcher:8D93;101873;27930;256;0;2;206;255;169;200
Listener:Sent_pong;201;A7E4
Dispatcher:A7E4;101941;26300;256;0;2;207;255;188;201
Listener:Sent_pong;200;67E2
Dispatcher:67E2;101940;40224;256;0;2;204;249;173;200
Listener:Sent_pong;200;CE13
Dispatcher:CE13;101984;33421;256;0;2;195;249;173;200
Listener:Sent_pong;201;F010
Dispatcher:F010;102028;27923;256;0;2;198;249;182;201
Listener:Sent_pong;201;FCED
Dispatcher:FCED;102053;28704;256;0;2;210;255;182;201
Listener:Sent_pong;201;2EDF
Dispatcher:2EDF;102099;24408;256;0;2;201;249;176;201
Listener:Sent_pong;201;0002
Dispatcher:0002;102164;29963;256;0;2;191;255;185;201
Listener:Sent_pong;201;904F
Dispatcher:904F;102196;29242;256;0;2;193;255;184;201
Listener:Sent_pong;201;9375
Dispatcher:9375;102219;26990;256;0;2;207;255;181;201
Listener:Sent_pong;201;E934
Dispatcher:E934;102264;35688;256;0;2;201;249;181;201
Listener:Sent_pong;201;C323
Dispatcher:C323;102312;28878;256;0;2;204;249;182;201
Listener:Sent_pong;201;A78F
Dispatcher:A78F;102341;30917;256;0;2;201;255;182;201
Listener:Sent_pong;201;8D93
Dispatcher:8D93;102380;26334;256;0;2;206;255;170;201
Listener:Sent_pong;202;A7E4
Dispatcher:A7E4;102448;26613;256;0;2;207;255;189;202
Listener:Sent_pong;201;67E2
Dispatcher:67E2;102448;26944;256;0;2;204;249;174;201
Listener:Sent_pong;201;CE13
Dispatcher:CE13;102492;30421;256;0;2;195;249;174;201
Listener:Sent_pong;202;F010
Dispatcher:F010;102535;28535;256;0;2;198;249;183;202
Listener:Sent_pong;202;FCED
Dispatcher:FCED;102561;27609;256;0;2;210;255;183;202
Listener:Sent_pong;202;2EDF
Dispatcher:2EDF;102606;23458;256;0;2;201;249;177;202
Listener:Sent_pong;202;0002
Dispatcher:0002;102671;23097;256;0;2;191;255;186;202
Listener:Sent_pong;202;904F
Dispatcher:904F;102704;24414;256;0;2;193;255;185;202
Listener:Sent_pong;202;9375
Dispatcher:9375;102726;24710;256;0;2;207;255;182;202
Listener:Sent_pong;202;E934
Dispatcher:E934;102773;29232;256;0;2;201;249;182;202
Listener:Sent_pong;202;C323
Dispatcher:C323;102820;24080;256;0;2;204;249;183;202
Listener:Sent_pong;202;A78F
Dispatcher:A78F;102848;26631;256;0;2;201;255;183;202
Listener:Sent_pong;202;8D93
Dispatcher:8D93;102889;34762;256;0;2;206;255;171;202
Listener:Sent_pong;203;A7E4
Dispatcher:A7E4;102955;28849;256;0;2;207;255;190;203
Listener:Sent_pong;202;67E2
Dispatcher:67E2;102957;28892;256;0;2;204;249;175;202
Listener:Sent_pong;202;CE13
Dispatcher:CE13;103013;39215;256;0;2;195;249;175;202
Listener:Sent_pong;203;F010
Dispatcher:F010;103042;23775;256;0;2;198;249;184;203
Listener:Sent_pong;203;FCED
Dispatcher:FCED;103069;26332;256;0;2;210;255;184;203
Listener:Sent_pong;203;2EDF
Dispatcher:2EDF;103115;26004;256;0;2;201;249;178;203
Listener:Sent_pong;203;0002
Dispatcher:0002;103179;27903;256;0;2;191;255;187;203
Listener:Sent_pong;203;904F
Dispatcher:904F;103217;44864;256;0;2;193;255;186;203
Listener:Sent_pong;203;9375
Dispatcher:9375;103253;45972;256;0;2;207;255;183;203
Listener:Sent_pong;203;E934
Dispatcher:E934;103282;28254;256;0;2;201;249;183;203
Listener:Sent_pong;203;C323
Dispatcher:C323;103328;27954;256;0;2;204;249;184;203
Listener:Sent_pong;203;A78F
Dispatcher:A78F;103356;27849;256;0;2;201;255;184;203
Listener:Sent_pong;203;8D93
Dispatcher:8D93;103398;33516;256;0;2;206;255;172;203
Listener:Sent_pong;204;A7E4
Dispatcher:A7E4;103463;25350;256;0;2;207;255;191;204
Listener:Sent_pong;203;67E2
Dispatcher:67E2;103464;27256;256;0;2;204;249;176;203
Listener:Sent_pong;203;CE13
Dispatcher:CE13;103521;30627;256;0;2;195;249;176;203
Listener:Sent_pong;204;F010
Dispatcher:F010;103549;25425;256;0;2;198;249;185;204
Listener:Sent_pong;204;FCED
Dispatcher:FCED;103577;27923;256;0;2;210;255;185;204
Listener:Sent_pong;204;2EDF
Dispatcher:2EDF;103622;27614;256;0;2;201;249;179;204
Listener:Sent_pong;204;0002
Dispatcher:0002;103688;30145;256;0;2;191;255;188;204
Listener:Sent_pong;204;904F
Dispatcher:904F;103725;27308;256;0;2;193;255;187;204
Listener:Sent_pong;204;9375
Dispatcher:9375;103760;27284;256;0;2;207;255;184;204
Listener:Sent_pong;204;E934
Dispatcher:E934;103791;28570;256;0;2;201;249;184;204
Listener:Sent_pong;204;C323
Dispatcher:C323;103839;29134;256;0;2;204;249;185;204
Listener:Sent_pong;204;A78F
Dispatcher:A78F;103866;28927;256;0;2;201;255;185;204
Listener:Sent_pong;204;8D93
Dispatcher:8D93;103907;27603;256;0;2;206;255;173;204
Listener:Sent_pong;205;A7E4
Dispatcher:A7E4;103977;33733;256;0;2;207;255;192;205
Listener:Sent_pong;204;67E2
Dispatcher:67E2;103972;26628;256;0;2;204;249;177;204
Listener:Sent_pong;204;CE13
Dispatcher:CE13;104030;25659;256;0;2;195;249;177;204
Listener:Sent_pong;205;F010
Dispatcher:F010;104063;31855;256;0;2;198;249;186;205
Listener:Sent_pong;205;FCED
Dispatcher:FCED;104085;28247;256;0;2;210;255;186;205
Listener:Sent_pong;205;2EDF
Dispatcher:2EDF;104131;27594;256;0;2;201;249;180;205
Listener:Sent_pong;205;0002
Dispatcher:0002;104195;25689;256;0;2;191;255;189;205
Listener:Sent_pong;205;904F
Dispatcher:904F;104233;29846;256;0;2;193;255;188;205
Listener:Sent_pong;205;9375
Dispatcher:9375;104268;29184;256;0;2;207;255;185;205
Listener:Sent_pong;205;E934
Dispatcher:E934;104299;33782;256;0;2;201;249;185;205
Listener:Sent_pong;205;C323
Dispatcher:C323;104346;27598;256;0;2;204;249;186;205
Listener:Sent_pong;205;A78F
Dispatcher:A78F;104376;27111;256;0;2;201;255;186;205
Listener:Sent_pong;205;8D93
Dispatcher:8D93;104414;23441;256;0;2;206;255;174;205
Listener:Sent_pong;206;A7E4
Dispatcher:A7E4;104484;30198;256;0;2;207;255;193;206
Listener:Sent_pong;205;67E2
Dispatcher:67E2;104482;29308;256;0;2;204;249;178;205
Listener:Sent_pong;205;CE13
Dispatcher:CE13;104537;26305;256;0;2;195;249;178;205
Listener:Sent_pong;206;F010
Dispatcher:F010;104577;31751;256;0;2;198;249;187;206
Listener:Sent_pong;206;FCED
Dispatcher:FCED;104595;27429;256;0;2;210;255;187;206
Listener:Sent_pong;206;2EDF
Dispatcher:2EDF;104639;25072;256;0;2;201;249;181;206
Listener:Sent_pong;206;0002
Dispatcher:0002;104703;27583;256;0;2;191;255;190;206
Listener:Sent_pong;206;904F
Dispatcher:904F;104742;30784;256;0;2;193;255;189;206
Listener:Sent_pong;206;9375
Dispatcher:9375;104784;40526;256;0;2;207;255;186;206
Listener:Sent_pong;206;C323
Dispatcher:C323;104855;29196;256;0;2;204;249;187;206
Listener:Sent_pong;206;A78F
Dispatcher:A78F;104896;37777;256;0;2;201;255;187;206
Listener:Sent_pong;206;8D93
Dispatcher:8D93;104922;24760;256;0;2;206;255;175;206
Listener:Sent_pong;207;A7E4
Dispatcher:A7E4;104991;26299;256;0;2;207;255;194;207
Listener:Sent_pong;206;67E2
Dispatcher:67E2;104990;26304;256;0;2;204;249;179;206
Listener:Sent_pong;206;CE13
Dispatcher:CE13;105046;27605;256;0;2;195;249;179;206
Listener:Sent_pong;207;F010
Dispatcher:F010;105085;27279;256;0;2;198;249;188;207
Listener:Sent_pong;207;FCED
Dispatcher:FCED;105104;27041;256;0;2;210;255;188;207
Listener:Sent_pong;207;2EDF
Dispatcher:2EDF;105148;29200;256;0;2;201;249;182;207
Listener:Sent_pong;207;0002
Dispatcher:0002;105210;28223;256;0;2;191;255;191;207
Listener:Sent_pong;207;904F
Dispatcher:904F;105250;25994;256;0;2;193;255;190;207
Listener:Sent_pong;207;9375
Dispatcher:9375;105292;62714;256;0;2;207;255;187;207
Listener:Sent_pong;207;E934
Dispatcher:E934;105345;36892;256;0;2;201;249;186;207
Listener:Sent_pong;207;C323
Dispatcher:C323;105364;26642;256;0;2;204;249;188;207
Listener:Sent_pong;207;A78F
Dispatcher:A78F;105410;30867;256;0;2;201;255;188;207
Listener:Sent_pong;207;8D93
Dispatcher:8D93;105431;28046;256;0;2;206;255;176;207
Listener:Sent_pong;208;A7E4
Dispatcher:A7E4;105498;24720;256;0;2;207;255;195;208
Listener:Sent_pong;207;67E2
Dispatcher:67E2;105499;26636;256;0;2;204;249;180;207
Listener:Sent_pong;207;CE13
Dispatcher:CE13;105553;27611;256;0;2;195;249;180;207
Listener:Sent_pong;208;F010
Dispatcher:F010;105593;28883;256;0;2;198;249;189;208
Listener:Sent_pong;208;FCED
Dispatcher:FCED;105616;33156;256;0;2;210;255;189;208
Listener:Sent_pong;208;2EDF
Dispatcher:2EDF;105656;29194;256;0;2;201;249;183;208
Listener:Sent_pong;208;904F
Dispatcher:904F;105760;28270;256;0;2;193;255;191;208
Listener:Sent_pong;208;9375
Dispatcher:9375;105800;26010;256;0;2;207;255;188;208
Listener:Sent_pong;208;E934
Dispatcher:E934;105853;26988;256;0;2;201;249;187;208
Listener:Sent_pong;208;C323
Dispatcher:C323;105872;27368;256;0;2;204;249;189;208
Listener:Sent_pong;208;A78F
Dispatcher:A78F;105917;36617;256;0;2;201;255;189;208
Listener:Sent_pong;208;8D93
Dispatcher:8D93;105954;42096;256;0;2;206;255;177;208
Listener:Sent_pong;209;A7E4
Dispatcher:A7E4;106011;32005;256;0;2;207;255;196;209
Listener:Sent_pong;208;67E2
Dispatcher:67E2;106005;24694;256;0;2;204;249;181;208
Listener:Sent_pong;208;CE13
Dispatcher:CE13;106061;26959;256;0;2;195;249;181;208
Listener:Sent_pong;209;F010
Dispatcher:F010;106099;24107;256;0;2;198;249;190;209
Listener:Sent_pong;209;FCED
Dispatcher:FCED;106125;29501;256;0;2;210;255;190;209
Listener:Sent_pong;209;2EDF
Dispatcher:2EDF;106164;29218;256;0;2;201;249;184;209
Listener:Sent_pong;209;0002
Dispatcher:0002;106230;45193;256;0;2;191;255;192;209
Listener:Sent_pong;209;904F
Dispatcher:904F;106281;45730;256;0;2;193;255;192;209
Listener:Sent_pong;209;9375
Dispatcher:9375;106307;26458;256;0;2;207;255;189;209
Listener:Sent_pong;209;E934
Dispatcher:E934;106360;28070;256;0;2;201;249;188;209
Listener:Sent_pong;209;C323
Dispatcher:C323;106382;30252;256;0;2;204;249;190;209
Listener:Sent_pong;209;A78F
Dispatcher:A78F;106426;30759;256;0;2;201;255;190;209
Listener:Sent_pong;209;8D93
Dispatcher:8D93;106462;28246;256;0;2;206;255;178;209
Listener:Sent_pong;210;A7E4
Dispatcher:A7E4;106522;30597;256;0;2;207;255;197;210
Listener:Sent_pong;209;67E2
Dispatcher:67E2;106514;27330;256;0;2;204;249;182;209
Listener:Sent_pong;209;CE13
Dispatcher:CE13;106570;33869;256;0;2;195;249;182;209
Listener:Sent_pong;210;F010
Dispatcher:F010;106614;32259;256;0;2;198;249;191;210
Listener:Sent_pong;210;FCED
Dispatcher:FCED;106633;23448;256;0;2;210;255;191;210
Listener:Sent_pong;210;2EDF
Dispatcher:2EDF;106672;23768;256;0;2;201;249;185;210
Listener:Sent_pong;210;0002
Dispatcher:0002;106739;31243;256;0;2;191;255;193;210
Listener:Sent_pong;210;904F
Dispatcher:904F;106795;32478;256;0;2;193;255;193;210
Listener:Sent_pong;210;9375
Dispatcher:9375;106816;26708;256;0;2;207;255;190;210
Listener:Sent_pong;210;E934
Dispatcher:E934;106873;30900;256;0;2;201;249;189;210
Listener:Sent_pong;210;C323
Dispatcher:C323;106891;28418;256;0;2;204;249;191;210
Listener:Sent_pong;210;A78F
Dispatcher:A78F;106934;31243;256;0;2;201;255;191;210
Listener:Sent_pong;210;8D93
Dispatcher:8D93;106977;32417;256;0;2;206;255;179;210
Listener:Sent_pong;210;67E2
Dispatcher:67E2;107035;40640;256;0;2;204;249;183;210
Listener:Sent_pong;210;CE13
Dispatcher:CE13;107084;36045;256;0;2;195;249;183;210
Listener:Sent_pong;211;F010
Dispatcher:F010;107122;28851;256;0;2;198;249;192;211
Listener:Sent_pong;211;FCED
Dispatcher:FCED;107142;26459;256;0;2;210;255;192;211
Listener:Sent_pong;211;2EDF
Dispatcher:2EDF;107179;23768;256;0;2;201;249;185;211
Listener:Sent_pong;211;0002
Dispatcher:0002;107246;23173;256;0;2;191;255;194;211
Listener:Sent_pong;211;904F
Dispatcher:904F;107309;30864;256;0;2;193;255;194;211
Listener:Sent_pong;211;9375
Dispatcher:9375;107329;33644;256;0;2;207;255;191;211
Listener:Sent_pong;211;E934
Dispatcher:E934;107381;40426;256;0;2;201;249;190;211
Listener:Sent_pong;211;C323
Dispatcher:C323;107416;43860;256;0;2;204;249;192;211
Listener:Sent_pong;211;A78F
Dispatcher:A78F;107444;26191;256;0;2;201;255;192;211
Listener:Sent_pong;211;8D93
Dispatcher:8D93;107485;54726;256;0;2;206;255;180;211
Listener:Sent_pong;212;A7E4
Dispatcher:A7E4;107560;30536;256;0;2;207;255;198;212
Listener:Sent_pong;211;67E2
Dispatcher:67E2;107544;26674;256;0;2;204;249;184;211
Listener:Sent_pong;211;CE13
Dispatcher:CE13;107593;35503;256;0;2;195;249;184;211
Listener:Sent_pong;212;F010
Dispatcher:F010;107633;32041;256;0;2;198;249;193;212
Listener:Sent_pong;212;FCED
Dispatcher:FCED;107655;30911;256;0;2;210;255;193;212
Listener:Sent_pong;212;2EDF
Dispatcher:2EDF;107687;27286;256;0;2;201;249;186;212
Listener:Sent_pong;212;0002
Dispatcher:0002;107753;29217;256;0;2;191;255;195;212
Listener:Sent_pong;212;904F
Dispatcher:904F;107816;26336;256;0;2;193;255;195;212
Listener:Sent_pong;212;9375
Dispatcher:9375;107838;28470;256;0;2;207;255;192;212
Listener:Sent_pong;212;E934
Dispatcher:E934;107888;27896;256;0;2;201;249;191;212
Listener:Sent_pong;212;C323
Dispatcher:C323;107924;26986;256;0;2;204;249;193;212
Listener:Sent_pong;212;A78F
Dispatcher:A78F;107952;28285;256;0;2;201;255;193;212
Listener:Sent_pong;212;8D93
Dispatcher:8D93;107993;26350;256;0;2;206;255;181;212
Listener:Sent_pong;213;A7E4
Dispatcher:A7E4;108067;23798;256;0;2;207;255;199;213
Listener:Sent_pong;212;67E2
Dispatcher:67E2;108057;30042;256;0;2;204;249;185;212
Listener:Sent_pong;212;CE13
Dispatcher:CE13;108100;24399;256;0;2;195;249;185;212
Listener:Sent_pong;213;F010
Dispatcher:F010;108141;27903;256;0;2;198;249;194;213
Listener:Sent_pong;213;FCED
Dispatcher:FCED;108162;26632;256;0;2;210;255;194;213
Listener:Sent_pong;213;2EDF
Dispatcher:2EDF;108195;28594;256;0;2;201;249;187;213
Listener:Sent_pong;213;0002
Dispatcher:0002;108261;28377;256;0;2;191;255;196;213
Listener:Sent_pong;213;904F
Dispatcher:904F;108325;38106;256;0;2;193;255;196;213
Listener:Sent_pong;213;9375
Dispatcher:9375;108361;42922;256;0;2;207;255;193;213
Listener:Sent_pong;213;E934
Dispatcher:E934;108396;27928;256;0;2;201;249;192;213
Listener:Sent_pong;213;C323
Dispatcher:C323;108433;30170;256;0;2;204;249;194;213
Listener:Sent_pong;213;A78F
Dispatcher:A78F;108462;28421;256;0;2;201;255;194;213
Listener:Sent_pong;213;8D93
Dispatcher:8D93;108501;27288;256;0;2;206;255;182;213
Listener:Sent_pong;214;A7E4
Dispatcher:A7E4;108574;25371;256;0;2;207;255;200;214
Listener:Sent_pong;213;67E2
Dispatcher:67E2;108566;25850;256;0;2;204;249;186;213
Listener:Sent_pong;213;CE13
Dispatcher:CE13;108608;26981;256;0;2;195;249;186;213
Listener:Sent_pong;214;F010
Dispatcher:F010;108649;27583;256;0;2;198;249;195;214
Listener:Sent_pong;214;2EDF
Dispatcher:2EDF;108702;29000;256;0;2;201;249;188;214
Listener:Sent_pong;214;FCED
Dispatcher:FCED;108670;26944;256;0;2;210;255;195;214
Listener:Sent_pong;214;0002
Dispatcher:0002;108769;25993;256;0;2;191;255;197;214
Listener:Sent_pong;214;904F
Dispatcher:904F;108831;26970;256;0;2;193;255;197;214
Listener:Sent_pong;214;9375
Dispatcher:9375;108870;28228;256;0;2;207;255;194;214
Listener:Sent_pong;214;E934
Dispatcher:E934;108905;28520;256;0;2;201;249;193;214
Listener:Sent_pong;214;C323
Dispatcher:C323;108942;32744;256;0;2;204;249;195;214
Listener:Sent_pong;214;A78F
Dispatcher:A78F;108973;29651;256;0;2;201;255;195;214
Listener:Sent_pong;214;8D93
Dispatcher:8D93;109009;28879;256;0;2;206;255;183;214
Listener:Sent_pong;215;A7E4
Dispatcher:A7E4;109081;24688;256;0;2;207;255;201;215
Listener:Sent_pong;214;67E2
Dispatcher:67E2;109073;24360;256;0;2;204;249;187;214
Listener:Sent_pong;214;CE13
Dispatcher:CE13;109115;30831;256;0;2;195;249;187;214
Listener:Sent_pong;215;F010
Dispatcher:F010;109157;52501;256;0;2;198;249;196;215
Listener:Sent_pong;215;FCED
Dispatcher:FCED;109203;110517;256;0;2;210;255;196;215
Listener:Sent_pong;215;2EDF
Dispatcher:2EDF;109215;29000;256;0;2;201;249;188;215
Listener:Sent_pong;215;0002
Dispatcher:0002;109291;40687;256;0;2;191;255;198;215
Listener:Sent_pong;215;904F
Dispatcher:904F;109339;25052;256;0;2;193;255;198;215
Listener:Sent_pong;215;9375
Dispatcher:9375;109379;28554;256;0;2;207;255;195;215
Listener:Sent_pong;215;C323
Dispatcher:C323;109451;30174;256;0;2;204;249;196;215
Listener:Sent_pong;215;A78F
Dispatcher:A78F;109489;34855;256;0;2;201;255;196;215
Listener:Sent_pong;215;8D93
Dispatcher:8D93;109518;26321;256;0;2;206;255;184;215
Listener:Sent_pong;216;A7E4
Dispatcher:A7E4;109589;24376;256;0;2;207;255;202;216
Listener:Sent_pong;215;67E2
Dispatcher:67E2;109580;28034;256;0;2;204;249;188;215
Listener:Sent_pong;215;CE13
Dispatcher:CE13;109622;25677;256;0;2;195;249;188;215
Listener:Sent_pong;216;F010
Dispatcher:F010;109664;24395;256;0;2;198;249;197;216
Listener:Sent_pong;216;FCED
Dispatcher:FCED;109711;29740;256;0;2;210;255;197;216
Listener:Sent_pong;216;2EDF
Dispatcher:2EDF;109744;51662;256;0;2;201;249;189;216
Listener:Sent_pong;216;0002
Dispatcher:0002;109799;28899;256;0;2;191;255;199;216
Listener:Sent_pong;216;904F
Dispatcher:904F;109847;27286;256;0;2;193;255;199;216
Listener:Sent_pong;216;9375
Dispatcher:9375;109887;28554;256;0;2;207;255;195;216
Listener:Sent_pong;216;C323
Dispatcher:C323;109958;32182;256;0;2;204;249;197;216
Listener:Sent_pong;216;A78F
Dispatcher:A78F;110002;33227;256;0;2;201;255;197;216
Listener:Sent_pong;217;A7E4
Dispatcher:A7E4;110097;28548;256;0;2;207;255;203;217
Listener:Sent_pong;216;67E2
Dispatcher:67E2;110090;37324;256;0;2;204;249;189;216
Listener:Sent_pong;216;CE13
Dispatcher:CE13;110130;35141;256;0;2;195;249;189;216
Listener:Sent_pong;217;F010
Dispatcher:F010;110173;28899;256;0;2;198;249;198;217
Listener:Sent_pong;217;FCED
Dispatcher:FCED;110227;34565;256;0;2;210;255;198;217
Listener:Sent_pong;217;2EDF
Dispatcher:2EDF;110260;34590;256;0;2;201;249;190;217
Listener:Sent_pong;217;0002
Dispatcher:0002;110308;35519;256;0;2;191;255;200;217
Listener:Sent_pong;217;904F
Dispatcher:904F;110355;26662;256;0;2;193;255;200;217
Listener:Sent_pong;217;9375
Dispatcher:9375;110395;26324;256;0;2;207;255;196;217
Listener:Sent_pong;217;C323
Dispatcher:C323;110465;32182;256;0;2;204;249;197;217
Listener:Sent_pong;217;E934
Dispatcher:E934;110482;32972;256;0;2;201;249;194;217
Listener:Sent_pong;218;A7E4
Dispatcher:A7E4;110605;31240;256;0;2;207;255;204;218
Listener:Sent_pong;217;8D93
Dispatcher:8D93;110569;27500;256;0;2;206;255;185;217
Listener:Sent_pong;217;67E2
Dispatcher:67E2;110613;52806;256;0;2;204;249;190;217
Listener:Sent_pong;218;F010
Dispatcher:F010;110682;28211;256;0;2;198;249;199;218
Listener:Sent_pong;218;FCED
Dispatcher:FCED;110735;26949;256;0;2;210;255;199;218
Listener:Sent_pong;218;2EDF
Dispatcher:2EDF;110779;40330;256;0;2;201;249;191;218
Listener:Sent_pong;218;0002
Dispatcher:0002;110816;28881;256;0;2;191;255;201;218
Listener:Sent_pong;218;904F
Dispatcher:904F;110863;29810;256;0;2;193;255;201;218
Listener:Sent_pong;218;9375
Dispatcher:9375;110903;27916;256;0;2;207;255;197;218
Listener:Sent_pong;218;C323
Dispatcher:C323;110973;37946;256;0;2;204;249;198;218
Listener:Sent_pong;218;E934
Dispatcher:E934;111015;79904;256;0;2;201;249;195;218
Listener:Sent_pong;218;8D93
Dispatcher:8D93;111076;49626;256;0;2;206;255;186;218
Listener:Sent_pong;218;67E2
Dispatcher:67E2;111123;33234;256;0;2;204;249;191;218
Listener:Sent_pong;218;CE13
Dispatcher:CE13;111157;38729;256;0;2;195;249;190;218
Listener:Sent_pong;219;F010
Dispatcher:F010;111189;27603;256;0;2;198;249;200;219
Listener:Sent_pong;219;FCED
Dispatcher:FCED;111243;33792;256;0;2;210;255;200;219
Listener:Sent_pong;219;2EDF
Dispatcher:2EDF;111286;26340;256;0;2;201;249;192;219
Listener:Sent_pong;219;0002
Dispatcher:0002;111329;31169;256;0;2;191;255;202;219
Listener:Sent_pong;219;904F
Dispatcher:904F;111372;27266;256;0;2;193;255;202;219
Listener:Sent_pong;219;9375
Dispatcher:9375;111411;26648;256;0;2;207;255;198;219
Listener:Sent_pong;219;C323
Dispatcher:C323;111482;27914;256;0;2;204;249;199;219
Listener:Sent_pong;219;E934
Dispatcher:E934;111523;79904;256;0;2;201;249;195;219
Listener:Sent_pong;219;A78F
Dispatcher:A78F;111555;58881;256;0;2;201;255;198;219
Listener:Sent_pong;219;8D93
Dispatcher:8D93;111584;31294;256;0;2;206;255;187;219
Listener:Sent_pong;220;A7E4
Dispatcher:A7E4;111629;31240;256;0;2;207;255;204;220
Listener:Sent_pong;219;67E2
Dispatcher:67E2;111631;25696;256;0;2;204;249;192;219
Listener:Sent_pong;220;F010
Dispatcher:F010;111696;26325;256;0;2;198;249;201;220
Listener:Sent_pong;220;FCED
Dispatcher:FCED;111750;23771;256;0;2;210;255;201;220
Listener:Sent_pong;220;2EDF
Dispatcher:2EDF;111795;30164;256;0;2;201;249;193;220
Listener:Sent_pong;220;0002
Dispatcher:0002;111837;27261;256;0;2;191;255;203;220
Listener:Sent_pong;220;904F
Dispatcher:904F;111886;37920;256;0;2;193;255;203;220
Listener:Sent_pong;220;9375
Dispatcher:9375;111919;26304;256;0;2;207;255;199;220
Listener:Sent_pong;220;C323
Dispatcher:C323;111989;27600;256;0;2;204;249;200;220
Listener:Sent_pong;220;E934
Dispatcher:E934;112032;27900;256;0;2;201;249;196;220
Listener:Sent_pong;220;A78F
Dispatcher:A78F;112064;29841;256;0;2;201;255;199;220
Listener:Sent_pong;220;8D93
Dispatcher:8D93;112093;30436;256;0;2;206;255;188;220
Listener:Sent_pong;221;A7E4
Dispatcher:A7E4;112153;49886;256;0;2;207;255;205;221
Listener:Sent_pong;220;67E2
Dispatcher:67E2;112157;59168;256;0;2;204;249;193;220
Listener:Sent_pong;221;F010
Dispatcher:F010;112214;46177;256;0;2;198;249;202;221
Listener:Sent_pong;220;CE13
Dispatcher:CE13;112207;26333;256;0;2;195;249;191;220
Listener:Sent_pong;221;FCED
Dispatcher:FCED;112257;28554;256;0;2;210;255;202;221
Listener:Sent_pong;221;2EDF
Dispatcher:2EDF;112312;36750;256;0;2;201;249;194;221
Listener:Sent_pong;221;0002
Dispatcher:0002;112345;28267;256;0;2;191;255;204;221
Listener:Sent_pong;221;904F
Dispatcher:904F;112399;32400;256;0;2;193;255;204;221
Listener:Sent_pong;221;9375
Dispatcher:9375;112426;27590;256;0;2;207;255;200;221
Listener:Sent_pong;221;C323
Dispatcher:C323;112497;32964;256;0;2;204;249;201;221
Listener:Sent_pong;221;E934
Dispatcher:E934;112540;28566;256;0;2;201;249;197;221
Listener:Sent_pong;221;A78F
Dispatcher:A78F;112572;27953;256;0;2;201;255;200;221
Listener:Sent_pong;221;8D93
Dispatcher:8D93;112601;27912;256;0;2;206;255;189;221
Listener:Sent_pong;222;A7E4
Dispatcher:A7E4;112661;27579;256;0;2;207;255;206;222
Listener:Sent_pong;221;67E2
Dispatcher:67E2;112665;25966;256;0;2;204;249;194;221
Listener:Sent_pong;222;F010
Dispatcher:F010;112723;30731;256;0;2;198;249;203;222
Listener:Sent_pong;221;CE13
Dispatcher:CE13;112750;59987;256;0;2;195;249;192;221
Listener:Sent_pong;222;FCED
Dispatcher:FCED;112771;31690;256;0;2;210;255;203;222
Listener:Sent_pong;222;2EDF
Dispatcher:2EDF;112828;36750;256;0;2;201;249;194;222
Listener:Sent_pong;222;0002
Dispatcher:0002;112876;51229;256;0;2;191;255;205;222
Listener:Sent_pong;222;904F
Dispatcher:904F;112906;25066;256;0;2;193;255;205;222
Listener:Sent_pong;222;9375
Dispatcher:9375;112934;26710;256;0;2;207;255;201;222
Listener:Sent_pong;222;C323
Dispatcher:C323;113004;27266;256;0;2;204;249;202;222
Listener:Sent_pong;222;E934
Dispatcher:E934;113047;32134;256;0;2;201;249;198;222
Listener:Sent_pong;222;A78F
Dispatcher:A78F;113078;25673;256;0;2;201;255;201;222
Listener:Sent_pong;222;8D93
Dispatcher:8D93;113108;26009;256;0;2;206;255;190;222
Listener:Sent_pong;223;A7E4
Dispatcher:A7E4;113169;54992;256;0;2;207;255;207;223
Listener:Sent_pong;222;67E2
Dispatcher:67E2;113199;54264;256;0;2;204;249;195;222
Listener:Sent_pong;223;F010
Dispatcher:F010;113231;28047;256;0;2;198;249;204;223
Listener:Sent_pong;222;CE13
Dispatcher:CE13;113258;26335;256;0;2;195;249;193;222
Listener:Sent_pong;223;FCED
Dispatcher:FCED;113280;25688;256;0;2;210;255;204;223
Listener:Sent_pong;223;2EDF
Dispatcher:2EDF;113335;32256;256;0;2;201;249;195;223
Listener:Sent_pong;223;0002
Dispatcher:0002;113384;27259;256;0;2;191;255;206;223
Listener:Sent_pong;223;904F
Dispatcher:904F;113415;26002;256;0;2;193;255;206;223
Listener:Sent_pong;223;9375
Dispatcher:9375;113450;34364;256;0;2;207;255;202;223
Listener:Sent_pong;223;C323
Dispatcher:C323;113513;26328;256;0;2;204;249;203;223
Listener:Sent_pong;223;E934
Dispatcher:E934;113560;30116;256;0;2;201;249;199;223
Listener:Sent_pong;223;A78F
Dispatcher:A78F;113586;25365;256;0;2;201;255;202;223
Listener:Sent_pong;223;8D93
Dispatcher:8D93;113615;26000;256;0;2;206;255;191;223
Listener:Sent_pong;224;A7E4
Dispatcher:A7E4;113676;30647;256;0;2;207;255;208;224
Listener:Sent_pong;223;67E2
Dispatcher:67E2;113708;26628;256;0;2;204;249;196;223
Listener:Sent_pong;224;F010
Dispatcher:F010;113739;26307;256;0;2;198;249;205;224
Listener:Sent_pong;223;CE13
Dispatcher:CE13;113767;26965;256;0;2;195;249;194;223
Listener:Sent_pong;224;FCED
Dispatcher:FCED;113787;27629;256;0;2;210;255;205;224
Listener:Sent_pong;224;2EDF
Dispatcher:2EDF;113843;26666;256;0;2;201;249;196;224
Listener:Sent_pong;224;0002
Dispatcher:0002;113896;30903;256;0;2;191;255;207;224
Listener:Sent_pong;224;904F
Dispatcher:904F;113924;28248;256;0;2;193;255;207;224
Listener:Sent_pong;224;9375
Dispatcher:9375;113959;55150;256;0;2;207;255;203;224
Listener:Sent_pong;224;C323
Dispatcher:C323;114021;24748;256;0;2;204;249;204;224
Listener:Sent_pong;224;E934
Dispatcher:E934;114068;30414;256;0;2;201;249;200;224
Listener:Sent_pong;224;A78F
Dispatcher:A78F;114094;28085;256;0;2;201;255;203;224
Listener:Sent_pong;224;8D93
Dispatcher:8D93;114122;24404;256;0;2;206;255;192;224
Listener:Sent_pong;225;A7E4
Dispatcher:A7E4;114183;23753;256;0;2;207;255;209;225
Listener:Sent_pong;224;67E2
Dispatcher:67E2;114215;25642;256;0;2;204;249;197;224
Listener:Sent_pong;225;F010
Dispatcher:F010;114248;29497;256;0;2;198;249;206;225
Listener:Sent_pong;224;CE13
Dispatcher:CE13;114275;30585;256;0;2;195;249;195;224
Listener:Sent_pong;225;FCED
Dispatcher:FCED;114302;33605;256;0;2;210;255;206;225
Listener:Sent_pong;225;2EDF
Dispatcher:2EDF;114351;26660;256;0;2;201;249;197;225
Listener:Sent_pong;225;0002
Dispatcher:0002;114403;26651;256;0;2;191;255;208;225
Listener:Sent_pong;225;904F
Dispatcher:904F;114432;27596;256;0;2;193;255;208;225
Listener:Sent_pong;225;9375
Dispatcher:9375;114466;23448;256;0;2;207;255;204;225
Listener:Sent_pong;225;C323
Dispatcher:C323;114528;27946;256;0;2;204;249;205;225
Listener:Sent_pong;225;E934
Dispatcher:E934;114576;30166;256;0;2;201;241;201;225
Listener:Sent_pong;225;A78F
Dispatcher:A78F;114602;29559;256;0;2;201;255;204;225
Listener:Sent_pong;225;8D93
Dispatcher:8D93;114629;26958;256;0;2;206;255;193;225
Listener:Sent_pong;226;A7E4
Dispatcher:A7E4;114690;27572;256;0;2;207;255;210;226
Listener:Sent_pong;225;67E2
Dispatcher:67E2;114724;27590;256;0;2;204;249;198;225
Listener:Sent_pong;225;CE13
Dispatcher:CE13;114783;23433;256;0;2;195;249;196;225
Listener:Sent_pong;226;FCED
Dispatcher:FCED;114810;24723;256;0;2;210;255;207;226
Listener:Sent_pong;226;2EDF
Dispatcher:2EDF;114858;23786;256;0;2;201;249;198;226
Listener:Sent_pong;226;0002
Dispatcher:0002;114919;34355;256;0;2;191;255;209;226
Listener:Sent_pong;226;904F
Dispatcher:904F;114942;26180;256;0;2;193;255;209;226
Listener:Sent_pong;226;9375
Dispatcher:9375;114973;22174;256;0;2;207;255;205;226
Listener:Sent_pong;226;C323
Dispatcher:C323;115037;27926;256;0;2;204;249;206;226
Listener:Sent_pong;226;E934
Dispatcher:E934;115084;28528;256;0;2;201;244;202;226
Listener:Sent_pong;226;A78F
Dispatcher:A78F;115110;33729;256;0;2;201;255;205;226
Listener:Sent_pong;226;8D93
Dispatcher:8D93;115140;27864;256;0;2;206;255;194;226
Listener:Sent_pong;227;A7E4
Dispatcher:A7E4;115199;26922;256;0;2;207;255;211;227
Listener:Sent_pong;226;67E2
Dispatcher:67E2;115240;35260;256;0;2;204;249;199;226
Listener:Sent_pong;226;CE13
Dispatcher:CE13;115293;38349;256;0;2;195;249;197;226
Listener:Sent_pong;227;F010
Dispatcher:F010;115289;26307;256;0;2;198;249;207;227
Listener:Sent_pong;227;2EDF
Dispatcher:2EDF;115366;29852;256;0;2;201;249;199;227
Listener:Sent_pong;227;0002
Dispatcher:0002;115428;38243;256;0;2;191;255;210;227
Listener:Sent_pong;227;904F
Dispatcher:904F;115461;37878;256;0;2;193;255;210;227
Listener:Sent_pong;227;9375
Dispatcher:9375;115481;25846;256;0;2;207;255;206;227
Listener:Sent_pong;227;C323
Dispatcher:C323;115545;25370;256;0;2;204;249;207;227
Listener:Sent_pong;227;E934
Dispatcher:E934;115591;23738;256;0;2;201;246;203;227
Listener:Sent_pong;227;A78F
Dispatcher:A78F;115617;27591;256;0;2;201;255;206;227
Listener:Sent_pong;228;A7E4
Dispatcher:A7E4;115709;27400;256;0;2;207;255;212;228
Listener:Sent_pong;227;67E2
Dispatcher:67E2;115749;27242;256;0;2;204;249;200;227
Listener:Sent_pong;228;F010
Dispatcher:F010;115796;67629;256;0;2;198;249;208;228
Listener:Sent_pong;228;FCED
Dispatcher:FCED;115864;35196;256;0;2;210;255;208;228
Listener:Sent_pong;228;0002
Dispatcher:0002;115935;26313;256;0;2;191;255;211;228
Listener:Sent_pong;228;904F
Dispatcher:904F;115969;28860;256;0;2;193;255;211;228
Listener:Sent_pong;228;9375
Dispatcher:9375;115993;32756;256;0;2;207;255;207;228
Listener:Sent_pong;228;C323
Dispatcher:C323;116058;31314;256;0;2;204;249;208;228
Listener:Sent_pong;228;E934
Dispatcher:E934;116100;31106;256;0;2;201;248;204;228
Listener:Sent_pong;228;A78F
Dispatcher:A78F;116126;27591;256;0;2;201;255;206;228
Listener:Sent_pong;229;A7E4
Dispatcher:A7E4;116223;36474;256;0;2;207;255;213;229
Listener:Sent_pong;228;67E2
Dispatcher:67E2;116257;27922;256;0;2;204;249;201;228
Listener:Sent_pong;229;F010
Dispatcher:F010;116305;50419;256;0;2;198;249;209;229
Listener:Sent_pong;228;CE13
Dispatcher:CE13;116334;30277;256;0;2;195;249;198;228
Listener:Sent_pong;229;FCED
Dispatcher:FCED;116371;31275;256;0;2;210;255;209;229
Listener:Sent_pong;229;2EDF
Dispatcher:2EDF;116398;25984;256;0;2;201;249;200;229
Listener:Sent_pong;229;0002
Dispatcher:0002;116443;26633;256;0;2;191;255;212;229
Listener:Sent_pong;229;904F
Dispatcher:904F;116483;30850;256;0;2;193;255;212;229
Listener:Sent_pong;229;C323
Dispatcher:C323;116566;29500;256;0;2;204;249;209;229
Listener:Sent_pong;229;E934
Dispatcher:E934;116609;30210;256;0;2;201;249;205;229
Listener:Sent_pong;229;A78F
Dispatcher:A78F;116633;25380;256;0;2;201;255;207;229
Listener:Sent_pong;230;A7E4
Dispatcher:A7E4;116732;54297;256;0;2;207;255;214;230
Listener:Sent_pong;229;8D93
Dispatcher:8D93;116735;28902;256;0;2;206;255;195;229
Listener:Sent_pong;229;67E2
Dispatcher:67E2;116765;27248;256;0;2;204;249;202;229
Listener:Sent_pong;230;F010
Dispatcher:F010;116812;23763;256;0;2;198;249;210;230
Listener:Sent_pong;229;CE13
Dispatcher:CE13;116843;30743;256;0;2;195;249;199;229
Listener:Sent_pong;230;FCED
Dispatcher:FCED;116879;27105;256;0;2;210;255;210;230
Listener:Sent_pong;230;2EDF
Dispatcher:2EDF;116910;30246;256;0;2;201;249;201;230
Listener:Sent_pong;230;0002
Dispatcher:0002;116951;26631;256;0;2;191;255;213;230
Listener:Sent_pong;230;904F
Dispatcher:904F;116990;37704;256;0;2;193;255;213;230
Listener:Sent_pong;230;9375
Dispatcher:9375;117016;28024;256;0;2;207;255;208;230
Listener:Sent_pong;230;C323
Dispatcher:C323;117074;24718;256;0;2;204;249;210;230
Listener:Sent_pong;230;E934
Dispatcher:E934;117117;27592;256;0;2;201;249;206;230
Listener:Sent_pong;230;A78F
Dispatcher:A78F;117139;24101;256;0;2;201;255;208;230
Listener:Sent_pong;231;A7E4
Dispatcher:A7E4;117244;30837;256;0;2;207;255;215;231
Listener:Sent_pong;230;8D93
Dispatcher:8D93;117243;26676;256;0;2;206;255;196;230
Listener:Sent_pong;230;67E2
Dispatcher:67E2;117272;26618;256;0;2;204;249;203;230
Listener:Sent_pong;231;F010
Dispatcher:F010;117320;25673;256;0;2;198;249;211;231
Listener:Sent_pong;230;CE13
Dispatcher:CE13;117349;25365;256;0;2;195;249;200;230
Listener:Sent_pong;231;FCED
Dispatcher:FCED;117386;25042;256;0;2;210;255;211;231
Listener:Sent_pong;231;2EDF
Dispatcher:2EDF;117426;36308;256;0;2;201;249;202;231
Listener:Sent_pong;231;904F
Dispatcher:904F;117499;58718;256;0;2;193;255;214;231
Listener:Sent_pong;231;9375
Dispatcher:9375;117550;53158;256;0;2;207;255;209;231
Listener:Sent_pong;231;C323
Dispatcher:C323;117582;27918;256;0;2;204;249;211;231
Listener:Sent_pong;231;E934
Dispatcher:E934;117630;27592;256;0;2;201;249;206;231
Listener:Sent_pong;231;A78F
Dispatcher:A78F;117663;44945;256;0;2;201;246;209;231
Listener:Sent_pong;232;A7E4
Dispatcher:A7E4;117753;34231;256;0;2;207;255;216;232
Listener:Sent_pong;231;8D93
Dispatcher:8D93;117751;25558;256;0;2;206;255;197;231
Listener:Sent_pong;231;67E2
Dispatcher:67E2;117781;27592;256;0;2;204;249;204;231
Listener:Sent_pong;232;F010
Dispatcher:F010;117827;27413;256;0;2;198;249;212;232
Listener:Sent_pong;231;CE13
Dispatcher:CE13;117857;24399;256;0;2;195;249;201;231
Listener:Sent_pong;232;FCED
Dispatcher:FCED;117895;29806;256;0;2;210;255;212;232
Listener:Sent_pong;232;2EDF
Dispatcher:2EDF;117935;70574;256;0;2;201;249;203;232
Listener:Sent_pong;232;0002
Dispatcher:0002;117990;28217;256;0;2;191;255;214;232
Listener:Sent_pong;232;904F
Dispatcher:904F;118007;28894;256;0;2;193;255;215;232
Listener:Sent_pong;232;9375
Dispatcher:9375;118059;28564;256;0;2;207;255;210;232
Listener:Sent_pong;232;C323
Dispatcher:C323;118090;28538;256;0;2;204;249;212;232
Listener:Sent_pong;232;E934
Dispatcher:E934;118139;27602;256;0;2;201;249;207;232
Listener:Sent_pong;232;A78F
Dispatcher:A78F;118170;26657;256;0;2;201;248;210;232
Listener:Sent_pong;233;A7E4
Dispatcher:A7E4;118261;28835;256;0;2;207;255;217;233
Listener:Sent_pong;232;8D93
Dispatcher:8D93;118262;29897;256;0;2;206;255;198;232
Listener:Sent_pong;232;67E2
Dispatcher:67E2;118288;24398;256;0;2;204;249;205;232
Listener:Sent_pong;233;F010
Dispatcher:F010;118335;25995;256;0;2;198;249;213;233
Listener:Sent_pong;232;CE13
Dispatcher:CE13;118364;26327;256;0;2;195;249;202;232
Listener:Sent_pong;233;FCED
Dispatcher:FCED;118403;26623;256;0;2;210;255;213;233
Listener:Sent_pong;233;2EDF
Dispatcher:2EDF;118442;25708;256;0;2;201;249;204;233
Listener:Sent_pong;233;0002
Dispatcher:0002;118498;41451;256;0;2;191;255;215;233
Listener:Sent_pong;233;904F
Dispatcher:904F;118536;50290;256;0;2;193;255;216;233
Listener:Sent_pong;233;9375
Dispatcher:9375;118566;27608;256;0;2;207;255;211;233
Listener:Sent_pong;233;C323
Dispatcher:C323;118598;25070;256;0;2;204;249;213;233
Listener:Sent_pong;233;E934
Dispatcher:E934;118646;23128;256;0;2;201;249;208;233
Listener:Sent_pong;233;A78F
Dispatcher:A78F;118677;23449;256;0;2;201;249;211;233
Listener:Sent_pong;234;A7E4
Dispatcher:A7E4;118770;26294;256;0;2;207;255;218;234
Listener:Sent_pong;233;8D93
Dispatcher:8D93;118778;32602;256;0;2;206;255;199;233
Listener:Sent_pong;234;F010
Dispatcher:F010;118844;28881;256;0;2;198;249;214;234
Listener:Sent_pong;234;FCED
Dispatcher:FCED;118910;23743;256;0;2;210;255;214;234
Listener:Sent_pong;234;2EDF
Dispatcher:2EDF;118948;27630;256;0;2;201;249;205;234
Listener:Sent_pong;234;0002
Dispatcher:0002;119006;25703;256;0;2;191;255;216;234
Listener:Sent_pong;234;904F
Dispatcher:904F;119044;24070;256;0;2;193;255;217;234
Listener:Sent_pong;234;9375
Dispatcher:9375;119075;27904;256;0;2;207;255;212;234
Listener:Sent_pong;234;C323
Dispatcher:C323;119106;28238;256;0;2;204;249;214;234
Listener:Sent_pong;234;E934
Dispatcher:E934;119168;51656;256;0;2;201;249;209;234
Listener:Sent_pong;234;A78F
Dispatcher:A78F;119206;47307;256;0;2;201;249;212;234
Listener:Sent_pong;235;A7E4
Dispatcher:A7E4;119278;27595;256;0;2;207;255;219;235
Listener:Sent_pong;234;8D93
Dispatcher:8D93;119285;58584;256;0;2;206;255;200;234
Listener:Sent_pong;234;67E2
Dispatcher:67E2;119347;33154;256;0;2;204;249;206;234
Listener:Sent_pong;235;FCED
Dispatcher:FCED;119430;43415;256;0;2;210;255;215;235
Listener:Sent_pong;235;2EDF
Dispatcher:2EDF;119464;34308;256;0;2;201;249;206;235
Listener:Sent_pong;234;CE13
Dispatcher:CE13;119434;26467;256;0;2;195;249;203;234
Listener:Sent_pong;235;0002
Dispatcher:0002;119514;26647;256;0;2;191;255;217;235
Listener:Sent_pong;235;904F
Dispatcher:904F;119552;25356;256;0;2;193;255;218;235
Listener:Sent_pong;235;9375
Dispatcher:9375;119582;28214;256;0;2;207;255;213;235
Listener:Sent_pong;235;C323
Dispatcher:C323;119615;29196;256;0;2;204;249;215;235
Listener:Sent_pong;235;E934
Dispatcher:E934;119676;29500;256;0;2;201;249;210;235
Listener:Sent_pong;235;A78F
Dispatcher:A78F;119719;33723;256;0;2;201;249;213;235
Listener:Sent_pong;236;A7E4
Dispatcher:A7E4;119787;29171;256;0;2;207;255;220;236
Listener:Sent_pong;235;8D93
Dispatcher:8D93;119794;29553;256;0;2;206;255;201;235
Listener:Sent_pong;235;67E2
Dispatcher:67E2;119854;27972;256;0;2;204;249;207;235
Listener:Sent_pong;236;FCED
Dispatcher:FCED;119937;23746;256;0;2;210;255;216;236
Listener:Sent_pong;235;CE13
Dispatcher:CE13;119966;75029;256;0;2;195;249;204;235
Listener:Sent_pong;236;0002
Dispatcher:0002;120021;28387;256;0;2;191;255;218;236
Listener:Sent_pong;236;904F
Dispatcher:904F;120060;26628;256;0;2;193;255;219;236
Listener:Sent_pong;236;9375
Dispatcher:9375;120091;26956;256;0;2;207;255;214;236
Listener:Sent_pong;236;C323
Dispatcher:C323;120124;30304;256;0;2;204;249;216;236
Listener:Sent_pong;236;E934
Dispatcher:E934;120184;25028;256;0;2;201;249;211;236
Listener:Sent_pong;236;A78F
Dispatcher:A78F;120225;26643;256;0;2;201;249;214;236
Listener:Sent_pong;237;A7E4
Dispatcher:A7E4;120296;26933;256;0;2;207;255;221;237
Listener:Sent_pong;236;8D93
Dispatcher:8D93;120301;25352;256;0;2;206;255;202;236
Listener:Sent_pong;236;67E2
Dispatcher:67E2;120361;33698;256;0;2;204;249;208;236
Listener:Sent_pong;237;FCED
Dispatcher:FCED;120450;32205;256;0;2;210;255;217;237
Listener:Sent_pong;237;2EDF
Dispatcher:2EDF;120478;27706;256;0;2;201;249;207;237
Listener:Sent_pong;236;CE13
Dispatcher:CE13;120513;66747;256;0;2;195;249;205;236
Listener:Sent_pong;237;0002
Dispatcher:0002;120538;43325;256;0;2;191;255;219;237
Listener:Sent_pong;237;904F
Dispatcher:904F;120569;25122;256;0;2;193;255;220;237
Listener:Sent_pong;237;9375
Dispatcher:9375;120599;26626;256;0;2;207;255;215;237
Listener:Sent_pong;237;C323
Dispatcher:C323;120631;23448;256;0;2;204;249;217;237
Listener:Sent_pong;237;E934
Dispatcher:E934;120692;29508;256;0;2;201;249;212;237
Listener:Sent_pong;237;A78F
Dispatcher:A78F;120734;29831;256;0;2;201;249;215;237
Listener:Sent_pong;238;A7E4
Dispatcher:A7E4;120805;25657;256;0;2;207;255;222;238
Listener:Sent_pong;237;8D93
Dispatcher:8D93;120810;28249;256;0;2;206;255;203;237
Listener:Sent_pong;237;67E2
Dispatcher:67E2;120870;25994;256;0;2;204;249;209;237
Listener:Sent_pong;238;FCED
Dispatcher:FCED;120958;25683;256;0;2;210;255;218;238
Listener:Sent_pong;238;2EDF
Dispatcher:2EDF;120987;25454;256;0;2;201;249;208;238
Listener:Sent_pong;237;CE13
Dispatcher:CE13;121020;26623;256;0;2;195;249;206;237
Listener:Sent_pong;238;0002
Dispatcher:0002;121046;27985;256;0;2;191;255;220;238
Listener:Sent_pong;238;904F
Dispatcher:904F;121076;29526;256;0;2;193;255;221;238
Listener:Sent_pong;238;9375
Dispatcher:9375;121108;29182;256;0;2;207;255;216;238
Listener:Sent_pong;238;C323
Dispatcher:C323;121140;29500;256;0;2;204;249;218;238
Listener:Sent_pong;238;E934
Dispatcher:E934;121200;24730;256;0;2;201;249;213;238
Listener:Sent_pong;238;A78F
Dispatcher:A78F;121242;25037;256;0;2;201;249;216;238
Listener:Sent_pong;239;A7E4
Dispatcher:A7E4;121318;30849;256;0;2;207;255;223;239
Listener:Sent_pong;238;8D93
Dispatcher:8D93;121317;26011;256;0;2;206;255;204;238
Listener:Sent_pong;238;67E2
Dispatcher:67E2;121378;45278;256;0;2;204;249;210;238
Listener:Sent_pong;239;F010
Dispatcher:F010;121419;28881;256;0;2;198;249;214;239
Listener:Sent_pong;239;FCED
Dispatcher:FCED;121465;27598;256;0;2;210;255;219;239
Listener:Sent_pong;239;2EDF
Dispatcher:2EDF;121499;30944;256;0;2;201;249;209;239
Listener:Sent_pong;238;CE13
Dispatcher:CE13;121528;25349;256;0;2;195;249;207;238
Listener:Sent_pong;239;0002
Dispatcher:0002;121553;24083;256;0;2;191;255;221;239
Listener:Sent_pong;239;904F
Dispatcher:904F;121585;39008;256;0;2;193;255;222;239
Listener:Sent_pong;239;9375
Dispatcher:9375;121618;28576;256;0;2;207;255;217;239
Listener:Sent_pong;239;C323
Dispatcher:C323;121648;26992;256;0;2;204;249;219;239
Listener:Sent_pong;239;E934
Dispatcher:E934;121707;27294;256;0;2;201;249;214;239
Listener:Sent_pong;239;A78F
Dispatcher:A78F;121750;27261;256;0;2;201;249;217;239
Listener:Sent_pong;240;A7E4
Dispatcher:A7E4;121825;25667;256;0;2;207;255;224;240
Listener:Sent_pong;239;8D93
Dispatcher:8D93;121826;29830;256;0;2;206;255;205;239
Listener:Sent_pong;239;67E2
Dispatcher:67E2;121884;26002;256;0;2;204;249;211;239
Listener:Sent_pong;240;F010
Dispatcher:F010;121927;26957;256;0;2;198;249;215;240
Listener:Sent_pong;240;FCED
Dispatcher:FCED;121974;29832;256;0;2;210;255;220;240
Listener:Sent_pong;240;2EDF
Dispatcher:2EDF;122006;27298;256;0;2;201;249;210;240
Listener:Sent_pong;239;CE13
Dispatcher:CE13;122036;27599;256;0;2;195;249;208;239
Listener:Sent_pong;240;0002
Dispatcher:0002;122062;28065;256;0;2;191;255;222;240
Listener:Sent_pong;240;904F
Dispatcher:904F;122094;39214;256;0;2;193;255;223;240
Listener:Sent_pong;240;9375
Dispatcher:9375;122126;27164;256;0;2;207;255;218;240
Listener:Sent_pong;240;C323
Dispatcher:C323;122155;23752;256;0;2;204;249;220;240
Listener:Sent_pong;240;E934
Dispatcher:E934;122215;32970;256;0;2;201;249;215;240
Listener:Sent_pong;240;A78F
Dispatcher:A78F;122258;25991;256;0;2;201;249;218;240
Listener:Sent_pong;241;A7E4
Dispatcher:A7E4;122332;23112;256;0;2;207;255;225;241
Listener:Sent_pong;240;8D93
Dispatcher:8D93;122335;28261;256;0;2;206;255;206;240
Listener:Sent_pong;240;67E2
Dispatcher:67E2;122392;27236;256;0;2;204;249;212;240
Listener:Sent_pong;241;F010
Dispatcher:F010;122439;30621;256;0;2;198;249;216;241
Listener:Sent_pong;241;FCED
Dispatcher:FCED;122483;28552;256;0;2;210;255;221;241
Listener:Sent_pong;241;2EDF
Dispatcher:2EDF;122514;27446;256;0;2;201;249;211;241
Listener:Sent_pong;240;CE13
Dispatcher:CE13;122543;26321;256;0;2;195;249;209;240
Listener:Sent_pong;241;0002
Dispatcher:0002;122570;26615;256;0;2;191;255;223;241
Listener:Sent_pong;241;904F
Dispatcher:904F;122602;25374;256;0;2;193;255;224;241
Listener:Sent_pong;241;9375
Dispatcher:9375;122640;30202;256;0;2;207;255;219;241
Listener:Sent_pong;241;C323
Dispatcher:C323;122663;25700;256;0;2;204;249;221;241
Listener:Sent_pong;241;E934
Dispatcher:E934;122724;29842;256;0;2;201;249;216;241
Listener:Sent_pong;241;A78F
Dispatcher:A78F;122767;26307;256;0;2;201;249;219;241
Listener:Sent_pong;242;A7E4
Dispatcher:A7E4;122839;23425;256;0;2;207;255;226;242
Listener:Sent_pong;241;8D93
Dispatcher:8D93;122852;35315;256;0;2;206;255;207;241
Listener:Sent_pong;241;67E2
Dispatcher:67E2;122900;27906;256;0;2;204;249;213;241
Listener:Sent_pong;242;F010
Dispatcher:F010;122947;45403;256;0;2;198;249;217;242
Listener:Sent_pong;242;FCED
Dispatcher:FCED;122991;26953;256;0;2;210;255;222;242
Listener:Sent_pong;242;2EDF
Dispatcher:2EDF;123022;28252;256;0;2;201;249;212;242
Listener:Sent_pong;241;CE13
Dispatcher:CE13;123052;33267;256;0;2;195;249;210;241
Listener:Sent_pong;242;0002
Dispatcher:0002;123096;49783;256;0;2;191;255;224;242
Listener:Sent_pong;242;904F
Dispatcher:904F;123124;39676;256;0;2;193;255;225;242
Listener:Sent_pong;242;9375
Dispatcher:9375;123148;31704;256;0;2;207;255;220;242
Listener:Sent_pong;242;C323
Dispatcher:C323;123177;35138;256;0;2;204;249;222;242
Listener:Sent_pong;242;E934
Dispatcher:E934;123232;29824;256;0;2;201;249;217;242
Listener:Sent_pong;242;A78F
Dispatcher:A78F;123275;24715;256;0;2;201;249;220;242
Listener:Sent_pong;243;A7E4
Dispatcher:A7E4;123348;26620;256;0;2;207;255;227;243
Listener:Sent_pong;242;8D93
Dispatcher:8D93;123361;52696;256;0;2;206;255;208;242
Listener:Sent_pong;242;67E2
Dispatcher:67E2;123410;27106;256;0;2;204;249;214;242
Listener:Sent_pong;243;F010
Dispatcher:F010;123456;26651;256;0;2;198;249;218;243
Listener:Sent_pong;243;FCED
Dispatcher:FCED;123499;27613;256;0;2;210;255;223;243
Listener:Sent_pong;243;2EDF
Dispatcher:2EDF;123531;28936;256;0;2;201;249;213;243
Listener:Sent_pong;242;CE13
Dispatcher:CE13;123560;29825;256;0;2;195;249;211;242
Listener:Sent_pong;243;0002
Dispatcher:0002;123603;25643;256;0;2;191;255;225;243
Listener:Sent_pong;243;904F
Dispatcher:904F;123631;23770;256;0;2;193;255;226;243
Listener:Sent_pong;243;9375
Dispatcher:9375;123655;23410;256;0;2;207;255;221;243
Listener:Sent_pong;243;C323
Dispatcher:C323;123684;26976;256;0;2;204;249;223;243
Listener:Sent_pong;243;E934
Dispatcher:E934;123745;29318;256;0;2;201;249;218;243
Listener:Sent_pong;243;A78F
Dispatcher:A78F;123792;35621;256;0;2;201;249;221;243
Listener:Sent_pong;244;A7E4
Dispatcher:A7E4;123856;25374;256;0;2;207;255;228;244
Listener:Sent_pong;243;8D93
Dispatcher:8D93;123867;23160;256;0;2;206;255;209;243
Listener:Sent_pong;243;67E2
Dispatcher:67E2;123917;26636;256;0;2;204;249;215;243
Listener:Sent_pong;244;F010
Dispatcher:F010;123963;28865;256;0;2;198;249;219;244
Listener:Sent_pong;244;FCED
Dispatcher:FCED;124007;28262;256;0;2;210;255;224;244
Listener:Sent_pong;244;2EDF
Dispatcher:2EDF;124040;27284;256;0;2;201;249;214;244
Listener:Sent_pong;243;CE13
Dispatcher:CE13;124069;29813;256;0;2;195;249;212;243
Listener:Sent_pong;244;0002
Dispatcher:0002;124112;31723;256;0;2;191;255;226;244
Listener:Sent_pong;244;904F
Dispatcher:904F;124139;28750;256;0;2;193;255;227;244
Listener:Sent_pong;244;9375
Dispatcher:9375;124163;26024;256;0;2;207;255;222;244
Listener:Sent_pong;244;C323
Dispatcher:C323;124192;28236;256;0;2;204;249;224;244
Listener:Sent_pong;244;E934
Dispatcher:E934;124252;28556;256;0;2;201;249;219;244
Listener:Sent_pong;244;A78F
Dispatcher:A78F;124300;35621;256;0;2;201;249;221;244
Listener:Sent_pong;245;A7E4
Dispatcher:A7E4;124378;38685;256;0;2;207;255;229;245
Listener:Sent_pong;244;8D93
Dispatcher:8D93;124374;23186;256;0;2;206;255;210;244
Listener:Sent_pong;244;67E2
Dispatcher:67E2;124424;25976;256;0;2;204;249;216;244
Listener:Sent_pong;245;F010
Dispatcher:F010;124472;29843;256;0;2;198;249;220;245
Listener:Sent_pong;245;FCED
Dispatcher:FCED;124514;27059;256;0;2;210;255;225;245
Listener:Sent_pong;245;2EDF
Dispatcher:2EDF;124549;28270;256;0;2;201;249;215;245
Listener:Sent_pong;244;CE13
Dispatcher:CE13;124578;28533;256;0;2;195;249;213;244
Listener:Sent_pong;245;0002
Dispatcher:0002;124621;32507;256;0;2;191;255;227;245
Listener:Sent_pong;245;904F
Dispatcher:904F;124650;32914;256;0;2;193;255;228;245
Listener:Sent_pong;245;9375
Dispatcher:9375;124673;28380;256;0;2;207;255;223;245
Listener:Sent_pong;245;C323
Dispatcher:C323;124700;27926;256;0;2;204;249;225;245
Listener:Sent_pong;245;E934
Dispatcher:E934;124759;24708;256;0;2;201;249;220;245
Listener:Sent_pong;245;A78F
Dispatcher:A78F;124808;28231;256;0;2;201;249;222;245
Listener:Sent_pong;246;A7E4
Dispatcher:A7E4;124887;27894;256;0;2;207;255;230;246
Listener:Sent_pong;245;8D93
Dispatcher:8D93;124881;25043;256;0;2;206;255;211;245
Listener:Sent_pong;245;67E2
Dispatcher:67E2;124933;28536;256;0;2;204;249;217;245
Listener:Sent_pong;246;F010
Dispatcher:F010;124981;28239;256;0;2;198;249;221;246
Listener:Sent_pong;246;FCED
Dispatcher:FCED;125023;30469;256;0;2;210;255;226;246
Listener:Sent_pong;246;2EDF
Dispatcher:2EDF;125057;27916;256;0;2;201;249;216;246
Listener:Sent_pong;245;CE13
Dispatcher:CE13;125087;29511;256;0;2;195;249;214;245
Listener:Sent_pong;246;0002
Dispatcher:0002;125129;25059;256;0;2;191;255;228;246
Listener:Sent_pong;246;904F
Dispatcher:904F;125158;27957;256;0;2;193;255;229;246
Listener:Sent_pong;246;9375
Dispatcher:9375;125180;27630;256;0;2;207;255;224;246
Listener:Sent_pong;246;C323
Dispatcher:C323;125208;27908;256;0;2;204;249;226;246
Listener:Sent_pong;246;E934
Dispatcher:E934;125266;24398;256;0;2;201;249;221;246
Listener:Sent_pong;246;A78F
Dispatcher:A78F;125314;24129;256;0;2;201;249;223;246
Listener:Sent_pong;247;A7E4
Dispatcher:A7E4;125394;26955;256;0;2;207;255;231;247
Listener:Sent_pong;246;8D93
Dispatcher:8D93;125388;23447;256;0;2;206;255;212;246
Listener:Sent_pong;246;67E2
Dispatcher:67E2;125441;24702;256;0;2;204;249;218;246
Listener:Sent_pong;247;F010
Dispatcher:F010;125488;41729;256;0;2;198;249;222;247
Listener:Sent_pong;247;FCED
Dispatcher:FCED;125531;26947;256;0;2;210;255;227;247
Listener:Sent_pong;247;2EDF
Dispatcher:2EDF;125573;35144;256;0;2;201;249;217;247
Listener:Sent_pong;246;CE13
Dispatcher:CE13;125598;32809;256;0;2;195;249;215;246
Listener:Sent_pong;247;0002
Dispatcher:0002;125637;26951;256;0;2;191;255;229;247
Listener:Sent_pong;247;904F
Dispatcher:904F;125673;37692;256;0;2;193;255;230;247
Listener:Sent_pong;247;9375
Dispatcher:9375;125697;35284;256;0;2;207;255;225;247
Listener:Sent_pong;247;C323
Dispatcher:C323;125721;32022;256;0;2;204;249;227;247
Listener:Sent_pong;247;E934
Dispatcher:E934;125779;34040;256;0;2;201;249;222;247
Listener:Sent_pong;247;A78F
Dispatcher:A78F;125821;28557;256;0;2;201;249;224;247
Listener:Sent_pong;248;A7E4
Dispatcher:A7E4;125903;34848;256;0;2;207;255;232;248
Listener:Sent_pong;247;8D93
Dispatcher:8D93;125909;39536;256;0;2;206;255;213;247
Listener:Sent_pong;247;67E2
Dispatcher:67E2;125949;28224;256;0;2;204;249;219;247
Listener:Sent_pong;248;F010
Dispatcher:F010;125995;27603;256;0;2;198;249;223;248
Listener:Sent_pong;248;FCED
Dispatcher:FCED;126040;25366;256;0;2;210;255;228;248
Listener:Sent_pong;248;2EDF
Dispatcher:2EDF;126081;38088;256;0;2;201;249;218;248
Listener:Sent_pong;247;CE13
Dispatcher:CE13;126118;38429;256;0;2;195;249;216;247
Listener:Sent_pong;248;0002
Dispatcher:0002;126146;28553;256;0;2;191;255;230;248
Listener:Sent_pong;248;904F
Dispatcher:904F;126181;27536;256;0;2;193;255;231;248
Listener:Sent_pong;248;9375
Dispatcher:9375;126204;24056;256;0;2;207;255;226;248
Listener:Sent_pong;248;C323
Dispatcher:C323;126230;27922;256;0;2;204;249;228;248
Listener:Sent_pong;248;E934
Dispatcher:E934;126288;34908;256;0;2;201;249;223;248
Listener:Sent_pong;248;A78F
Dispatcher:A78F;126328;24401;256;0;2;201;249;225;248
Listener:Sent_pong;249;A7E4
Dispatcher:A7E4;126410;27578;256;0;2;207;255;233;249
Listener:Sent_pong;248;8D93
Dispatcher:8D93;126415;25042;256;0;2;206;255;214;248
Listener:Sent_pong;248;67E2
Dispatcher:67E2;126457;26968;256;0;2;204;249;220;248
Listener:Sent_pong;249;F010
Dispatcher:F010;126502;28061;256;0;2;198;249;224;249
Listener:Sent_pong;249;FCED
Dispatcher:FCED;126547;25812;256;0;2;210;255;229;249
Listener:Sent_pong;249;2EDF
Dispatcher:2EDF;126588;25402;256;0;2;201;249;219;249
Listener:Sent_pong;248;CE13
Dispatcher:CE13;126625;26323;256;0;2;195;249;217;248
Listener:Sent_pong;249;0002
Dispatcher:0002;126653;23745;256;0;2;191;255;231;249
Listener:Sent_pong;249;904F
Dispatcher:904F;126689;25694;256;0;2;193;255;232;249
Listener:Sent_pong;249;9375
Dispatcher:9375;126714;26230;256;0;2;207;255;227;249
Listener:Sent_pong;249;C323
Dispatcher:C323;126739;29854;256;0;2;204;249;229;249
Listener:Sent_pong;249;E934
Dispatcher:E934;126796;24712;256;0;2;201;249;224;249
Listener:Sent_pong;249;A78F
Dispatcher:A78F;126835;26349;256;0;2;201;249;226;249
Listener:Sent_pong;250;A7E4
Dispatcher:A7E4;126919;28851;256;0;2;207;255;234;250
Listener:Sent_pong;249;8D93
Dispatcher:8D93;126924;30433;256;0;2;206;255;215;249
Listener:Sent_pong;249;67E2
Dispatcher:67E2;126966;30808;256;0;2;204;249;221;249
Listener:Sent_pong;250;F010
Dispatcher:F010;127009;27269;256;0;2;198;249;225;250
Listener:Sent_pong;250;FCED
Dispatcher:FCED;127055;25972;256;0;2;210;255;230;250
Listener:Sent_pong;250;2EDF
Dispatcher:2EDF;127095;24118;256;0;2;201;249;220;250
Listener:Sent_pong;249;CE13
Dispatcher:CE13;127137;27335;256;0;2;195;249;218;249
Listener:Sent_pong;250;0002
Dispatcher:0002;127160;23743;256;0;2;191;255;232;250
Listener:Sent_pong;250;904F
Dispatcher:904F;127197;26340;256;0;2;193;255;233;250
Listener:Sent_pong;250;9375
Dispatcher:9375;127221;24796;256;0;2;207;255;228;250
Listener:Sent_pong;250;C323
Dispatcher:C323;127248;26628;256;0;2;204;249;230;250
Listener:Sent_pong;250;E934
Dispatcher:E934;127302;24742;256;0;2;201;249;225;250
Listener:Sent_pong;250;A78F
Dispatcher:A78F;127342;25031;256;0;2;201;249;227;250
Listener:Sent_pong;251;A7E4
Dispatcher:A7E4;127428;25650;256;0;2;207;255;235;251
Listener:Sent_pong;250;8D93
Dispatcher:8D93;127433;41176;256;0;2;206;255;216;250
Listener:Sent_pong;250;67E2
Dispatcher:67E2;127474;25982;256;0;2;204;249;222;250
Listener:Sent_pong;251;F010
Dispatcher:F010;127517;24693;256;0;2;198;249;226;251
Listener:Sent_pong;251;FCED
Dispatcher:FCED;127562;27610;256;0;2;210;255;231;251
Listener:Sent_pong;251;2EDF
Dispatcher:2EDF;127602;23140;256;0;2;201;249;221;251
Listener:Sent_pong;250;CE13
Dispatcher:CE13;127644;32379;256;0;2;195;249;219;250
Listener:Sent_pong;251;0002
Dispatcher:0002;127676;37613;256;0;2;191;255;233;251
Listener:Sent_pong;251;904F
Dispatcher:904F;127704;28574;256;0;2;193;255;234;251
Listener:Sent_pong;251;C323
Dispatcher:C323;127759;29018;256;0;2;204;249;231;251
Listener:Sent_pong;251;E934
Dispatcher:E934;127810;26022;256;0;2;201;249;226;251
Listener:Sent_pong;251;A78F
Dispatcher:A78F;127850;29649;256;0;2;201;249;228;251
Listener:Sent_pong;252;A7E4
Dispatcher:A7E4;127936;28877;256;0;2;207;255;236;252
Listener:Sent_pong;251;8D93
Dispatcher:8D93;127941;27296;256;0;2;206;255;217;251
Listener:Sent_pong;251;67E2
Dispatcher:67E2;127983;29486;256;0;2;204;249;223;251
Listener:Sent_pong;252;F010
Dispatcher:F010;128024;24725;256;0;2;198;249;227;252
Listener:Sent_pong;252;FCED
Dispatcher:FCED;128070;29830;256;0;2;210;255;232;252
Listener:Sent_pong;252;2EDF
Dispatcher:2EDF;128110;27608;256;0;2;201;249;222;252
Listener:Sent_pong;251;CE13
Dispatcher:CE13;128162;33527;256;0;2;195;249;220;251
Listener:Sent_pong;252;0002
Dispatcher:0002;128196;38131;256;0;2;191;255;234;252
Listener:Sent_pong;252;904F
Dispatcher:904F;128218;60450;256;0;2;193;255;235;252
Listener:Sent_pong;252;9375
Dispatcher:9375;128260;23430;256;0;2;207;255;229;252
Listener:Sent_pong;252;E934
Dispatcher:E934;128318;35036;256;0;2;201;249;227;252
Listener:Sent_pong;252;A78F
Dispatcher:A78F;128358;26639;256;0;2;201;249;229;252
Listener:Sent_pong;253;A7E4
Dispatcher:A7E4;128443;25008;256;0;2;207;255;237;253
Listener:Sent_pong;252;8D93
Dispatcher:8D93;128449;28238;256;0;2;206;255;218;252
Listener:Sent_pong;252;67E2
Dispatcher:67E2;128492;29526;256;0;2;204;249;224;252
Listener:Sent_pong;253;F010
Dispatcher:F010;128531;23443;256;0;2;198;249;228;253
Listener:Sent_pong;253;FCED
Dispatcher:FCED;128579;30904;256;0;2;210;255;233;253
Listener:Sent_pong;253;2EDF
Dispatcher:2EDF;128618;26336;256;0;2;201;249;223;253
Listener:Sent_pong;252;CE13
Dispatcher:CE13;128669;23449;256;0;2;195;249;221;252
Listener:Sent_pong;253;0002
Dispatcher:0002;128711;39909;256;0;2;191;255;235;253
Listener:Sent_pong;253;904F
Dispatcher:904F;128740;41022;256;0;2;193;255;236;253
Listener:Sent_pong;253;9375
Dispatcher:9375;128768;29548;256;0;2;207;255;230;253
Listener:Sent_pong;253;E934
Dispatcher:E934;128826;26962;256;0;2;201;249;228;253
Listener:Sent_pong;253;A78F
Dispatcher:A78F;128866;26987;256;0;2;201;249;230;253
Listener:Sent_pong;254;A7E4
Dispatcher:A7E4;128951;25990;256;0;2;207;255;238;254
Listener:Sent_pong;253;8D93
Dispatcher:8D93;128956;25045;256;0;2;206;255;219;253
Listener:Sent_pong;253;67E2
Dispatcher:67E2;129000;27216;256;0;2;204;249;225;253
Listener:Sent_pong;254;F010
Dispatcher:F010;129038;26313;256;0;2;198;249;229;254
Listener:Sent_pong;254;FCED
Dispatcher:FCED;129087;27581;256;0;2;210;255;234;254
Listener:Sent_pong;254;2EDF
Dispatcher:2EDF;129126;24726;256;0;2;201;249;224;254
Listener:Sent_pong;253;CE13
Dispatcher:CE13;129175;23423;256;0;2;195;249;222;253
Listener:Sent_pong;254;0002
Dispatcher:0002;129218;30401;256;0;2;191;255;236;254
Listener:Sent_pong;254;904F
Dispatcher:904F;129247;24404;256;0;2;193;255;237;254
Listener:Sent_pong;254;9375
Dispatcher:9375;129275;42722;256;0;2;207;255;231;254
Listener:Sent_pong;254;C323
Dispatcher:C323;129310;33762;256;0;2;204;249;232;254
Listener:Sent_pong;254;E934
Dispatcher:E934;129334;32332;256;0;2;201;249;229;254
Listener:Sent_pong;254;A78F
Dispatcher:A78F;129373;25671;256;0;2;201;249;231;254
Listener:Sent_pong;255;A7E4
Dispatcher:A7E4;129463;33075;256;0;2;207;255;239;255
Listener:Sent_pong;254;8D93
Dispatcher:8D93;129464;23463;256;0;2;206;255;220;254
Listener:Sent_pong;254;67E2
Dispatcher:67E2;129508;24406;256;0;2;204;249;226;254
Listener:Sent_pong;255;F010
Dispatcher:F010;129545;24697;256;0;2;198;249;230;255
Listener:Sent_pong;255;FCED
Dispatcher:FCED;129596;28548;256;0;2;210;255;235;255
Listener:Sent_pong;255;2EDF
Dispatcher:2EDF;129633;25364;256;0;2;201;249;225;255
Listener:Sent_pong;254;CE13
Dispatcher:CE13;129683;26663;256;0;2;195;249;223;254
Listener:Sent_pong;255;0002
Dispatcher:0002;129726;25351;256;0;2;191;255;237;255
Listener:Sent_pong;255;904F
Dispatcher:904F;129756;24728;256;0;2;193;255;238;255
Listener:Sent_pong;255;9375
Dispatcher:9375;129784;28874;256;0;2;207;255;232;255
Listener:Sent_pong;255;C323
Dispatcher:C323;129818;33762;256;0;2;204;249;232;255
Listener:Sent_pong;255;E934
Dispatcher:E934;129854;42126;256;0;2;201;249;230;255
Listener:Sent_pong;255;A78F
Dispatcher:A78F;129880;26645;256;0;2;201;249;232;255
Listener:Sent_pong;256;A7E4
Dispatcher:A7E4;129971;28873;256;0;2;207;255;240;256
Listener:Sent_pong;255;8D93
Dispatcher:8D93;129972;25378;256;0;2;206;255;221;255
Listener:Sent_pong;255;67E2
Dispatcher:67E2;130016;25348;256;0;2;204;249;227;255
Listener:Sent_pong;256;F010
Dispatcher:F010;130052;26313;256;0;2;198;249;231;256
Listener:Sent_pong;256;FCED
Dispatcher:FCED;130104;26324;256;0;2;210;255;236;256
Listener:Sent_pong;256;2EDF
Dispatcher:2EDF;130140;27312;256;0;2;201;249;226;256
Listener:Sent_pong;255;CE13
Dispatcher:CE13;130192;27627;256;0;2;195;249;224;255
Listener:Sent_pong;256;0002
Dispatcher:0002;130235;29851;256;0;2;191;255;238;256
Listener:Sent_pong;256;904F
Dispatcher:904F;130268;28914;256;0;2;193;255;239;256
Listener:Sent_pong;256;9375
Dispatcher:9375;130292;26636;256;0;2;207;255;233;256
Listener:Sent_pong;256;C323
Dispatcher:C323;130326;28240;256;0;2;204;249;233;256
Listener:Sent_pong;256;E934
Dispatcher:E934;130362;33608;256;0;2;201;249;231;256
Listener:Sent_pong;256;A78F
Dispatcher:A78F;130390;30121;256;0;2;201;249;233;256
Listener:Sent_pong;257;A7E4
Dispatcher:A7E4;130480;27276;256;0;2;207;255;241;257
Listener:Sent_pong;256;8D93
Dispatcher:8D93;130481;29503;256;0;2;206;255;222;256
Listener:Sent_pong;256;67E2
Dispatcher:67E2;130524;24704;256;0;2;204;249;228;256
Listener:Sent_pong;257;F010
Dispatcher:F010;130559;22163;256;0;2;198;249;232;257
Listener:Sent_pong;257;FCED
Dispatcher:FCED;130612;25367;256;0;2;210;255;237;257
Listener:Sent_pong;257;2EDF
Dispatcher:2EDF;130647;26638;256;0;2;201;249;227;257
Listener:Sent_pong;256;CE13
Dispatcher:CE13;130700;27919;256;0;2;195;249;225;256
Listener:Sent_pong;257;0002
Dispatcher:0002;130744;29835;256;0;2;191;255;239;257
Listener:Sent_pong;257;904F
Dispatcher:904F;130777;29828;256;0;2;193;255;240;257
Listener:Sent_pong;257;9375
Dispatcher:9375;130799;23804;256;0;2;207;255;234;257
Listener:Sent_pong;257;C323
Dispatcher:C323;130834;24412;256;0;2;204;249;234;257
Listener:Sent_pong;257;E934
Dispatcher:E934;130871;28572;256;0;2;201;249;232;257
Listener:Sent_pong;257;A78F
Dispatcher:A78F;130900;29331;256;0;2;201;249;234;257
Listener:Sent_pong;258;A7E4
Dispatcher:A7E4;130987;28505;256;0;2;207;255;242;258
Listener:Sent_pong;257;8D93
Dispatcher:8D93;130990;28240;256;0;2;206;255;223;257
Listener:Sent_pong;257;67E2
Dispatcher:67E2;131031;26304;256;0;2;204;249;229;257
Listener:Sent_pong;258;F010
Dispatcher:F010;131066;26619;256;0;2;198;249;233;258
Listener:Sent_pong;258;FCED
Dispatcher:FCED;131118;24078;256;0;2;210;255;238;258
Listener:Sent_pong;258;2EDF
Dispatcher:2EDF;131153;23796;256;0;2;201;249;228;258
Listener:Sent_pong;257;CE13
Dispatcher:CE13;131212;32165;256;0;2;195;249;226;257
Listener:Sent_pong;258;0002
Dispatcher:0002;131253;29847;256;0;2;191;255;240;258
Listener:Sent_pong;258;904F
Dispatcher:904F;131285;26342;256;0;2;193;255;241;258
Listener:Sent_pong;258;9375
Dispatcher:9375;131312;30374;256;0;2;207;255;235;258
Listener:Sent_pong;258;C323
Dispatcher:C323;131341;27612;256;0;2;204;249;235;258
Listener:Sent_pong;258;E934
Dispatcher:E934;131379;26982;256;0;2;201;249;233;258
Listener:Sent_pong;258;A78F
Dispatcher:A78F;131407;40885;256;0;2;201;249;235;258
Listener:Sent_pong;259;A7E4
Dispatcher:A7E4;131495;26286;256;0;2;207;255;243;259
Listener:Sent_pong;258;8D93
Dispatcher:8D93;131499;37585;256;0;2;206;255;224;258
Listener:Sent_pong;258;67E2
Dispatcher:67E2;131539;26636;256;0;2;204;249;230;258
Listener:Sent_pong;259;F010
Dispatcher:F010;131574;26971;256;0;2;198;249;234;259
Listener:Sent_pong;259;FCED
Dispatcher:FCED;131625;25380;256;0;2;210;255;239;259
Listener:Sent_pong;259;2EDF
Dispatcher:2EDF;131660;27606;256;0;2;201;249;229;259
Listener:Sent_pong;258;CE13
Dispatcher:CE13;131720;32963;256;0;2;195;249;227;258
Listener:Sent_pong;259;0002
Dispatcher:0002;131761;25985;256;0;2;191;255;241;259
Listener:Sent_pong;259;904F
Dispatcher:904F;131794;25690;256;0;2;193;255;242;259
Listener:Sent_pong;259;9375
Dispatcher:9375;131819;25662;256;0;2;207;255;236;259
Listener:Sent_pong;259;C323
Dispatcher:C323;131850;28230;256;0;2;204;249;236;259
Listener:Sent_pong;259;E934
Dispatcher:E934;131887;25652;256;0;2;201;249;234;259
Listener:Sent_pong;259;A78F
Dispatcher:A78F;131913;22499;256;0;2;201;249;236;259
Listener:Sent_pong;260;A7E4
Dispatcher:A7E4;132003;23747;256;0;2;207;255;244;260
Listener:Sent_pong;259;8D93
Dispatcher:8D93;132007;25686;256;0;2;206;255;225;259
Listener:Sent_pong;259;67E2
Dispatcher:67E2;132046;23108;256;0;2;204;249;231;259
Listener:Sent_pong;260;F010
Dispatcher:F010;132080;23433;256;0;2;198;249;235;260
Listener:Sent_pong;260;FCED
Dispatcher:FCED;132132;25380;256;0;2;210;255;239;260
Listener:Sent_pong;260;2EDF
Dispatcher:2EDF;132167;25070;256;0;2;201;249;230;260
Listener:Sent_pong;259;CE13
Dispatcher:CE13;132227;23493;256;0;2;195;249;228;259
Listener:Sent_pong;260;904F
Dispatcher:904F;132300;23436;256;0;2;193;255;243;260
Listener:Sent_pong;260;9375
Dispatcher:9375;132328;27576;256;0;2;207;255;237;260
Listener:Sent_pong;260;C323
Dispatcher:C323;132358;24744;256;0;2;204;249;237;260
Listener:Sent_pong;260;E934
Dispatcher:E934;132395;26640;256;0;2;201;249;235;260
Listener:Sent_pong;260;A78F
Dispatcher:A78F;132421;24723;256;0;2;201;249;237;260
Listener:Sent_pong;261;A7E4
Dispatcher:A7E4;132510;26624;256;0;2;207;255;245;261
Listener:Sent_pong;260;8D93
Dispatcher:8D93;132515;27263;256;0;2;206;255;226;260
Listener:Sent_pong;260;67E2
Dispatcher:67E2;132553;24708;256;0;2;204;249;232;260
Listener:Sent_pong;261;F010
Dispatcher:F010;132587;25019;256;0;2;198;249;236;261
Listener:Sent_pong;261;FCED
Dispatcher:FCED;132641;27239;256;0;2;210;255;240;261
Listener:Sent_pong;261;2EDF
Dispatcher:2EDF;132676;25692;256;0;2;201;249;231;261
Listener:Sent_pong;260;CE13
Dispatcher:CE13;132736;25375;256;0;2;195;249;229;260
Listener:Sent_pong;261;0002
Dispatcher:0002;132771;24061;256;0;2;191;255;242;261
Listener:Sent_pong;261;904F
Dispatcher:904F;132808;25058;256;0;2;193;255;244;261
Listener:Sent_pong;261;9375
Dispatcher:9375;132836;25676;256;0;2;207;255;238;261
Listener:Sent_pong;261;C323
Dispatcher:C323;132866;34594;256;0;2;204;249;238;261
Listener:Sent_pong;261;E934
Dispatcher:E934;132904;28668;256;0;2;201;249;236;261
Listener:Sent_pong;261;A78F
Dispatcher:A78F;132928;25059;256;0;2;201;249;238;261
Listener:Sent_pong;262;A7E4
Dispatcher:A7E4;133018;24371;256;0;2;207;255;246;262
Listener:Sent_pong;261;8D93
Dispatcher:8D93;133023;26659;256;0;2;206;255;227;261
Listener:Sent_pong;261;67E2
Dispatcher:67E2;133060;27588;256;0;2;204;249;233;261
Listener:Sent_pong;262;F010
Dispatcher:F010;133098;26867;256;0;2;198;249;237;262
Listener:Sent_pong;262;FCED
Dispatcher:FCED;133149;27256;256;0;2;210;255;241;262
Listener:Sent_pong;262;2EDF
Dispatcher:2EDF;133184;26006;256;0;2;201;249;232;262
Listener:Sent_pong;261;CE13
Dispatcher:CE13;133243;26599;256;0;2;195;249;230;261
Listener:Sent_pong;262;0002
Dispatcher:0002;133280;36429;256;0;2;191;255;243;262
Listener:Sent_pong;262;904F
Dispatcher:904F;133316;35330;256;0;2;193;255;245;262
Listener:Sent_pong;262;9375
Dispatcher:9375;133345;26978;256;0;2;207;255;239;262
Listener:Sent_pong;262;C323
Dispatcher:C323;133373;27278;256;0;2;204;249;239;262
Listener:Sent_pong;262;E934
Dispatcher:E934;133413;27586;256;0;2;201;249;237;262
Listener:Sent_pong;262;A78F
Dispatcher:A78F;133436;23455;256;0;2;201;249;239;262
Listener:Sent_pong;263;A7E4
Dispatcher:A7E4;133524;25144;256;0;2;207;255;247;263
Listener:Sent_pong;262;8D93
Dispatcher:8D93;133530;24086;256;0;2;206;255;228;262
Listener:Sent_pong;262;67E2
Dispatcher:67E2;133567;24702;256;0;2;204;249;234;262
Listener:Sent_pong;263;F010
Dispatcher:F010;133605;29643;256;0;2;198;249;238;263
Listener:Sent_pong;263;FCED
Dispatcher:FCED;133657;24391;256;0;2;210;255;242;263
Listener:Sent_pong;263;2EDF
Dispatcher:2EDF;133690;24416;256;0;2;201;249;233;263
Listener:Sent_pong;262;CE13
Dispatcher:CE13;133750;26329;256;0;2;195;249;231;262
Listener:Sent_pong;263;0002
Dispatcher:0002;133789;26633;256;0;2;191;255;244;263
Listener:Sent_pong;263;904F
Dispatcher:904F;133824;26332;256;0;2;193;255;246;263
Listener:Sent_pong;263;9375
Dispatcher:9375;133852;26954;256;0;2;207;255;240;263
Listener:Sent_pong;263;C323
Dispatcher:C323;133882;27932;256;0;2;204;249;240;263
Listener:Sent_pong;263;E934
Dispatcher:E934;133927;32112;256;0;2;201;249;238;263
Listener:Sent_pong;263;A78F
Dispatcher:A78F;133949;29585;256;0;2;201;249;240;263
Listener:Sent_pong;264;A7E4
Dispatcher:A7E4;134032;26616;256;0;2;207;255;248;264
Listener:Sent_pong;263;8D93
Dispatcher:8D93;134037;25693;256;0;2;206;255;229;263
Listener:Sent_pong;263;67E2
Dispatcher:67E2;134074;24044;256;0;2;204;249;235;263
Listener:Sent_pong;264;F010
Dispatcher:F010;134113;24395;256;0;2;198;249;239;264
Listener:Sent_pong;264;FCED
Dispatcher:FCED;134164;25693;256;0;2;210;255;243;264
Listener:Sent_pong;264;2EDF
Dispatcher:2EDF;134199;28882;256;0;2;201;249;234;264
Listener:Sent_pong;263;CE13
Dispatcher:CE13;134259;28243;256;0;2;195;249;232;263
Listener:Sent_pong;264;0002
Dispatcher:0002;134297;25687;256;0;2;191;255;245;264
Listener:Sent_pong;264;904F
Dispatcher:904F;134332;31982;256;0;2;193;255;247;264
Listener:Sent_pong;264;9375
Dispatcher:9375;134361;29508;256;0;2;207;255;241;264
Listener:Sent_pong;264;C323
Dispatcher:C323;134390;26658;256;0;2;204;249;241;264
Listener:Sent_pong;264;E934
Dispatcher:E934;134435;28554;256;0;2;201;249;239;264
Listener:Sent_pong;264;A78F
Dispatcher:A78F;134458;26853;256;0;2;201;249;241;264
Listener:Sent_pong;265;A7E4
Dispatcher:A7E4;134541;28531;256;0;2;207;255;249;265
Listener:Sent_pong;264;8D93
Dispatcher:8D93;134544;31268;256;0;2;206;255;230;264
Listener:Sent_pong;264;67E2
Dispatcher:67E2;134581;26284;256;0;2;204;249;236;264
Listener:Sent_pong;265;F010
Dispatcher:F010;134620;25679;256;0;2;198;249;240;265
Listener:Sent_pong;265;FCED
Dispatcher:FCED;134671;29192;256;0;2;210;255;244;265
Listener:Sent_pong;265;2EDF
Dispatcher:2EDF;134707;26968;256;0;2;201;249;235;265
Listener:Sent_pong;264;CE13
Dispatcher:CE13;134768;28539;256;0;2;195;249;233;264
Listener:Sent_pong;265;0002
Dispatcher:0002;134803;23427;256;0;2;191;255;246;265
Listener:Sent_pong;265;904F
Dispatcher:904F;134840;27592;256;0;2;193;255;248;265
Listener:Sent_pong;265;9375
Dispatcher:9375;134870;27590;256;0;2;207;255;242;265
Listener:Sent_pong;265;C323
Dispatcher:C323;134899;30176;256;0;2;204;249;242;265
Listener:Sent_pong;265;E934
Dispatcher:E934;134943;26310;256;0;2;201;249;240;265
Listener:Sent_pong;265;A78F
Dispatcher:A78F;134971;31890;256;0;2;201;249;242;265
Listener:Sent_pong;266;A7E4
Dispatcher:A7E4;135049;23731;256;0;2;207;255;250;266
Listener:Sent_pong;265;8D93
Dispatcher:8D93;135053;34372;256;0;2;206;255;231;265
Listener:Sent_pong;265;67E2
Dispatcher:67E2;135088;25656;256;0;2;204;249;237;265
Listener:Sent_pong;266;F010
Dispatcher:F010;135128;35215;256;0;2;198;249;241;266
Listener:Sent_pong;266;FCED
Dispatcher:FCED;135180;25988;256;0;2;210;255;245;266
Listener:Sent_pong;266;2EDF
Dispatcher:2EDF;135214;24430;256;0;2;201;249;236;266
Listener:Sent_pong;265;CE13
Dispatcher:CE13;135284;33059;256;0;2;195;249;234;265
Listener:Sent_pong;266;0002
Dispatcher:0002;135311;25989;256;0;2;191;255;247;266
Listener:Sent_pong;266;904F
Dispatcher:904F;135348;27948;256;0;2;193;255;249;266
Listener:Sent_pong;266;9375
Dispatcher:9375;135386;36552;256;0;2;207;255;243;266
Listener:Sent_pong;266;C323
Dispatcher:C323;135412;31254;256;0;2;204;249;243;266
Listener:Sent_pong;266;E934
Dispatcher:E934;135450;26124;256;0;2;201;249;241;266
Listener:Sent_pong;266;A78F
Dispatcher:A78F;135480;30869;256;0;2;201;249;243;266
Listener:Sent_pong;267;A7E4
Dispatcher:A7E4;135569;38018;256;0;2;207;255;251;267
Listener:Sent_pong;266;8D93
Dispatcher:8D93;135561;25712;256;0;2;206;255;232;266
Listener:Sent_pong;266;67E2
Dispatcher:67E2;135596;25012;256;0;2;204;249;238;266
Listener:Sent_pong;267;F010
Dispatcher:F010;135636;26321;256;0;2;198;249;242;267
Listener:Sent_pong;267;FCED
Dispatcher:FCED;135688;26329;256;0;2;210;255;246;267
Listener:Sent_pong;267;2EDF
Dispatcher:2EDF;135721;27600;256;0;2;201;249;237;267
Listener:Sent_pong;266;CE13
Dispatcher:CE13;135792;28805;256;0;2;195;249;235;266
Listener:Sent_pong;267;0002
Dispatcher:0002;135820;28629;256;0;2;191;255;248;267
Listener:Sent_pong;267;904F
Dispatcher:904F;135855;25998;256;0;2;193;255;250;267
Listener:Sent_pong;267;9375
Dispatcher:9375;135894;42874;256;0;2;207;255;244;267
Listener:Sent_pong;267;C323
Dispatcher:C323;135933;49240;256;0;2;204;249;244;267
Listener:Sent_pong;267;E934
Dispatcher:E934;135975;48140;256;0;2;201;249;242;267
Listener:Sent_pong;267;A78F
Dispatcher:A78F;136003;48009;256;0;2;201;249;244;267
Listener:Sent_pong;268;A7E4
Dispatcher:A7E4;136076;27947;256;0;2;207;255;252;268
Listener:Sent_pong;267;8D93
Dispatcher:8D93;136070;27502;256;0;2;206;255;233;267
Listener:Sent_pong;267;67E2
Dispatcher:67E2;136103;25012;256;0;2;204;249;238;267
Listener:Sent_pong;268;F010
Dispatcher:F010;136143;24735;256;0;2;198;249;243;268
Listener:Sent_pong;268;FCED
Dispatcher:FCED;136195;26989;256;0;2;210;255;247;268
Listener:Sent_pong;268;2EDF
Dispatcher:2EDF;136228;25400;256;0;2;201;249;238;268
Listener:Sent_pong;267;CE13
Dispatcher:CE13;136300;23759;256;0;2;195;249;236;267
Listener:Sent_pong;268;0002
Dispatcher:0002;136331;29287;256;0;2;191;255;249;268
Listener:Sent_pong;268;904F
Dispatcher:904F;136364;28856;256;0;2;193;255;251;268
Listener:Sent_pong;268;9375
Dispatcher:9375;136403;34456;256;0;2;207;255;245;268
Listener:Sent_pong;268;C323
Dispatcher:C323;136441;25484;256;0;2;204;249;245;268
Listener:Sent_pong;268;E934
Dispatcher:E934;136482;26334;256;0;2;201;249;243;268
Listener:Sent_pong;268;A78F
Dispatcher:A78F;136511;24701;256;0;2;201;249;245;268
Listener:Sent_pong;269;A7E4
Dispatcher:A7E4;136585;26932;256;0;2;207;255;253;269
Listener:Sent_pong;268;8D93
Dispatcher:8D93;136578;27945;256;0;2;206;255;234;268
Listener:Sent_pong;268;67E2
Dispatcher:67E2;136610;25674;256;0;2;204;249;239;268
Listener:Sent_pong;269;F010
Dispatcher:F010;136651;27895;256;0;2;198;249;244;269
Listener:Sent_pong;269;FCED
Dispatcher:FCED;136702;25667;256;0;2;210;255;248;269
Listener:Sent_pong;269;2EDF
Dispatcher:2EDF;136735;53960;256;0;2;201;249;239;269
Listener:Sent_pong;268;CE13
Dispatcher:CE13;136807;23427;256;0;2;195;249;237;268
Listener:Sent_pong;269;0002
Dispatcher:0002;136839;27079;256;0;2;191;255;250;269
Listener:Sent_pong;269;904F
Dispatcher:904F;136872;26662;256;0;2;193;255;252;269
Listener:Sent_pong;269;9375
Dispatcher:9375;136910;24712;256;0;2;207;255;246;269
Listener:Sent_pong;269;C323
Dispatcher:C323;136950;28376;256;0;2;204;249;246;269
Listener:Sent_pong;269;E934
Dispatcher:E934;136990;26974;256;0;2;201;249;244;269
Listener:Sent_pong;269;A78F
Dispatcher:A78F;137019;28849;256;0;2;201;249;246;269
Listener:Sent_pong;270;A7E4
Dispatcher:A7E4;137093;27606;256;0;2;207;255;254;270
Listener:Sent_pong;269;8D93
Dispatcher:8D93;137085;27386;256;0;2;206;255;235;269
Listener:Sent_pong;269;67E2
Dispatcher:67E2;137118;25976;256;0;2;204;249;240;269
Listener:Sent_pong;270;F010
Dispatcher:F010;137166;34503;256;0;2;198;249;245;270
Listener:Sent_pong;270;FCED
Dispatcher:FCED;137211;27899;256;0;2;210;255;249;270
Listener:Sent_pong;270;2EDF
Dispatcher:2EDF;137242;24766;256;0;2;201;249;240;270
Listener:Sent_pong;269;CE13
Dispatcher:CE13;137314;25353;256;0;2;195;249;238;269
Listener:Sent_pong;270;0002
Dispatcher:0002;137346;26651;256;0;2;191;255;251;270
Listener:Sent_pong;270;904F
Dispatcher:904F;137387;32114;256;0;2;193;255;253;270
Listener:Sent_pong;270;9375
Dispatcher:9375;137419;28228;256;0;2;207;255;247;270
Listener:Sent_pong;270;C323
Dispatcher:C323;137456;23754;256;0;2;204;249;247;270
Listener:Sent_pong;270;E934
Dispatcher:E934;137497;27280;256;0;2;201;249;245;270
Listener:Sent_pong;270;A78F
Dispatcher:A78F;137526;28235;256;0;2;201;249;247;270
Listener:Sent_pong;271;A7E4
Dispatcher:A7E4;137600;31340;256;0;2;207;255;255;271
Listener:Sent_pong;270;8D93
Dispatcher:8D93;137599;33928;256;0;2;206;255;236;270
Listener:Sent_pong;270;67E2
Dispatcher:67E2;137625;28918;256;0;2;204;249;241;270
Listener:Sent_pong;271;F010
Dispatcher:F010;137674;42901;256;0;2;198;249;246;271
Listener:Sent_pong;271;FCED
Dispatcher:FCED;137719;27901;256;0;2;210;255;250;271
Listener:Sent_pong;271;2EDF
Dispatcher:2EDF;137750;26870;256;0;2;201;249;241;271
Listener:Sent_pong;270;CE13
Dispatcher:CE13;137821;24717;256;0;2;195;249;239;270
Listener:Sent_pong;271;0002
Dispatcher:0002;137855;27583;256;0;2;191;255;252;271
Listener:Sent_pong;271;904F
Dispatcher:904F;137896;28530;256;0;2;193;255;254;271
Listener:Sent_pong;271;9375
Dispatcher:9375;137926;24724;256;0;2;207;255;248;271
Listener:Sent_pong;271;C323
Dispatcher:C323;137963;25702;256;0;2;204;249;248;271
Listener:Sent_pong;271;E934
Dispatcher:E934;138004;23128;256;0;2;201;249;246;271
Listener:Sent_pong;271;A78F
Dispatcher:A78F;138034;25683;256;0;2;201;249;248;271
Listener:Sent_pong;272;A7E4
Dispatcher:A7E4;138109;35206;256;0;2;207;255;256;272
Listener:Sent_pong;271;8D93
Dispatcher:8D93;138107;29744;256;0;2;206;255;237;271
Listener:Sent_pong;271;67E2
Dispatcher:67E2;138134;29148;256;0;2;204;249;242;271
Listener:Sent_pong;272;F010
Dispatcher:F010;138182;27613;256;0;2;198;249;247;272
Listener:Sent_pong;272;FCED
Dispatcher:FCED;138226;27921;256;0;2;210;255;251;272
Listener:Sent_pong;272;2EDF
Dispatcher:2EDF;138258;26976;256;0;2;201;249;242;272
Listener:Sent_pong;271;CE13
Dispatcher:CE13;138329;25667;256;0;2;195;249;240;271
Listener:Sent_pong;272;0002
Dispatcher:0002;138362;25323;256;0;2;191;255;253;272
Listener:Sent_pong;272;904F
Dispatcher:904F;138405;32652;256;0;2;193;255;255;272
Listener:Sent_pong;272;9375
Dispatcher:9375;138435;29812;256;0;2;207;255;249;272
Listener:Sent_pong;272;C323
Dispatcher:C323;138471;27620;256;0;2;204;249;249;272
Listener:Sent_pong;272;E934
Dispatcher:E934;138511;29750;256;0;2;201;249;247;272
Listener:Sent_pong;272;A78F
Dispatcher:A78F;138542;26001;256;0;2;201;249;249;272
Listener:Sent_pong;273;A7E4
Dispatcher:A7E4;138617;28868;256;0;2;207;255;257;273
Listener:Sent_pong;272;8D93
Dispatcher:8D93;138615;28557;256;0;2;206;255;238;272
Listener:Sent_pong;272;67E2
Dispatcher:67E2;138640;25648;256;0;2;204;249;243;272
Listener:Sent_pong;273;F010
Dispatcher:F010;138691;28865;256;0;2;198;249;248;273
Listener:Sent_pong;273;FCED
Dispatcher:FCED;138735;24721;256;0;2;210;255;252;273
Listener:Sent_pong;273;2EDF
Dispatcher:2EDF;138766;25384;256;0;2;201;249;243;273
Listener:Sent_pong;272;CE13
Dispatcher:CE13;138838;28861;256;0;2;195;249;241;272
Listener:Sent_pong;273;0002
Dispatcher:0002;138871;27931;256;0;2;191;255;254;273
Listener:Sent_pong;273;904F
Dispatcher:904F;138913;27270;256;0;2;193;255;256;273
Listener:Sent_pong;273;9375
Dispatcher:9375;138944;30138;256;0;2;207;255;250;273
Listener:Sent_pong;273;C323
Dispatcher:C323;138978;27616;256;0;2;204;249;250;273
Listener:Sent_pong;273;E934
Dispatcher:E934;139018;22470;256;0;2;201;249;248;273
Listener:Sent_pong;273;A78F
Dispatcher:A78F;139050;28225;256;0;2;201;249;250;273
Listener:Sent_pong;274;A7E4
Dispatcher:A7E4;139126;28217;256;0;2;207;255;258;274
Listener:Sent_pong;273;8D93
Dispatcher:8D93;139123;30946;256;0;2;206;255;239;273
Listener:Sent_pong;273;67E2
Dispatcher:67E2;139153;33592;256;0;2;204;249;244;273
Listener:Sent_pong;274;F010
Dispatcher:F010;139198;26959;256;0;2;198;249;249;274
Listener:Sent_pong;274;FCED
Dispatcher:FCED;139243;27659;256;0;2;210;255;253;274
Listener:Sent_pong;274;2EDF
Dispatcher:2EDF;139273;24222;256;0;2;201;249;244;274
Listener:Sent_pong;273;CE13
Dispatcher:CE13;139344;29325;256;0;2;195;249;242;273
Listener:Sent_pong;274;0002
Dispatcher:0002;139379;27901;256;0;2;191;255;255;274
Listener:Sent_pong;274;904F
Dispatcher:904F;139420;28558;256;0;2;193;255;257;274
Listener:Sent_pong;274;9375
Dispatcher:9375;139460;36292;256;0;2;207;255;251;274
Listener:Sent_pong;274;E934
Dispatcher:E934;139524;25368;256;0;2;201;249;249;274
Listener:Sent_pong;274;A78F
Dispatcher:A78F;139567;35621;256;0;2;201;242;251;274
Listener:Sent_pong;274;8D93
Dispatcher:8D93;139631;26966;256;0;2;206;255;240;274
Listener:Sent_pong;274;67E2
Dispatcher:67E2;139661;29604;256;0;2;204;249;245;274
Listener:Sent_pong;275;F010
Dispatcher:F010;139705;27297;256;0;2;198;249;250;275
Listener:Sent_pong;275;FCED
Dispatcher:FCED;139752;27692;256;0;2;210;255;254;275
Listener:Sent_pong;275;2EDF
Dispatcher:2EDF;139782;30396;256;0;2;201;249;245;275
Listener:Sent_pong;274;CE13
Dispatcher:CE13;139851;24721;256;0;2;195;249;243;274
Listener:Sent_pong;275;0002
Dispatcher:0002;139887;28527;256;0;2;191;255;256;275
Listener:Sent_pong;275;904F
Dispatcher:904F;139928;25694;256;0;2;193;255;258;275
Listener:Sent_pong;275;9375
Dispatcher:9375;139969;54668;256;0;2;207;255;252;275
Listener:Sent_pong;275;C323
Dispatcher:C323;140011;25750;256;0;2;204;249;251;275
Listener:Sent_pong;275;E934
Dispatcher:E934;140032;28570;256;0;2;201;249;250;275
Listener:Sent_pong;275;A78F
Dispatcher:A78F;140074;57617;256;0;2;201;244;252;275
Listener:Sent_pong;276;A7E4
Dispatcher:A7E4;140166;27585;256;0;2;207;255;259;276
Listener:Sent_pong;275;8D93
Dispatcher:8D93;140153;43971;256;0;2;206;255;241;275
Listener:Sent_pong;275;67E2
Dispatcher:67E2;140179;36816;256;0;2;204;249;246;275
Listener:Sent_pong;276;F010
Dispatcher:F010;140213;24719;256;0;2;198;249;251;276
Listener:Sent_pong;276;FCED
Dispatcher:FCED;140261;26932;256;0;2;210;255;255;276
Listener:Sent_pong;276;2EDF
Dispatcher:2EDF;140291;30396;256;0;2;201;249;245;276
Listener:Sent_pong;275;CE13
Dispatcher:CE13;140359;24099;256;0;2;195;249;244;275
Listener:Sent_pong;276;0002
Dispatcher:0002;140395;32219;256;0;2;191;255;257;276
Listener:Sent_pong;276;C323
Dispatcher:C323;140519;29814;256;0;2;204;249;252;276
Listener:Sent_pong;276;E934
Dispatcher:E934;140556;50786;256;0;2;201;249;251;276
Listener:Sent_pong;276;A78F
Dispatcher:A78F;140587;43135;256;0;2;201;247;253;276
Listener:Sent_pong;277;A7E4
Dispatcher:A7E4;140675;27934;256;0;2;207;255;260;277
Listener:Sent_pong;276;8D93
Dispatcher:8D93;140669;33792;256;0;2;206;255;242;276
Listener:Sent_pong;276;67E2
Dispatcher:67E2;140694;41370;256;0;2;204;249;247;276
Listener:Sent_pong;277;F010
Dispatcher:F010;140734;39383;256;0;2;198;249;252;277
Listener:Sent_pong;277;FCED
Dispatcher:FCED;140770;29571;256;0;2;210;255;256;277
Listener:Sent_pong;277;2EDF
Dispatcher:2EDF;140801;36028;256;0;2;201;249;246;277
Listener:Sent_pong;276;CE13
Dispatcher:CE13;140867;25997;256;0;2;195;249;245;276
Listener:Sent_pong;277;0002
Dispatcher:0002;140911;98761;256;0;2;191;249;258;277
Listener:Sent_pong;277;904F
Dispatcher:904F;140962;23744;256;0;2;193;255;259;277
Listener:Sent_pong;277;9375
Dispatcher:9375;141009;26628;256;0;2;207;255;253;277
Listener:Sent_pong;277;E934
Dispatcher:E934;141063;25368;256;0;2;201;249;252;277
Listener:Sent_pong;277;A78F
Dispatcher:A78F;141096;29197;256;0;2;201;249;254;277
Listener:Sent_pong;278;A7E4
Dispatcher:A7E4;141183;29173;256;0;2;207;255;261;278
Listener:Sent_pong;277;8D93
Dispatcher:8D93;141178;28690;256;0;2;206;255;243;277
Listener:Sent_pong;277;67E2
Dispatcher:67E2;141203;29484;256;0;2;204;249;248;277
Listener:Sent_pong;278;F010
Dispatcher:F010;141241;26317;256;0;2;198;249;253;278
Listener:Sent_pong;278;FCED
Dispatcher:FCED;141278;26985;256;0;2;210;255;257;278
Listener:Sent_pong;277;CE13
Dispatcher:CE13;141375;27283;256;0;2;195;249;246;277
Listener:Sent_pong;278;0002
Dispatcher:0002;141418;24435;256;0;2;191;249;259;278
Listener:Sent_pong;278;904F
Dispatcher:904F;141471;27316;256;0;2;193;255;260;278
Listener:Sent_pong;278;9375
Dispatcher:9375;141517;26628;256;0;2;207;255;253;278
Listener:Sent_pong;278;C323
Dispatcher:C323;141552;27938;256;0;2;204;249;253;278
Listener:Sent_pong;278;A78F
Dispatcher:A78F;141605;28283;256;0;2;201;249;255;278
Listener:Sent_pong;279;A7E4
Dispatcher:A7E4;141691;27592;256;0;2;207;255;262;279
Listener:Sent_pong;278;8D93
Dispatcher:8D93;141685;27630;256;0;2;206;255;244;278
Listener:Sent_pong;278;67E2
Dispatcher:67E2;141711;25300;256;0;2;204;249;249;278
Listener:Sent_pong;279;F010
Dispatcher:F010;141750;26317;256;0;2;198;249;253;279
Listener:Sent_pong;279;FCED
Dispatcher:FCED;141806;26985;256;0;2;210;255;257;279
Listener:Sent_pong;279;2EDF
Dispatcher:2EDF;141846;30218;256;0;2;201;249;247;279
Listener:Sent_pong;278;CE13
Dispatcher:CE13;141888;30905;256;0;2;195;249;247;278
Listener:Sent_pong;279;0002
Dispatcher:0002;141925;25717;256;0;2;191;249;260;279
Listener:Sent_pong;279;904F
Dispatcher:904F;141979;27320;256;0;2;193;255;261;279
Listener:Sent_pong;279;9375
Dispatcher:9375;142024;23794;256;0;2;207;255;254;279
Listener:Sent_pong;279;C323
Dispatcher:C323;142060;44514;256;0;2;204;249;254;279
Listener:Sent_pong;279;E934
Dispatcher:E934;142078;24756;256;0;2;201;249;253;279
Listener:Sent_pong;280;A7E4
Dispatcher:A7E4;142199;30086;256;0;2;207;255;263;280
Listener:Sent_pong;279;8D93
Dispatcher:8D93;142195;31725;256;0;2;206;255;245;279
Listener:Sent_pong;279;67E2
Dispatcher:67E2;142224;32204;256;0;2;204;249;250;279
Listener:Sent_pong;280;F010
Dispatcher:F010;142259;28899;256;0;2;198;249;254;280
Listener:Sent_pong;280;FCED
Dispatcher:FCED;142313;25016;256;0;2;210;255;258;280
Listener:Sent_pong;280;2EDF
Dispatcher:2EDF;142354;24760;256;0;2;201;249;248;280
Listener:Sent_pong;279;CE13
Dispatcher:CE13;142396;28867;256;0;2;195;249;248;279
Listener:Sent_pong;280;0002
Dispatcher:0002;142432;24373;256;0;2;191;249;261;280
Listener:Sent_pong;280;904F
Dispatcher:904F;142490;26134;256;0;2;193;255;262;280
Listener:Sent_pong;280;9375
Dispatcher:9375;142531;23436;256;0;2;207;255;255;280
Listener:Sent_pong;280;C323
Dispatcher:C323;142568;40756;256;0;2;204;249;255;280
Listener:Sent_pong;280;E934
Dispatcher:E934;142611;64486;256;0;2;201;249;254;280
Listener:Sent_pong;280;A78F
Dispatcher:A78F;142639;25687;256;0;2;201;249;256;280
Listener:Sent_pong;281;A7E4
Dispatcher:A7E4;142707;30916;256;0;2;207;255;264;281
Listener:Sent_pong;280;8D93
Dispatcher:8D93;142704;27609;256;0;2;206;255;246;280
Listener:Sent_pong;280;67E2
Dispatcher:67E2;142731;27260;256;0;2;204;249;251;280
Listener:Sent_pong;281;F010
Dispatcher:F010;142768;30183;256;0;2;198;249;255;281
Listener:Sent_pong;281;FCED
Dispatcher:FCED;142821;26637;256;0;2;210;255;259;281
Listener:Sent_pong;281;2EDF
Dispatcher:2EDF;142861;25410;256;0;2;201;249;249;281
Listener:Sent_pong;280;CE13
Dispatcher:CE13;142912;31145;256;0;2;195;249;249;280
Listener:Sent_pong;281;0002
Dispatcher:0002;142940;26615;256;0;2;191;249;262;281
Listener:Sent_pong;281;904F
Dispatcher:904F;142997;30384;256;0;2;193;255;263;281
Listener:Sent_pong;281;9375
Dispatcher:9375;143038;26308;256;0;2;207;255;256;281
Listener:Sent_pong;281;C323
Dispatcher:C323;143075;25364;256;0;2;204;249;256;281
Listener:Sent_pong;281;E934
Dispatcher:E934;143120;26992;256;0;2;201;249;255;281
Listener:Sent_pong;281;A78F
Dispatcher:A78F;143145;23475;256;0;2;201;249;257;281
Listener:Sent_pong;282;A7E4
Dispatcher:A7E4;143214;24696;256;0;2;207;255;265;282
Listener:Sent_pong;281;8D93
Dispatcher:8D93;143211;28820;256;0;2;206;255;247;281
Listener:Sent_pong;281;67E2
Dispatcher:67E2;143238;24673;256;0;2;204;249;252;281
Listener:Sent_pong;282;F010
Dispatcher:F010;143276;28533;256;0;2;198;249;256;282
Listener:Sent_pong;282;FCED
Dispatcher:FCED;143328;22169;256;0;2;210;255;260;282
Listener:Sent_pong;282;2EDF
Dispatcher:2EDF;143367;23452;256;0;2;201;249;250;282
Listener:Sent_pong;281;CE13
Dispatcher:CE13;143419;36457;256;0;2;195;249;250;281
Listener:Sent_pong;282;0002
Dispatcher:0002;143459;37769;256;0;2;191;249;263;282
Listener:Sent_pong;282;904F
Dispatcher:904F;143505;25706;256;0;2;193;255;264;282
Listener:Sent_pong;282;9375
Dispatcher:9375;143547;28224;256;0;2;207;255;257;282
Listener:Sent_pong;282;C323
Dispatcher:C323;143584;27296;256;0;2;204;249;257;282
Listener:Sent_pong;282;E934
Dispatcher:E934;143627;31322;256;0;2;201;249;256;282
Listener:Sent_pong;282;A78F
Dispatcher:A78F;143655;28545;256;0;2;201;249;258;282
Listener:Sent_pong;283;A7E4
Dispatcher:A7E4;143722;26930;256;0;2;207;255;266;283
Listener:Sent_pong;282;8D93
Dispatcher:8D93;143720;41872;256;0;2;206;255;248;282
Listener:Sent_pong;282;67E2
Dispatcher:67E2;143759;40784;256;0;2;204;249;253;282
Listener:Sent_pong;283;F010
Dispatcher:F010;143790;33473;256;0;2;198;249;257;283
Listener:Sent_pong;283;FCED
Dispatcher:FCED;143834;25670;256;0;2;210;255;261;283
Listener:Sent_pong;283;2EDF
Dispatcher:2EDF;143874;25370;256;0;2;201;249;251;283
Listener:Sent_pong;282;CE13
Dispatcher:CE13;143928;25675;256;0;2;195;249;251;282
Listener:Sent_pong;283;0002
Dispatcher:0002;143965;24409;256;0;2;191;249;264;283
Listener:Sent_pong;283;904F
Dispatcher:904F;144012;28274;256;0;2;193;255;265;283
Listener:Sent_pong;283;9375
Dispatcher:9375;144055;27892;256;0;2;207;255;258;283
Listener:Sent_pong;283;C323
Dispatcher:C323;144092;27304;256;0;2;204;249;258;283
Listener:Sent_pong;283;E934
Dispatcher:E934;144136;28574;256;0;2;201;249;257;283
Listener:Sent_pong;283;A78F
Dispatcher:A78F;144166;29783;256;0;2;201;249;259;283
Listener:Sent_pong;284;A7E4
Dispatcher:A7E4;144231;27899;256;0;2;207;255;267;284
Listener:Sent_pong;283;8D93
Dispatcher:8D93;144228;26983;256;0;2;206;255;249;283
Listener:Sent_pong;283;67E2
Dispatcher:67E2;144267;23736;256;0;2;204;249;254;283
Listener:Sent_pong;284;F010
Dispatcher:F010;144298;23437;256;0;2;198;249;258;284
Listener:Sent_pong;284;FCED
Dispatcher:FCED;144342;25657;256;0;2;210;255;262;284
Listener:Sent_pong;284;2EDF
Dispatcher:2EDF;144381;27928;256;0;2;201;249;252;284
Listener:Sent_pong;283;CE13
Dispatcher:CE13;144435;27603;256;0;2;195;249;252;283
Listener:Sent_pong;284;0002
Dispatcher:0002;144479;30541;256;0;2;191;249;265;284
Listener:Sent_pong;284;904F
Dispatcher:904F;144525;29896;256;0;2;193;255;266;284
Listener:Sent_pong;284;9375
Dispatcher:9375;144562;26446;256;0;2;207;255;259;284
Listener:Sent_pong;284;C323
Dispatcher:C323;144600;25682;256;0;2;204;249;259;284
Listener:Sent_pong;284;E934
Dispatcher:E934;144644;27276;256;0;2;201;249;258;284
Listener:Sent_pong;284;A78F
Dispatcher:A78F;144673;28159;256;0;2;201;249;260;284
Listener:Sent_pong;285;A7E4
Dispatcher:A7E4;144740;29812;256;0;2;207;255;268;285
Listener:Sent_pong;284;8D93
Dispatcher:8D93;144736;29202;256;0;2;206;255;250;284
Listener:Sent_pong;284;67E2
Dispatcher:67E2;144775;27594;256;0;2;204;249;255;284
Listener:Sent_pong;285;FCED
Dispatcher:FCED;144849;28882;256;0;2;210;255;263;285
Listener:Sent_pong;285;2EDF
Dispatcher:2EDF;144898;36424;256;0;2;201;249;253;285
Listener:Sent_pong;284;CE13
Dispatcher:CE13;144944;27591;256;0;2;195;249;253;284
Listener:Sent_pong;285;0002
Dispatcher:0002;144986;24391;256;0;2;191;249;266;285
Listener:Sent_pong;285;904F
Dispatcher:904F;145032;24406;256;0;2;193;255;267;285
Listener:Sent_pong;285;9375
Dispatcher:9375;145069;22788;256;0;2;207;255;260;285
Listener:Sent_pong;285;C323
Dispatcher:C323;145108;28898;256;0;2;204;249;260;285
Listener:Sent_pong;285;E934
Dispatcher:E934;145152;26952;256;0;2;201;249;259;285
Listener:Sent_pong;285;A78F
Dispatcher:A78F;145180;23761;256;0;2;201;249;261;285
Listener:Sent_pong;286;A7E4
Dispatcher:A7E4;145249;27589;256;0;2;207;255;269;286
Listener:Sent_pong;285;8D93
Dispatcher:8D93;145244;28231;256;0;2;206;255;251;285
Listener:Sent_pong;285;67E2
Dispatcher:67E2;145283;26614;256;0;2;204;249;256;285
Listener:Sent_pong;286;FCED
Dispatcher:FCED;145356;26307;256;0;2;210;255;264;286
Listener:Sent_pong;286;2EDF
Dispatcher:2EDF;145405;27742;256;0;2;201;249;254;286
Listener:Sent_pong;285;CE13
Dispatcher:CE13;145453;29839;256;0;2;195;249;254;285
Listener:Sent_pong;286;0002
Dispatcher:0002;145493;26007;256;0;2;191;249;267;286
Listener:Sent_pong;286;904F
Dispatcher:904F;145540;25708;256;0;2;193;255;268;286
Listener:Sent_pong;286;9375
Dispatcher:9375;145576;26000;256;0;2;207;255;261;286
Listener:Sent_pong;286;C323
Dispatcher:C323;145622;30874;256;0;2;204;249;261;286
Listener:Sent_pong;286;E934
Dispatcher:E934;145659;26642;256;0;2;201;249;260;286
Listener:Sent_pong;286;A78F
Dispatcher:A78F;145689;28567;256;0;2;201;249;262;286
Listener:Sent_pong;287;A7E4
Dispatcher:A7E4;145760;30571;256;0;2;207;255;270;287
Listener:Sent_pong;286;8D93
Dispatcher:8D93;145753;28387;256;0;2;206;255;252;286
Listener:Sent_pong;286;67E2
Dispatcher:67E2;145790;26614;256;0;2;204;249;256;286
Listener:Sent_pong;287;F010
Dispatcher:F010;145830;26637;256;0;2;198;249;259;287
Listener:Sent_pong;287;FCED
Dispatcher:FCED;145863;24103;256;0;2;210;255;265;287
Listener:Sent_pong;287;2EDF
Dispatcher:2EDF;145912;22856;256;0;2;201;249;255;287
Listener:Sent_pong;286;CE13
Dispatcher:CE13;145961;26961;256;0;2;195;249;255;286
Listener:Sent_pong;287;0002
Dispatcher:0002;146001;27913;256;0;2;191;249;268;287
Listener:Sent_pong;287;904F
Dispatcher:904F;146048;24752;256;0;2;193;255;269;287
Listener:Sent_pong;287;9375
Dispatcher:9375;146084;24710;256;0;2;207;255;262;287
Listener:Sent_pong;287;C323
Dispatcher:C323;146129;32656;256;0;2;204;249;262;287
Listener:Sent_pong;287;E934
Dispatcher:E934;146167;28228;256;0;2;201;249;261;287
Listener:Sent_pong;287;A78F
Dispatcher:A78F;146196;24719;256;0;2;201;249;263;287
Listener:Sent_pong;288;A7E4
Dispatcher:A7E4;146268;26966;256;0;2;207;255;271;288
Listener:Sent_pong;287;8D93
Dispatcher:8D93;146260;25378;256;0;2;206;255;253;287
Listener:Sent_pong;287;67E2
Dispatcher:67E2;146298;25006;256;0;2;204;249;257;287
Listener:Sent_pong;288;F010
Dispatcher:F010;146339;36059;256;0;2;198;249;260;288
Listener:Sent_pong;288;FCED
Dispatcher:FCED;146370;31356;256;0;2;210;255;266;288
Listener:Sent_pong;288;2EDF
Dispatcher:2EDF;146419;26970;256;0;2;201;249;256;288
Listener:Sent_pong;287;CE13
Dispatcher:CE13;146469;28551;256;0;2;195;249;256;287
Listener:Sent_pong;288;0002
Dispatcher:0002;146509;34045;256;0;2;191;249;269;288
Listener:Sent_pong;288;904F
Dispatcher:904F;146555;24878;256;0;2;193;255;270;288
Listener:Sent_pong;288;9375
Dispatcher:9375;146592;26302;256;0;2;207;255;263;288
Listener:Sent_pong;288;C323
Dispatcher:C323;146638;30164;256;0;2;204;249;263;288
Listener:Sent_pong;288;E934
Dispatcher:E934;146677;28148;256;0;2;201;249;262;288
Listener:Sent_pong;288;A78F
Dispatcher:A78F;146704;28577;256;0;2;201;249;264;288
Listener:Sent_pong;289;A7E4
Dispatcher:A7E4;146775;23433;256;0;2;207;255;272;289
Listener:Sent_pong;288;8D93
Dispatcher:8D93;146770;29870;256;0;2;206;255;254;288
Listener:Sent_pong;289;F010
Dispatcher:F010;146848;27941;256;0;2;198;249;261;289
Listener:Sent_pong;289;FCED
Dispatcher:FCED;146877;26630;256;0;2;210;255;267;289
Listener:Sent_pong;289;2EDF
Dispatcher:2EDF;146928;30766;256;0;2;201;249;257;289
Listener:Sent_pong;288;CE13
Dispatcher:CE13;146985;37239;256;0;2;195;249;257;288
Listener:Sent_pong;289;0002
Dispatcher:0002;147015;25655;256;0;2;191;249;270;289
Listener:Sent_pong;289;904F
Dispatcher:904F;147063;25998;256;0;2;193;255;271;289
Listener:Sent_pong;289;9375
Dispatcher:9375;147100;23424;256;0;2;207;255;264;289
Listener:Sent_pong;289;C323
Dispatcher:C323;147145;24422;256;0;2;204;249;264;289
Listener:Sent_pong;289;E934
Dispatcher:E934;147190;33160;256;0;2;201;249;263;289
Listener:Sent_pong;289;A78F
Dispatcher:A78F;147213;28359;256;0;2;201;249;265;289
Listener:Sent_pong;290;A7E4
Dispatcher:A7E4;147282;24388;256;0;2;207;255;273;290
Listener:Sent_pong;289;8D93
Dispatcher:8D93;147279;29870;256;0;2;206;255;254;289
Listener:Sent_pong;289;67E2
Dispatcher:67E2;147346;26328;256;0;2;204;249;258;289
Listener:Sent_pong;290;F010
Dispatcher:F010;147361;32225;256;0;2;198;249;262;290
Listener:Sent_pong;290;FCED
Dispatcher:FCED;147384;26345;256;0;2;210;255;268;290
Listener:Sent_pong;290;2EDF
Dispatcher:2EDF;147436;24748;256;0;2;201;249;258;290
Listener:Sent_pong;289;CE13
Dispatcher:CE13;147492;26027;256;0;2;195;249;258;289
Listener:Sent_pong;290;0002
Dispatcher:0002;147523;27607;256;0;2;191;249;271;290
Listener:Sent_pong;290;904F
Dispatcher:904F;147571;26996;256;0;2;193;255;272;290
Listener:Sent_pong;290;9375
Dispatcher:9375;147607;26636;256;0;2;207;255;265;290
Listener:Sent_pong;290;C323
Dispatcher:C323;147652;32230;256;0;2;204;249;265;290
Listener:Sent_pong;290;E934
Dispatcher:E934;147699;27604;256;0;2;201;249;264;290
Listener:Sent_pong;290;A78F
Dispatcher:A78F;147722;29749;256;0;2;201;249;266;290
Listener:Sent_pong;291;A7E4
Dispatcher:A7E4;147789;27598;256;0;2;207;255;274;291
Listener:Sent_pong;290;8D93
Dispatcher:8D93;147785;23809;256;0;2;206;255;255;290
Listener:Sent_pong;290;67E2
Dispatcher:67E2;147852;27406;256;0;2;204;249;259;290
Listener:Sent_pong;291;F010
Dispatcher:F010;147888;32225;256;0;2;198;249;262;291
Listener:Sent_pong;291;FCED
Dispatcher:FCED;147903;43043;256;0;2;210;255;269;291
Listener:Sent_pong;291;2EDF
Dispatcher:2EDF;147943;22210;256;0;2;201;249;259;291
Listener:Sent_pong;290;CE13
Dispatcher:CE13;148000;26335;256;0;2;195;249;259;290
Listener:Sent_pong;291;0002
Dispatcher:0002;148030;26325;256;0;2;191;249;272;291
Listener:Sent_pong;291;904F
Dispatcher:904F;148078;23154;256;0;2;193;255;273;291
Listener:Sent_pong;291;9375
Dispatcher:9375;148116;32518;256;0;2;207;255;266;291
Listener:Sent_pong;291;C323
Dispatcher:C323;148161;26350;256;0;2;204;249;266;291
Listener:Sent_pong;291;E934
Dispatcher:E934;148206;25678;256;0;2;201;249;265;291
Listener:Sent_pong;291;A78F
Dispatcher:A78F;148236;33493;256;0;2;201;249;267;291
Listener:Sent_pong;292;A7E4
Dispatcher:A7E4;148298;26005;256;0;2;207;255;275;292
Listener:Sent_pong;291;8D93
Dispatcher:8D93;148293;26639;256;0;2;206;255;256;291
Listener:Sent_pong;291;67E2
Dispatcher:67E2;148359;25042;256;0;2;204;249;260;291
Listener:Sent_pong;292;F010
Dispatcher:F010;148396;26657;256;0;2;198;249;263;292
Listener:Sent_pong;292;FCED
Dispatcher:FCED;148415;28239;256;0;2;210;255;270;292
Listener:Sent_pong;292;2EDF
Dispatcher:2EDF;148450;25684;256;0;2;201;249;260;292
Listener:Sent_pong;291;CE13
Dispatcher:CE13;148509;27943;256;0;2;195;249;260;291
Listener:Sent_pong;292;0002
Dispatcher:0002;148539;32139;256;0;2;191;249;273;292
Listener:Sent_pong;292;904F
Dispatcher:904F;148587;27936;256;0;2;193;255;274;292
Listener:Sent_pong;292;9375
Dispatcher:9375;148625;28572;256;0;2;207;255;267;292
Listener:Sent_pong;292;C323
Dispatcher:C323;148670;29838;256;0;2;204;249;267;292
Listener:Sent_pong;292;E934
Dispatcher:E934;148714;27616;256;0;2;201;249;266;292
Listener:Sent_pong;292;A78F
Dispatcher:A78F;148745;33913;256;0;2;201;249;268;292
Listener:Sent_pong;293;A7E4
Dispatcher:A7E4;148807;27933;256;0;2;207;255;276;293
Listener:Sent_pong;292;8D93
Dispatcher:8D93;148800;26957;256;0;2;206;255;257;292
Listener:Sent_pong;292;67E2
Dispatcher:67E2;148865;24386;256;0;2;204;249;261;292
Listener:Sent_pong;293;F010
Dispatcher:F010;148903;24069;256;0;2;198;249;264;293
Listener:Sent_pong;293;FCED
Dispatcher:FCED;148922;27266;256;0;2;210;255;271;293
Listener:Sent_pong;293;2EDF
Dispatcher:2EDF;148958;46904;256;0;2;201;249;261;293
Listener:Sent_pong;292;CE13
Dispatcher:CE13;149017;25033;256;0;2;195;249;261;292
Listener:Sent_pong;293;0002
Dispatcher:0002;149047;28873;256;0;2;191;249;274;293
Listener:Sent_pong;293;904F
Dispatcher:904F;149095;28228;256;0;2;193;255;275;293
Listener:Sent_pong;293;9375
Dispatcher:9375;149134;30760;256;0;2;207;255;268;293
Listener:Sent_pong;293;C323
Dispatcher:C323;149177;28580;256;0;2;204;249;268;293
Listener:Sent_pong;293;E934
Dispatcher:E934;149222;26636;256;0;2;201;249;267;293
Listener:Sent_pong;293;A78F
Dispatcher:A78F;149253;25037;256;0;2;201;249;269;293
Listener:Sent_pong;294;A7E4
Dispatcher:A7E4;149314;22129;256;0;2;207;255;277;294
Listener:Sent_pong;293;8D93
Dispatcher:8D93;149307;22492;256;0;2;206;255;258;293
Listener:Sent_pong;293;67E2
Dispatcher:67E2;149372;22778;256;0;2;204;249;262;293
Listener:Sent_pong;294;F010
Dispatcher:F010;149410;28251;256;0;2;198;249;265;294
Listener:Sent_pong;294;FCED
Dispatcher:FCED;149431;28020;256;0;2;210;255;272;294
Listener:Sent_pong;294;2EDF
Dispatcher:2EDF;149465;23460;256;0;2;201;249;262;294
Listener:Sent_pong;293;CE13
Dispatcher:CE13;149524;25037;256;0;2;195;249;262;293
Listener:Sent_pong;294;0002
Dispatcher:0002;149555;25043;256;0;2;191;249;275;294
Listener:Sent_pong;294;904F
Dispatcher:904F;149602;29850;256;0;2;193;255;276;294
Listener:Sent_pong;294;9375
Dispatcher:9375;149642;30612;256;0;2;207;255;269;294
Listener:Sent_pong;294;C323
Dispatcher:C323;149684;25492;256;0;2;204;249;269;294
Listener:Sent_pong;294;E934
Dispatcher:E934;149730;27932;256;0;2;201;249;268;294
Listener:Sent_pong;294;A78F
Dispatcher:A78F;149761;26637;256;0;2;201;249;270;294
Listener:Sent_pong;295;A7E4
Dispatcher:A7E4;149821;31050;256;0;2;207;255;278;295
Listener:Sent_pong;294;8D93
Dispatcher:8D93;149817;30938;256;0;2;206;255;259;294
Listener:Sent_pong;294;67E2
Dispatcher:67E2;149880;25354;256;0;2;204;249;263;294
Listener:Sent_pong;295;F010
Dispatcher:F010;149919;31103;256;0;2;198;249;266;295
Listener:Sent_pong;295;FCED
Dispatcher:FCED;149942;30762;256;0;2;210;255;273;295
Listener:Sent_pong;295;2EDF
Dispatcher:2EDF;149974;30810;256;0;2;201;249;263;295
Listener:Sent_pong;294;CE13
Dispatcher:CE13;150033;27285;256;0;2;195;249;263;294
Listener:Sent_pong;295;0002
Dispatcher:0002;150070;34899;256;0;2;191;249;276;295
Listener:Sent_pong;295;904F
Dispatcher:904F;150118;31486;256;0;2;193;255;277;295
Listener:Sent_pong;295;9375
Dispatcher:9375;150151;25322;256;0;2;207;255;270;295
Listener:Sent_pong;295;C323
Dispatcher:C323;150192;24708;256;0;2;204;249;270;295
Listener:Sent_pong;295;E934
Dispatcher:E934;150239;29836;256;0;2;201;249;269;295
Listener:Sent_pong;295;A78F
Dispatcher:A78F;150267;25351;256;0;2;201;249;271;295
Listener:Sent_pong;296;A7E4
Dispatcher:A7E4;150329;24388;256;0;2;207;255;279;296
Listener:Sent_pong;295;8D93
Dispatcher:8D93;150326;25350;256;0;2;206;255;260;295
Listener:Sent_pong;295;67E2
Dispatcher:67E2;150388;25046;256;0;2;204;249;264;295
Listener:Sent_pong;296;F010
Dispatcher:F010;150435;39921;256;0;2;198;249;267;296
Listener:Sent_pong;296;FCED
Dispatcher:FCED;150460;37935;256;0;2;210;255;274;296
Listener:Sent_pong;296;2EDF
Dispatcher:2EDF;150491;35904;256;0;2;201;249;264;296
Listener:Sent_pong;295;CE13
Dispatcher:CE13;150541;27915;256;0;2;195;249;264;295
Listener:Sent_pong;296;0002
Dispatcher:0002;150577;27295;256;0;2;191;249;277;296
Listener:Sent_pong;296;904F
Dispatcher:904F;150626;30530;256;0;2;193;255;278;296
Listener:Sent_pong;296;9375
Dispatcher:9375;150658;26622;256;0;2;207;255;271;296
Listener:Sent_pong;296;C323
Dispatcher:C323;150700;28244;256;0;2;204;249;271;296
Listener:Sent_pong;296;E934
Dispatcher:E934;150748;27926;256;0;2;201;249;270;296
Listener:Sent_pong;297;A7E4
Dispatcher:A7E4;150837;27887;256;0;2;207;255;280;297
Listener:Sent_pong;296;8D93
Dispatcher:8D93;150834;54679;256;0;2;206;255;261;296
Listener:Sent_pong;296;67E2
Dispatcher:67E2;150894;22462;256;0;2;204;249;265;296
Listener:Sent_pong;297;F010
Dispatcher:F010;150944;32533;256;0;2;198;249;268;297
Listener:Sent_pong;297;FCED
Dispatcher:FCED;150968;28238;256;0;2;210;255;275;297
Listener:Sent_pong;297;2EDF
Dispatcher:2EDF;151000;28020;256;0;2;201;249;265;297
Listener:Sent_pong;296;CE13
Dispatcher:CE13;151048;28683;256;0;2;195;249;265;296
Listener:Sent_pong;297;0002
Dispatcher:0002;151084;25033;256;0;2;191;249;278;297
Listener:Sent_pong;297;904F
Dispatcher:904F;151135;35356;256;0;2;193;255;279;297
Listener:Sent_pong;297;9375
Dispatcher:9375;151165;26628;256;0;2;207;255;272;297
Listener:Sent_pong;297;C323
Dispatcher:C323;151208;27918;256;0;2;204;249;272;297
Listener:Sent_pong;297;E934
Dispatcher:E934;151265;53970;256;0;2;201;249;271;297
Listener:Sent_pong;298;A7E4
Dispatcher:A7E4;151345;27588;256;0;2;207;255;281;298
Listener:Sent_pong;297;8D93
Dispatcher:8D93;151341;23453;256;0;2;206;255;262;297
Listener:Sent_pong;297;67E2
Dispatcher:67E2;151401;24398;256;0;2;204;249;266;297
Listener:Sent_pong;298;F010
Dispatcher:F010;151453;27285;256;0;2;198;249;269;298
Listener:Sent_pong;298;FCED
Dispatcher:FCED;151479;32089;256;0;2;210;255;276;298
Listener:Sent_pong;298;2EDF
Dispatcher:2EDF;151511;29286;256;0;2;201;249;266;298
Listener:Sent_pong;297;CE13
Dispatcher:CE13;151558;26935;256;0;2;195;249;266;297
Listener:Sent_pong;298;0002
Dispatcher:0002;151592;27595;256;0;2;191;249;279;298
Listener:Sent_pong;298;904F
Dispatcher:904F;151649;34062;256;0;2;193;255;280;298
Listener:Sent_pong;298;9375
Dispatcher:9375;151679;34170;256;0;2;207;255;273;298
Listener:Sent_pong;298;C323
Dispatcher:C323;151716;26324;256;0;2;204;249;273;298
Listener:Sent_pong;298;E934
Dispatcher:E934;151773;27630;256;0;2;201;249;272;298
Listener:Sent_pong;298;A78F
Dispatcher:A78F;151816;26967;256;0;2;201;249;272;298
Listener:Sent_pong;298;8D93
Dispatcher:8D93;151851;28422;256;0;2;206;255;263;298
Listener:Sent_pong;298;67E2
Dispatcher:67E2;151908;26638;256;0;2;204;249;267;298
Listener:Sent_pong;299;F010
Dispatcher:F010;151959;25363;256;0;2;198;249;270;299
Listener:Sent_pong;299;FCED
Dispatcher:FCED;151987;26127;256;0;2;210;255;277;299
Listener:Sent_pong;299;2EDF
Dispatcher:2EDF;152020;28260;256;0;2;201;249;267;299
Listener:Sent_pong;298;CE13
Dispatcher:CE13;152066;27273;256;0;2;195;249;267;298
Listener:Sent_pong;299;0002
Dispatcher:0002;152100;27915;256;0;2;191;249;280;299
Listener:Sent_pong;299;904F
Dispatcher:904F;152156;26010;256;0;2;193;255;281;299
Listener:Sent_pong;299;9375
Dispatcher:9375;152188;43672;256;0;2;207;255;274;299
Listener:Sent_pong;299;C323
Dispatcher:C323;152230;35732;256;0;2;204;249;274;299
Listener:Sent_pong;299;E934
Dispatcher:E934;152280;23782;256;0;2;201;249;273;299
Listener:Sent_pong;299;A78F
Dispatcher:A78F;152323;26967;256;0;2;201;249;272;299
Listener:Sent_pong;299;8D93
Dispatcher:8D93;152362;43559;256;0;2;206;255;264;299
Listener:Sent_pong;300;A7E4
Dispatcher:A7E4;152388;33027;256;0;2;207;255;282;300
Listener:Sent_pong;299;67E2
Dispatcher:67E2;152417;31120;256;0;2;204;249;268;299
Listener:Sent_pong;300;F010
Dispatcher:F010;152466;25365;256;0;2;198;249;271;300
Listener:Sent_pong;300;FCED
Dispatcher:FCED;152494;23445;256;0;2;210;255;278;300
Listener:Sent_pong;300;2EDF
Dispatcher:2EDF;152526;24714;256;0;2;201;249;268;300
Listener:Sent_pong;299;CE13
Dispatcher:CE13;152574;28559;256;0;2;195;249;268;299
Listener:Sent_pong;300;0002
Dispatcher:0002;152608;32885;256;0;2;191;249;281;300
Listener:Sent_pong;300;904F
Dispatcher:904F;152665;27922;256;0;2;193;255;282;300
Listener:Sent_pong;300;9375
Dispatcher:9375;152696;25016;256;0;2;207;255;275;300
Listener:Sent_pong;300;C323
Dispatcher:C323;152739;30786;256;0;2;204;249;275;300
Listener:Sent_pong;300;E934
Dispatcher:E934;152787;24726;256;0;2;201;249;274;300
Listener:Sent_pong;300;A78F
Dispatcher:A78F;152831;27953;256;0;2;201;249;273;300
Listener:Sent_pong;300;8D93
Dispatcher:8D93;152871;28963;256;0;2;206;255;265;300
Listener:Sent_pong;301;A7E4
Dispatcher:A7E4;152897;55968;256;0;2;207;255;283;301
Listener:Sent_pong;300;67E2
Dispatcher:67E2;152925;30260;256;0;2;204;249;269;300
Listener:Sent_pong;301;F010
Dispatcher:F010;152973;25641;256;0;2;198;249;272;301
Listener:Sent_pong;301;FCED
Dispatcher:FCED;153002;28957;256;0;2;210;255;279;301
Listener:Sent_pong;301;2EDF
Dispatcher:2EDF;153033;24714;256;0;2;201;249;268;301
Listener:Sent_pong;300;CE13
Dispatcher:CE13;153091;37527;256;0;2;195;249;269;300
Listener:Sent_pong;301;0002
Dispatcher:0002;153116;25409;256;0;2;191;249;282;301
Listener:Sent_pong;301;904F
Dispatcher:904F;153173;29224;256;0;2;193;255;283;301
Listener:Sent_pong;301;9375
Dispatcher:9375;153204;26656;256;0;2;207;255;276;301
Listener:Sent_pong;301;C323
Dispatcher:C323;153248;29832;256;0;2;204;249;276;301
Listener:Sent_pong;301;E934
Dispatcher:E934;153294;34032;256;0;2;201;249;275;301
Listener:Sent_pong;301;A78F
Dispatcher:A78F;153338;34889;256;0;2;201;249;274;301
Listener:Sent_pong;302;A7E4
Dispatcher:A7E4;153406;50178;256;0;2;207;255;284;302
Listener:Sent_pong;301;67E2
Dispatcher:67E2;153432;23436;256;0;2;204;249;270;301
Listener:Sent_pong;302;F010
Dispatcher:F010;153481;24741;256;0;2;198;249;273;302
Listener:Sent_pong;302;FCED
Dispatcher:FCED;153510;26951;256;0;2;210;255;280;302
Listener:Sent_pong;302;2EDF
Dispatcher:2EDF;153540;26662;256;0;2;201;249;269;302
Listener:Sent_pong;301;CE13
Dispatcher:CE13;153599;25373;256;0;2;195;249;270;301
Listener:Sent_pong;302;0002
Dispatcher:0002;153624;31347;256;0;2;191;249;283;302
Listener:Sent_pong;302;904F
Dispatcher:904F;153681;27274;256;0;2;193;255;284;302
Listener:Sent_pong;302;9375
Dispatcher:9375;153711;28234;256;0;2;207;255;277;302
Listener:Sent_pong;302;C323
Dispatcher:C323;153757;30312;256;0;2;204;249;277;302
Listener:Sent_pong;302;E934
Dispatcher:E934;153800;23410;256;0;2;201;249;276;302
Listener:Sent_pong;302;A78F
Dispatcher:A78F;153845;25991;256;0;2;201;249;275;302
Listener:Sent_pong;303;A7E4
Dispatcher:A7E4;153915;49555;256;0;2;207;255;285;303
Listener:Sent_pong;302;8D93
Dispatcher:8D93;153893;25158;256;0;2;206;255;266;302
Listener:Sent_pong;302;67E2
Dispatcher:67E2;153939;24394;256;0;2;204;249;271;302
Listener:Sent_pong;303;F010
Dispatcher:F010;153990;27901;256;0;2;198;249;274;303
Listener:Sent_pong;303;FCED
Dispatcher:FCED;154017;26941;256;0;2;210;255;281;303
Listener:Sent_pong;303;2EDF
Dispatcher:2EDF;154048;26414;256;0;2;201;249;270;303
Listener:Sent_pong;302;CE13
Dispatcher:CE13;154106;27605;256;0;2;195;249;271;302
Listener:Sent_pong;303;0002
Dispatcher:0002;154133;28065;256;0;2;191;249;284;303
Listener:Sent_pong;303;904F
Dispatcher:904F;154188;26638;256;0;2;193;255;285;303
Listener:Sent_pong;303;9375
Dispatcher:9375;154219;27920;256;0;2;207;255;278;303
Listener:Sent_pong;303;C323
Dispatcher:C323;154263;24416;256;0;2;204;249;278;303
Listener:Sent_pong;303;E934
Dispatcher:E934;154308;27254;256;0;2;201;249;277;303
Listener:Sent_pong;303;A78F
Dispatcher:A78F;154354;28535;256;0;2;201;249;276;303
Listener:Sent_pong;304;A7E4
Dispatcher:A7E4;154428;35388;256;0;2;207;255;286;304
Listener:Sent_pong;303;8D93
Dispatcher:8D93;154430;57518;256;0;2;206;255;267;303
Listener:Sent_pong;303;67E2
Dispatcher:67E2;154455;31776;256;0;2;204;249;272;303
Listener:Sent_pong;304;F010
Dispatcher:F010;154504;34145;256;0;2;198;249;275;304
Listener:Sent_pong;304;FCED
Dispatcher:FCED;154524;25743;256;0;2;210;255;282;304
Listener:Sent_pong;304;2EDF
Dispatcher:2EDF;154555;28898;256;0;2;201;249;271;304
Listener:Sent_pong;303;CE13
Dispatcher:CE13;154614;34247;256;0;2;195;249;272;303
Listener:Sent_pong;304;0002
Dispatcher:0002;154650;37113;256;0;2;191;249;285;304
Listener:Sent_pong;304;904F
Dispatcher:904F;154696;29528;256;0;2;193;255;286;304
Listener:Sent_pong;304;9375
Dispatcher:9375;154727;26614;256;0;2;207;255;279;304
Listener:Sent_pong;304;C323
Dispatcher:C323;154770;23464;256;0;2;204;249;279;304
Listener:Sent_pong;304;E934
Dispatcher:E934;154816;24400;256;0;2;201;249;278;304
Listener:Sent_pong;304;A78F
Dispatcher:A78F;154863;27615;256;0;2;201;249;277;304
Listener:Sent_pong;305;A7E4
Dispatcher:A7E4;154935;30251;256;0;2;207;255;287;305
Listener:Sent_pong;304;8D93
Dispatcher:8D93;154938;24744;256;0;2;206;255;268;304
Listener:Sent_pong;304;67E2
Dispatcher:67E2;154962;27284;256;0;2;204;249;273;304
Listener:Sent_pong;305;F010
Dispatcher:F010;155011;27063;256;0;2;198;249;276;305
Listener:Sent_pong;305;FCED
Dispatcher:FCED;155033;25051;256;0;2;210;255;283;305
Listener:Sent_pong;305;2EDF
Dispatcher:2EDF;155063;27916;256;0;2;201;249;272;305
Listener:Sent_pong;304;CE13
Dispatcher:CE13;155121;29139;256;0;2;195;249;273;304
Listener:Sent_pong;305;0002
Dispatcher:0002;155172;40737;256;0;2;191;249;286;305
Listener:Sent_pong;305;904F
Dispatcher:904F;155205;25808;256;0;2;193;255;287;305
Listener:Sent_pong;305;9375
Dispatcher:9375;155234;28240;256;0;2;207;255;280;305
Listener:Sent_pong;305;C323
Dispatcher:C323;155277;26328;256;0;2;204;249;280;305
Listener:Sent_pong;305;E934
Dispatcher:E934;155323;28702;256;0;2;201;249;279;305
Listener:Sent_pong;305;A78F
Dispatcher:A78F;155370;25689;256;0;2;201;249;278;305
Listener:Sent_pong;306;A7E4
Dispatcher:A7E4;155442;25009;256;0;2;207;255;288;306
Listener:Sent_pong;305;8D93
Dispatcher:8D93;155445;26646;256;0;2;206;255;269;305
Listener:Sent_pong;305;67E2
Dispatcher:67E2;155470;25358;256;0;2;204;249;274;305
Listener:Sent_pong;306;F010
Dispatcher:F010;155519;24731;256;0;2;198;249;277;306
Listener:Sent_pong;306;FCED
Dispatcher:FCED;155546;29329;256;0;2;210;255;284;306
Listener:Sent_pong;306;2EDF
Dispatcher:2EDF;155573;29176;256;0;2;201;249;273;306
Listener:Sent_pong;305;CE13
Dispatcher:CE13;155630;34149;256;0;2;195;249;274;305
Listener:Sent_pong;306;0002
Dispatcher:0002;155679;25331;256;0;2;191;249;287;306
Listener:Sent_pong;306;904F
Dispatcher:904F;155713;24092;256;0;2;193;255;288;306
Listener:Sent_pong;306;9375
Dispatcher:9375;155742;57586;256;0;2;207;255;281;306
Listener:Sent_pong;306;C323
Dispatcher:C323;155799;42000;256;0;2;204;249;281;306
Listener:Sent_pong;306;E934
Dispatcher:E934;155829;26320;256;0;2;201;249;280;306
Listener:Sent_pong;306;A78F
Dispatcher:A78F;155879;29181;256;0;2;201;249;279;306
Listener:Sent_pong;307;A7E4
Dispatcher:A7E4;155949;25351;256;0;2;207;255;289;307
Listener:Sent_pong;306;8D93
Dispatcher:8D93;155954;29490;256;0;2;206;255;270;306
Listener:Sent_pong;306;67E2
Dispatcher:67E2;155979;27048;256;0;2;204;249;275;306
Listener:Sent_pong;307;F010
Dispatcher:F010;156028;26303;256;0;2;198;249;278;307
Listener:Sent_pong;307;FCED
Dispatcher:FCED;156054;26348;256;0;2;210;255;285;307
Listener:Sent_pong;307;2EDF
Dispatcher:2EDF;156082;30872;256;0;2;201;249;274;307
Listener:Sent_pong;306;CE13
Dispatcher:CE13;156137;27591;256;0;2;195;249;275;306
Listener:Sent_pong;307;0002
Dispatcher:0002;156188;28855;256;0;2;191;249;288;307
Listener:Sent_pong;307;904F
Dispatcher:904F;156220;27304;256;0;2;193;255;289;307
Listener:Sent_pong;307;9375
Dispatcher:9375;156266;54176;256;0;2;207;255;282;307
Listener:Sent_pong;307;C323
Dispatcher:C323;156306;22496;256;0;2;204;249;282;307
Listener:Sent_pong;307;E934
Dispatcher:E934;156336;26318;256;0;2;201;249;281;307
Listener:Sent_pong;307;A78F
Dispatcher:A78F;156388;28857;256;0;2;201;249;280;307
Listener:Sent_pong;308;A7E4
Dispatcher:A7E4;156456;26607;256;0;2;207;255;290;308
Listener:Sent_pong;307;8D93
Dispatcher:8D93;156461;25346;256;0;2;206;255;271;307
Listener:Sent_pong;307;67E2
Dispatcher:67E2;156491;33900;256;0;2;204;249;276;307
Listener:Sent_pong;308;F010
Dispatcher:F010;156535;25695;256;0;2;198;249;279;308
Listener:Sent_pong;308;FCED
Dispatcher:FCED;156561;28229;256;0;2;210;255;286;308
Listener:Sent_pong;308;2EDF
Dispatcher:2EDF;156594;30316;256;0;2;201;249;275;308
Listener:Sent_pong;307;CE13
Dispatcher:CE13;156644;26653;256;0;2;195;249;276;307
Listener:Sent_pong;308;0002
Dispatcher:0002;156697;28867;256;0;2;191;249;289;308
Listener:Sent_pong;308;904F
Dispatcher:904F;156729;29184;256;0;2;193;255;290;308
Listener:Sent_pong;308;9375
Dispatcher:9375;156774;29844;256;0;2;207;255;283;308
Listener:Sent_pong;308;C323
Dispatcher:C323;156813;26334;256;0;2;204;249;283;308
Listener:Sent_pong;308;E934
Dispatcher:E934;156845;28864;256;0;2;201;249;282;308
Listener:Sent_pong;308;A78F
Dispatcher:A78F;156902;33571;256;0;2;201;249;281;308
Listener:Sent_pong;309;A7E4
Dispatcher:A7E4;156964;25348;256;0;2;207;255;291;309
Listener:Sent_pong;308;8D93
Dispatcher:8D93;156970;27946;256;0;2;206;255;272;308
Listener:Sent_pong;308;67E2
Dispatcher:67E2;157000;27574;256;0;2;204;249;277;308
Listener:Sent_pong;309;F010
Dispatcher:F010;157043;26321;256;0;2;198;249;280;309
Listener:Sent_pong;309;FCED
Dispatcher:FCED;157069;25978;256;0;2;210;255;287;309
Listener:Sent_pong;309;2EDF
Dispatcher:2EDF;157101;26470;256;0;2;201;249;276;309
Listener:Sent_pong;308;CE13
Dispatcher:CE13;157151;26625;256;0;2;195;249;277;308
Listener:Sent_pong;309;0002
Dispatcher:0002;157206;35839;256;0;2;191;249;290;309
Listener:Sent_pong;309;904F
Dispatcher:904F;157239;30010;256;0;2;193;255;291;309
Listener:Sent_pong;309;9375
Dispatcher:9375;157283;26310;256;0;2;207;255;284;309
Listener:Sent_pong;309;C323
Dispatcher:C323;157320;23426;256;0;2;204;249;284;309
Listener:Sent_pong;309;E934
Dispatcher:E934;157354;25368;256;0;2;201;249;283;309
Listener:Sent_pong;309;A78F
Dispatcher:A78F;157411;29943;256;0;2;201;249;282;309
Listener:Sent_pong;310;A7E4
Dispatcher:A7E4;157473;27564;256;0;2;207;255;292;310
Listener:Sent_pong;309;8D93
Dispatcher:8D93;157479;26349;256;0;2;206;255;273;309
Listener:Sent_pong;309;67E2
Dispatcher:67E2;157509;35260;256;0;2;204;249;278;309
Listener:Sent_pong;310;F010
Dispatcher:F010;157552;27893;256;0;2;198;249;281;310
Listener:Sent_pong;310;FCED
Dispatcher:FCED;157577;28225;256;0;2;210;255;288;310
Listener:Sent_pong;310;2EDF
Dispatcher:2EDF;157610;26634;256;0;2;201;249;277;310
Listener:Sent_pong;309;CE13
Dispatcher:CE13;157659;26633;256;0;2;195;249;278;309
Listener:Sent_pong;310;0002
Dispatcher:0002;157715;30785;256;0;2;191;249;291;310
Listener:Sent_pong;310;904F
Dispatcher:904F;157748;30260;256;0;2;193;255;292;310
Listener:Sent_pong;310;9375
Dispatcher:9375;157791;26636;256;0;2;207;255;285;310
Listener:Sent_pong;310;C323
Dispatcher:C323;157829;34240;256;0;2;204;249;285;310
Listener:Sent_pong;310;E934
Dispatcher:E934;157864;28469;256;0;2;201;249;284;310
Listener:Sent_pong;310;A78F
Dispatcher:A78F;157919;25697;256;0;2;201;249;283;310
Listener:Sent_pong;311;A7E4
Dispatcher:A7E4;157981;25665;256;0;2;207;255;293;311
Listener:Sent_pong;310;8D93
Dispatcher:8D93;157987;26962;256;0;2;206;255;274;310
Listener:Sent_pong;310;67E2
Dispatcher:67E2;158018;30130;256;0;2;204;249;279;310
Listener:Sent_pong;311;F010
Dispatcher:F010;158059;26643;256;0;2;198;249;282;311
Listener:Sent_pong;311;2EDF
Dispatcher:2EDF;158119;25712;256;0;2;201;249;278;311
Listener:Sent_pong;310;CE13
Dispatcher:CE13;158168;27263;256;0;2;195;249;279;310
Listener:Sent_pong;311;0002
Dispatcher:0002;158224;25673;256;0;2;191;249;292;311
Listener:Sent_pong;311;904F
Dispatcher:904F;158264;36602;256;0;2;193;255;293;311
Listener:Sent_pong;311;9375
Dispatcher:9375;158298;24690;256;0;2;207;255;286;311
Listener:Sent_pong;311;C323
Dispatcher:C323;158337;24438;256;0;2;204;249;286;311
Listener:Sent_pong;311;E934
Dispatcher:E934;158371;25670;256;0;2;201;249;285;311
Listener:Sent_pong;311;A78F
Dispatcher:A78F;158426;25969;256;0;2;201;249;284;311
Listener:Sent_pong;312;A7E4
Dispatcher:A7E4;158487;31531;256;0;2;207;255;294;312
Listener:Sent_pong;311;8D93
Dispatcher:8D93;158494;26649;256;0;2;206;255;275;311
Listener:Sent_pong;311;67E2
Dispatcher:67E2;158525;26326;256;0;2;204;249;280;311
Listener:Sent_pong;312;F010
Dispatcher:F010;158567;26643;256;0;2;198;249;282;312
Listener:Sent_pong;312;FCED
Dispatcher:FCED;158616;23747;256;0;2;210;255;289;312
Listener:Sent_pong;311;CE13
Dispatcher:CE13;158682;34195;256;0;2;195;249;280;311
Listener:Sent_pong;312;0002
Dispatcher:0002;158730;24723;256;0;2;191;249;293;312
Listener:Sent_pong;312;904F
Dispatcher:904F;158772;26990;256;0;2;193;255;294;312
Listener:Sent_pong;312;9375
Dispatcher:9375;158807;29504;256;0;2;207;255;287;312
Listener:Sent_pong;312;C323
Dispatcher:C323;158844;23760;256;0;2;204;249;287;312
Listener:Sent_pong;312;E934
Dispatcher:E934;158879;32948;256;0;2;201;249;286;312
Listener:Sent_pong;312;A78F
Dispatcher:A78F;158935;29185;256;0;2;201;249;285;312
Listener:Sent_pong;313;A7E4
Dispatcher:A7E4;158995;27601;256;0;2;207;255;295;313
Listener:Sent_pong;312;8D93
Dispatcher:8D93;159002;28226;256;0;2;206;255;276;312
Listener:Sent_pong;312;67E2
Dispatcher:67E2;159033;27908;256;0;2;204;249;281;312
Listener:Sent_pong;313;F010
Dispatcher:F010;159075;27913;256;0;2;198;249;283;313
Listener:Sent_pong;313;FCED
Dispatcher:FCED;159125;23747;256;0;2;210;255;289;313
Listener:Sent_pong;313;2EDF
Dispatcher:2EDF;159170;54118;256;0;2;201;249;279;313
Listener:Sent_pong;312;CE13
Dispatcher:CE13;159190;28043;256;0;2;195;249;281;312
Listener:Sent_pong;313;0002
Dispatcher:0002;159237;25395;256;0;2;191;249;294;313
Listener:Sent_pong;313;904F
Dispatcher:904F;159279;23150;256;0;2;193;255;295;313
Listener:Sent_pong;313;9375
Dispatcher:9375;159315;26962;256;0;2;207;255;288;313
Listener:Sent_pong;313;C323
Dispatcher:C323;159351;25374;256;0;2;204;249;288;313
Listener:Sent_pong;313;E934
Dispatcher:E934;159387;26322;256;0;2;201;249;287;313
Listener:Sent_pong;313;A78F
Dispatcher:A78F;159443;32525;256;0;2;201;249;286;313
Listener:Sent_pong;314;A7E4
Dispatcher:A7E4;159504;27122;256;0;2;207;255;296;314
Listener:Sent_pong;313;8D93
Dispatcher:8D93;159515;32506;256;0;2;206;255;277;313
Listener:Sent_pong;314;2EDF
Dispatcher:2EDF;159678;26056;256;0;2;201;249;280;314
Listener:Sent_pong;313;CE13
Dispatcher:CE13;159702;37263;256;0;2;195;249;282;313
Listener:Sent_pong;314;0002
Dispatcher:0002;159744;24721;256;0;2;191;249;295;314
Listener:Sent_pong;314;904F
Dispatcher:904F;159786;26328;256;0;2;193;255;296;314
Listener:Sent_pong;314;9375
Dispatcher:9375;159825;28798;256;0;2;207;255;289;314
Listener:Sent_pong;314;C323
Dispatcher:C323;159859;28260;256;0;2;204;249;289;314
Listener:Sent_pong;314;E934
Dispatcher:E934;159895;24748;256;0;2;201;249;288;314
Listener:Sent_pong;314;A78F
Dispatcher:A78F;159952;26633;256;0;2;201;249;287;314
Listener:Sent_pong;315;A7E4
Dispatcher:A7E4;160011;26634;256;0;2;207;255;297;315
Listener:Sent_pong;314;8D93
Dispatcher:8D93;160023;64642;256;0;2;206;255;278;314
Listener:Sent_pong;314;67E2
Dispatcher:67E2;160069;25356;256;0;2;204;249;282;314
Listener:Sent_pong;315;F010
Dispatcher:F010;160092;28539;256;0;2;198;249;284;315
Listener:Sent_pong;315;FCED
Dispatcher:FCED;160135;23134;256;0;2;210;255;290;315
Listener:Sent_pong;315;2EDF
Dispatcher:2EDF;160185;28204;256;0;2;201;249;281;315
Listener:Sent_pong;314;CE13
Dispatcher:CE13;160212;26065;256;0;2;195;249;283;314
Listener:Sent_pong;315;0002
Dispatcher:0002;160251;28779;256;0;2;191;249;296;315
Listener:Sent_pong;315;904F
Dispatcher:904F;160293;25172;256;0;2;193;255;297;315
Listener:Sent_pong;315;9375
Dispatcher:9375;160333;28542;256;0;2;207;255;290;315
Listener:Sent_pong;315;C323
Dispatcher:C323;160367;26964;256;0;2;204;249;290;315
Listener:Sent_pong;315;E934
Dispatcher:E934;160403;32316;256;0;2;201;249;289;315
Listener:Sent_pong;315;A78F
Dispatcher:A78F;160460;32215;256;0;2;201;249;288;315
Listener:Sent_pong;316;A7E4
Dispatcher:A7E4;160521;29848;256;0;2;207;255;298;316
Listener:Sent_pong;315;8D93
Dispatcher:8D93;160532;27298;256;0;2;206;255;279;315
Listener:Sent_pong;315;67E2
Dispatcher:67E2;160576;30898;256;0;2;204;249;283;315
Listener:Sent_pong;316;F010
Dispatcher:F010;160616;41263;256;0;2;198;249;285;316
Listener:Sent_pong;316;FCED
Dispatcher:FCED;160642;30122;256;0;2;210;255;291;316
Listener:Sent_pong;316;2EDF
Dispatcher:2EDF;160694;29904;256;0;2;201;249;282;316
Listener:Sent_pong;315;CE13
Dispatcher:CE13;160719;28055;256;0;2;195;249;284;315
Listener:Sent_pong;316;0002
Dispatcher:0002;160759;33325;256;0;2;191;249;297;316
Listener:Sent_pong;316;904F
Dispatcher:904F;160800;28228;256;0;2;193;255;298;316
Listener:Sent_pong;316;9375
Dispatcher:9375;160840;26612;256;0;2;207;255;291;316
Listener:Sent_pong;316;C323
Dispatcher:C323;160875;23464;256;0;2;204;249;291;316
Listener:Sent_pong;316;E934
Dispatcher:E934;160912;26958;256;0;2;201;249;290;316
Listener:Sent_pong;316;A78F
Dispatcher:A78F;160967;32319;256;0;2;201;249;289;316
Listener:Sent_pong;317;A7E4
Dispatcher:A7E4;161030;27275;256;0;2;207;255;299;317
Listener:Sent_pong;316;8D93
Dispatcher:8D93;161040;28254;256;0;2;206;255;280;316
Listener:Sent_pong;316;67E2
Dispatcher:67E2;161083;24398;256;0;2;204;249;284;316
Listener:Sent_pong;317;F010
Dispatcher:F010;161124;26299;256;0;2;198;249;286;317
Listener:Sent_pong;317;FCED
Dispatcher:FCED;161150;24747;256;0;2;210;255;292;317
Listener:Sent_pong;317;2EDF
Dispatcher:2EDF;161201;23768;256;0;2;201;249;283;317
Listener:Sent_pong;316;CE13
Dispatcher:CE13;161228;28555;256;0;2;195;249;285;316
Listener:Sent_pong;317;0002
Dispatcher:0002;161268;30149;256;0;2;191;249;298;317
Listener:Sent_pong;317;904F
Dispatcher:904F;161309;25380;256;0;2;193;255;299;317
Listener:Sent_pong;317;9375
Dispatcher:9375;161349;27884;256;0;2;207;255;292;317
Listener:Sent_pong;317;C323
Dispatcher:C323;161382;33590;256;0;2;204;249;292;317
Listener:Sent_pong;317;E934
Dispatcher:E934;161420;28588;256;0;2;201;249;291;317
Listener:Sent_pong;317;A78F
Dispatcher:A78F;161475;26657;256;0;2;201;249;290;317
Listener:Sent_pong;318;A7E4
Dispatcher:A7E4;161538;27909;256;0;2;207;255;300;318
Listener:Sent_pong;317;8D93
Dispatcher:8D93;161549;29551;256;0;2;206;255;281;317
Listener:Sent_pong;317;67E2
Dispatcher:67E2;161591;25658;256;0;2;204;249;285;317
Listener:Sent_pong;318;F010
Dispatcher:F010;161631;25029;256;0;2;198;249;287;318
Listener:Sent_pong;318;FCED
Dispatcher:FCED;161657;25032;256;0;2;210;255;293;318
Listener:Sent_pong;318;2EDF
Dispatcher:2EDF;161714;30950;256;0;2;201;249;284;318
Listener:Sent_pong;318;0002
Dispatcher:0002;161776;28867;256;0;2;191;249;299;318
Listener:Sent_pong;318;904F
Dispatcher:904F;161815;25354;256;0;2;193;255;300;318
Listener:Sent_pong;318;9375
Dispatcher:9375;161858;30788;256;0;2;207;255;293;318
Listener:Sent_pong;318;C323
Dispatcher:C323;161891;37904;256;0;2;204;249;293;318
Listener:Sent_pong;318;E934
Dispatcher:E934;161932;30980;256;0;2;201;249;292;318
Listener:Sent_pong;318;A78F
Dispatcher:A78F;161984;27921;256;0;2;201;249;291;318
Listener:Sent_pong;319;A7E4
Dispatcher:A7E4;162045;26115;256;0;2;207;255;301;319
Listener:Sent_pong;318;8D93
Dispatcher:8D93;162057;24401;256;0;2;206;255;282;318
Listener:Sent_pong;318;67E2
Dispatcher:67E2;162100;26292;256;0;2;204;249;286;318
Listener:Sent_pong;319;F010
Dispatcher:F010;162140;26937;256;0;2;198;249;288;319
Listener:Sent_pong;319;FCED
Dispatcher:FCED;162163;24072;256;0;2;210;255;294;319
Listener:Sent_pong;319;2EDF
Dispatcher:2EDF;162222;30950;256;0;2;201;249;284;319
Listener:Sent_pong;319;0002
Dispatcher:0002;162289;28867;256;0;2;191;249;299;319
Listener:Sent_pong;318;CE13
Dispatcher:CE13;162308;26913;256;0;2;195;249;286;318
Listener:Sent_pong;319;9375
Dispatcher:9375;162367;28856;256;0;2;207;255;294;319
Listener:Sent_pong;319;C323
Dispatcher:C323;162400;27948;256;0;2;204;249;294;319
Listener:Sent_pong;319;E934
Dispatcher:E934;162440;25674;256;0;2;201;249;293;319
Listener:Sent_pong;319;A78F
Dispatcher:A78F;162492;26941;256;0;2;201;249;292;319
Listener:Sent_pong;320;A7E4
Dispatcher:A7E4;162553;29951;256;0;2;207;255;302;320
Listener:Sent_pong;319;8D93
Dispatcher:8D93;162565;27610;256;0;2;206;255;283;319
Listener:Sent_pong;319;67E2
Dispatcher:67E2;162607;25358;256;0;2;204;249;287;319
Listener:Sent_pong;320;F010
Dispatcher:F010;162653;33149;256;0;2;198;249;289;320
Listener:Sent_pong;320;2EDF
Dispatcher:2EDF;162731;29858;256;0;2;201;249;285;320
Listener:Sent_pong;320;0002
Dispatcher:0002;162796;36013;256;0;2;191;249;300;320
Listener:Sent_pong;319;CE13
Dispatcher:CE13;162832;58277;256;0;2;195;249;287;319
Listener:Sent_pong;320;904F
Dispatcher:904F;162864;45620;256;0;2;193;255;301;320
Listener:Sent_pong;320;C323
Dispatcher:C323;162909;28874;256;0;2;204;249;295;320
Listener:Sent_pong;320;E934
Dispatcher:E934;162949;29530;256;0;2;201;249;294;320
Listener:Sent_pong;320;A78F
Dispatcher:A78F;163001;28205;256;0;2;201;249;293;320
Listener:Sent_pong;321;A7E4
Dispatcher:A7E4;163061;26648;256;0;2;207;255;303;321
Listener:Sent_pong;320;8D93
Dispatcher:8D93;163074;29842;256;0;2;206;255;284;320
Listener:Sent_pong;320;67E2
Dispatcher:67E2;163115;26942;256;0;2;204;249;288;320
Listener:Sent_pong;321;F010
Dispatcher:F010;163161;33149;256;0;2;198;249;289;321
Listener:Sent_pong;321;FCED
Dispatcher:FCED;163206;29586;256;0;2;210;255;295;321
Listener:Sent_pong;321;2EDF
Dispatcher:2EDF;163244;29702;256;0;2;201;249;286;321
Listener:Sent_pong;321;0002
Dispatcher:0002;163305;28549;256;0;2;191;249;301;321
Listener:Sent_pong;320;CE13
Dispatcher:CE13;163341;29833;256;0;2;195;249;288;320
Listener:Sent_pong;321;904F
Dispatcher:904F;163371;66358;256;0;2;193;255;302;321
Listener:Sent_pong;321;9375
Dispatcher:9375;163411;29490;256;0;2;207;255;295;321
Listener:Sent_pong;321;C323
Dispatcher:C323;163440;28874;256;0;2;204;249;295;321
Listener:Sent_pong;321;E934
Dispatcher:E934;163470;46922;256;0;2;201;249;295;321
Listener:Sent_pong;321;A78F
Dispatcher:A78F;163509;26675;256;0;2;201;249;294;321
Listener:Sent_pong;322;A7E4
Dispatcher:A7E4;163568;24059;256;0;2;207;255;304;322
Listener:Sent_pong;321;8D93
Dispatcher:8D93;163591;34196;256;0;2;206;255;285;321
Listener:Sent_pong;321;67E2
Dispatcher:67E2;163623;26602;256;0;2;204;249;289;321
Listener:Sent_pong;322;F010
Dispatcher:F010;163668;27601;256;0;2;198;249;290;322
Listener:Sent_pong;322;FCED
Dispatcher:FCED;163715;27596;256;0;2;210;255;296;322
Listener:Sent_pong;322;2EDF
Dispatcher:2EDF;163751;25370;256;0;2;201;249;287;322
Listener:Sent_pong;322;0002
Dispatcher:0002;163812;25663;256;0;2;191;249;302;322
Listener:Sent_pong;321;CE13
Dispatcher:CE13;163849;26975;256;0;2;195;249;289;321
Listener:Sent_pong;322;904F
Dispatcher:904F;163884;40028;256;0;2;193;255;303;322
Listener:Sent_pong;322;9375
Dispatcher:9375;163919;23448;256;0;2;207;255;296;322
Listener:Sent_pong;322;C323
Dispatcher:C323;163947;22494;256;0;2;204;249;296;322
Listener:Sent_pong;322;E934
Dispatcher:E934;163977;29028;256;0;2;201;249;296;322
Listener:Sent_pong;322;A78F
Dispatcher:A78F;164016;26443;256;0;2;201;249;295;322
Listener:Sent_pong;323;A7E4
Dispatcher:A7E4;164076;24390;256;0;2;207;255;305;323
Listener:Sent_pong;322;8D93
Dispatcher:8D93;164099;25953;256;0;2;206;255;286;322
Listener:Sent_pong;322;67E2
Dispatcher:67E2;164130;24704;256;0;2;204;249;290;322
Listener:Sent_pong;323;F010
Dispatcher:F010;164175;26641;256;0;2;198;249;291;323
Listener:Sent_pong;323;FCED
Dispatcher:FCED;164222;24736;256;0;2;210;255;297;323
Listener:Sent_pong;323;2EDF
Dispatcher:2EDF;164259;25380;256;0;2;201;249;288;323
Listener:Sent_pong;323;0002
Dispatcher:0002;164325;30617;256;0;2;191;249;303;323
Listener:Sent_pong;322;CE13
Dispatcher:CE13;164357;28565;256;0;2;195;249;290;322
Listener:Sent_pong;323;904F
Dispatcher:904F;164392;27934;256;0;2;193;255;304;323
Listener:Sent_pong;323;9375
Dispatcher:9375;164427;29222;256;0;2;207;255;297;323
Listener:Sent_pong;323;C323
Dispatcher:C323;164454;25050;256;0;2;204;249;297;323
Listener:Sent_pong;323;E934
Dispatcher:E934;164485;25686;256;0;2;201;249;297;323
Listener:Sent_pong;323;A78F
Dispatcher:A78F;164530;33067;256;0;2;201;249;296;323
Listener:Sent_pong;324;A7E4
Dispatcher:A7E4;164587;29174;256;0;2;207;255;306;324
Listener:Sent_pong;323;8D93
Dispatcher:8D93;164606;26646;256;0;2;206;255;287;323
Listener:Sent_pong;323;67E2
Dispatcher:67E2;164639;29828;256;0;2;204;249;291;323
Listener:Sent_pong;324;F010
Dispatcher:F010;164683;25057;256;0;2;198;249;292;324
Listener:Sent_pong;324;FCED
Dispatcher:FCED;164730;29341;256;0;2;210;255;298;324
Listener:Sent_pong;324;2EDF
Dispatcher:2EDF;164767;27922;256;0;2;201;249;289;324
Listener:Sent_pong;324;0002
Dispatcher:0002;164832;34581;256;0;2;191;249;304;324
Listener:Sent_pong;323;CE13
Dispatcher:CE13;164876;36779;256;0;2;195;249;291;323
Listener:Sent_pong;324;904F
Dispatcher:904F;164901;29510;256;0;2;193;255;305;324
Listener:Sent_pong;324;9375
Dispatcher:9375;164935;28024;256;0;2;207;255;298;324
Listener:Sent_pong;324;C323
Dispatcher:C323;164963;24726;256;0;2;204;249;298;324
Listener:Sent_pong;324;E934
Dispatcher:E934;164994;27592;256;0;2;201;249;298;324
Listener:Sent_pong;324;A78F
Dispatcher:A78F;165037;26949;256;0;2;201;249;297;324
Listener:Sent_pong;324;8D93
Dispatcher:8D93;165115;28576;256;0;2;206;255;288;324
Listener:Sent_pong;324;67E2
Dispatcher:67E2;165148;28676;256;0;2;204;249;292;324
Listener:Sent_pong;325;F010
Dispatcher:F010;165191;27299;256;0;2;198;249;293;325
Listener:Sent_pong;325;FCED
Dispatcher:FCED;165237;24723;256;0;2;210;255;299;325
Listener:Sent_pong;325;2EDF
Dispatcher:2EDF;165274;26970;256;0;2;201;249;290;325
Listener:Sent_pong;325;0002
Dispatcher:0002;165341;29837;256;0;2;191;249;305;325
Listener:Sent_pong;324;CE13
Dispatcher:CE13;165383;26641;256;0;2;195;249;292;324
Listener:Sent_pong;325;904F
Dispatcher:904F;165410;27912;256;0;2;193;255;306;325
Listener:Sent_pong;325;9375
Dispatcher:9375;165442;31572;256;0;2;207;255;299;325
Listener:Sent_pong;325;C323
Dispatcher:C323;165473;29250;256;0;2;204;249;299;325
Listener:Sent_pong;325;E934
Dispatcher:E934;165502;31998;256;0;2;201;249;299;325
Listener:Sent_pong;325;A78F
Dispatcher:A78F;165545;29185;256;0;2;201;249;298;325
Listener:Sent_pong;326;A7E4
Dispatcher:A7E4;165624;29790;256;0;2;207;255;307;326
Listener:Sent_pong;325;8D93
Dispatcher:8D93;165622;27620;256;0;2;206;255;289;325
Listener:Sent_pong;325;67E2
Dispatcher:67E2;165656;34638;256;0;2;204;249;293;325
Listener:Sent_pong;326;F010
Dispatcher:F010;165699;26645;256;0;2;198;249;294;326
Listener:Sent_pong;326;FCED
Dispatcher:FCED;165746;30132;256;0;2;210;255;300;326
Listener:Sent_pong;326;2EDF
Dispatcher:2EDF;165789;34702;256;0;2;201;249;291;326
Listener:Sent_pong;326;0002
Dispatcher:0002;165857;37571;256;0;2;191;249;306;326
Listener:Sent_pong;325;CE13
Dispatcher:CE13;165892;29501;256;0;2;195;249;293;325
Listener:Sent_pong;326;904F
Dispatcher:904F;165919;29806;256;0;2;193;255;307;326
Listener:Sent_pong;326;9375
Dispatcher:9375;165950;26954;256;0;2;207;255;300;326
Listener:Sent_pong;326;C323
Dispatcher:C323;165987;36842;256;0;2;204;249;300;326
Listener:Sent_pong;326;E934
Dispatcher:E934;166020;36068;256;0;2;201;249;300;326
Listener:Sent_pong;326;A78F
Dispatcher:A78F;166053;26665;256;0;2;201;249;299;326
Listener:Sent_pong;327;A7E4
Dispatcher:A7E4;166131;24718;256;0;2;207;255;308;327
Listener:Sent_pong;326;8D93
Dispatcher:8D93;166131;25672;256;0;2;206;255;290;326
Listener:Sent_pong;326;67E2
Dispatcher:67E2;166164;26640;256;0;2;204;249;294;326
Listener:Sent_pong;327;F010
Dispatcher:F010;166206;23107;256;0;2;198;249;295;327
Listener:Sent_pong;327;FCED
Dispatcher:FCED;166255;31859;256;0;2;210;255;301;327
Listener:Sent_pong;327;2EDF
Dispatcher:2EDF;166297;34702;256;0;2;201;249;291;327
Listener:Sent_pong;327;0002
Dispatcher:0002;166366;27923;256;0;2;191;249;307;327
Listener:Sent_pong;326;CE13
Dispatcher:CE13;166401;31091;256;0;2;195;249;294;326
Listener:Sent_pong;327;9375
Dispatcher:9375;166459;26302;256;0;2;207;255;301;327
Listener:Sent_pong;327;C323
Dispatcher:C323;166494;30692;256;0;2;204;249;301;327
Listener:Sent_pong;327;E934
Dispatcher:E934;166529;26012;256;0;2;201;249;301;327
Listener:Sent_pong;327;A78F
Dispatcher:A78F;166561;24723;256;0;2;201;249;300;327
Listener:Sent_pong;328;A7E4
Dispatcher:A7E4;166640;30951;256;0;2;207;255;309;328
Listener:Sent_pong;327;8D93
Dispatcher:8D93;166638;26624;256;0;2;206;255;291;327
Listener:Sent_pong;327;67E2
Dispatcher:67E2;166673;27582;256;0;2;204;249;295;327
Listener:Sent_pong;328;F010
Dispatcher:F010;166714;23107;256;0;2;198;249;295;328
Listener:Sent_pong;328;FCED
Dispatcher:FCED;166764;26386;256;0;2;210;255;302;328
Listener:Sent_pong;328;2EDF
Dispatcher:2EDF;166804;24422;256;0;2;201;249;292;328
Listener:Sent_pong;328;0002
Dispatcher:0002;166874;26301;256;0;2;191;249;308;328
Listener:Sent_pong;327;CE13
Dispatcher:CE13;166909;33171;256;0;2;195;249;295;327
Listener:Sent_pong;328;904F
Dispatcher:904F;166938;25048;256;0;2;193;255;308;328
Listener:Sent_pong;328;9375
Dispatcher:9375;166967;23774;256;0;2;207;255;302;328
Listener:Sent_pong;328;C323
Dispatcher:C323;167003;25058;256;0;2;204;249;302;328
Listener:Sent_pong;328;E934
Dispatcher:E934;167037;28560;256;0;2;201;249;302;328
Listener:Sent_pong;328;A78F
Dispatcher:A78F;167068;26307;256;0;2;201;249;301;328
Listener:Sent_pong;329;A7E4
Dispatcher:A7E4;167147;25038;256;0;2;207;255;310;329
Listener:Sent_pong;328;8D93
Dispatcher:8D93;167147;27924;256;0;2;206;255;292;328
Listener:Sent_pong;328;67E2
Dispatcher:67E2;167180;24694;256;0;2;204;249;296;328
Listener:Sent_pong;329;F010
Dispatcher:F010;167222;27291;256;0;2;198;249;296;329
Listener:Sent_pong;329;FCED
Dispatcher:FCED;167272;28240;256;0;2;210;255;303;329
Listener:Sent_pong;329;2EDF
Dispatcher:2EDF;167311;26312;256;0;2;201;249;293;329
Listener:Sent_pong;329;0002
Dispatcher:0002;167382;26651;256;0;2;191;249;309;329
Listener:Sent_pong;328;CE13
Dispatcher:CE13;167418;28247;256;0;2;195;249;296;328
Listener:Sent_pong;329;904F
Dispatcher:904F;167445;28818;256;0;2;193;255;309;329
Listener:Sent_pong;329;9375
Dispatcher:9375;167474;26282;256;0;2;207;255;303;329
Listener:Sent_pong;329;C323
Dispatcher:C323;167511;25706;256;0;2;204;249;303;329
Listener:Sent_pong;329;E934
Dispatcher:E934;167550;28560;256;0;2;201;249;302;329
Listener:Sent_pong;329;A78F
Dispatcher:A78F;167584;34623;256;0;2;201;249;302;329
Listener:Sent_pong;330;A7E4
Dispatcher:A7E4;167654;25351;256;0;2;207;255;311;330
Listener:Sent_pong;329;8D93
Dispatcher:8D93;167664;35329;256;0;2;206;255;293;329
Listener:Sent_pong;329;67E2
Dispatcher:67E2;167689;27682;256;0;2;204;249;297;329
Listener:Sent_pong;330;F010
Dispatcher:F010;167729;25995;256;0;2;198;249;297;330
Listener:Sent_pong;330;FCED
Dispatcher:FCED;167781;27298;256;0;2;210;255;304;330
Listener:Sent_pong;330;2EDF
Dispatcher:2EDF;167818;23440;256;0;2;201;249;294;330
Listener:Sent_pong;330;0002
Dispatcher:0002;167889;24389;256;0;2;191;249;310;330
Listener:Sent_pong;329;CE13
Dispatcher:CE13;167927;27931;256;0;2;195;249;297;329
Listener:Sent_pong;330;904F
Dispatcher:904F;167952;25986;256;0;2;193;255;310;330
Listener:Sent_pong;330;9375
Dispatcher:9375;167982;26320;256;0;2;207;255;304;330
Listener:Sent_pong;330;C323
Dispatcher:C323;168018;25028;256;0;2;204;249;304;330
Listener:Sent_pong;330;E934
Dispatcher:E934;168057;25392;256;0;2;201;249;303;330
Listener:Sent_pong;330;A78F
Dispatcher:A78F;168092;28555;256;0;2;201;249;303;330
Listener:Sent_pong;331;A7E4
Dispatcher:A7E4;168163;24734;256;0;2;207;255;312;331
Listener:Sent_pong;330;8D93
Dispatcher:8D93;168172;32805;256;0;2;206;255;294;330
Listener:Sent_pong;330;67E2
Dispatcher:67E2;168201;29376;256;0;2;204;249;298;330
Listener:Sent_pong;331;F010
Dispatcher:F010;168237;29827;256;0;2;198;249;298;331
Listener:Sent_pong;331;FCED
Dispatcher:FCED;168287;25363;256;0;2;210;255;305;331
Listener:Sent_pong;331;2EDF
Dispatcher:2EDF;168327;25678;256;0;2;201;249;295;331
Listener:Sent_pong;331;0002
Dispatcher:0002;168395;25027;256;0;2;191;249;311;331
Listener:Sent_pong;330;CE13
Dispatcher:CE13;168434;29523;256;0;2;195;249;298;330
Listener:Sent_pong;331;904F
Dispatcher:904F;168461;26342;256;0;2;193;255;311;331
Listener:Sent_pong;331;9375
Dispatcher:9375;168496;34172;256;0;2;207;255;305;331
Listener:Sent_pong;331;E934
Dispatcher:E934;168566;27314;256;0;2;201;249;304;331
Listener:Sent_pong;331;A78F
Dispatcher:A78F;168602;28187;256;0;2;201;249;304;331
Listener:Sent_pong;331;8D93
Dispatcher:8D93;168679;25724;256;0;2;206;255;295;331
Listener:Sent_pong;331;67E2
Dispatcher:67E2;168710;28388;256;0;2;204;249;299;331
Listener:Sent_pong;332;F010
Dispatcher:F010;168745;26333;256;0;2;198;249;299;332
Listener:Sent_pong;332;FCED
Dispatcher:FCED;168794;26269;256;0;2;210;255;306;332
Listener:Sent_pong;332;2EDF
Dispatcher:2EDF;168835;28556;256;0;2;201;249;296;332
Listener:Sent_pong;332;0002
Dispatcher:0002;168903;29635;256;0;2;191;249;312;332
Listener:Sent_pong;331;CE13
Dispatcher:CE13;168943;28871;256;0;2;195;249;299;331
Listener:Sent_pong;332;904F
Dispatcher:904F;168969;33898;256;0;2;193;255;312;332
Listener:Sent_pong;332;9375
Dispatcher:9375;169005;81484;256;0;2;207;255;306;332
Listener:Sent_pong;332;C323
Dispatcher:C323;169067;27938;256;0;2;204;249;305;332
Listener:Sent_pong;332;E934
Dispatcher:E934;169087;43268;256;0;2;201;249;305;332
Listener:Sent_pong;333;A7E4
Dispatcher:A7E4;169197;30125;256;0;2;207;255;313;333
Listener:Sent_pong;332;8D93
Dispatcher:8D93;169194;34022;256;0;2;206;255;296;332
Listener:Sent_pong;332;67E2
Dispatcher:67E2;169219;27996;256;0;2;204;249;300;332
Listener:Sent_pong;333;F010
Dispatcher:F010;169253;27311;256;0;2;198;249;300;333
Listener:Sent_pong;333;FCED
Dispatcher:FCED;169302;26441;256;0;2;210;255;307;333
Listener:Sent_pong;333;2EDF
Dispatcher:2EDF;169343;26354;256;0;2;201;249;297;333
Listener:Sent_pong;333;0002
Dispatcher:0002;169411;27895;256;0;2;191;249;313;333
Listener:Sent_pong;332;CE13
Dispatcher:CE13;169452;27579;256;0;2;195;249;300;332
Listener:Sent_pong;333;904F
Dispatcher:904F;169478;29872;256;0;2;193;255;313;333
Listener:Sent_pong;333;9375
Dispatcher:9375;169513;28254;256;0;2;207;255;307;333
Listener:Sent_pong;333;C323
Dispatcher:C323;169576;33492;256;0;2;204;249;306;333
Listener:Sent_pong;333;E934
Dispatcher:E934;169612;63954;256;0;2;201;249;306;333
Listener:Sent_pong;333;A78F
Dispatcher:A78F;169648;75405;256;0;2;201;249;305;333
Listener:Sent_pong;334;A7E4
Dispatcher:A7E4;169705;25995;256;0;2;207;255;314;334
Listener:Sent_pong;333;8D93
Dispatcher:8D93;169702;28400;256;0;2;206;255;297;333
Listener:Sent_pong;334;F010
Dispatcher:F010;169772;41775;256;0;2;198;249;301;334
Listener:Sent_pong;334;FCED
Dispatcher:FCED;169809;35651;256;0;2;210;255;308;334
Listener:Sent_pong;334;2EDF
Dispatcher:2EDF;169866;41180;256;0;2;201;249;298;334
Listener:Sent_pong;334;0002
Dispatcher:0002;169919;26629;256;0;2;191;249;314;334
Listener:Sent_pong;333;CE13
Dispatcher:CE13;169964;29643;256;0;2;195;249;301;333
Listener:Sent_pong;334;904F
Dispatcher:904F;169984;29768;256;0;2;193;255;314;334
Listener:Sent_pong;334;9375
Dispatcher:9375;170021;27604;256;0;2;207;255;308;334
Listener:Sent_pong;334;C323
Dispatcher:C323;170084;27938;256;0;2;204;249;307;334
Listener:Sent_pong;334;E934
Dispatcher:E934;170120;28558;256;0;2;201;249;307;334
Listener:Sent_pong;334;A78F
Dispatcher:A78F;170155;25501;256;0;2;201;249;306;334
Listener:Sent_pong;335;A7E4
Dispatcher:A7E4;170213;24722;256;0;2;207;255;315;335
Listener:Sent_pong;334;67E2
Dispatcher:67E2;170235;35748;256;0;2;204;249;301;334
Listener:Sent_pong;335;F010
Dispatcher:F010;170281;36825;256;0;2;198;249;302;335
Listener:Sent_pong;335;FCED
Dispatcher:FCED;170322;30927;256;0;2;210;255;309;335
Listener:Sent_pong;335;2EDF
Dispatcher:2EDF;170373;30324;256;0;2;201;249;299;335
Listener:Sent_pong;335;0002
Dispatcher:0002;170426;24737;256;0;2;191;249;315;335
Listener:Sent_pong;334;CE13
Dispatcher:CE13;170472;42031;256;0;2;195;249;302;334
Listener:Sent_pong;335;9375
Dispatcher:9375;170531;27474;256;0;2;207;255;309;335
Listener:Sent_pong;335;C323
Dispatcher:C323;170592;29860;256;0;2;204;249;308;335
Listener:Sent_pong;335;E934
Dispatcher:E934;170628;27898;256;0;2;201;249;308;335
Listener:Sent_pong;335;A78F
Dispatcher:A78F;170664;29197;256;0;2;201;249;307;335
Listener:Sent_pong;336;A7E4
Dispatcher:A7E4;170729;24722;256;0;2;207;255;315;336
Listener:Sent_pong;335;8D93
Dispatcher:8D93;170736;25352;256;0;2;206;255;298;335
Listener:Sent_pong;335;67E2
Dispatcher:67E2;170748;31284;256;0;2;204;249;302;335
Listener:Sent_pong;336;FCED
Dispatcher:FCED;170834;32051;256;0;2;210;255;310;336
Listener:Sent_pong;336;2EDF
Dispatcher:2EDF;170882;27300;256;0;2;201;249;300;336
Listener:Sent_pong;336;0002
Dispatcher:0002;170933;26323;256;0;2;191;249;316;336
Listener:Sent_pong;335;CE13
Dispatcher:CE13;170986;30831;256;0;2;195;249;303;335
Listener:Sent_pong;336;904F
Dispatcher:904F;171056;44942;256;0;2;193;255;315;336
Listener:Sent_pong;336;9375
Dispatcher:9375;171084;74182;256;0;2;207;255;310;336
Listener:Sent_pong;336;C323
Dispatcher:C323;171109;34636;256;0;2;204;249;309;336
Listener:Sent_pong;336;E934
Dispatcher:E934;171137;25952;256;0;2;201;249;309;336
Listener:Sent_pong;336;A78F
Dispatcher:A78F;171172;28855;256;0;2;201;249;308;336
Listener:Sent_pong;337;A7E4
Dispatcher:A7E4;171245;34975;256;0;2;207;255;316;337
Listener:Sent_pong;336;8D93
Dispatcher:8D93;171244;24760;256;0;2;206;255;299;336
Listener:Sent_pong;336;67E2
Dispatcher:67E2;171272;31284;256;0;2;204;249;302;336
Listener:Sent_pong;337;F010
Dispatcher:F010;171319;51397;256;0;2;198;249;303;337
Listener:Sent_pong;337;FCED
Dispatcher:FCED;171343;28281;256;0;2;210;255;311;337
Listener:Sent_pong;337;2EDF
Dispatcher:2EDF;171389;27632;256;0;2;201;249;301;337
Listener:Sent_pong;337;0002
Dispatcher:0002;171441;26641;256;0;2;191;249;317;337
Listener:Sent_pong;336;CE13
Dispatcher:CE13;171499;30195;256;0;2;195;249;304;336
Listener:Sent_pong;337;904F
Dispatcher:904F;171564;25692;256;0;2;193;255;316;337
Listener:Sent_pong;337;9375
Dispatcher:9375;171593;28258;256;0;2;207;255;311;337
Listener:Sent_pong;337;C323
Dispatcher:C323;171618;31462;256;0;2;204;249;310;337
Listener:Sent_pong;337;E934
Dispatcher:E934;171653;36416;256;0;2;201;249;310;337
Listener:Sent_pong;337;A78F
Dispatcher:A78F;171680;28561;256;0;2;201;249;309;337
Listener:Sent_pong;338;A7E4
Dispatcher:A7E4;171754;34280;256;0;2;207;255;317;338
Listener:Sent_pong;337;8D93
Dispatcher:8D93;171752;27852;256;0;2;206;255;300;337
Listener:Sent_pong;337;67E2
Dispatcher:67E2;171780;26324;256;0;2;204;249;303;337
Listener:Sent_pong;338;F010
Dispatcher:F010;171827;35803;256;0;2;198;249;304;338
Listener:Sent_pong;338;FCED
Dispatcher:FCED;171855;29659;256;0;2;210;255;312;338
Listener:Sent_pong;338;2EDF
Dispatcher:2EDF;171898;26940;256;0;2;201;249;302;338
Listener:Sent_pong;338;0002
Dispatcher:0002;171949;27281;256;0;2;191;249;318;338
Listener:Sent_pong;337;CE13
Dispatcher:CE13;172007;27285;256;0;2;195;249;305;337
Listener:Sent_pong;338;904F
Dispatcher:904F;172072;25042;256;0;2;193;255;317;338
Listener:Sent_pong;338;9375
Dispatcher:9375;172101;26980;256;0;2;207;255;312;338
Listener:Sent_pong;338;C323
Dispatcher:C323;172127;32228;256;0;2;204;249;311;338
Listener:Sent_pong;338;E934
Dispatcher:E934;172161;25172;256;0;2;201;249;311;338
Listener:Sent_pong;338;A78F
Dispatcher:A78F;172189;31105;256;0;2;201;249;310;338
Listener:Sent_pong;339;A7E4
Dispatcher:A7E4;172263;29507;256;0;2;207;255;318;339
Listener:Sent_pong;338;8D93
Dispatcher:8D93;172278;57356;256;0;2;206;255;301;338
Listener:Sent_pong;338;67E2
Dispatcher:67E2;172314;56820;256;0;2;204;249;304;338
Listener:Sent_pong;339;0002
Dispatcher:0002;172456;32929;256;0;2;191;249;319;339
Listener:Sent_pong;338;CE13
Dispatcher:CE13;172515;26021;256;0;2;195;249;306;338
Listener:Sent_pong;339;904F
Dispatcher:904F;172581;28244;256;0;2;193;255;318;339
Listener:Sent_pong;339;9375
Dispatcher:9375;172609;27578;256;0;2;207;255;313;339
Listener:Sent_pong;339;C323
Dispatcher:C323;172635;29020;256;0;2;204;249;312;339
Listener:Sent_pong;339;E934
Dispatcher:E934;172668;30608;256;0;2;201;249;312;339
Listener:Sent_pong;339;A78F
Dispatcher:A78F;172697;25667;256;0;2;201;249;311;339
Listener:Sent_pong;340;A7E4
Dispatcher:A7E4;172770;25362;256;0;2;207;255;319;340
Listener:Sent_pong;339;8D93
Dispatcher:8D93;172786;28562;256;0;2;206;255;302;339
Listener:Sent_pong;340;F010
Dispatcher:F010;172858;56549;256;0;2;198;249;305;340
Listener:Sent_pong;340;FCED
Dispatcher:FCED;172916;47595;256;0;2;210;255;313;340
Listener:Sent_pong;340;2EDF
Dispatcher:2EDF;172954;34014;256;0;2;201;249;303;340
Listener:Sent_pong;340;0002
Dispatcher:0002;172970;39535;256;0;2;191;249;320;340
Listener:Sent_pong;339;CE13
Dispatcher:CE13;173022;25079;256;0;2;195;249;307;339
Listener:Sent_pong;340;904F
Dispatcher:904F;173096;30826;256;0;2;193;255;319;340
Listener:Sent_pong;340;9375
Dispatcher:9375;173130;39182;256;0;2;207;255;314;340
Listener:Sent_pong;340;C323
Dispatcher:C323;173152;35014;256;0;2;204;249;313;340
Listener:Sent_pong;340;E934
Dispatcher:E934;173182;42678;256;0;2;201;249;313;340
Listener:Sent_pong;340;A78F
Dispatcher:A78F;173217;39123;256;0;2;201;249;312;340
Listener:Sent_pong;341;A7E4
Dispatcher:A7E4;173277;25366;256;0;2;207;255;320;341
Listener:Sent_pong;340;8D93
Dispatcher:8D93;173294;28562;256;0;2;206;255;302;340
Listener:Sent_pong;340;67E2
Dispatcher:67E2;173347;28342;256;0;2;204;249;305;340
Listener:Sent_pong;341;F010
Dispatcher:F010;173367;29095;256;0;2;198;249;306;341
Listener:Sent_pong;341;FCED
Dispatcher:FCED;173425;30814;256;0;2;210;255;314;341
Listener:Sent_pong;341;2EDF
Dispatcher:2EDF;173463;33554;256;0;2;201;249;304;341
Listener:Sent_pong;341;0002
Dispatcher:0002;173491;37054;256;0;2;191;249;321;341
Listener:Sent_pong;340;CE13
Dispatcher:CE13;173531;26319;256;0;2;195;249;308;340
Listener:Sent_pong;341;904F
Dispatcher:904F;173603;28176;256;0;2;193;255;320;341
Listener:Sent_pong;341;9375
Dispatcher:9375;173638;26326;256;0;2;207;255;315;341
Listener:Sent_pong;341;C323
Dispatcher:C323;173662;27986;256;0;2;204;249;314;341
Listener:Sent_pong;341;E934
Dispatcher:E934;173691;28006;256;0;2;201;249;314;341
Listener:Sent_pong;341;8D93
Dispatcher:8D93;173803;38019;256;0;2;206;255;303;341
Listener:Sent_pong;341;67E2
Dispatcher:67E2;173855;31558;256;0;2;204;249;306;341
Listener:Sent_pong;342;F010
Dispatcher:F010;173891;41693;256;0;2;198;249;307;342
Listener:Sent_pong;342;FCED
Dispatcher:FCED;173933;25041;256;0;2;210;255;315;342
Listener:Sent_pong;342;2EDF
Dispatcher:2EDF;173970;26674;256;0;2;201;249;305;342
Listener:Sent_pong;342;0002
Dispatcher:0002;173999;37054;256;0;2;191;249;321;342
Listener:Sent_pong;341;CE13
Dispatcher:CE13;174050;38015;256;0;2;195;249;309;341
Listener:Sent_pong;342;904F
Dispatcher:904F;174112;30180;256;0;2;193;255;321;342
Listener:Sent_pong;342;9375
Dispatcher:9375;174149;40460;256;0;2;207;255;316;342
Listener:Sent_pong;342;C323
Dispatcher:C323;174186;43058;256;0;2;204;249;315;342
Listener:Sent_pong;342;E934
Dispatcher:E934;174214;28006;256;0;2;201;249;314;342
Listener:Sent_pong;343;A7E4
Dispatcher:A7E4;174288;29829;256;0;2;207;255;321;343
Listener:Sent_pong;342;8D93
Dispatcher:8D93;174311;27028;256;0;2;206;255;304;342
Listener:Sent_pong;342;67E2
Dispatcher:67E2;174363;24416;256;0;2;204;249;307;342
Listener:Sent_pong;343;F010
Dispatcher:F010;174400;26951;256;0;2;198;249;308;343
Listener:Sent_pong;343;FCED
Dispatcher:FCED;174441;33809;256;0;2;210;255;316;343
Listener:Sent_pong;343;2EDF
Dispatcher:2EDF;174478;27920;256;0;2;201;249;306;343
Listener:Sent_pong;343;0002
Dispatcher:0002;174508;29535;256;0;2;191;249;322;343
Listener:Sent_pong;342;CE13
Dispatcher:CE13;174558;23759;256;0;2;195;249;310;342
Listener:Sent_pong;343;904F
Dispatcher:904F;174620;28550;256;0;2;193;255;322;343
Listener:Sent_pong;343;9375
Dispatcher:9375;174657;28258;256;0;2;207;255;317;343
Listener:Sent_pong;343;C323
Dispatcher:C323;174694;25716;256;0;2;204;249;316;343
Listener:Sent_pong;343;E934
Dispatcher:E934;174722;28486;256;0;2;201;249;315;343
Listener:Sent_pong;344;A7E4
Dispatcher:A7E4;174797;29829;256;0;2;207;255;321;344
Listener:Sent_pong;343;A78F
Dispatcher:A78F;174800;26663;256;0;2;201;249;313;343
Listener:Sent_pong;343;8D93
Dispatcher:8D93;174819;25725;256;0;2;206;255;305;343
Listener:Sent_pong;343;67E2
Dispatcher:67E2;174870;26950;256;0;2;204;249;308;343
Listener:Sent_pong;344;F010
Dispatcher:F010;174907;27927;256;0;2;198;249;309;344
Listener:Sent_pong;344;FCED
Dispatcher:FCED;174949;31558;256;0;2;210;255;317;344
Listener:Sent_pong;344;2EDF
Dispatcher:2EDF;174987;27594;256;0;2;201;249;307;344
Listener:Sent_pong;344;0002
Dispatcher:0002;175016;26951;256;0;2;191;249;323;344
Listener:Sent_pong;343;CE13
Dispatcher:CE13;175065;31819;256;0;2;195;249;311;343
Listener:Sent_pong;344;904F
Dispatcher:904F;175128;35006;256;0;2;193;255;323;344
Listener:Sent_pong;344;9375
Dispatcher:9375;175166;27288;256;0;2;207;255;318;344
Listener:Sent_pong;344;C323
Dispatcher:C323;175201;25350;256;0;2;204;249;317;344
Listener:Sent_pong;344;E934
Dispatcher:E934;175231;28908;256;0;2;201;249;316;344
Listener:Sent_pong;345;A7E4
Dispatcher:A7E4;175305;25812;256;0;2;207;255;322;345
Listener:Sent_pong;344;A78F
Dispatcher:A78F;175307;26661;256;0;2;201;249;314;344
Listener:Sent_pong;344;8D93
Dispatcher:8D93;175333;33817;256;0;2;206;255;306;344
Listener:Sent_pong;344;67E2
Dispatcher:67E2;175377;26950;256;0;2;204;249;308;344
Listener:Sent_pong;345;F010
Dispatcher:F010;175443;53545;256;0;2;198;249;310;345
Listener:Sent_pong;345;FCED
Dispatcher:FCED;175466;37222;256;0;2;210;255;318;345
Listener:Sent_pong;345;2EDF
Dispatcher:2EDF;175505;37812;256;0;2;201;249;308;345
Listener:Sent_pong;345;0002
Dispatcher:0002;175527;29974;256;0;2;191;249;324;345
Listener:Sent_pong;344;CE13
Dispatcher:CE13;175572;27583;256;0;2;195;249;312;344
Listener:Sent_pong;345;904F
Dispatcher:904F;175643;34386;256;0;2;193;255;324;345
Listener:Sent_pong;345;9375
Dispatcher:9375;175674;29522;256;0;2;207;255;319;345
Listener:Sent_pong;345;C323
Dispatcher:C323;175710;26032;256;0;2;204;249;318;345
Listener:Sent_pong;346;A7E4
Dispatcher:A7E4;175812;24396;256;0;2;207;255;323;346
Listener:Sent_pong;345;A78F
Dispatcher:A78F;175816;28557;256;0;2;201;249;315;345
Listener:Sent_pong;345;8D93
Dispatcher:8D93;175840;26717;256;0;2;206;255;307;345
Listener:Sent_pong;345;67E2
Dispatcher:67E2;175885;46552;256;0;2;204;249;309;345
Listener:Sent_pong;346;F010
Dispatcher:F010;175957;29929;256;0;2;198;249;311;346
Listener:Sent_pong;346;FCED
Dispatcher:FCED;175974;26146;256;0;2;210;255;319;346
Listener:Sent_pong;346;2EDF
Dispatcher:2EDF;176013;37812;256;0;2;201;249;308;346
Listener:Sent_pong;346;0002
Dispatcher:0002;176058;49189;256;0;2;191;249;325;346
Listener:Sent_pong;345;CE13
Dispatcher:CE13;176084;32943;256;0;2;195;249;313;345
Listener:Sent_pong;346;904F
Dispatcher:904F;176152;28882;256;0;2;193;255;325;346
Listener:Sent_pong;346;9375
Dispatcher:9375;176183;28230;256;0;2;207;255;320;346
Listener:Sent_pong;346;C323
Dispatcher:C323;176226;26032;256;0;2;204;249;318;346
Listener:Sent_pong;346;E934
Dispatcher:E934;176267;26296;256;0;2;201;249;317;346
Listener:Sent_pong;346;A78F
Dispatcher:A78F;176333;43747;256;0;2;201;249;316;346
Listener:Sent_pong;346;8D93
Dispatcher:8D93;176369;48497;256;0;2;206;255;308;346
Listener:Sent_pong;346;67E2
Dispatcher:67E2;176393;25984;256;0;2;204;249;310;346
Listener:Sent_pong;347;F010
Dispatcher:F010;176465;26941;256;0;2;198;249;312;347
Listener:Sent_pong;347;FCED
Dispatcher:FCED;176485;31046;256;0;2;210;255;320;347
Listener:Sent_pong;347;2EDF
Dispatcher:2EDF;176521;25056;256;0;2;201;249;309;347
Listener:Sent_pong;347;0002
Dispatcher:0002;176565;23733;256;0;2;191;249;326;347
Listener:Sent_pong;346;CE13
Dispatcher:CE13;176591;27603;256;0;2;195;249;314;346
Listener:Sent_pong;347;904F
Dispatcher:904F;176659;26322;256;0;2;193;255;326;347
Listener:Sent_pong;347;9375
Dispatcher:9375;176691;26634;256;0;2;207;255;321;347
Listener:Sent_pong;347;C323
Dispatcher:C323;176733;25348;256;0;2;204;249;319;347
Listener:Sent_pong;347;E934
Dispatcher:E934;176774;26296;256;0;2;201;249;317;347
Listener:Sent_pong;348;A7E4
Dispatcher:A7E4;176847;27392;256;0;2;207;255;324;348
Listener:Sent_pong;347;A78F
Dispatcher:A78F;176841;43747;256;0;2;201;249;316;347
Listener:Sent_pong;347;8D93
Dispatcher:8D93;176901;48497;256;0;2;206;255;308;347
Listener:Sent_pong;347;67E2
Dispatcher:67E2;176932;58622;256;0;2;204;249;311;347
Listener:Sent_pong;348;F010
Dispatcher:F010;176972;28223;256;0;2;198;249;313;348
Listener:Sent_pong;348;FCED
Dispatcher:FCED;176993;26626;256;0;2;210;255;321;348
Listener:Sent_pong;348;2EDF
Dispatcher:2EDF;177039;40280;256;0;2;201;249;310;348
Listener:Sent_pong;348;0002
Dispatcher:0002;177074;28231;256;0;2;191;249;327;348
Listener:Sent_pong;347;CE13
Dispatcher:CE13;177100;27987;256;0;2;195;249;315;347
Listener:Sent_pong;348;904F
Dispatcher:904F;177168;27928;256;0;2;193;255;327;348
Listener:Sent_pong;348;9375
Dispatcher:9375;177208;32880;256;0;2;207;255;322;348
Listener:Sent_pong;348;C323
Dispatcher:C323;177241;27588;256;0;2;204;249;320;348
Listener:Sent_pong;348;E934
Dispatcher:E934;177284;30008;256;0;2;201;249;318;348
Listener:Sent_pong;349;A7E4
Dispatcher:A7E4;177354;23748;256;0;2;207;255;325;349
Listener:Sent_pong;348;A78F
Dispatcher:A78F;177348;26343;256;0;2;201;249;317;348
Listener:Sent_pong;348;8D93
Dispatcher:8D93;177410;26979;256;0;2;206;255;309;348
Listener:Sent_pong;348;67E2
Dispatcher:67E2;177441;28844;256;0;2;204;249;312;348
Listener:Sent_pong;349;F010
Dispatcher:F010;177485;33535;256;0;2;198;249;314;349
Listener:Sent_pong;349;FCED
Dispatcher:FCED;177507;33878;256;0;2;210;255;322;349
Listener:Sent_pong;349;2EDF
Dispatcher:2EDF;177547;27592;256;0;2;201;249;311;349
Listener:Sent_pong;349;0002
Dispatcher:0002;177589;49331;256;0;2;191;249;328;349
Listener:Sent_pong;348;CE13
Dispatcher:CE13;177630;49631;256;0;2;195;249;316;348
Listener:Sent_pong;349;904F
Dispatcher:904F;177677;27626;256;0;2;193;255;328;349
Listener:Sent_pong;349;9375
Dispatcher:9375;177716;24698;256;0;2;207;255;323;349
Listener:Sent_pong;349;C323
Dispatcher:C323;177750;25368;256;0;2;204;249;321;349
Listener:Sent_pong;349;E934
Dispatcher:E934;177797;31490;256;0;2;201;249;319;349
Listener:Sent_pong;350;A7E4
Dispatcher:A7E4;177863;29833;256;0;2;207;255;326;350
Listener:Sent_pong;349;A78F
Dispatcher:A78F;177857;30145;256;0;2;201;249;318;349
Listener:Sent_pong;349;8D93
Dispatcher:8D93;177918;27606;256;0;2;206;255;310;349
Listener:Sent_pong;349;67E2
Dispatcher:67E2;177948;26290;256;0;2;204;249;313;349
Listener:Sent_pong;350;F010
Dispatcher:F010;177993;28659;256;0;2;198;249;315;350
Listener:Sent_pong;350;FCED
Dispatcher:FCED;178015;27955;256;0;2;210;255;323;350
Listener:Sent_pong;350;2EDF
Dispatcher:2EDF;178055;25708;256;0;2;201;249;312;350
Listener:Sent_pong;350;0002
Dispatcher:0002;178097;34681;256;0;2;191;249;329;350
Listener:Sent_pong;349;CE13
Dispatcher:CE13;178138;28887;256;0;2;195;249;317;349
Listener:Sent_pong;350;904F
Dispatcher:904F;178185;25996;256;0;2;193;255;329;350
Listener:Sent_pong;350;9375
Dispatcher:9375;178223;25040;256;0;2;207;255;324;350
Listener:Sent_pong;350;C323
Dispatcher:C323;178257;26978;256;0;2;204;249;322;350
Listener:Sent_pong;350;E934
Dispatcher:E934;178305;26314;256;0;2;201;249;320;350
Listener:Sent_pong;351;A7E4
Dispatcher:A7E4;178372;27880;256;0;2;207;255;327;351
Listener:Sent_pong;350;A78F
Dispatcher:A78F;178366;27995;256;0;2;201;249;319;350
Listener:Sent_pong;350;8D93
Dispatcher:8D93;178427;27919;256;0;2;206;255;311;350
Listener:Sent_pong;350;67E2
Dispatcher:67E2;178456;28878;256;0;2;204;249;314;350
Listener:Sent_pong;351;F010
Dispatcher:F010;178500;29543;256;0;2;198;249;316;351
Listener:Sent_pong;351;FCED
Dispatcher:FCED;178530;34445;256;0;2;210;255;324;351
Listener:Sent_pong;351;2EDF
Dispatcher:2EDF;178563;26966;256;0;2;201;249;313;351
Listener:Sent_pong;351;0002
Dispatcher:0002;178606;28531;256;0;2;191;249;330;351
Listener:Sent_pong;350;CE13
Dispatcher:CE13;178647;29853;256;0;2;195;249;318;350
Listener:Sent_pong;351;904F
Dispatcher:904F;178694;30136;256;0;2;193;255;330;351
Listener:Sent_pong;351;9375
Dispatcher:9375;178730;26452;256;0;2;207;255;325;351
Listener:Sent_pong;351;C323
Dispatcher:C323;178765;26972;256;0;2;204;249;323;351
Listener:Sent_pong;351;E934
Dispatcher:E934;178813;27578;256;0;2;201;249;321;351
Listener:Sent_pong;352;A7E4
Dispatcher:A7E4;178881;28221;256;0;2;207;255;328;352
Listener:Sent_pong;351;A78F
Dispatcher:A78F;178874;26393;256;0;2;201;249;320;351
Listener:Sent_pong;351;8D93
Dispatcher:8D93;178942;36299;256;0;2;206;255;312;351
Listener:Sent_pong;351;67E2
Dispatcher:67E2;178972;37144;256;0;2;204;249;315;351
Listener:Sent_pong;352;F010
Dispatcher:F010;179009;28857;256;0;2;198;249;317;352
Listener:Sent_pong;352;2EDF
Dispatcher:2EDF;179070;25066;256;0;2;201;249;314;352
Listener:Sent_pong;352;0002
Dispatcher:0002;179113;24715;256;0;2;191;249;331;352
Listener:Sent_pong;351;CE13
Dispatcher:CE13;179154;23113;256;0;2;195;249;319;351
Listener:Sent_pong;352;904F
Dispatcher:904F;179203;26630;256;0;2;193;255;331;352
Listener:Sent_pong;352;9375
Dispatcher:9375;179239;30584;256;0;2;207;255;326;352
Listener:Sent_pong;352;C323
Dispatcher:C323;179273;27622;256;0;2;204;249;324;352
Listener:Sent_pong;352;E934
Dispatcher:E934;179322;27620;256;0;2;201;249;322;352
Listener:Sent_pong;353;A7E4
Dispatcher:A7E4;179394;29640;256;0;2;207;255;329;353
Listener:Sent_pong;352;A78F
Dispatcher:A78F;179384;29387;256;0;2;201;249;321;352
Listener:Sent_pong;352;8D93
Dispatcher:8D93;179451;63953;256;0;2;206;255;313;352
Listener:Sent_pong;352;67E2
Dispatcher:67E2;179510;60874;256;0;2;204;249;316;352
Listener:Sent_pong;353;FCED
Dispatcher:FCED;179544;25680;256;0;2;210;255;325;353
Listener:Sent_pong;353;F010
Dispatcher:F010;179543;28857;256;0;2;198;249;317;353
Listener:Sent_pong;353;2EDF
Dispatcher:2EDF;179604;58352;256;0;2;201;249;315;353
Listener:Sent_pong;353;0002
Dispatcher:0002;179635;43377;256;0;2;191;249;332;353
Listener:Sent_pong;352;CE13
Dispatcher:CE13;179662;30823;256;0;2;195;249;320;352
Listener:Sent_pong;353;904F
Dispatcher:904F;179711;25672;256;0;2;193;255;332;353
Listener:Sent_pong;353;9375
Dispatcher:9375;179746;25340;256;0;2;207;255;327;353
Listener:Sent_pong;353;C323
Dispatcher:C323;179780;22794;256;0;2;204;249;325;353
Listener:Sent_pong;353;E934
Dispatcher:E934;179830;25678;256;0;2;201;249;323;353
Listener:Sent_pong;354;A7E4
Dispatcher:A7E4;179903;29640;256;0;2;207;255;329;354
Listener:Sent_pong;353;A78F
Dispatcher:A78F;179899;34503;256;0;2;201;249;322;353
Listener:Sent_pong;353;8D93
Dispatcher:8D93;179960;26694;256;0;2;206;255;314;353
Listener:Sent_pong;353;67E2
Dispatcher:67E2;180019;26646;256;0;2;204;249;317;353
Listener:Sent_pong;354;F010
Dispatcher:F010;180051;48775;256;0;2;198;249;318;354
Listener:Sent_pong;354;2EDF
Dispatcher:2EDF;180113;31288;256;0;2;201;249;316;354
Listener:Sent_pong;354;0002
Dispatcher:0002;180143;26633;256;0;2;191;249;333;354
Listener:Sent_pong;353;CE13
Dispatcher:CE13;180170;25373;256;0;2;195;249;321;353
Listener:Sent_pong;354;904F
Dispatcher:904F;180218;25340;256;0;2;193;255;333;354
Listener:Sent_pong;354;9375
Dispatcher:9375;180254;28536;256;0;2;207;255;328;354
Listener:Sent_pong;354;C323
Dispatcher:C323;180288;30326;256;0;2;204;249;326;354
Listener:Sent_pong;354;E934
Dispatcher:E934;180337;25338;256;0;2;201;249;324;354
Listener:Sent_pong;355;A7E4
Dispatcher:A7E4;180409;24706;256;0;2;207;255;330;355
Listener:Sent_pong;354;A78F
Dispatcher:A78F;180407;25365;256;0;2;201;249;323;354
Listener:Sent_pong;354;8D93
Dispatcher:8D93;180468;26994;256;0;2;206;255;315;354
Listener:Sent_pong;354;67E2
Dispatcher:67E2;180526;25984;256;0;2;204;249;318;354
Listener:Sent_pong;355;F010
Dispatcher:F010;180558;24405;256;0;2;198;249;319;355
Listener:Sent_pong;355;FCED
Dispatcher:FCED;180569;25680;256;0;2;210;255;325;355
Listener:Sent_pong;355;2EDF
Dispatcher:2EDF;180621;25056;256;0;2;201;249;317;355
Listener:Sent_pong;355;0002
Dispatcher:0002;180652;29853;256;0;2;191;249;334;355
Listener:Sent_pong;354;CE13
Dispatcher:CE13;180680;29205;256;0;2;195;249;322;354
Listener:Sent_pong;355;904F
Dispatcher:904F;180727;26338;256;0;2;193;255;334;355
Listener:Sent_pong;355;9375
Dispatcher:9375;180762;25338;256;0;2;207;255;329;355
Listener:Sent_pong;355;C323
Dispatcher:C323;180795;25668;256;0;2;204;249;327;355
Listener:Sent_pong;355;E934
Dispatcher:E934;180844;26314;256;0;2;201;249;325;355
Listener:Sent_pong;356;A7E4
Dispatcher:A7E4;180917;25962;256;0;2;207;255;331;356
Listener:Sent_pong;355;A78F
Dispatcher:A78F;180914;33937;256;0;2;201;249;324;355
Listener:Sent_pong;355;8D93
Dispatcher:8D93;180975;25999;256;0;2;206;255;316;355
Listener:Sent_pong;355;67E2
Dispatcher:67E2;181033;28254;256;0;2;204;249;319;355
Listener:Sent_pong;356;F010
Dispatcher:F010;181066;26692;256;0;2;198;249;320;356
Listener:Sent_pong;356;FCED
Dispatcher:FCED;181086;37172;256;0;2;210;255;326;356
Listener:Sent_pong;356;2EDF
Dispatcher:2EDF;181130;37760;256;0;2;201;249;318;356
Listener:Sent_pong;356;0002
Dispatcher:0002;181164;33417;256;0;2;191;249;335;356
Listener:Sent_pong;355;CE13
Dispatcher:CE13;181193;35725;256;0;2;195;249;323;355
Listener:Sent_pong;356;904F
Dispatcher:904F;181241;36580;256;0;2;193;255;335;356
Listener:Sent_pong;356;9375
Dispatcher:9375;181270;28550;256;0;2;207;255;330;356
Listener:Sent_pong;356;C323
Dispatcher:C323;181303;24764;256;0;2;204;249;328;356
Listener:Sent_pong;356;E934
Dispatcher:E934;181352;23140;256;0;2;201;249;326;356
Listener:Sent_pong;357;A7E4
Dispatcher:A7E4;181424;25358;256;0;2;207;255;332;357
Listener:Sent_pong;356;A78F
Dispatcher:A78F;181421;24735;256;0;2;201;249;325;356
Listener:Sent_pong;356;8D93
Dispatcher:8D93;181482;26966;256;0;2;206;255;317;356
Listener:Sent_pong;356;67E2
Dispatcher:67E2;181542;26634;256;0;2;204;249;320;356
Listener:Sent_pong;357;F010
Dispatcher:F010;181574;24387;256;0;2;198;249;321;357
Listener:Sent_pong;357;FCED
Dispatcher:FCED;181593;24084;256;0;2;210;255;327;357
Listener:Sent_pong;357;2EDF
Dispatcher:2EDF;181639;27914;256;0;2;201;249;319;357
Listener:Sent_pong;357;0002
Dispatcher:0002;181672;27589;256;0;2;191;249;336;357
Listener:Sent_pong;356;CE13
Dispatcher:CE13;181702;26029;256;0;2;195;249;324;356
Listener:Sent_pong;357;904F
Dispatcher:904F;181750;34904;256;0;2;193;255;336;357
Listener:Sent_pong;357;9375
Dispatcher:9375;181779;29884;256;0;2;207;255;331;357
Listener:Sent_pong;357;C323
Dispatcher:C323;181812;26970;256;0;2;204;249;329;357
Listener:Sent_pong;357;E934
Dispatcher:E934;181873;40518;256;0;2;201;249;327;357
Listener:Sent_pong;358;A7E4
Dispatcher:A7E4;181933;29833;256;0;2;207;255;333;358
Listener:Sent_pong;357;A78F
Dispatcher:A78F;181931;32181;256;0;2;201;249;326;357
Listener:Sent_pong;357;8D93
Dispatcher:8D93;181989;26623;256;0;2;206;255;318;357
Listener:Sent_pong;357;67E2
Dispatcher:67E2;182049;26950;256;0;2;204;249;321;357
Listener:Sent_pong;358;F010
Dispatcher:F010;182092;34899;256;0;2;198;249;322;358
Listener:Sent_pong;358;FCED
Dispatcher:FCED;182114;38030;256;0;2;210;255;328;358
Listener:Sent_pong;358;0002
Dispatcher:0002;182185;32135;256;0;2;191;249;337;358
Listener:Sent_pong;357;CE13
Dispatcher:CE13;182211;30199;256;0;2;195;249;325;357
Listener:Sent_pong;358;904F
Dispatcher:904F;182258;26654;256;0;2;193;255;337;358
Listener:Sent_pong;358;9375
Dispatcher:9375;182288;26658;256;0;2;207;255;332;358
Listener:Sent_pong;358;C323
Dispatcher:C323;182320;26354;256;0;2;204;249;330;358
Listener:Sent_pong;358;E934
Dispatcher:E934;182381;29830;256;0;2;201;249;328;358
Listener:Sent_pong;359;A7E4
Dispatcher:A7E4;182441;26118;256;0;2;207;255;334;359
Listener:Sent_pong;358;A78F
Dispatcher:A78F;182440;29527;256;0;2;201;249;327;358
Listener:Sent_pong;358;8D93
Dispatcher:8D93;182496;24079;256;0;2;206;255;319;358
Listener:Sent_pong;358;67E2
Dispatcher:67E2;182558;28534;256;0;2;204;249;322;358
Listener:Sent_pong;359;F010
Dispatcher:F010;182607;39761;256;0;2;198;249;323;359
Listener:Sent_pong;359;FCED
Dispatcher:FCED;182635;64971;256;0;2;210;255;329;359
Listener:Sent_pong;359;2EDF
Dispatcher:2EDF;182675;25696;256;0;2;201;249;320;359
Listener:Sent_pong;359;0002
Dispatcher:0002;182695;32685;256;0;2;191;249;338;359
Listener:Sent_pong;358;CE13
Dispatcher:CE13;182724;33490;256;0;2;195;249;326;358
Listener:Sent_pong;359;904F
Dispatcher:904F;182765;27268;256;0;2;193;255;338;359
Listener:Sent_pong;359;C323
Dispatcher:C323;182829;29842;256;0;2;204;249;331;359
Listener:Sent_pong;359;E934
Dispatcher:E934;182889;33190;256;0;2;201;249;329;359
Listener:Sent_pong;360;A7E4
Dispatcher:A7E4;182950;25267;256;0;2;207;255;335;360
Listener:Sent_pong;359;A78F
Dispatcher:A78F;182949;29509;256;0;2;201;249;328;359
Listener:Sent_pong;359;8D93
Dispatcher:8D93;183004;24079;256;0;2;206;255;319;359
Listener:Sent_pong;359;67E2
Dispatcher:67E2;183066;27628;256;0;2;204;249;323;359
Listener:Sent_pong;360;F010
Dispatcher:F010;183115;25041;256;0;2;198;249;324;360
Listener:Sent_pong;360;FCED
Dispatcher:FCED;183143;27601;256;0;2;210;255;330;360
Listener:Sent_pong;360;2EDF
Dispatcher:2EDF;183182;33524;256;0;2;201;249;321;360
Listener:Sent_pong;360;0002
Dispatcher:0002;183215;55513;256;0;2;191;249;339;360
Listener:Sent_pong;359;CE13
Dispatcher:CE13;183262;67631;256;0;2;195;249;327;359
Listener:Sent_pong;360;904F
Dispatcher:904F;183301;27268;256;0;2;193;255;338;360
Listener:Sent_pong;360;9375
Dispatcher:9375;183321;29668;256;0;2;207;255;333;360
Listener:Sent_pong;360;C323
Dispatcher:C323;183338;31662;256;0;2;204;249;332;360
Listener:Sent_pong;360;E934
Dispatcher:E934;183397;24108;256;0;2;201;249;330;360
Listener:Sent_pong;361;A7E4
Dispatcher:A7E4;183457;31357;256;0;2;207;255;336;361
Listener:Sent_pong;360;A78F
Dispatcher:A78F;183457;26623;256;0;2;201;249;329;360
Listener:Sent_pong;360;8D93
Dispatcher:8D93;183513;29540;256;0;2;206;255;320;360
Listener:Sent_pong;360;67E2
Dispatcher:67E2;183574;27622;256;0;2;204;249;324;360
Listener:Sent_pong;361;F010
Dispatcher:F010;183622;23425;256;0;2;198;249;325;361
Listener:Sent_pong;361;FCED
Dispatcher:FCED;183650;27589;256;0;2;210;255;331;361
Listener:Sent_pong;361;2EDF
Dispatcher:2EDF;183689;28256;256;0;2;201;249;322;361
Listener:Sent_pong;361;0002
Dispatcher:0002;183723;24715;256;0;2;191;249;340;361
Listener:Sent_pong;360;CE13
Dispatcher:CE13;183770;25341;256;0;2;195;249;328;360
Listener:Sent_pong;361;904F
Dispatcher:904F;183808;27584;256;0;2;193;255;339;361
Listener:Sent_pong;361;9375
Dispatcher:9375;183831;30150;256;0;2;207;255;334;361
Listener:Sent_pong;361;C323
Dispatcher:C323;183856;37470;256;0;2;204;249;333;361
Listener:Sent_pong;361;E934
Dispatcher:E934;183904;26974;256;0;2;201;249;331;361
Listener:Sent_pong;362;A7E4
Dispatcher:A7E4;183964;34486;256;0;2;207;255;337;362
Listener:Sent_pong;361;A78F
Dispatcher:A78F;183964;26315;256;0;2;201;249;330;361
Listener:Sent_pong;361;8D93
Dispatcher:8D93;184021;25690;256;0;2;206;255;321;361
Listener:Sent_pong;361;67E2
Dispatcher:67E2;184082;28854;256;0;2;204;249;325;361
Listener:Sent_pong;362;F010
Dispatcher:F010;184129;26295;256;0;2;198;249;326;362
Listener:Sent_pong;362;FCED
Dispatcher:FCED;184159;25065;256;0;2;210;255;332;362
Listener:Sent_pong;362;2EDF
Dispatcher:2EDF;184196;25704;256;0;2;201;249;323;362
Listener:Sent_pong;362;0002
Dispatcher:0002;184230;27615;256;0;2;191;249;341;362
Listener:Sent_pong;361;CE13
Dispatcher:CE13;184277;26627;256;0;2;195;249;329;361
Listener:Sent_pong;362;904F
Dispatcher:904F;184315;25026;256;0;2;193;255;340;362
Listener:Sent_pong;362;9375
Dispatcher:9375;184339;25976;256;0;2;207;255;335;362
Listener:Sent_pong;362;C323
Dispatcher:C323;184371;35594;256;0;2;204;249;334;362
Listener:Sent_pong;362;E934
Dispatcher:E934;184412;25356;256;0;2;201;249;332;362
Listener:Sent_pong;363;A7E4
Dispatcher:A7E4;184472;26944;256;0;2;207;255;338;363
Listener:Sent_pong;362;A78F
Dispatcher:A78F;184479;35543;256;0;2;201;249;331;362
Listener:Sent_pong;362;8D93
Dispatcher:8D93;184530;25681;256;0;2;206;255;322;362
Listener:Sent_pong;362;67E2
Dispatcher:67E2;184591;30436;256;0;2;204;249;326;362
Listener:Sent_pong;363;F010
Dispatcher:F010;184637;27609;256;0;2;198;249;327;363
Listener:Sent_pong;363;FCED
Dispatcher:FCED;184667;30135;256;0;2;210;255;333;363
Listener:Sent_pong;363;2EDF
Dispatcher:2EDF;184703;28596;256;0;2;201;249;324;363
Listener:Sent_pong;363;0002
Dispatcher:0002;184744;36297;256;0;2;191;249;342;363
Listener:Sent_pong;362;CE13
Dispatcher:CE13;184785;31987;256;0;2;195;249;330;362
Listener:Sent_pong;363;904F
Dispatcher:904F;184823;25700;256;0;2;193;255;341;363
Listener:Sent_pong;363;9375
Dispatcher:9375;184846;25996;256;0;2;207;255;336;363
Listener:Sent_pong;363;C323
Dispatcher:C323;184880;34884;256;0;2;204;249;335;363
Listener:Sent_pong;363;E934
Dispatcher:E934;184920;25676;256;0;2;201;249;333;363
Listener:Sent_pong;364;A7E4
Dispatcher:A7E4;184980;25669;256;0;2;207;255;339;364
Listener:Sent_pong;363;A78F
Dispatcher:A78F;184987;27723;256;0;2;201;249;332;363
Listener:Sent_pong;363;8D93
Dispatcher:8D93;185038;26354;256;0;2;206;255;323;363
Listener:Sent_pong;363;67E2
Dispatcher:67E2;185099;28998;256;0;2;204;249;327;363
Listener:Sent_pong;364;F010
Dispatcher:F010;185145;26953;256;0;2;198;249;328;364
Listener:Sent_pong;364;FCED
Dispatcher:FCED;185176;28888;256;0;2;210;255;334;364
Listener:Sent_pong;364;2EDF
Dispatcher:2EDF;185216;32542;256;0;2;201;249;325;364
Listener:Sent_pong;364;0002
Dispatcher:0002;185253;29841;256;0;2;191;249;343;364
Listener:Sent_pong;363;CE13
Dispatcher:CE13;185292;27597;256;0;2;195;249;331;363
Listener:Sent_pong;364;904F
Dispatcher:904F;185331;25690;256;0;2;193;255;342;364
Listener:Sent_pong;364;9375
Dispatcher:9375;185353;25698;256;0;2;207;255;337;364
Listener:Sent_pong;364;C323
Dispatcher:C323;185388;23768;256;0;2;204;249;336;364
Listener:Sent_pong;364;E934
Dispatcher:E934;185429;27946;256;0;2;201;249;334;364
Listener:Sent_pong;365;A7E4
Dispatcher:A7E4;185487;28518;256;0;2;207;255;340;365
Listener:Sent_pong;364;A78F
Dispatcher:A78F;185496;26637;256;0;2;201;249;333;364
Listener:Sent_pong;364;8D93
Dispatcher:8D93;185547;27275;256;0;2;206;255;324;364
Listener:Sent_pong;364;67E2
Dispatcher:67E2;185607;33844;256;0;2;204;249;328;364
Listener:Sent_pong;365;F010
Dispatcher:F010;185654;28527;256;0;2;198;249;329;365
Listener:Sent_pong;365;FCED
Dispatcher:FCED;185684;23766;256;0;2;210;255;335;365
Listener:Sent_pong;365;2EDF
Dispatcher:2EDF;185723;26256;256;0;2;201;249;326;365
Listener:Sent_pong;365;0002
Dispatcher:0002;185760;26637;256;0;2;191;249;344;365
Listener:Sent_pong;364;CE13
Dispatcher:CE13;185801;28533;256;0;2;195;249;332;364
Listener:Sent_pong;365;904F
Dispatcher:904F;185840;27904;256;0;2;193;255;343;365
Listener:Sent_pong;365;9375
Dispatcher:9375;185861;26988;256;0;2;207;255;338;365
Listener:Sent_pong;365;C323
Dispatcher:C323;185895;25686;256;0;2;204;249;337;365
Listener:Sent_pong;365;E934
Dispatcher:E934;185945;39988;256;0;2;201;249;335;365
Listener:Sent_pong;366;A7E4
Dispatcher:A7E4;186005;39463;256;0;2;207;255;341;366
Listener:Sent_pong;365;A78F
Dispatcher:A78F;186004;26955;256;0;2;201;249;334;365
Listener:Sent_pong;365;8D93
Dispatcher:8D93;186054;26315;256;0;2;206;255;325;365
Listener:Sent_pong;365;67E2
Dispatcher:67E2;186115;28532;256;0;2;204;249;329;365
Listener:Sent_pong;366;F010
Dispatcher:F010;186161;25355;256;0;2;198;249;330;366
Listener:Sent_pong;366;FCED
Dispatcher:FCED;186192;26623;256;0;2;210;255;336;366
Listener:Sent_pong;366;2EDF
Dispatcher:2EDF;186230;26648;256;0;2;201;249;327;366
Listener:Sent_pong;366;0002
Dispatcher:0002;186268;26315;256;0;2;191;249;345;366
Listener:Sent_pong;365;CE13
Dispatcher:CE13;186309;26309;256;0;2;195;249;333;365
Listener:Sent_pong;366;904F
Dispatcher:904F;186348;25038;256;0;2;193;255;344;366
Listener:Sent_pong;366;9375
Dispatcher:9375;186369;27594;256;0;2;207;255;339;366
Listener:Sent_pong;366;E934
Dispatcher:E934;186452;24706;256;0;2;201;249;336;366
Listener:Sent_pong;367;A7E4
Dispatcher:A7E4;186514;29810;256;0;2;207;255;342;367
Listener:Sent_pong;366;A78F
Dispatcher:A78F;186511;26615;256;0;2;201;249;335;366
Listener:Sent_pong;366;8D93
Dispatcher:8D93;186569;37151;256;0;2;206;255;326;366
Listener:Sent_pong;366;67E2
Dispatcher:67E2;186623;27244;256;0;2;204;249;330;366
Listener:Sent_pong;367;F010
Dispatcher:F010;186668;30101;256;0;2;198;249;331;367
Listener:Sent_pong;367;FCED
Dispatcher:FCED;186700;27911;256;0;2;210;255;337;367
Listener:Sent_pong;367;2EDF
Dispatcher:2EDF;186737;26978;256;0;2;201;249;328;367
Listener:Sent_pong;367;0002
Dispatcher:0002;186779;27367;256;0;2;191;249;346;367
Listener:Sent_pong;366;CE13
Dispatcher:CE13;186818;28861;256;0;2;195;249;334;366
Listener:Sent_pong;367;904F
Dispatcher:904F;186855;30718;256;0;2;193;255;345;367
Listener:Sent_pong;367;9375
Dispatcher:9375;186899;27594;256;0;2;207;255;339;367
Listener:Sent_pong;367;C323
Dispatcher:C323;186928;26322;256;0;2;204;249;338;367
Listener:Sent_pong;367;E934
Dispatcher:E934;186961;26674;256;0;2;201;249;337;367
Listener:Sent_pong;368;A7E4
Dispatcher:A7E4;187022;25056;256;0;2;207;255;343;368
Listener:Sent_pong;367;A78F
Dispatcher:A78F;187019;27605;256;0;2;201;249;336;367
Listener:Sent_pong;367;8D93
Dispatcher:8D93;187078;44855;256;0;2;206;255;327;367
Listener:Sent_pong;367;67E2
Dispatcher:67E2;187130;26310;256;0;2;204;249;331;367
Listener:Sent_pong;368;F010
Dispatcher:F010;187177;30589;256;0;2;198;249;332;368
Listener:Sent_pong;368;FCED
Dispatcher:FCED;187208;26636;256;0;2;210;255;338;368
Listener:Sent_pong;368;2EDF
Dispatcher:2EDF;187246;25678;256;0;2;201;249;329;368
Listener:Sent_pong;368;0002
Dispatcher:0002;187288;26013;256;0;2;191;249;347;368
Listener:Sent_pong;367;CE13
Dispatcher:CE13;187327;25691;256;0;2;195;249;335;367
Listener:Sent_pong;368;904F
Dispatcher:904F;187364;26650;256;0;2;193;255;346;368
Listener:Sent_pong;368;9375
Dispatcher:9375;187406;27888;256;0;2;207;255;340;368
Listener:Sent_pong;368;C323
Dispatcher:C323;187435;26958;256;0;2;204;249;339;368
Listener:Sent_pong;368;E934
Dispatcher:E934;187468;30424;256;0;2;201;249;338;368
Listener:Sent_pong;369;A7E4
Dispatcher:A7E4;187529;31528;256;0;2;207;255;344;369
Listener:Sent_pong;368;A78F
Dispatcher:A78F;187527;26611;256;0;2;201;249;337;368
Listener:Sent_pong;368;8D93
Dispatcher:8D93;187585;23469;256;0;2;206;255;328;368
Listener:Sent_pong;368;67E2
Dispatcher:67E2;187637;24064;256;0;2;204;249;332;368
Listener:Sent_pong;369;F010
Dispatcher:F010;187686;28837;256;0;2;198;249;333;369
Listener:Sent_pong;369;FCED
Dispatcher:FCED;187715;26626;256;0;2;210;255;339;369
Listener:Sent_pong;369;2EDF
Dispatcher:2EDF;187754;29836;256;0;2;201;249;330;369
Listener:Sent_pong;369;0002
Dispatcher:0002;187797;29811;256;0;2;191;249;348;369
Listener:Sent_pong;368;CE13
Dispatcher:CE13;187834;26947;256;0;2;195;249;336;368
Listener:Sent_pong;369;904F
Dispatcher:904F;187871;25066;256;0;2;193;255;347;369
Listener:Sent_pong;369;9375
Dispatcher:9375;187914;29618;256;0;2;207;255;341;369
Listener:Sent_pong;369;C323
Dispatcher:C323;187944;28576;256;0;2;204;249;340;369
Listener:Sent_pong;369;E934
Dispatcher:E934;187975;25664;256;0;2;201;249;339;369
Listener:Sent_pong;370;A7E4
Dispatcher:A7E4;188038;34785;256;0;2;207;255;345;370
Listener:Sent_pong;369;A78F
Dispatcher:A78F;188037;28133;256;0;2;201;249;338;369
Listener:Sent_pong;369;8D93
Dispatcher:8D93;188092;26974;256;0;2;206;255;329;369
Listener:Sent_pong;369;67E2
Dispatcher:67E2;188144;26000;256;0;2;204;249;333;369
Listener:Sent_pong;370;F010
Dispatcher:F010;188194;30577;256;0;2;198;249;334;370
Listener:Sent_pong;370;FCED
Dispatcher:FCED;188224;27914;256;0;2;210;255;340;370
Listener:Sent_pong;370;2EDF
Dispatcher:2EDF;188261;23422;256;0;2;201;249;331;370
Listener:Sent_pong;370;0002
Dispatcher:0002;188305;26331;256;0;2;191;249;349;370
Listener:Sent_pong;369;CE13
Dispatcher:CE13;188350;34045;256;0;2;195;249;337;369
Listener:Sent_pong;370;904F
Dispatcher:904F;188379;28230;256;0;2;193;255;348;370
Listener:Sent_pong;370;9375
Dispatcher:9375;188423;31530;256;0;2;207;255;342;370
Listener:Sent_pong;370;C323
Dispatcher:C323;188453;27964;256;0;2;204;249;341;370
Listener:Sent_pong;370;E934
Dispatcher:E934;188483;28896;256;0;2;201;249;340;370
Listener:Sent_pong;371;A7E4
Dispatcher:A7E4;188546;26612;256;0;2;207;255;346;371
Listener:Sent_pong;370;A78F
Dispatcher:A78F;188551;33389;256;0;2;201;249;339;370
Listener:Sent_pong;370;8D93
Dispatcher:8D93;188601;26971;256;0;2;206;255;330;370
Listener:Sent_pong;370;67E2
Dispatcher:67E2;188655;30908;256;0;2;204;249;334;370
Listener:Sent_pong;371;F010
Dispatcher:F010;188702;27587;256;0;2;198;249;335;371
Listener:Sent_pong;371;FCED
Dispatcher:FCED;188733;29519;256;0;2;210;255;341;371
Listener:Sent_pong;371;2EDF
Dispatcher:2EDF;188769;28226;256;0;2;201;249;332;371
Listener:Sent_pong;371;0002
Dispatcher:0002;188812;26971;256;0;2;191;249;350;371
Listener:Sent_pong;370;CE13
Dispatcher:CE13;188858;30857;256;0;2;195;249;338;370
Listener:Sent_pong;371;904F
Dispatcher:904F;188888;25992;256;0;2;193;255;349;371
Listener:Sent_pong;371;9375
Dispatcher:9375;188932;27568;256;0;2;207;255;343;371
Listener:Sent_pong;371;C323
Dispatcher:C323;188968;32124;256;0;2;204;249;342;371
Listener:Sent_pong;371;E934
Dispatcher:E934;188997;33276;256;0;2;201;249;341;371
Listener:Sent_pong;372;A7E4
Dispatcher:A7E4;189054;26282;256;0;2;207;255;347;372
Listener:Sent_pong;371;A78F
Dispatcher:A78F;189060;31251;256;0;2;201;249;340;371
Listener:Sent_pong;371;8D93
Dispatcher:8D93;189108;26318;256;0;2;206;255;331;371
Listener:Sent_pong;371;67E2
Dispatcher:67E2;189164;27920;256;0;2;204;249;335;371
Listener:Sent_pong;372;F010
Dispatcher:F010;189210;29189;256;0;2;198;249;336;372
Listener:Sent_pong;372;FCED
Dispatcher:FCED;189241;25040;256;0;2;210;255;342;372
Listener:Sent_pong;372;2EDF
Dispatcher:2EDF;189277;28226;256;0;2;201;249;332;372
Listener:Sent_pong;372;0002
Dispatcher:0002;189325;32539;256;0;2;191;249;351;372
Listener:Sent_pong;371;CE13
Dispatcher:CE13;189366;25703;256;0;2;195;249;339;371
Listener:Sent_pong;372;904F
Dispatcher:904F;189396;28924;256;0;2;193;255;350;372
Listener:Sent_pong;372;9375
Dispatcher:9375;189440;28244;256;0;2;207;255;344;372
Listener:Sent_pong;372;C323
Dispatcher:C323;189477;34240;256;0;2;204;249;343;372
Listener:Sent_pong;372;E934
Dispatcher:E934;189518;38256;256;0;2;201;249;342;372
Listener:Sent_pong;373;A7E4
Dispatcher:A7E4;189572;37443;256;0;2;207;255;348;373
Listener:Sent_pong;372;A78F
Dispatcher:A78F;189568;28883;256;0;2;201;249;341;372
Listener:Sent_pong;372;8D93
Dispatcher:8D93;189615;26310;256;0;2;206;255;332;372
Listener:Sent_pong;372;67E2
Dispatcher:67E2;189671;27596;256;0;2;204;249;336;372
Listener:Sent_pong;373;F010
Dispatcher:F010;189719;25649;256;0;2;198;249;337;373
Listener:Sent_pong;373;FCED
Dispatcher:FCED;189748;27900;256;0;2;210;255;343;373
Listener:Sent_pong;373;2EDF
Dispatcher:2EDF;189785;26982;256;0;2;201;249;333;373
Listener:Sent_pong;373;0002
Dispatcher:0002;189832;27599;256;0;2;191;249;352;373
Listener:Sent_pong;372;CE13
Dispatcher:CE13;189875;28561;256;0;2;195;249;340;372
Listener:Sent_pong;373;904F
Dispatcher:904F;189912;35018;256;0;2;193;255;351;373
Listener:Sent_pong;373;9375
Dispatcher:9375;189949;26312;256;0;2;207;255;345;373
Listener:Sent_pong;373;C323
Dispatcher:C323;189986;25354;256;0;2;204;249;344;373
Listener:Sent_pong;373;E934
Dispatcher:E934;190025;26374;256;0;2;201;249;343;373
Listener:Sent_pong;374;A7E4
Dispatcher:A7E4;190079;24886;256;0;2;207;255;349;374
Listener:Sent_pong;373;A78F
Dispatcher:A78F;190075;26317;256;0;2;201;249;342;373
Listener:Sent_pong;373;8D93
Dispatcher:8D93;190123;25035;256;0;2;206;255;333;373
Listener:Sent_pong;373;67E2
Dispatcher:67E2;190179;27578;256;0;2;204;249;337;373
Listener:Sent_pong;374;F010
Dispatcher:F010;190227;26001;256;0;2;198;249;338;374
Listener:Sent_pong;374;FCED
Dispatcher:FCED;190256;28228;256;0;2;210;255;344;374
Listener:Sent_pong;374;2EDF
Dispatcher:2EDF;190294;30824;256;0;2;201;249;334;374
Listener:Sent_pong;374;0002
Dispatcher:0002;190346;32635;256;0;2;191;249;353;374
Listener:Sent_pong;373;CE13
Dispatcher:CE13;190383;25041;256;0;2;195;249;341;373
Listener:Sent_pong;374;904F
Dispatcher:904F;190420;26690;256;0;2;193;255;352;374
Listener:Sent_pong;374;9375
Dispatcher:9375;190457;26302;256;0;2;207;255;346;374
Listener:Sent_pong;374;C323
Dispatcher:C323;190494;25698;256;0;2;204;249;345;374
Listener:Sent_pong;374;E934
Dispatcher:E934;190539;30538;256;0;2;201;249;344;374
Listener:Sent_pong;374;A78F
Dispatcher:A78F;190586;29533;256;0;2;201;249;343;374
Listener:Sent_pong;374;8D93
Dispatcher:8D93;190632;29191;256;0;2;206;255;334;374
Listener:Sent_pong;374;67E2
Dispatcher:67E2;190688;30138;256;0;2;204;249;338;374
Listener:Sent_pong;375;F010
Dispatcher:F010;190734;28687;256;0;2;198;249;339;375
Listener:Sent_pong;375;FCED
Dispatcher:FCED;190764;24725;256;0;2;210;255;345;375
Listener:Sent_pong;375;2EDF
Dispatcher:2EDF;190802;29198;256;0;2;201;249;335;375
Listener:Sent_pong;375;0002
Dispatcher:0002;190855;29511;256;0;2;191;249;354;375
Listener:Sent_pong;374;CE13
Dispatcher:CE13;190890;26967;256;0;2;195;249;342;374
Listener:Sent_pong;375;904F
Dispatcher:904F;190928;29502;256;0;2;193;255;353;375
Listener:Sent_pong;375;9375
Dispatcher:9375;190965;27910;256;0;2;207;255;347;375
Listener:Sent_pong;375;C323
Dispatcher:C323;191003;28238;256;0;2;204;249;346;375
Listener:Sent_pong;375;E934
Dispatcher:E934;191046;30538;256;0;2;201;249;344;375
Listener:Sent_pong;376;A7E4
Dispatcher:A7E4;191122;33476;256;0;2;207;255;350;376
Listener:Sent_pong;375;A78F
Dispatcher:A78F;191112;64855;256;0;2;201;249;344;375
Listener:Sent_pong;375;8D93
Dispatcher:8D93;191164;50189;256;0;2;206;255;335;375
Listener:Sent_pong;375;67E2
Dispatcher:67E2;191197;27572;256;0;2;204;249;339;375
Listener:Sent_pong;376;F010
Dispatcher:F010;191241;25669;256;0;2;198;249;340;376
Listener:Sent_pong;376;FCED
Dispatcher:FCED;191271;26634;256;0;2;210;255;346;376
Listener:Sent_pong;376;2EDF
Dispatcher:2EDF;191310;28228;256;0;2;201;249;336;376
Listener:Sent_pong;376;0002
Dispatcher:0002;191364;34543;256;0;2;191;249;355;376
Listener:Sent_pong;375;CE13
Dispatcher:CE13;191397;27581;256;0;2;195;249;343;375
Listener:Sent_pong;376;904F
Dispatcher:904F;191436;27600;256;0;2;193;255;354;376
Listener:Sent_pong;376;9375
Dispatcher:9375;191474;28374;256;0;2;207;255;348;376
Listener:Sent_pong;376;C323
Dispatcher:C323;191510;25058;256;0;2;204;249;347;376
Listener:Sent_pong;376;E934
Dispatcher:E934;191553;25988;256;0;2;201;249;345;376
Listener:Sent_pong;377;A7E4
Dispatcher:A7E4;191630;27259;256;0;2;207;255;351;377
Listener:Sent_pong;376;A78F
Dispatcher:A78F;191623;29203;256;0;2;201;249;345;376
Listener:Sent_pong;376;8D93
Dispatcher:8D93;191671;28404;256;0;2;206;255;336;376
Listener:Sent_pong;376;67E2
Dispatcher:67E2;191705;26940;256;0;2;204;249;340;376
Listener:Sent_pong;377;F010
Dispatcher:F010;191748;25975;256;0;2;198;249;341;377
Listener:Sent_pong;377;FCED
Dispatcher:FCED;191780;31586;256;0;2;210;255;347;377
Listener:Sent_pong;377;2EDF
Dispatcher:2EDF;191817;24070;256;0;2;201;249;337;377
Listener:Sent_pong;377;0002
Dispatcher:0002;191871;25981;256;0;2;191;249;356;377
Listener:Sent_pong;376;CE13
Dispatcher:CE13;191904;26671;256;0;2;195;249;344;376
Listener:Sent_pong;377;904F
Dispatcher:904F;191944;27618;256;0;2;193;255;355;377
Listener:Sent_pong;377;9375
Dispatcher:9375;191982;29940;256;0;2;207;255;349;377
Listener:Sent_pong;377;C323
Dispatcher:C323;192017;24078;256;0;2;204;249;348;377
Listener:Sent_pong;377;E934
Dispatcher:E934;192062;27588;256;0;2;201;249;346;377
Listener:Sent_pong;378;A7E4
Dispatcher:A7E4;192137;25664;256;0;2;207;255;352;378
Listener:Sent_pong;377;A78F
Dispatcher:A78F;192132;28545;256;0;2;201;249;346;377
Listener:Sent_pong;377;8D93
Dispatcher:8D93;192179;24717;256;0;2;206;255;337;377
Listener:Sent_pong;377;67E2
Dispatcher:67E2;192212;25974;256;0;2;204;249;341;377
Listener:Sent_pong;378;F010
Dispatcher:F010;192256;25689;256;0;2;198;249;342;378
Listener:Sent_pong;378;FCED
Dispatcher:FCED;192287;24387;256;0;2;210;255;348;378
Listener:Sent_pong;378;2EDF
Dispatcher:2EDF;192325;26978;256;0;2;201;249;338;378
Listener:Sent_pong;378;0002
Dispatcher:0002;192380;30145;256;0;2;191;249;357;378
Listener:Sent_pong;377;CE13
Dispatcher:CE13;192411;31069;256;0;2;195;249;345;377
Listener:Sent_pong;378;904F
Dispatcher:904F;192451;24692;256;0;2;193;255;356;378
Listener:Sent_pong;378;9375
Dispatcher:9375;192490;27262;256;0;2;207;255;350;378
Listener:Sent_pong;378;C323
Dispatcher:C323;192525;24424;256;0;2;204;249;349;378
Listener:Sent_pong;378;E934
Dispatcher:E934;192571;26334;256;0;2;201;249;347;378
Listener:Sent_pong;379;A7E4
Dispatcher:A7E4;192646;41137;256;0;2;207;255;353;379
Listener:Sent_pong;378;A78F
Dispatcher:A78F;192651;40795;256;0;2;201;249;347;378
Listener:Sent_pong;378;8D93
Dispatcher:8D93;192686;27273;256;0;2;206;255;338;378
Listener:Sent_pong;378;67E2
Dispatcher:67E2;192719;26626;256;0;2;204;249;342;378
Listener:Sent_pong;379;F010
Dispatcher:F010;192764;29199;256;0;2;198;249;343;379
Listener:Sent_pong;379;FCED
Dispatcher:FCED;192795;27599;256;0;2;210;255;349;379
Listener:Sent_pong;379;2EDF
Dispatcher:2EDF;192840;31440;256;0;2;201;249;339;379
Listener:Sent_pong;379;0002
Dispatcher:0002;192887;25043;256;0;2;191;249;358;379
Listener:Sent_pong;379;904F
Dispatcher:904F;192960;29534;256;0;2;193;255;357;379
Listener:Sent_pong;379;9375
Dispatcher:9375;192997;24734;256;0;2;207;255;351;379
Listener:Sent_pong;379;C323
Dispatcher:C323;193032;26464;256;0;2;204;249;350;379
Listener:Sent_pong;379;E934
Dispatcher:E934;193079;26956;256;0;2;201;249;348;379
Listener:Sent_pong;380;A7E4
Dispatcher:A7E4;193155;25033;256;0;2;207;255;354;380
Listener:Sent_pong;379;A78F
Dispatcher:A78F;193158;26327;256;0;2;201;249;348;379
Listener:Sent_pong;379;8D93
Dispatcher:8D93;193195;28254;256;0;2;206;255;339;379
Listener:Sent_pong;379;67E2
Dispatcher:67E2;193226;24412;256;0;2;204;249;343;379
Listener:Sent_pong;380;F010
Dispatcher:F010;193271;25341;256;0;2;198;249;344;380
Listener:Sent_pong;380;FCED
Dispatcher:FCED;193304;26018;256;0;2;210;255;350;380
Listener:Sent_pong;380;2EDF
Dispatcher:2EDF;193348;31440;256;0;2;201;249;339;380
Listener:Sent_pong;380;0002
Dispatcher:0002;193414;57509;256;0;2;191;249;359;380
Listener:Sent_pong;380;904F
Dispatcher:904F;193469;34924;256;0;2;193;255;358;380
Listener:Sent_pong;380;9375
Dispatcher:9375;193505;26954;256;0;2;207;255;352;380
Listener:Sent_pong;380;C323
Dispatcher:C323;193540;26962;256;0;2;204;249;351;380
Listener:Sent_pong;380;E934
Dispatcher:E934;193587;28906;256;0;2;201;249;349;380
Listener:Sent_pong;381;A7E4
Dispatcher:A7E4;193664;29816;256;0;2;207;255;355;381
Listener:Sent_pong;380;A78F
Dispatcher:A78F;193672;35343;256;0;2;201;249;349;380
Listener:Sent_pong;380;8D93
Dispatcher:8D93;193704;31130;256;0;2;206;255;340;380
Listener:Sent_pong;380;67E2
Dispatcher:67E2;193732;26010;256;0;2;204;249;344;380
Listener:Sent_pong;381;F010
Dispatcher:F010;193778;25677;256;0;2;198;249;345;381
Listener:Sent_pong;381;FCED
Dispatcher:FCED;193812;27608;256;0;2;210;255;351;381
Listener:Sent_pong;381;2EDF
Dispatcher:2EDF;193863;35488;256;0;2;201;249;340;381
Listener:Sent_pong;381;0002
Dispatcher:0002;193922;29729;256;0;2;191;249;360;381
Listener:Sent_pong;380;CE13
Dispatcher:CE13;193934;27595;256;0;2;195;249;346;380
Listener:Sent_pong;381;904F
Dispatcher:904F;193976;29464;256;0;2;193;255;359;381
Listener:Sent_pong;381;9375
Dispatcher:9375;194012;23756;256;0;2;207;255;353;381
Listener:Sent_pong;381;C323
Dispatcher:C323;194049;26652;256;0;2;204;249;352;381
Listener:Sent_pong;381;E934
Dispatcher:E934;194096;28584;256;0;2;201;249;350;381
Listener:Sent_pong;382;A7E4
Dispatcher:A7E4;194173;27915;256;0;2;207;255;356;382
Listener:Sent_pong;381;A78F
Dispatcher:A78F;194179;26125;256;0;2;201;249;350;381
Listener:Sent_pong;381;8D93
Dispatcher:8D93;194212;27930;256;0;2;206;255;341;381
Listener:Sent_pong;381;67E2
Dispatcher:67E2;194240;26298;256;0;2;204;249;345;381
Listener:Sent_pong;382;F010
Dispatcher:F010;194287;28989;256;0;2;198;249;346;382
Listener:Sent_pong;382;FCED
Dispatcher:FCED;194320;26654;256;0;2;210;255;352;382
Listener:Sent_pong;382;2EDF
Dispatcher:2EDF;194371;25726;256;0;2;201;249;341;382
Listener:Sent_pong;382;0002
Dispatcher:0002;194429;24051;256;0;2;191;249;361;382
Listener:Sent_pong;381;CE13
Dispatcher:CE13;194453;37135;256;0;2;195;249;347;381
Listener:Sent_pong;382;904F
Dispatcher:904F;194485;29848;256;0;2;193;255;360;382
Listener:Sent_pong;382;9375
Dispatcher:9375;194520;28218;256;0;2;207;255;354;382
Listener:Sent_pong;382;C323
Dispatcher:C323;194557;24780;256;0;2;204;249;353;382
Listener:Sent_pong;382;E934
Dispatcher:E934;194604;32778;256;0;2;201;249;351;382
Listener:Sent_pong;383;A7E4
Dispatcher:A7E4;194681;25343;256;0;2;207;255;357;383
Listener:Sent_pong;382;A78F
Dispatcher:A78F;194687;26109;256;0;2;201;249;351;382
Listener:Sent_pong;382;8D93
Dispatcher:8D93;194720;27921;256;0;2;206;255;342;382
Listener:Sent_pong;382;67E2
Dispatcher:67E2;194748;26600;256;0;2;204;249;346;382
Listener:Sent_pong;383;F010
Dispatcher:F010;194795;28227;256;0;2;198;249;347;383
Listener:Sent_pong;383;FCED
Dispatcher:FCED;194829;28888;256;0;2;210;255;353;383
Listener:Sent_pong;383;2EDF
Dispatcher:2EDF;194879;29856;256;0;2;201;249;342;383
Listener:Sent_pong;383;0002
Dispatcher:0002;194938;27911;256;0;2;191;249;362;383
Listener:Sent_pong;382;CE13
Dispatcher:CE13;194964;28589;256;0;2;195;249;348;382
Listener:Sent_pong;383;904F
Dispatcher:904F;194992;25366;256;0;2;193;255;361;383
Listener:Sent_pong;383;9375
Dispatcher:9375;195028;26928;256;0;2;207;255;355;383
Listener:Sent_pong;383;C323
Dispatcher:C323;195064;26978;256;0;2;204;249;354;383
Listener:Sent_pong;383;E934
Dispatcher:E934;195112;38344;256;0;2;201;249;352;383
Listener:Sent_pong;384;A7E4
Dispatcher:A7E4;195188;27273;256;0;2;207;255;358;384
Listener:Sent_pong;383;A78F
Dispatcher:A78F;195196;26959;256;0;2;201;249;352;383
Listener:Sent_pong;383;8D93
Dispatcher:8D93;195227;30293;256;0;2;206;255;343;383
Listener:Sent_pong;383;67E2
Dispatcher:67E2;195256;28612;256;0;2;204;249;347;383
Listener:Sent_pong;384;F010
Dispatcher:F010;195303;28855;256;0;2;198;249;348;384
Listener:Sent_pong;384;FCED
Dispatcher:FCED;195337;28710;256;0;2;210;255;354;384
Listener:Sent_pong;384;2EDF
Dispatcher:2EDF;195388;30172;256;0;2;201;249;343;384
Listener:Sent_pong;384;0002
Dispatcher:0002;195451;31221;256;0;2;191;249;363;384
Listener:Sent_pong;384;904F
Dispatcher:904F;195500;32114;256;0;2;193;255;362;384
Listener:Sent_pong;384;9375
Dispatcher:9375;195537;59908;256;0;2;207;255;356;384
Listener:Sent_pong;384;C323
Dispatcher:C323;195594;49358;256;0;2;204;249;355;384
Listener:Sent_pong;384;E934
Dispatcher:E934;195624;31004;256;0;2;201;249;353;384
Listener:Sent_pong;385;A7E4
Dispatcher:A7E4;195696;28548;256;0;2;207;255;359;385
Listener:Sent_pong;384;A78F
Dispatcher:A78F;195702;24729;256;0;2;201;249;353;384
Listener:Sent_pong;384;8D93
Dispatcher:8D93;195735;25370;256;0;2;206;255;344;384
Listener:Sent_pong;384;67E2
Dispatcher:67E2;195764;25712;256;0;2;204;249;348;384
Listener:Sent_pong;385;F010
Dispatcher:F010;195812;27253;256;0;2;198;249;349;385
Listener:Sent_pong;385;FCED
Dispatcher:FCED;195845;29661;256;0;2;210;255;355;385
Listener:Sent_pong;385;2EDF
Dispatcher:2EDF;195895;25038;256;0;2;201;249;344;385
Listener:Sent_pong;385;0002
Dispatcher:0002;195971;80173;256;0;2;191;249;364;385
Listener:Sent_pong;384;CE13
Dispatcher:CE13;196007;27083;256;0;2;195;249;349;384
Listener:Sent_pong;385;904F
Dispatcher:904F;196036;68084;256;0;2;193;255;363;385
Listener:Sent_pong;385;9375
Dispatcher:9375;196078;60202;256;0;2;207;255;357;385
Listener:Sent_pong;385;E934
Dispatcher:E934;196131;23124;256;0;2;201;249;354;385
Listener:Sent_pong;386;A7E4
Dispatcher:A7E4;196209;29242;256;0;2;207;255;360;386
Listener:Sent_pong;385;A78F
Dispatcher:A78F;196210;27291;256;0;2;201;249;354;385
Listener:Sent_pong;385;67E2
Dispatcher:67E2;196271;27100;256;0;2;204;249;349;385
Listener:Sent_pong;386;F010
Dispatcher:F010;196320;25363;256;0;2;198;249;350;386
Listener:Sent_pong;386;FCED
Dispatcher:FCED;196353;25366;256;0;2;210;255;356;386
Listener:Sent_pong;386;2EDF
Dispatcher:2EDF;196402;24086;256;0;2;201;249;345;386
Listener:Sent_pong;386;0002
Dispatcher:0002;196479;28995;256;0;2;191;249;365;386
Listener:Sent_pong;385;CE13
Dispatcher:CE13;196515;25369;256;0;2;195;249;350;385
Listener:Sent_pong;386;904F
Dispatcher:904F;196544;25994;256;0;2;193;255;364;386
Listener:Sent_pong;386;9375
Dispatcher:9375;196594;60202;256;0;2;207;255;357;386
Listener:Sent_pong;386;C323
Dispatcher:C323;196633;24148;256;0;2;204;249;356;386
Listener:Sent_pong;386;E934
Dispatcher:E934;196664;51794;256;0;2;201;249;355;386
Listener:Sent_pong;387;A7E4
Dispatcher:A7E4;196733;42629;256;0;2;207;255;361;387
Listener:Sent_pong;386;A78F
Dispatcher:A78F;196732;51779;256;0;2;201;249;355;386
Listener:Sent_pong;386;8D93
Dispatcher:8D93;196774;26004;256;0;2;206;255;345;386
Listener:Sent_pong;387;F010
Dispatcher:F010;196828;30171;256;0;2;198;249;351;387
Listener:Sent_pong;387;FCED
Dispatcher:FCED;196861;28237;256;0;2;210;255;357;387
Listener:Sent_pong;387;2EDF
Dispatcher:2EDF;196916;33450;256;0;2;201;249;346;387
Listener:Sent_pong;387;0002
Dispatcher:0002;196987;26645;256;0;2;191;249;366;387
Listener:Sent_pong;386;CE13
Dispatcher:CE13;197022;25699;256;0;2;195;249;351;386
Listener:Sent_pong;387;904F
Dispatcher:904F;197052;24732;256;0;2;193;255;365;387
Listener:Sent_pong;387;9375
Dispatcher:9375;197102;27512;256;0;2;207;255;358;387
Listener:Sent_pong;387;C323
Dispatcher:C323;197141;28580;256;0;2;204;249;357;387
Listener:Sent_pong;387;E934
Dispatcher:E934;197172;28302;256;0;2;201;249;356;387
Listener:Sent_pong;388;A7E4
Dispatcher:A7E4;197239;26732;256;0;2;207;255;362;388
Listener:Sent_pong;387;A78F
Dispatcher:A78F;197241;29185;256;0;2;201;249;356;387
Listener:Sent_pong;387;8D93
Dispatcher:8D93;197283;42222;256;0;2;206;255;346;387
Listener:Sent_pong;387;67E2
Dispatcher:67E2;197293;37564;256;0;2;204;249;350;387
Listener:Sent_pong;388;F010
Dispatcher:F010;197335;26633;256;0;2;198;249;352;388
Listener:Sent_pong;388;2EDF
Dispatcher:2EDF;197424;46628;256;0;2;201;249;347;388
Listener:Sent_pong;388;0002
Dispatcher:0002;197496;29193;256;0;2;191;249;367;388
Listener:Sent_pong;387;CE13
Dispatcher:CE13;197529;30929;256;0;2;195;249;352;387
Listener:Sent_pong;388;904F
Dispatcher:904F;197561;27924;256;0;2;193;255;366;388
Listener:Sent_pong;388;9375
Dispatcher:9375;197609;28860;256;0;2;207;255;359;388
Listener:Sent_pong;388;C323
Dispatcher:C323;197647;24750;256;0;2;204;249;358;388
Listener:Sent_pong;388;E934
Dispatcher:E934;197680;26622;256;0;2;201;249;357;388
Listener:Sent_pong;389;A7E4
Dispatcher:A7E4;197747;27563;256;0;2;207;255;363;389
Listener:Sent_pong;388;A78F
Dispatcher:A78F;197749;27899;256;0;2;201;249;357;388
Listener:Sent_pong;388;8D93
Dispatcher:8D93;197791;31519;256;0;2;206;255;347;388
Listener:Sent_pong;388;67E2
Dispatcher:67E2;197820;59368;256;0;2;204;249;351;388
Listener:Sent_pong;389;F010
Dispatcher:F010;197866;50461;256;0;2;198;249;353;389
Listener:Sent_pong;389;FCED
Dispatcher:FCED;197878;28563;256;0;2;210;255;358;389
Listener:Sent_pong;389;2EDF
Dispatcher:2EDF;197932;26038;256;0;2;201;249;348;389
Listener:Sent_pong;389;0002
Dispatcher:0002;198003;29193;256;0;2;191;249;368;389
Listener:Sent_pong;388;CE13
Dispatcher:CE13;198036;25335;256;0;2;195;249;353;388
Listener:Sent_pong;389;904F
Dispatcher:904F;198070;27942;256;0;2;193;255;367;389
Listener:Sent_pong;389;9375
Dispatcher:9375;198117;26332;256;0;2;207;255;360;389
Listener:Sent_pong;389;C323
Dispatcher:C323;198155;27590;256;0;2;204;249;359;389
Listener:Sent_pong;389;E934
Dispatcher:E934;198188;26330;256;0;2;201;249;358;389
Listener:Sent_pong;390;A7E4
Dispatcher:A7E4;198254;25341;256;0;2;207;255;364;390
Listener:Sent_pong;389;A78F
Dispatcher:A78F;198258;30627;256;0;2;201;249;358;389
Listener:Sent_pong;389;8D93
Dispatcher:8D93;198299;24405;256;0;2;206;255;348;389
Listener:Sent_pong;389;67E2
Dispatcher:67E2;198327;25034;256;0;2;204;249;352;389
Listener:Sent_pong;390;F010
Dispatcher:F010;198375;26127;256;0;2;198;249;354;390
Listener:Sent_pong;390;FCED
Dispatcher:FCED;198399;38480;256;0;2;210;255;359;390
Listener:Sent_pong;390;2EDF
Dispatcher:2EDF;198438;22234;256;0;2;201;249;349;390
Listener:Sent_pong;390;0002
Dispatcher:0002;198512;24721;256;0;2;191;249;369;390
Listener:Sent_pong;389;CE13
Dispatcher:CE13;198544;24103;256;0;2;195;249;354;389
Listener:Sent_pong;390;904F
Dispatcher:904F;198584;39114;256;0;2;193;255;368;390
Listener:Sent_pong;390;9375
Dispatcher:9375;198623;24080;256;0;2;207;255;361;390
Listener:Sent_pong;390;C323
Dispatcher:C323;198664;33336;256;0;2;204;249;360;390
Listener:Sent_pong;390;E934
Dispatcher:E934;198699;27748;256;0;2;201;249;359;390
Listener:Sent_pong;391;A7E4
Dispatcher:A7E4;198763;27285;256;0;2;207;255;365;391
Listener:Sent_pong;390;A78F
Dispatcher:A78F;198765;24077;256;0;2;201;249;359;390
Listener:Sent_pong;390;8D93
Dispatcher:8D93;198807;26026;256;0;2;206;255;349;390
Listener:Sent_pong;390;67E2
Dispatcher:67E2;198835;26924;256;0;2;204;249;353;390
Listener:Sent_pong;391;F010
Dispatcher:F010;198883;29157;256;0;2;198;249;355;391
Listener:Sent_pong;391;FCED
Dispatcher:FCED;198907;30613;256;0;2;210;255;360;391
Listener:Sent_pong;391;2EDF
Dispatcher:2EDF;198945;23484;256;0;2;201;249;350;391
Listener:Sent_pong;391;0002
Dispatcher:0002;199021;26963;256;0;2;191;249;370;391
Listener:Sent_pong;390;CE13
Dispatcher:CE13;199052;27311;256;0;2;195;249;355;390
Listener:Sent_pong;391;904F
Dispatcher:904F;199092;32344;256;0;2;193;255;369;391
Listener:Sent_pong;391;9375
Dispatcher:9375;199130;23748;256;0;2;207;255;362;391
Listener:Sent_pong;391;C323
Dispatcher:C323;199171;22192;256;0;2;204;249;361;391
Listener:Sent_pong;391;E934
Dispatcher:E934;199208;27918;256;0;2;201;249;360;391
Listener:Sent_pong;392;A7E4
Dispatcher:A7E4;199270;27262;256;0;2;207;255;366;392
Listener:Sent_pong;391;A78F
Dispatcher:A78F;199272;24077;256;0;2;201;249;360;391
Listener:Sent_pong;391;8D93
Dispatcher:8D93;199315;27297;256;0;2;206;255;350;391
Listener:Sent_pong;391;67E2
Dispatcher:67E2;199344;26952;256;0;2;204;249;354;391
Listener:Sent_pong;392;F010
Dispatcher:F010;199389;25069;256;0;2;198;249;356;392
Listener:Sent_pong;392;FCED
Dispatcher:FCED;199416;29173;256;0;2;210;255;361;392
Listener:Sent_pong;392;2EDF
Dispatcher:2EDF;199454;29506;256;0;2;201;249;351;392
Listener:Sent_pong;392;0002
Dispatcher:0002;199529;27893;256;0;2;191;249;371;392
Listener:Sent_pong;391;CE13
Dispatcher:CE13;199560;27927;256;0;2;195;249;356;391
Listener:Sent_pong;392;904F
Dispatcher:904F;199600;27266;256;0;2;193;255;370;392
Listener:Sent_pong;392;9375
Dispatcher:9375;199638;27262;256;0;2;207;255;363;392
Listener:Sent_pong;392;C323
Dispatcher:C323;199678;24414;256;0;2;204;249;362;392
Listener:Sent_pong;392;E934
Dispatcher:E934;199717;50920;256;0;2;201;249;361;392
Listener:Sent_pong;393;A7E4
Dispatcher:A7E4;199795;40315;256;0;2;207;255;367;393
Listener:Sent_pong;392;A78F
Dispatcher:A78F;199784;30569;256;0;2;201;249;361;392
Listener:Sent_pong;392;8D93
Dispatcher:8D93;199823;31577;256;0;2;206;255;351;392
Listener:Sent_pong;392;67E2
Dispatcher:67E2;199853;27008;256;0;2;204;249;355;392
Listener:Sent_pong;393;F010
Dispatcher:F010;199896;24367;256;0;2;198;249;357;393
Listener:Sent_pong;393;FCED
Dispatcher:FCED;199925;27898;256;0;2;210;255;362;393
Listener:Sent_pong;393;2EDF
Dispatcher:2EDF;199960;24406;256;0;2;201;249;352;393
Listener:Sent_pong;393;0002
Dispatcher:0002;200037;28349;256;0;2;191;249;372;393
Listener:Sent_pong;392;CE13
Dispatcher:CE13;200076;35941;256;0;2;195;249;357;392
Listener:Sent_pong;393;904F
Dispatcher:904F;200107;25700;256;0;2;193;255;371;393
Listener:Sent_pong;393;9375
Dispatcher:9375;200146;26336;256;0;2;207;255;364;393
Listener:Sent_pong;393;C323
Dispatcher:C323;200186;26958;256;0;2;204;249;363;393
Listener:Sent_pong;393;E934
Dispatcher:E934;200232;36882;256;0;2;201;249;362;393
Listener:Sent_pong;394;A7E4
Dispatcher:A7E4;200302;24719;256;0;2;207;255;368;394
Listener:Sent_pong;393;A78F
Dispatcher:A78F;200292;27913;256;0;2;201;249;362;393
Listener:Sent_pong;393;8D93
Dispatcher:8D93;200332;26654;256;0;2;206;255;352;393
Listener:Sent_pong;393;67E2
Dispatcher:67E2;200362;28060;256;0;2;204;249;356;393
Listener:Sent_pong;394;F010
Dispatcher:F010;200405;29847;256;0;2;198;249;358;394
Listener:Sent_pong;394;FCED
Dispatcher:FCED;200433;26666;256;0;2;210;255;363;394
Listener:Sent_pong;394;2EDF
Dispatcher:2EDF;200468;25042;256;0;2;201;249;353;394
Listener:Sent_pong;394;0002
Dispatcher:0002;200546;37657;256;0;2;191;249;373;394
Listener:Sent_pong;393;CE13
Dispatcher:CE13;200584;26301;256;0;2;195;249;358;393
Listener:Sent_pong;394;904F
Dispatcher:904F;200615;26620;256;0;2;193;255;372;394
Listener:Sent_pong;394;9375
Dispatcher:9375;200653;26310;256;0;2;207;255;365;394
Listener:Sent_pong;394;C323
Dispatcher:C323;200695;26632;256;0;2;204;249;364;394
Listener:Sent_pong;394;E934
Dispatcher:E934;200739;25680;256;0;2;201;249;363;394
Listener:Sent_pong;395;A7E4
Dispatcher:A7E4;200810;34429;256;0;2;207;255;369;395
Listener:Sent_pong;394;A78F
Dispatcher:A78F;200810;37201;256;0;2;201;249;363;394
Listener:Sent_pong;394;8D93
Dispatcher:8D93;200839;27621;256;0;2;206;255;353;394
Listener:Sent_pong;394;67E2
Dispatcher:67E2;200871;27880;256;0;2;204;249;357;394
Listener:Sent_pong;395;F010
Dispatcher:F010;200911;24385;256;0;2;198;245;359;395
Listener:Sent_pong;395;FCED
Dispatcher:FCED;200940;24062;256;0;2;210;255;364;395
Listener:Sent_pong;395;2EDF
Dispatcher:2EDF;200974;52046;256;0;2;201;249;354;395
Listener:Sent_pong;395;0002
Dispatcher:0002;201053;31675;256;0;2;191;249;374;395
Listener:Sent_pong;394;CE13
Dispatcher:CE13;201093;26623;256;0;2;195;249;359;394
Listener:Sent_pong;395;904F
Dispatcher:904F;201123;25664;256;0;2;193;255;373;395
Listener:Sent_pong;395;9375
Dispatcher:9375;201161;25658;256;0;2;207;255;366;395
Listener:Sent_pong;395;C323
Dispatcher:C323;201203;27268;256;0;2;204;249;365;395
Listener:Sent_pong;395;E934
Dispatcher:E934;201247;26640;256;0;2;201;249;364;395
Listener:Sent_pong;396;A7E4
Dispatcher:A7E4;201318;31250;256;0;2;207;255;370;396
Listener:Sent_pong;395;A78F
Dispatcher:A78F;201317;23111;256;0;2;201;249;364;395
Listener:Sent_pong;395;8D93
Dispatcher:8D93;201348;27596;256;0;2;206;255;354;395
Listener:Sent_pong;395;67E2
Dispatcher:67E2;201379;27220;256;0;2;204;249;358;395
Listener:Sent_pong;396;F010
Dispatcher:F010;201419;27255;256;0;2;198;247;360;396
Listener:Sent_pong;396;FCED
Dispatcher:FCED;201448;26966;256;0;2;210;255;365;396
Listener:Sent_pong;396;2EDF
Dispatcher:2EDF;201483;26316;256;0;2;201;249;355;396
Listener:Sent_pong;396;0002
Dispatcher:0002;201560;25023;256;0;2;191;249;375;396
Listener:Sent_pong;395;CE13
Dispatcher:CE13;201600;30395;256;0;2;195;249;360;395
Listener:Sent_pong;396;904F
Dispatcher:904F;201630;25680;256;0;2;193;255;374;396
Listener:Sent_pong;396;9375
Dispatcher:9375;201668;25360;256;0;2;207;255;367;396
Listener:Sent_pong;396;C323
Dispatcher:C323;201711;25048;256;0;2;204;249;366;396
Listener:Sent_pong;396;E934
Dispatcher:E934;201754;25692;256;0;2;201;249;365;396
Listener:Sent_pong;397;A7E4
Dispatcher:A7E4;201825;26281;256;0;2;207;255;371;397
Listener:Sent_pong;396;A78F
Dispatcher:A78F;201826;26465;256;0;2;201;249;365;396
Listener:Sent_pong;396;8D93
Dispatcher:8D93;201857;28883;256;0;2;206;255;355;396
Listener:Sent_pong;396;67E2
Dispatcher:67E2;201887;27278;256;0;2;204;249;359;396
Listener:Sent_pong;397;F010
Dispatcher:F010;201925;25669;256;0;2;198;249;361;397
Listener:Sent_pong;397;FCED
Dispatcher:FCED;201955;25675;256;0;2;210;255;366;397
Listener:Sent_pong;397;2EDF
Dispatcher:2EDF;201991;27624;256;0;2;201;249;356;397
Listener:Sent_pong;397;0002
Dispatcher:0002;202067;24077;256;0;2;191;249;376;397
Listener:Sent_pong;396;CE13
Dispatcher:CE13;202107;24711;256;0;2;195;249;361;396
Listener:Sent_pong;397;904F
Dispatcher:904F;202139;27928;256;0;2;193;255;375;397
Listener:Sent_pong;397;9375
Dispatcher:9375;202177;28862;256;0;2;207;255;368;397
Listener:Sent_pong;397;C323
Dispatcher:C323;202218;29652;256;0;2;204;249;367;397
Listener:Sent_pong;397;E934
Dispatcher:E934;202261;26636;256;0;2;201;249;366;397
Listener:Sent_pong;398;A7E4
Dispatcher:A7E4;202334;25326;256;0;2;207;255;372;398
Listener:Sent_pong;397;A78F
Dispatcher:A78F;202341;30543;256;0;2;201;249;366;397
Listener:Sent_pong;397;8D93
Dispatcher:8D93;202365;25685;256;0;2;206;255;356;397
Listener:Sent_pong;397;67E2
Dispatcher:67E2;202394;25976;256;0;2;204;249;360;397
Listener:Sent_pong;398;F010
Dispatcher:F010;202433;29637;256;0;2;198;249;362;398
Listener:Sent_pong;398;FCED
Dispatcher:FCED;202462;23438;256;0;2;210;255;367;398
Listener:Sent_pong;398;2EDF
Dispatcher:2EDF;202499;26338;256;0;2;201;249;357;398
Listener:Sent_pong;398;0002
Dispatcher:0002;202575;27585;256;0;2;191;249;377;398
Listener:Sent_pong;397;CE13
Dispatcher:CE13;202614;28895;256;0;2;195;249;362;397
Listener:Sent_pong;398;904F
Dispatcher:904F;202646;32234;256;0;2;193;255;376;398
Listener:Sent_pong;398;9375
Dispatcher:9375;202686;27278;256;0;2;207;255;369;398
Listener:Sent_pong;398;C323
Dispatcher:C323;202725;25344;256;0;2;204;249;368;398
Listener:Sent_pong;398;E934
Dispatcher:E934;202770;26620;256;0;2;201;249;367;398
Listener:Sent_pong;399;A7E4
Dispatcher:A7E4;202841;24384;256;0;2;207;255;373;399
Listener:Sent_pong;398;A78F
Dispatcher:A78F;202848;28829;256;0;2;201;249;367;398
Listener:Sent_pong;398;8D93
Dispatcher:8D93;202875;30479;256;0;2;206;255;357;398
Listener:Sent_pong;398;67E2
Dispatcher:67E2;202902;27576;256;0;2;204;249;361;398
Listener:Sent_pong;399;F010
Dispatcher:F010;202942;28555;256;0;2;198;249;363;399
Listener:Sent_pong;399;FCED
Dispatcher:FCED;202970;28569;256;0;2;210;255;368;399
Listener:Sent_pong;399;2EDF
Dispatcher:2EDF;203006;25386;256;0;2;201;249;358;399
Listener:Sent_pong;399;0002
Dispatcher:0002;203083;26319;256;0;2;191;249;378;399
Listener:Sent_pong;398;CE13
Dispatcher:CE13;203122;28565;256;0;2;195;249;363;398
Listener:Sent_pong;399;904F
Dispatcher:904F;203156;32330;256;0;2;193;255;377;399
Listener:Sent_pong;399;9375
Dispatcher:9375;203193;27558;256;0;2;207;255;370;399
Listener:Sent_pong;399;C323
Dispatcher:C323;203234;25996;256;0;2;204;249;369;399
Listener:Sent_pong;399;E934
Dispatcher:E934;203284;33422;256;0;2;201;249;368;399
Listener:Sent_pong;400;A7E4
Dispatcher:A7E4;203349;28253;256;0;2;207;255;374;400
Listener:Sent_pong;399;A78F
Dispatcher:A78F;203356;26647;256;0;2;201;249;368;399
Listener:Sent_pong;399;8D93
Dispatcher:8D93;203384;30468;256;0;2;206;255;358;399
Listener:Sent_pong;399;67E2
Dispatcher:67E2;203410;27132;256;0;2;204;249;362;399
Listener:Sent_pong;400;F010
Dispatcher:F010;203450;27899;256;0;2;198;249;364;400
Listener:Sent_pong;400;FCED
Dispatcher:FCED;203478;26637;256;0;2;210;255;369;400
Listener:Sent_pong;400;2EDF
Dispatcher:2EDF;203514;25366;256;0;2;201;249;359;400
Listener:Sent_pong;400;0002
Dispatcher:0002;203598;32755;256;0;2;191;249;379;400
Listener:Sent_pong;399;CE13
Dispatcher:CE13;203631;28891;256;0;2;195;249;364;399
Listener:Sent_pong;400;904F
Dispatcher:904F;203665;29848;256;0;2;193;255;378;400
Listener:Sent_pong;400;9375
Dispatcher:9375;203700;24392;256;0;2;207;255;371;400
Listener:Sent_pong;400;C323
Dispatcher:C323;203742;26630;256;0;2;204;249;370;400
Listener:Sent_pong;400;E934
Dispatcher:E934;203792;26646;256;0;2;201;249;369;400
Listener:Sent_pong;401;A7E4
Dispatcher:A7E4;203858;26928;256;0;2;207;255;375;401
Listener:Sent_pong;400;A78F
Dispatcher:A78F;203863;27589;256;0;2;201;249;369;400
Listener:Sent_pong;400;8D93
Dispatcher:8D93;203893;26017;256;0;2;206;255;359;400
Listener:Sent_pong;400;67E2
Dispatcher:67E2;203918;26952;256;0;2;204;249;363;400
Listener:Sent_pong;401;F010
Dispatcher:F010;203958;28891;256;0;2;198;249;365;401
Listener:Sent_pong;401;FCED
Dispatcher:FCED;203985;28247;256;0;2;210;255;370;401
Listener:Sent_pong;401;2EDF
Dispatcher:2EDF;204021;24722;256;0;2;201;249;360;401
Listener:Sent_pong;401;0002
Dispatcher:0002;204105;36631;256;0;2;191;249;380;401
Listener:Sent_pong;400;CE13
Dispatcher:CE13;204141;29461;256;0;2;195;249;365;400
Listener:Sent_pong;401;904F
Dispatcher:904F;204174;26296;256;0;2;193;255;379;401
Listener:Sent_pong;401;9375
Dispatcher:9375;204208;29954;256;0;2;207;255;372;401
Listener:Sent_pong;401;C323
Dispatcher:C323;204251;28564;256;0;2;204;249;371;401
Listener:Sent_pong;401;E934
Dispatcher:E934;204299;25026;256;0;2;201;249;370;401
Listener:Sent_pong;402;A7E4
Dispatcher:A7E4;204366;28244;256;0;2;207;255;376;402
Listener:Sent_pong;401;A78F
Dispatcher:A78F;204371;28215;256;0;2;201;249;370;401
Listener:Sent_pong;401;8D93
Dispatcher:8D93;204401;25351;256;0;2;206;255;360;401
Listener:Sent_pong;401;67E2
Dispatcher:67E2;204428;26750;256;0;2;204;249;364;401
Listener:Sent_pong;402;F010
Dispatcher:F010;204466;27901;256;0;2;198;249;366;402
Listener:Sent_pong;402;FCED
Dispatcher:FCED;204492;26954;256;0;2;210;255;371;402
Listener:Sent_pong;402;2EDF
Dispatcher:2EDF;204528;27586;256;0;2;201;249;361;402
Listener:Sent_pong;402;0002
Dispatcher:0002;204614;28881;256;0;2;191;249;381;402
Listener:Sent_pong;401;CE13
Dispatcher:CE13;204650;27277;256;0;2;195;249;366;401
Listener:Sent_pong;402;904F
Dispatcher:904F;204682;29136;256;0;2;193;255;380;402
Listener:Sent_pong;402;9375
Dispatcher:9375;204715;24058;256;0;2;207;255;373;402
Listener:Sent_pong;402;C323
Dispatcher:C323;204759;25992;256;0;2;204;249;372;402
Listener:Sent_pong;402;E934
Dispatcher:E934;204808;27604;256;0;2;201;249;371;402
Listener:Sent_pong;403;A7E4
Dispatcher:A7E4;204882;37877;256;0;2;207;255;377;403
Listener:Sent_pong;402;A78F
Dispatcher:A78F;204880;27295;256;0;2;201;249;371;402
Listener:Sent_pong;402;8D93
Dispatcher:8D93;204908;25371;256;0;2;206;255;361;402
Listener:Sent_pong;402;67E2
Dispatcher:67E2;204934;30826;256;0;2;204;249;365;402
Listener:Sent_pong;403;F010
Dispatcher:F010;204975;28893;256;0;2;198;249;367;403
Listener:Sent_pong;403;FCED
Dispatcher:FCED;204999;28531;256;0;2;210;255;372;403
Listener:Sent_pong;403;2EDF
Dispatcher:2EDF;205037;32542;256;0;2;201;249;362;403
Listener:Sent_pong;403;0002
Dispatcher:0002;205123;26941;256;0;2;191;249;382;403
Listener:Sent_pong;402;CE13
Dispatcher:CE13;205163;32453;256;0;2;195;249;367;402
Listener:Sent_pong;403;904F
Dispatcher:904F;205189;32130;256;0;2;193;255;381;403
Listener:Sent_pong;403;9375
Dispatcher:9375;205223;26308;256;0;2;207;255;374;403
Listener:Sent_pong;403;C323
Dispatcher:C323;205268;28230;256;0;2;204;249;373;403
Listener:Sent_pong;403;E934
Dispatcher:E934;205316;26624;256;0;2;201;249;372;403
Listener:Sent_pong;404;A7E4
Dispatcher:A7E4;205390;32326;256;0;2;207;255;378;404
Listener:Sent_pong;403;A78F
Dispatcher:A78F;205388;25065;256;0;2;201;249;372;403
Listener:Sent_pong;403;8D93
Dispatcher:8D93;205416;26659;256;0;2;206;255;362;403
Listener:Sent_pong;403;67E2
Dispatcher:67E2;205442;29496;256;0;2;204;249;366;403
Listener:Sent_pong;404;F010
Dispatcher:F010;205482;26637;256;0;2;198;249;368;404
Listener:Sent_pong;404;2EDF
Dispatcher:2EDF;205545;28584;256;0;2;201;249;363;404
Listener:Sent_pong;404;0002
Dispatcher:0002;205632;26603;256;0;2;191;249;383;404
Listener:Sent_pong;403;CE13
Dispatcher:CE13;205671;27515;256;0;2;195;249;368;403
Listener:Sent_pong;404;904F
Dispatcher:904F;205697;31388;256;0;2;193;255;382;404
Listener:Sent_pong;404;9375
Dispatcher:9375;205730;25368;256;0;2;207;255;375;404
Listener:Sent_pong;404;C323
Dispatcher:C323;205777;29230;256;0;2;204;249;374;404
Listener:Sent_pong;404;E934
Dispatcher:E934;205823;24424;256;0;2;201;249;373;404
Listener:Sent_pong;405;A7E4
Dispatcher:A7E4;205899;26933;256;0;2;207;255;379;405
Listener:Sent_pong;404;A78F
Dispatcher:A78F;205897;28329;256;0;2;201;249;373;404
Listener:Sent_pong;404;8D93
Dispatcher:8D93;205923;25369;256;0;2;206;255;363;404
Listener:Sent_pong;404;67E2
Dispatcher:67E2;205949;26960;256;0;2;204;249;367;404
Listener:Sent_pong;405;F010
Dispatcher:F010;205990;42739;256;0;2;198;249;369;405
Listener:Sent_pong;405;FCED
Dispatcher:FCED;206013;29972;256;0;2;210;255;373;405
Listener:Sent_pong;405;2EDF
Dispatcher:2EDF;206053;24092;256;0;2;201;249;364;405
Listener:Sent_pong;405;0002
Dispatcher:0002;206139;23747;256;0;2;191;249;384;405
Listener:Sent_pong;404;CE13
Dispatcher:CE13;206179;28221;256;0;2;195;249;369;404
Listener:Sent_pong;405;904F
Dispatcher:904F;206207;28982;256;0;2;193;255;383;405
Listener:Sent_pong;405;9375
Dispatcher:9375;206237;26322;256;0;2;207;255;376;405
Listener:Sent_pong;405;C323
Dispatcher:C323;206284;25684;256;0;2;204;249;375;405
Listener:Sent_pong;405;E934
Dispatcher:E934;206330;26986;256;0;2;201;249;374;405
Listener:Sent_pong;406;A7E4
Dispatcher:A7E4;206406;28526;256;0;2;207;255;380;406
Listener:Sent_pong;405;A78F
Dispatcher:A78F;206404;33537;256;0;2;201;249;374;405
Listener:Sent_pong;405;8D93
Dispatcher:8D93;206434;31569;256;0;2;206;255;364;405
Listener:Sent_pong;405;67E2
Dispatcher:67E2;206461;33214;256;0;2;204;249;368;405
Listener:Sent_pong;406;F010
Dispatcher:F010;206498;27937;256;0;2;198;249;370;406
Listener:Sent_pong;406;FCED
Dispatcher:FCED;206532;34538;256;0;2;210;255;374;406
Listener:Sent_pong;406;2EDF
Dispatcher:2EDF;206559;22808;256;0;2;201;249;365;406
Listener:Sent_pong;406;0002
Dispatcher:0002;206646;26005;256;0;2;191;249;385;406
Listener:Sent_pong;405;CE13
Dispatcher:CE13;206685;23131;256;0;2;195;249;370;405
Listener:Sent_pong;406;904F
Dispatcher:904F;206714;25664;256;0;2;193;255;384;406
Listener:Sent_pong;406;9375
Dispatcher:9375;206746;26646;256;0;2;207;255;377;406
Listener:Sent_pong;406;C323
Dispatcher:C323;206791;24094;256;0;2;204;249;376;406
Listener:Sent_pong;406;E934
Dispatcher:E934;206840;35652;256;0;2;201;249;375;406
Listener:Sent_pong;407;A7E4
Dispatcher:A7E4;206913;24689;256;0;2;207;255;381;407
Listener:Sent_pong;406;A78F
Dispatcher:A78F;206911;24395;256;0;2;201;249;375;406
Listener:Sent_pong;406;8D93
Dispatcher:8D93;206943;25383;256;0;2;206;255;365;406
Listener:Sent_pong;406;67E2
Dispatcher:67E2;206969;27268;256;0;2;204;249;369;406
Listener:Sent_pong;407;FCED
Dispatcher:FCED;207039;25721;256;0;2;210;255;375;407
Listener:Sent_pong;407;2EDF
Dispatcher:2EDF;207067;27930;256;0;2;201;249;366;407
Listener:Sent_pong;407;0002
Dispatcher:0002;207153;24935;256;0;2;191;249;386;407
Listener:Sent_pong;406;CE13
Dispatcher:CE13;207199;33725;256;0;2;195;249;371;406
Listener:Sent_pong;407;904F
Dispatcher:904F;207222;28566;256;0;2;193;255;385;407
Listener:Sent_pong;407;9375
Dispatcher:9375;207255;29842;256;0;2;207;255;378;407
Listener:Sent_pong;407;C323
Dispatcher:C323;207300;25692;256;0;2;204;249;377;407
Listener:Sent_pong;407;E934
Dispatcher:E934;207347;37456;256;0;2;201;249;376;407
Listener:Sent_pong;408;A7E4
Dispatcher:A7E4;207421;27288;256;0;2;207;255;382;408
Listener:Sent_pong;407;A78F
Dispatcher:A78F;207419;23433;256;0;2;201;249;376;407
Listener:Sent_pong;407;8D93
Dispatcher:8D93;207458;33200;256;0;2;206;255;366;407
Listener:Sent_pong;407;67E2
Dispatcher:67E2;207499;27268;256;0;2;204;249;369;407
Listener:Sent_pong;408;F010
Dispatcher:F010;207515;26947;256;0;2;198;249;371;408
Listener:Sent_pong;408;2EDF
Dispatcher:2EDF;207576;29406;256;0;2;201;249;367;408
Listener:Sent_pong;408;0002
Dispatcher:0002;207660;31053;256;0;2;191;249;387;408
Listener:Sent_pong;407;CE13
Dispatcher:CE13;207707;25047;256;0;2;195;249;372;407
Listener:Sent_pong;408;904F
Dispatcher:904F;207731;29516;256;0;2;193;255;386;408
Listener:Sent_pong;408;9375
Dispatcher:9375;207771;35432;256;0;2;207;255;379;408
Listener:Sent_pong;408;C323
Dispatcher:C323;207808;24112;256;0;2;204;249;378;408
Listener:Sent_pong;408;E934
Dispatcher:E934;207855;26974;256;0;2;201;242;377;408
Listener:Sent_pong;409;A7E4
Dispatcher:A7E4;207930;29172;256;0;2;207;255;383;409
Listener:Sent_pong;408;A78F
Dispatcher:A78F;207926;25657;256;0;2;201;249;377;408
Listener:Sent_pong;408;8D93
Dispatcher:8D93;207967;27596;256;0;2;206;255;367;408
Listener:Sent_pong;408;67E2
Dispatcher:67E2;208006;34556;256;0;2;204;249;370;408
Listener:Sent_pong;409;F010
Dispatcher:F010;208050;60535;256;0;2;198;249;372;409
Listener:Sent_pong;409;FCED
Dispatcher:FCED;208087;27104;256;0;2;210;255;376;409
Listener:Sent_pong;409;0002
Dispatcher:0002;208169;32517;256;0;2;191;249;388;409
Listener:Sent_pong;408;CE13
Dispatcher:CE13;208216;27935;256;0;2;195;249;373;408
Listener:Sent_pong;409;904F
Dispatcher:904F;208239;25996;256;0;2;193;255;387;409
Listener:Sent_pong;409;9375
Dispatcher:9375;208279;35432;256;0;2;207;255;379;409
Listener:Sent_pong;409;C323
Dispatcher:C323;208337;44856;256;0;2;204;249;379;409
Listener:Sent_pong;409;E934
Dispatcher:E934;208362;26728;256;0;2;201;244;378;409
Listener:Sent_pong;410;A7E4
Dispatcher:A7E4;208438;27896;256;0;2;207;255;384;410
Listener:Sent_pong;409;A78F
Dispatcher:A78F;208433;27577;256;0;2;201;249;378;409
Listener:Sent_pong;409;8D93
Dispatcher:8D93;208476;26657;256;0;2;206;255;368;409
Listener:Sent_pong;409;67E2
Dispatcher:67E2;208513;25686;256;0;2;204;249;371;409
Listener:Sent_pong;410;F010
Dispatcher:F010;208559;30499;256;0;2;198;249;373;410
Listener:Sent_pong;410;FCED
Dispatcher:FCED;208594;56989;256;0;2;210;255;377;410
Listener:Sent_pong;410;2EDF
Dispatcher:2EDF;208639;44926;256;0;2;201;249;368;410
Listener:Sent_pong;410;0002
Dispatcher:0002;208676;32975;256;0;2;191;249;389;410
Listener:Sent_pong;409;CE13
Dispatcher:CE13;208723;25985;256;0;2;195;249;374;409
Listener:Sent_pong;410;904F
Dispatcher:904F;208746;22826;256;0;2;193;255;388;410
Listener:Sent_pong;410;9375
Dispatcher:9375;208788;29194;256;0;2;207;255;380;410
Listener:Sent_pong;410;C323
Dispatcher:C323;208844;26302;256;0;2;204;249;380;410
Listener:Sent_pong;410;E934
Dispatcher:E934;208875;30940;256;0;2;201;246;379;410
Listener:Sent_pong;411;A7E4
Dispatcher:A7E4;208945;27059;256;0;2;207;255;385;411
Listener:Sent_pong;410;A78F
Dispatcher:A78F;208942;29847;256;0;2;201;249;379;410
Listener:Sent_pong;410;8D93
Dispatcher:8D93;208982;25702;256;0;2;206;255;369;410
Listener:Sent_pong;410;67E2
Dispatcher:67E2;209020;27592;256;0;2;204;249;372;410
Listener:Sent_pong;411;F010
Dispatcher:F010;209068;28851;256;0;2;198;249;374;411
Listener:Sent_pong;411;FCED
Dispatcher:FCED;209101;24743;256;0;2;210;255;378;411
Listener:Sent_pong;411;2EDF
Dispatcher:2EDF;209147;26030;256;0;2;201;249;369;411
Listener:Sent_pong;411;0002
Dispatcher:0002;209190;31173;256;0;2;191;249;390;411
Listener:Sent_pong;410;CE13
Dispatcher:CE13;209236;44363;256;0;2;195;249;375;410
Listener:Sent_pong;411;904F
Dispatcher:904F;209273;46390;256;0;2;193;255;389;411
Listener:Sent_pong;411;9375
Dispatcher:9375;209296;24744;256;0;2;207;255;381;411
Listener:Sent_pong;411;C323
Dispatcher:C323;209352;25976;256;0;2;204;249;381;411
Listener:Sent_pong;411;E934
Dispatcher:E934;209384;29828;256;0;2;201;248;380;411
Listener:Sent_pong;412;A7E4
Dispatcher:A7E4;209453;35930;256;0;2;207;255;386;412
Listener:Sent_pong;411;A78F
Dispatcher:A78F;209455;32301;256;0;2;201;249;380;411
Listener:Sent_pong;411;8D93
Dispatcher:8D93;209489;22489;256;0;2;206;255;370;411
Listener:Sent_pong;411;67E2
Dispatcher:67E2;209527;33708;256;0;2;204;249;373;411
Listener:Sent_pong;412;F010
Dispatcher:F010;209576;27615;256;0;2;198;249;375;412
Listener:Sent_pong;412;FCED
Dispatcher:FCED;209609;27579;256;0;2;210;255;379;412
Listener:Sent_pong;412;2EDF
Dispatcher:2EDF;209656;27750;256;0;2;201;249;370;412
Listener:Sent_pong;412;0002
Dispatcher:0002;209697;28563;256;0;2;191;249;391;412
Listener:Sent_pong;411;CE13
Dispatcher:CE13;209745;28883;256;0;2;195;249;376;411
Listener:Sent_pong;412;904F
Dispatcher:904F;209782;25692;256;0;2;193;255;390;412
Listener:Sent_pong;412;9375
Dispatcher:9375;209805;30608;256;0;2;207;255;382;412
Listener:Sent_pong;412;C323
Dispatcher:C323;209860;27602;256;0;2;204;249;382;412
Listener:Sent_pong;412;E934
Dispatcher:E934;209893;27920;256;0;2;201;249;381;412
Listener:Sent_pong;412;A78F
Dispatcher:A78F;209965;28693;256;0;2;201;249;381;412
Listener:Sent_pong;412;67E2
Dispatcher:67E2;210034;23100;256;0;2;204;249;374;412
Listener:Sent_pong;413;FCED
Dispatcher:FCED;210117;26638;256;0;2;210;255;380;413
Listener:Sent_pong;413;2EDF
Dispatcher:2EDF;210162;28056;256;0;2;201;249;371;413
Listener:Sent_pong;413;0002
Dispatcher:0002;210206;26625;256;0;2;191;249;392;413
Listener:Sent_pong;412;CE13
Dispatcher:CE13;210253;25377;256;0;2;195;249;377;412
Listener:Sent_pong;413;904F
Dispatcher:904F;210289;26304;256;0;2;193;255;391;413
Listener:Sent_pong;413;9375
Dispatcher:9375;210312;28536;256;0;2;207;255;383;413
Listener:Sent_pong;413;C323
Dispatcher:C323;210369;39850;256;0;2;204;249;383;413
Listener:Sent_pong;413;E934
Dispatcher:E934;210430;78972;256;0;2;201;249;382;413
Listener:Sent_pong;413;A78F
Dispatcher:A78F;210475;28693;256;0;2;201;249;381;413
Listener:Sent_pong;413;8D93
Dispatcher:8D93;210539;23454;256;0;2;206;255;371;413
Listener:Sent_pong;413;67E2
Dispatcher:67E2;210575;63316;256;0;2;204;249;375;413
Listener:Sent_pong;414;F010
Dispatcher:F010;210598;23403;256;0;2;198;249;376;414
Listener:Sent_pong;414;2EDF
Dispatcher:2EDF;210671;27274;256;0;2;201;249;372;414
Listener:Sent_pong;414;0002
Dispatcher:0002;210713;25679;256;0;2;191;249;393;414
Listener:Sent_pong;413;CE13
Dispatcher:CE13;210761;26011;256;0;2;195;249;378;413
Listener:Sent_pong;414;904F
Dispatcher:904F;210802;32214;256;0;2;193;255;392;414
Listener:Sent_pong;414;9375
Dispatcher:9375;210821;27136;256;0;2;207;255;384;414
Listener:Sent_pong;414;C323
Dispatcher:C323;210878;26004;256;0;2;204;249;384;414
Listener:Sent_pong;414;E934
Dispatcher:E934;210938;25074;256;0;2;201;249;383;414
Listener:Sent_pong;414;A78F
Dispatcher:A78F;210983;29009;256;0;2;201;249;382;414
Listener:Sent_pong;415;A7E4
Dispatcher:A7E4;211026;26311;256;0;2;207;255;387;415
Listener:Sent_pong;414;8D93
Dispatcher:8D93;211046;27953;256;0;2;206;255;372;414
Listener:Sent_pong;414;67E2
Dispatcher:67E2;211082;31250;256;0;2;204;249;376;414
Listener:Sent_pong;415;F010
Dispatcher:F010;211127;23403;256;0;2;198;249;376;415
Listener:Sent_pong;415;FCED
Dispatcher:FCED;211155;25071;256;0;2;210;255;381;415
Listener:Sent_pong;415;2EDF
Dispatcher:2EDF;211180;28290;256;0;2;201;249;373;415
Listener:Sent_pong;415;0002
Dispatcher:0002;211221;28059;256;0;2;191;249;394;415
Listener:Sent_pong;414;CE13
Dispatcher:CE13;211269;29523;256;0;2;195;249;379;414
Listener:Sent_pong;415;904F
Dispatcher:904F;211311;28252;256;0;2;193;255;393;415
Listener:Sent_pong;415;9375
Dispatcher:9375;211332;31648;256;0;2;207;255;385;415
Listener:Sent_pong;415;C323
Dispatcher:C323;211387;30806;256;0;2;204;249;385;415
Listener:Sent_pong;415;E934
Dispatcher:E934;211446;27606;256;0;2;201;249;384;415
Listener:Sent_pong;415;A78F
Dispatcher:A78F;211492;34229;256;0;2;201;249;383;415
Listener:Sent_pong;416;A7E4
Dispatcher:A7E4;211554;49480;256;0;2;207;255;388;416
Listener:Sent_pong;415;8D93
Dispatcher:8D93;211555;29564;256;0;2;206;255;373;415
Listener:Sent_pong;415;67E2
Dispatcher:67E2;211589;26640;256;0;2;204;249;377;415
Listener:Sent_pong;416;F010
Dispatcher:F010;211642;31761;256;0;2;198;249;377;416
Listener:Sent_pong;416;FCED
Dispatcher:FCED;211663;26983;256;0;2;210;255;382;416
Listener:Sent_pong;416;0002
Dispatcher:0002;211728;28551;256;0;2;191;249;395;416
Listener:Sent_pong;416;904F
Dispatcher:904F;211819;40494;256;0;2;193;255;394;416
Listener:Sent_pong;416;9375
Dispatcher:9375;211872;60376;256;0;2;207;255;386;416
Listener:Sent_pong;416;C323
Dispatcher:C323;211898;31258;256;0;2;204;249;386;416
Listener:Sent_pong;416;E934
Dispatcher:E934;211953;25378;256;0;2;201;249;385;416
Listener:Sent_pong;416;A78F
Dispatcher:A78F;212001;27273;256;0;2;201;249;384;416
Listener:Sent_pong;417;A7E4
Dispatcher:A7E4;212063;26919;256;0;2;207;255;389;417
Listener:Sent_pong;416;8D93
Dispatcher:8D93;212063;26966;256;0;2;206;255;374;416
Listener:Sent_pong;416;67E2
Dispatcher:67E2;212096;26618;256;0;2;204;249;378;416
Listener:Sent_pong;417;F010
Dispatcher:F010;212150;66973;256;0;2;198;249;378;417
Listener:Sent_pong;417;FCED
Dispatcher:FCED;212210;91613;256;0;2;210;255;383;417
Listener:Sent_pong;417;2EDF
Dispatcher:2EDF;212239;30480;256;0;2;201;249;374;417
Listener:Sent_pong;417;0002
Dispatcher:0002;212268;28551;256;0;2;191;249;395;417
Listener:Sent_pong;416;CE13
Dispatcher:CE13;212305;28537;256;0;2;195;249;380;416
Listener:Sent_pong;417;904F
Dispatcher:904F;212328;39536;256;0;2;193;255;395;417
Listener:Sent_pong;417;9375
Dispatcher:9375;212379;25034;256;0;2;207;255;387;417
Listener:Sent_pong;417;C323
Dispatcher:C323;212405;23762;256;0;2;204;249;387;417
Listener:Sent_pong;417;E934
Dispatcher:E934;212460;27604;256;0;2;201;249;386;417
Listener:Sent_pong;417;A78F
Dispatcher:A78F;212509;29189;256;0;2;201;249;385;417
Listener:Sent_pong;418;A7E4
Dispatcher:A7E4;212570;26619;256;0;2;207;255;390;418
Listener:Sent_pong;417;8D93
Dispatcher:8D93;212580;34052;256;0;2;206;255;375;417
Listener:Sent_pong;417;67E2
Dispatcher:67E2;212610;35404;256;0;2;204;249;379;417
Listener:Sent_pong;418;F010
Dispatcher:F010;212658;25075;256;0;2;198;249;379;418
Listener:Sent_pong;418;FCED
Dispatcher:FCED;212719;26635;256;0;2;210;255;384;418
Listener:Sent_pong;418;2EDF
Dispatcher:2EDF;212748;28904;256;0;2;201;249;375;418
Listener:Sent_pong;418;0002
Dispatcher:0002;212776;35235;256;0;2;191;249;396;418
Listener:Sent_pong;417;CE13
Dispatcher:CE13;212814;28267;256;0;2;195;249;381;417
Listener:Sent_pong;418;904F
Dispatcher:904F;212839;31878;256;0;2;193;255;396;418
Listener:Sent_pong;418;9375
Dispatcher:9375;212887;24720;256;0;2;207;255;388;418
Listener:Sent_pong;418;C323
Dispatcher:C323;212913;27632;256;0;2;204;249;388;418
Listener:Sent_pong;418;E934
Dispatcher:E934;212968;24720;256;0;2;201;249;387;418
Listener:Sent_pong;418;A78F
Dispatcher:A78F;213018;27933;256;0;2;201;249;386;418
Listener:Sent_pong;419;A7E4
Dispatcher:A7E4;213079;30150;256;0;2;207;255;391;419
Listener:Sent_pong;418;8D93
Dispatcher:8D93;213087;47514;256;0;2;206;255;376;418
Listener:Sent_pong;418;67E2
Dispatcher:67E2;213132;41278;256;0;2;204;249;380;418
Listener:Sent_pong;419;F010
Dispatcher:F010;213165;26649;256;0;2;198;249;380;419
Listener:Sent_pong;419;FCED
Dispatcher:FCED;213227;24381;256;0;2;210;255;385;419
Listener:Sent_pong;419;2EDF
Dispatcher:2EDF;213255;24428;256;0;2;201;249;376;419
Listener:Sent_pong;419;0002
Dispatcher:0002;213283;28581;256;0;2;191;249;397;419
Listener:Sent_pong;418;CE13
Dispatcher:CE13;213322;26309;256;0;2;195;249;382;418
Listener:Sent_pong;419;904F
Dispatcher:904F;213347;26972;256;0;2;193;255;397;419
Listener:Sent_pong;419;9375
Dispatcher:9375;213394;30952;256;0;2;207;255;389;419
Listener:Sent_pong;419;C323
Dispatcher:C323;213425;31380;256;0;2;204;249;389;419
Listener:Sent_pong;419;E934
Dispatcher:E934;213476;26640;256;0;2;201;249;388;419
Listener:Sent_pong;419;A78F
Dispatcher:A78F;213525;25043;256;0;2;201;249;387;419
Listener:Sent_pong;420;A7E4
Dispatcher:A7E4;213593;31774;256;0;2;207;255;392;420
Listener:Sent_pong;419;8D93
Dispatcher:8D93;213595;28569;256;0;2;206;255;377;419
Listener:Sent_pong;419;67E2
Dispatcher:67E2;213640;27922;256;0;2;204;249;381;419
Listener:Sent_pong;420;F010
Dispatcher:F010;213674;28237;256;0;2;198;249;381;420
Listener:Sent_pong;420;FCED
Dispatcher:FCED;213735;27619;256;0;2;210;255;386;420
Listener:Sent_pong;420;2EDF
Dispatcher:2EDF;213764;28040;256;0;2;201;249;377;420
Listener:Sent_pong;420;0002
Dispatcher:0002;213792;30779;256;0;2;191;249;398;420
Listener:Sent_pong;419;CE13
Dispatcher:CE13;213834;32463;256;0;2;195;249;383;419
Listener:Sent_pong;420;904F
Dispatcher:904F;213857;28960;256;0;2;193;255;398;420
Listener:Sent_pong;420;9375
Dispatcher:9375;213902;27266;256;0;2;207;255;390;420
Listener:Sent_pong;420;C323
Dispatcher:C323;213932;25372;256;0;2;204;249;390;420
Listener:Sent_pong;420;E934
Dispatcher:E934;213984;24730;256;0;2;201;249;389;420
Listener:Sent_pong;420;A78F
Dispatcher:A78F;214041;33477;256;0;2;201;249;388;420
Listener:Sent_pong;421;A7E4
Dispatcher:A7E4;214102;27906;256;0;2;207;255;393;421
Listener:Sent_pong;420;8D93
Dispatcher:8D93;214104;24750;256;0;2;206;255;378;420
Listener:Sent_pong;420;67E2
Dispatcher:67E2;214148;24072;256;0;2;204;249;382;420
Listener:Sent_pong;421;F010
Dispatcher:F010;214181;27259;256;0;2;198;249;382;421
Listener:Sent_pong;421;FCED
Dispatcher:FCED;214242;27061;256;0;2;210;255;387;421
Listener:Sent_pong;421;2EDF
Dispatcher:2EDF;214273;28696;256;0;2;201;249;378;421
Listener:Sent_pong;421;0002
Dispatcher:0002;214307;32117;256;0;2;191;249;399;421
Listener:Sent_pong;420;CE13
Dispatcher:CE13;214342;25943;256;0;2;195;249;384;420
Listener:Sent_pong;421;904F
Dispatcher:904F;214365;23108;256;0;2;193;255;399;421
Listener:Sent_pong;421;9375
Dispatcher:9375;214410;25670;256;0;2;207;255;391;421
Listener:Sent_pong;421;C323
Dispatcher:C323;214441;25994;256;0;2;204;249;391;421
Listener:Sent_pong;421;E934
Dispatcher:E934;214491;25674;256;0;2;201;249;390;421
Listener:Sent_pong;421;A78F
Dispatcher:A78F;214550;34893;256;0;2;201;249;389;421
Listener:Sent_pong;422;A7E4
Dispatcher:A7E4;214616;31864;256;0;2;207;255;394;422
Listener:Sent_pong;421;8D93
Dispatcher:8D93;214612;28863;256;0;2;206;255;379;421
Listener:Sent_pong;421;67E2
Dispatcher:67E2;214655;29636;256;0;2;204;249;383;421
Listener:Sent_pong;422;F010
Dispatcher:F010;214689;25047;256;0;2;198;249;383;422
Listener:Sent_pong;422;FCED
Dispatcher:FCED;214749;32559;256;0;2;210;255;388;422
Listener:Sent_pong;422;2EDF
Dispatcher:2EDF;214785;30924;256;0;2;201;249;379;422
Listener:Sent_pong;422;0002
Dispatcher:0002;214816;29489;256;0;2;191;249;400;422
Listener:Sent_pong;421;CE13
Dispatcher:CE13;214849;26619;256;0;2;195;249;385;421
Listener:Sent_pong;422;904F
Dispatcher:904F;214876;30268;256;0;2;193;255;400;422
Listener:Sent_pong;422;9375
Dispatcher:9375;214919;25996;256;0;2;207;255;392;422
Listener:Sent_pong;422;C323
Dispatcher:C323;214949;26642;256;0;2;204;249;392;422
Listener:Sent_pong;422;E934
Dispatcher:E934;214999;29198;256;0;2;201;249;391;422
Listener:Sent_pong;422;A78F
Dispatcher:A78F;215058;26331;256;0;2;201;249;390;422
Listener:Sent_pong;423;A7E4
Dispatcher:A7E4;215124;28212;256;0;2;207;255;395;423
Listener:Sent_pong;422;8D93
Dispatcher:8D93;215122;28546;256;0;2;206;255;380;422
Listener:Sent_pong;422;67E2
Dispatcher:67E2;215162;23758;256;0;2;204;249;384;422
Listener:Sent_pong;423;F010
Dispatcher:F010;215197;28221;256;0;2;198;249;384;423
Listener:Sent_pong;423;FCED
Dispatcher:FCED;215256;25654;256;0;2;210;255;389;423
Listener:Sent_pong;423;2EDF
Dispatcher:2EDF;215296;30314;256;0;2;201;249;380;423
Listener:Sent_pong;423;0002
Dispatcher:0002;215324;26003;256;0;2;191;249;401;423
Listener:Sent_pong;423;904F
Dispatcher:904F;215383;32518;256;0;2;193;255;401;423
Listener:Sent_pong;423;9375
Dispatcher:9375;215426;28534;256;0;2;207;255;393;423
Listener:Sent_pong;423;C323
Dispatcher:C323;215455;26638;256;0;2;204;249;393;423
Listener:Sent_pong;423;E934
Dispatcher:E934;215507;29500;256;0;2;201;249;392;423
Listener:Sent_pong;423;A78F
Dispatcher:A78F;215566;25673;256;0;2;201;249;391;423
Listener:Sent_pong;424;A7E4
Dispatcher:A7E4;215637;29713;256;0;2;207;255;396;424
Listener:Sent_pong;423;67E2
Dispatcher:67E2;215668;23436;256;0;2;204;249;385;423
Listener:Sent_pong;424;FCED
Dispatcher:FCED;215763;26316;256;0;2;210;255;390;424
Listener:Sent_pong;424;2EDF
Dispatcher:2EDF;215805;30314;256;0;2;201;249;380;424
Listener:Sent_pong;424;0002
Dispatcher:0002;215871;66203;256;0;2;191;249;402;424
Listener:Sent_pong;424;C323
Dispatcher:C323;215962;25046;256;0;2;204;249;394;424
Listener:Sent_pong;424;E934
Dispatcher:E934;216016;34122;256;0;2;201;249;393;424
Listener:Sent_pong;424;A78F
Dispatcher:A78F;216074;25043;256;0;2;201;249;392;424
Listener:Sent_pong;425;A7E4
Dispatcher:A7E4;216144;58273;256;0;2;207;255;397;425
Listener:Sent_pong;424;8D93
Dispatcher:8D93;216153;23468;256;0;2;206;255;381;424
Listener:Sent_pong;424;67E2
Dispatcher:67E2;216202;23436;256;0;2;204;249;385;424
Listener:Sent_pong;425;F010
Dispatcher:F010;216240;30283;256;0;2;198;249;385;425
Listener:Sent_pong;425;2EDF
Dispatcher:2EDF;216329;53320;256;0;2;201;249;381;425
Listener:Sent_pong;425;0002
Dispatcher:0002;216380;66203;256;0;2;191;249;402;425
Listener:Sent_pong;424;CE13
Dispatcher:CE13;216416;26975;256;0;2;195;249;386;424
Listener:Sent_pong;425;904F
Dispatcher:904F;216450;27808;256;0;2;193;255;402;425
Listener:Sent_pong;425;E934
Dispatcher:E934;216524;26366;256;0;2;201;249;394;425
Listener:Sent_pong;425;A78F
Dispatcher:A78F;216582;28549;256;0;2;201;249;393;425
Listener:Sent_pong;426;A7E4
Dispatcher:A7E4;216651;25692;256;0;2;207;255;398;426
Listener:Sent_pong;425;8D93
Dispatcher:8D93;216662;26676;256;0;2;206;255;382;425
Listener:Sent_pong;425;67E2
Dispatcher:67E2;216709;26956;256;0;2;204;249;386;425
Listener:Sent_pong;426;F010
Dispatcher:F010;216747;70477;256;0;2;198;249;386;426
Listener:Sent_pong;426;FCED
Dispatcher:FCED;216796;25713;256;0;2;210;255;391;426
Listener:Sent_pong;426;2EDF
Dispatcher:2EDF;216836;24758;256;0;2;201;249;382;426
Listener:Sent_pong;426;0002
Dispatcher:0002;216890;30161;256;0;2;191;249;403;426
Listener:Sent_pong;425;CE13
Dispatcher:CE13;216923;27917;256;0;2;195;249;387;425
Listener:Sent_pong;426;904F
Dispatcher:904F;216965;27808;256;0;2;193;255;402;426
Listener:Sent_pong;426;C323
Dispatcher:C323;216998;32686;256;0;2;204;249;395;426
Listener:Sent_pong;426;A78F
Dispatcher:A78F;217089;26349;256;0;2;201;249;394;426
Listener:Sent_pong;427;A7E4
Dispatcher:A7E4;217159;29512;256;0;2;207;255;399;427
Listener:Sent_pong;426;8D93
Dispatcher:8D93;217172;29006;256;0;2;206;255;383;426
Listener:Sent_pong;426;67E2
Dispatcher:67E2;217216;25350;256;0;2;204;249;387;426
Listener:Sent_pong;427;F010
Dispatcher:F010;217254;26305;256;0;2;198;249;387;427
Listener:Sent_pong;427;FCED
Dispatcher:FCED;217303;22805;256;0;2;210;255;392;427
Listener:Sent_pong;427;2EDF
Dispatcher:2EDF;217343;26020;256;0;2;201;249;383;427
Listener:Sent_pong;427;0002
Dispatcher:0002;217398;27931;256;0;2;191;249;404;427
Listener:Sent_pong;426;CE13
Dispatcher:CE13;217431;24753;256;0;2;195;249;388;426
Listener:Sent_pong;427;904F
Dispatcher:904F;217474;28204;256;0;2;193;255;403;427
Listener:Sent_pong;427;C323
Dispatcher:C323;217506;32686;256;0;2;204;249;395;427
Listener:Sent_pong;427;E934
Dispatcher:E934;217573;29890;256;0;2;201;249;395;427
Listener:Sent_pong;427;A78F
Dispatcher:A78F;217597;26027;256;0;2;201;249;395;427
Listener:Sent_pong;428;A7E4
Dispatcher:A7E4;217667;28528;256;0;2;207;255;400;428
Listener:Sent_pong;427;8D93
Dispatcher:8D93;217680;26011;256;0;2;206;255;384;427
Listener:Sent_pong;427;67E2
Dispatcher:67E2;217724;25010;256;0;2;204;249;388;427
Listener:Sent_pong;428;F010
Dispatcher:F010;217761;29343;256;0;2;198;249;388;428
Listener:Sent_pong;428;FCED
Dispatcher:FCED;217810;26313;256;0;2;210;255;393;428
Listener:Sent_pong;428;2EDF
Dispatcher:2EDF;217851;26650;256;0;2;201;249;384;428
Listener:Sent_pong;428;0002
Dispatcher:0002;217906;27911;256;0;2;191;249;405;428
Listener:Sent_pong;427;CE13
Dispatcher:CE13;217938;32315;256;0;2;195;249;389;427
Listener:Sent_pong;428;904F
Dispatcher:904F;217982;27596;256;0;2;193;255;404;428
Listener:Sent_pong;428;C323
Dispatcher:C323;218014;55610;256;0;2;204;249;396;428
Listener:Sent_pong;428;9375
Dispatcher:9375;218047;26284;256;0;2;207;255;394;428
Listener:Sent_pong;428;E934
Dispatcher:E934;218081;24426;256;0;2;201;249;396;428
Listener:Sent_pong;428;A78F
Dispatcher:A78F;218104;28677;256;0;2;201;249;396;428
Listener:Sent_pong;429;A7E4
Dispatcher:A7E4;218175;28886;256;0;2;207;255;401;429
Listener:Sent_pong;428;8D93
Dispatcher:8D93;218189;29863;256;0;2;206;255;385;428
Listener:Sent_pong;428;67E2
Dispatcher:67E2;218231;26944;256;0;2;204;249;389;428
Listener:Sent_pong;429;F010
Dispatcher:F010;218270;25677;256;0;2;198;249;389;429
Listener:Sent_pong;429;FCED
Dispatcher:FCED;218317;24859;256;0;2;210;255;394;429
Listener:Sent_pong;429;2EDF
Dispatcher:2EDF;218359;28566;256;0;2;201;249;385;429
Listener:Sent_pong;429;0002
Dispatcher:0002;218415;35799;256;0;2;191;249;406;429
Listener:Sent_pong;428;CE13
Dispatcher:CE13;218449;31953;256;0;2;195;249;390;428
Listener:Sent_pong;429;904F
Dispatcher:904F;218489;25982;256;0;2;193;255;405;429
Listener:Sent_pong;429;C323
Dispatcher:C323;218529;33714;256;0;2;204;249;397;429
Listener:Sent_pong;429;9375
Dispatcher:9375;218555;28944;256;0;2;207;255;395;429
Listener:Sent_pong;429;A78F
Dispatcher:A78F;218623;43613;256;0;2;201;249;397;429
Listener:Sent_pong;430;A7E4
Dispatcher:A7E4;218685;27929;256;0;2;207;255;402;430
Listener:Sent_pong;429;8D93
Dispatcher:8D93;218698;27944;256;0;2;206;255;386;429
Listener:Sent_pong;429;67E2
Dispatcher:67E2;218738;24696;256;0;2;204;249;390;429
Listener:Sent_pong;430;F010
Dispatcher:F010;218778;26333;256;0;2;198;249;390;430
Listener:Sent_pong;430;FCED
Dispatcher:FCED;218826;28024;256;0;2;210;255;395;430
Listener:Sent_pong;430;2EDF
Dispatcher:2EDF;218866;27586;256;0;2;201;249;386;430
Listener:Sent_pong;430;0002
Dispatcher:0002;218923;30209;256;0;2;191;249;407;430
Listener:Sent_pong;429;CE13
Dispatcher:CE13;218958;27387;256;0;2;195;249;391;429
Listener:Sent_pong;430;904F
Dispatcher:904F;218997;26946;256;0;2;193;255;406;430
Listener:Sent_pong;430;C323
Dispatcher:C323;219036;40160;256;0;2;204;249;398;430
Listener:Sent_pong;430;9375
Dispatcher:9375;219075;28944;256;0;2;207;255;395;430
Listener:Sent_pong;430;E934
Dispatcher:E934;219116;32650;256;0;2;201;249;397;430
Listener:Sent_pong;430;A78F
Dispatcher:A78F;219134;29337;256;0;2;201;249;398;430
Listener:Sent_pong;431;A7E4
Dispatcher:A7E4;219195;30104;256;0;2;207;255;403;431
Listener:Sent_pong;430;8D93
Dispatcher:8D93;219205;26346;256;0;2;206;255;387;430
Listener:Sent_pong;430;67E2
Dispatcher:67E2;219247;26768;256;0;2;204;249;391;430
Listener:Sent_pong;431;F010
Dispatcher:F010;219286;25679;256;0;2;198;249;391;431
Listener:Sent_pong;431;FCED
Dispatcher:FCED;219334;29845;256;0;2;210;255;396;431
Listener:Sent_pong;431;2EDF
Dispatcher:2EDF;219373;25688;256;0;2;201;249;387;431
Listener:Sent_pong;431;0002
Dispatcher:0002;219431;24735;256;0;2;191;249;408;431
Listener:Sent_pong;430;CE13
Dispatcher:CE13;219474;34997;256;0;2;195;249;392;430
Listener:Sent_pong;431;904F
Dispatcher:904F;219506;27342;256;0;2;193;255;407;431
Listener:Sent_pong;431;C323
Dispatcher:C323;219543;27720;256;0;2;204;249;399;431
Listener:Sent_pong;431;9375
Dispatcher:9375;219582;23728;256;0;2;207;255;396;431
Listener:Sent_pong;431;E934
Dispatcher:E934;219625;27306;256;0;2;201;249;398;431
Listener:Sent_pong;431;A78F
Dispatcher:A78F;219647;31889;256;0;2;201;249;399;431
Listener:Sent_pong;432;A7E4
Dispatcher:A7E4;219703;30217;256;0;2;207;255;404;432
Listener:Sent_pong;431;67E2
Dispatcher:67E2;219756;30792;256;0;2;204;249;392;431
Listener:Sent_pong;432;F010
Dispatcher:F010;219795;28257;256;0;2;198;249;392;432
Listener:Sent_pong;432;FCED
Dispatcher:FCED;219842;28553;256;0;2;210;255;397;432
Listener:Sent_pong;432;2EDF
Dispatcher:2EDF;219880;30598;256;0;2;201;249;388;432
Listener:Sent_pong;432;0002
Dispatcher:0002;219938;25341;256;0;2;191;249;409;432
Listener:Sent_pong;431;CE13
Dispatcher:CE13;219982;27293;256;0;2;195;249;393;431
Listener:Sent_pong;432;904F
Dispatcher:904F;220013;24740;256;0;2;193;255;408;432
Listener:Sent_pong;432;C323
Dispatcher:C323;220050;24100;256;0;2;204;249;400;432
Listener:Sent_pong;432;9375
Dispatcher:9375;220096;34354;256;0;2;207;255;397;432
Listener:Sent_pong;432;E934
Dispatcher:E934;220131;23780;256;0;2;201;249;399;432
Listener:Sent_pong;432;A78F
Dispatcher:A78F;220154;24701;256;0;2;201;249;400;432
Listener:Sent_pong;433;A7E4
Dispatcher:A7E4;220211;41659;256;0;2;207;255;405;433
Listener:Sent_pong;432;8D93
Dispatcher:8D93;220219;25362;256;0;2;206;255;388;432
Listener:Sent_pong;432;67E2
Dispatcher:67E2;220264;28866;256;0;2;204;249;393;432
Listener:Sent_pong;433;F010
Dispatcher:F010;220302;25681;256;0;2;198;249;393;433
Listener:Sent_pong;433;FCED
Dispatcher:FCED;220351;29016;256;0;2;210;255;398;433
Listener:Sent_pong;433;2EDF
Dispatcher:2EDF;220388;27268;256;0;2;201;249;389;433
Listener:Sent_pong;433;0002
Dispatcher:0002;220446;26559;256;0;2;191;249;410;433
Listener:Sent_pong;432;CE13
Dispatcher:CE13;220490;25361;256;0;2;195;249;394;432
Listener:Sent_pong;433;904F
Dispatcher:904F;220521;26622;256;0;2;193;255;409;433
Listener:Sent_pong;433;C323
Dispatcher:C323;220557;23756;256;0;2;204;249;401;433
Listener:Sent_pong;433;9375
Dispatcher:9375;220604;24998;256;0;2;207;255;398;433
Listener:Sent_pong;433;E934
Dispatcher:E934;220640;29854;256;0;2;201;249;400;433
Listener:Sent_pong;433;A78F
Dispatcher:A78F;220666;29475;256;0;2;201;249;401;433
Listener:Sent_pong;434;A7E4
Dispatcher:A7E4;220722;28956;256;0;2;207;255;406;434
Listener:Sent_pong;433;8D93
Dispatcher:8D93;220727;24106;256;0;2;206;255;389;433
Listener:Sent_pong;433;67E2
Dispatcher:67E2;220772;28556;256;0;2;204;249;394;433
Listener:Sent_pong;434;F010
Dispatcher:F010;220809;31907;256;0;2;198;249;394;434
Listener:Sent_pong;434;FCED
Dispatcher:FCED;220859;27585;256;0;2;210;255;399;434
Listener:Sent_pong;434;2EDF
Dispatcher:2EDF;220895;24412;256;0;2;201;249;390;434
Listener:Sent_pong;434;0002
Dispatcher:0002;220954;27259;256;0;2;191;249;411;434
Listener:Sent_pong;433;CE13
Dispatcher:CE13;220999;26021;256;0;2;195;249;395;433
Listener:Sent_pong;434;904F
Dispatcher:904F;221029;29784;256;0;2;193;255;410;434
Listener:Sent_pong;434;C323
Dispatcher:C323;221065;25366;256;0;2;204;249;402;434
Listener:Sent_pong;434;9375
Dispatcher:9375;221111;22470;256;0;2;207;255;399;434
Listener:Sent_pong;434;E934
Dispatcher:E934;221149;28906;256;0;2;201;249;401;434
Listener:Sent_pong;434;A78F
Dispatcher:A78F;221174;28574;256;0;2;201;249;402;434
Listener:Sent_pong;435;A7E4
Dispatcher:A7E4;221233;30142;256;0;2;207;255;407;435
Listener:Sent_pong;434;8D93
Dispatcher:8D93;221235;59795;256;0;2;206;255;390;434
Listener:Sent_pong;434;67E2
Dispatcher:67E2;221291;37202;256;0;2;204;249;395;434
Listener:Sent_pong;435;F010
Dispatcher:F010;221321;32521;256;0;2;198;249;395;435
Listener:Sent_pong;435;FCED
Dispatcher:FCED;221366;27605;256;0;2;210;255;400;435
Listener:Sent_pong;435;2EDF
Dispatcher:2EDF;221401;25688;256;0;2;201;249;391;435
Listener:Sent_pong;435;0002
Dispatcher:0002;221461;26953;256;0;2;191;249;412;435
Listener:Sent_pong;434;CE13
Dispatcher:CE13;221507;26315;256;0;2;195;249;396;434
Listener:Sent_pong;435;904F
Dispatcher:904F;221536;24388;256;0;2;193;255;411;435
Listener:Sent_pong;435;C323
Dispatcher:C323;221574;29528;256;0;2;204;249;403;435
Listener:Sent_pong;435;9375
Dispatcher:9375;221618;26594;256;0;2;207;255;400;435
Listener:Sent_pong;435;E934
Dispatcher:E934;221656;29950;256;0;2;201;249;402;435
Listener:Sent_pong;435;A78F
Dispatcher:A78F;221683;27517;256;0;2;201;249;403;435
Listener:Sent_pong;436;A7E4
Dispatcher:A7E4;221740;24696;256;0;2;207;255;408;436
Listener:Sent_pong;435;8D93
Dispatcher:8D93;221743;26652;256;0;2;206;255;391;435
Listener:Sent_pong;435;67E2
Dispatcher:67E2;221799;24392;256;0;2;204;249;396;435
Listener:Sent_pong;436;F010
Dispatcher:F010;221829;24715;256;0;2;198;249;396;436
Listener:Sent_pong;436;FCED
Dispatcher:FCED;221877;29624;256;0;2;210;255;401;436
Listener:Sent_pong;436;2EDF
Dispatcher:2EDF;221908;26322;256;0;2;201;249;392;436
Listener:Sent_pong;436;0002
Dispatcher:0002;221968;47613;256;0;2;191;249;413;436
Listener:Sent_pong;435;CE13
Dispatcher:CE13;222016;30515;256;0;2;195;249;397;435
Listener:Sent_pong;436;904F
Dispatcher:904F;222044;27902;256;0;2;193;255;412;436
Listener:Sent_pong;436;C323
Dispatcher:C323;222082;25998;256;0;2;204;249;404;436
Listener:Sent_pong;436;9375
Dispatcher:9375;222125;28216;256;0;2;207;255;401;436
Listener:Sent_pong;436;E934
Dispatcher:E934;222165;31594;256;0;2;201;249;403;436
Listener:Sent_pong;436;A78F
Dispatcher:A78F;222193;29919;256;0;2;201;249;404;436
Listener:Sent_pong;437;A7E4
Dispatcher:A7E4;222251;30871;256;0;2;207;255;409;437
Listener:Sent_pong;436;8D93
Dispatcher:8D93;222252;29548;256;0;2;206;255;392;436
Listener:Sent_pong;436;67E2
Dispatcher:67E2;222306;27578;256;0;2;204;249;397;436
Listener:Sent_pong;437;F010
Dispatcher:F010;222336;23617;256;0;2;198;249;397;437
Listener:Sent_pong;437;FCED
Dispatcher:FCED;222383;24857;256;0;2;210;255;402;437
Listener:Sent_pong;437;2EDF
Dispatcher:2EDF;222417;26638;256;0;2;201;249;393;437
Listener:Sent_pong;437;0002
Dispatcher:0002;222475;25029;256;0;2;191;249;414;437
Listener:Sent_pong;436;CE13
Dispatcher:CE13;222525;27271;256;0;2;195;249;398;436
Listener:Sent_pong;437;904F
Dispatcher:904F;222552;25694;256;0;2;193;255;413;437
Listener:Sent_pong;437;C323
Dispatcher:C323;222590;31500;256;0;2;204;249;405;437
Listener:Sent_pong;437;9375
Dispatcher:9375;222634;26954;256;0;2;207;255;402;437
Listener:Sent_pong;437;E934
Dispatcher:E934;222673;27916;256;0;2;201;249;404;437
Listener:Sent_pong;437;A78F
Dispatcher:A78F;222709;29919;256;0;2;201;249;404;437
Listener:Sent_pong;438;A7E4
Dispatcher:A7E4;222775;40238;256;0;2;207;255;410;438
Listener:Sent_pong;437;8D93
Dispatcher:8D93;222769;34837;256;0;2;206;255;393;437
Listener:Sent_pong;437;67E2
Dispatcher:67E2;222815;30472;256;0;2;204;249;398;437
Listener:Sent_pong;438;F010
Dispatcher:F010;222853;34629;256;0;2;198;249;398;438
Listener:Sent_pong;438;FCED
Dispatcher:FCED;222891;25367;256;0;2;210;255;403;438
Listener:Sent_pong;438;2EDF
Dispatcher:2EDF;222925;23764;256;0;2;201;249;394;438
Listener:Sent_pong;438;0002
Dispatcher:0002;222983;26311;256;0;2;191;249;415;438
Listener:Sent_pong;437;CE13
Dispatcher:CE13;223033;26009;256;0;2;195;249;399;437
Listener:Sent_pong;438;904F
Dispatcher:904F;223059;31496;256;0;2;193;255;414;438
Listener:Sent_pong;438;C323
Dispatcher:C323;223099;25668;256;0;2;204;249;406;438
Listener:Sent_pong;438;9375
Dispatcher:9375;223142;28866;256;0;2;207;255;403;438
Listener:Sent_pong;438;E934
Dispatcher:E934;223180;26326;256;0;2;201;249;405;438
Listener:Sent_pong;438;A78F
Dispatcher:A78F;223216;27273;256;0;2;201;249;405;438
Listener:Sent_pong;439;A7E4
Dispatcher:A7E4;223284;27885;256;0;2;207;255;411;439
Listener:Sent_pong;438;8D93
Dispatcher:8D93;223278;29208;256;0;2;206;255;394;438
Listener:Sent_pong;438;67E2
Dispatcher:67E2;223323;26622;256;0;2;204;249;399;438
Listener:Sent_pong;439;F010
Dispatcher:F010;223361;27591;256;0;2;198;249;399;439
Listener:Sent_pong;439;FCED
Dispatcher:FCED;223400;29523;256;0;2;210;255;404;439
Listener:Sent_pong;439;2EDF
Dispatcher:2EDF;223432;26656;256;0;2;201;249;395;439
Listener:Sent_pong;439;0002
Dispatcher:0002;223490;26631;256;0;2;191;249;416;439
Listener:Sent_pong;438;CE13
Dispatcher:CE13;223547;29857;256;0;2;195;249;400;438
Listener:Sent_pong;439;904F
Dispatcher:904F;223567;30112;256;0;2;193;255;415;439
Listener:Sent_pong;439;C323
Dispatcher:C323;223606;24410;256;0;2;204;249;407;439
Listener:Sent_pong;439;9375
Dispatcher:9375;223649;23438;256;0;2;207;255;404;439
Listener:Sent_pong;439;E934
Dispatcher:E934;223688;26646;256;0;2;201;249;406;439
Listener:Sent_pong;440;A7E4
Dispatcher:A7E4;223792;27922;256;0;2;207;255;412;440
Listener:Sent_pong;439;8D93
Dispatcher:8D93;223785;27610;256;0;2;206;255;395;439
Listener:Sent_pong;440;F010
Dispatcher:F010;223868;26311;256;0;2;198;249;400;440
Listener:Sent_pong;440;FCED
Dispatcher:FCED;223908;26627;256;0;2;210;255;405;440
Listener:Sent_pong;440;2EDF
Dispatcher:2EDF;223938;23750;256;0;2;201;249;396;440
Listener:Sent_pong;440;0002
Dispatcher:0002;223999;26921;256;0;2;191;249;417;440
Listener:Sent_pong;439;CE13
Dispatcher:CE13;224053;39869;256;0;2;195;249;401;439
Listener:Sent_pong;440;904F
Dispatcher:904F;224098;48874;256;0;2;193;255;416;440
Listener:Sent_pong;440;C323
Dispatcher:C323;224117;29028;256;0;2;204;249;408;440
Listener:Sent_pong;440;9375
Dispatcher:9375;224156;61316;256;0;2;207;255;405;440
Listener:Sent_pong;440;E934
Dispatcher:E934;224223;58838;256;0;2;201;249;407;440
Listener:Sent_pong;441;A7E4
Dispatcher:A7E4;224320;57245;256;0;2;207;255;413;441
Listener:Sent_pong;440;8D93
Dispatcher:8D93;224322;27610;256;0;2;206;255;395;440
Listener:Sent_pong;440;67E2
Dispatcher:67E2;224360;27596;256;0;2;204;249;400;440
Listener:Sent_pong;441;F010
Dispatcher:F010;224387;44347;256;0;2;198;249;401;441
Listener:Sent_pong;441;FCED
Dispatcher:FCED;224416;24771;256;0;2;210;255;406;441
Listener:Sent_pong;441;2EDF
Dispatcher:2EDF;224446;25394;256;0;2;201;249;397;441
Listener:Sent_pong;441;0002
Dispatcher:0002;224508;27927;256;0;2;191;249;418;441
Listener:Sent_pong;440;CE13
Dispatcher:CE13;224561;26323;256;0;2;195;249;402;440
Listener:Sent_pong;441;904F
Dispatcher:904F;224605;26006;256;0;2;193;255;417;441
Listener:Sent_pong;441;C323
Dispatcher:C323;224625;26664;256;0;2;204;249;409;441
Listener:Sent_pong;441;9375
Dispatcher:9375;224665;27282;256;0;2;207;255;406;441
Listener:Sent_pong;441;E934
Dispatcher:E934;224731;30270;256;0;2;201;249;408;441
Listener:Sent_pong;442;A7E4
Dispatcher:A7E4;224831;31540;256;0;2;207;255;414;442
Listener:Sent_pong;441;8D93
Dispatcher:8D93;224830;28563;256;0;2;206;255;396;441
Listener:Sent_pong;441;67E2
Dispatcher:67E2;224867;25096;256;0;2;204;249;401;441
Listener:Sent_pong;442;F010
Dispatcher:F010;224896;34817;256;0;2;198;249;402;442
Listener:Sent_pong;442;FCED
Dispatcher:FCED;224923;26653;256;0;2;210;255;407;442
Listener:Sent_pong;442;2EDF
Dispatcher:2EDF;224954;28030;256;0;2;201;249;398;442
Listener:Sent_pong;442;0002
Dispatcher:0002;225015;25363;256;0;2;191;249;419;442
Listener:Sent_pong;441;CE13
Dispatcher:CE13;225069;25687;256;0;2;195;249;403;441
Listener:Sent_pong;442;904F
Dispatcher:904F;225113;27902;256;0;2;193;255;418;442
Listener:Sent_pong;442;C323
Dispatcher:C323;225135;29664;256;0;2;204;249;410;442
Listener:Sent_pong;442;9375
Dispatcher:9375;225173;26954;256;0;2;207;255;407;442
Listener:Sent_pong;442;E934
Dispatcher:E934;225239;33848;256;0;2;201;249;409;442
Listener:Sent_pong;443;A7E4
Dispatcher:A7E4;225338;27385;256;0;2;207;255;415;443
Listener:Sent_pong;442;8D93
Dispatcher:8D93;225338;23774;256;0;2;206;255;397;442
Listener:Sent_pong;442;67E2
Dispatcher:67E2;225374;27278;256;0;2;204;249;402;442
Listener:Sent_pong;443;F010
Dispatcher:F010;225405;28259;256;0;2;198;249;403;443
Listener:Sent_pong;443;FCED
Dispatcher:FCED;225433;30532;256;0;2;210;255;408;443
Listener:Sent_pong;443;2EDF
Dispatcher:2EDF;225465;30990;256;0;2;201;249;399;443
Listener:Sent_pong;443;0002
Dispatcher:0002;225523;29941;256;0;2;191;249;420;443
Listener:Sent_pong;442;CE13
Dispatcher:CE13;225577;31353;256;0;2;195;249;404;442
Listener:Sent_pong;443;904F
Dispatcher:904F;225620;26322;256;0;2;193;255;419;443
Listener:Sent_pong;443;C323
Dispatcher:C323;225644;26642;256;0;2;204;249;411;443
Listener:Sent_pong;443;9375
Dispatcher:9375;225681;26944;256;0;2;207;255;408;443
Listener:Sent_pong;443;E934
Dispatcher:E934;225746;38286;256;0;2;201;249;410;443
Listener:Sent_pong;443;A78F
Dispatcher:A78F;225774;22785;256;0;2;201;249;406;443
Listener:Sent_pong;444;A7E4
Dispatcher:A7E4;225847;25332;256;0;2;207;255;416;444
Listener:Sent_pong;443;8D93
Dispatcher:8D93;225845;25044;256;0;2;206;255;398;443
Listener:Sent_pong;443;67E2
Dispatcher:67E2;225883;29214;256;0;2;204;249;403;443
Listener:Sent_pong;444;F010
Dispatcher:F010;225914;29849;256;0;2;198;249;404;444
Listener:Sent_pong;444;FCED
Dispatcher:FCED;225940;25812;256;0;2;210;255;409;444
Listener:Sent_pong;444;2EDF
Dispatcher:2EDF;225971;25376;256;0;2;201;249;400;444
Listener:Sent_pong;444;0002
Dispatcher:0002;226031;30735;256;0;2;191;249;421;444
Listener:Sent_pong;443;CE13
Dispatcher:CE13;226085;28565;256;0;2;195;249;405;443
Listener:Sent_pong;444;904F
Dispatcher:904F;226128;28262;256;0;2;193;255;420;444
Listener:Sent_pong;444;C323
Dispatcher:C323;226153;29198;256;0;2;204;249;412;444
Listener:Sent_pong;444;9375
Dispatcher:9375;226189;27914;256;0;2;207;255;409;444
Listener:Sent_pong;444;E934
Dispatcher:E934;226261;34056;256;0;2;201;249;411;444
Listener:Sent_pong;444;A78F
Dispatcher:A78F;226283;27867;256;0;2;201;249;407;444
Listener:Sent_pong;445;A7E4
Dispatcher:A7E4;226355;23765;256;0;2;207;255;417;445
Listener:Sent_pong;444;8D93
Dispatcher:8D93;226353;25044;256;0;2;206;255;398;444
Listener:Sent_pong;444;67E2
Dispatcher:67E2;226394;31198;256;0;2;204;249;404;444
Listener:Sent_pong;445;F010
Dispatcher:F010;226425;30261;256;0;2;198;249;405;445
Listener:Sent_pong;445;FCED
Dispatcher:FCED;226446;23439;256;0;2;210;255;410;445
Listener:Sent_pong;445;2EDF
Dispatcher:2EDF;226478;25342;256;0;2;201;249;401;445
Listener:Sent_pong;445;0002
Dispatcher:0002;226539;23105;256;0;2;191;249;422;445
Listener:Sent_pong;444;CE13
Dispatcher:CE13;226594;27609;256;0;2;195;249;406;444
Listener:Sent_pong;445;904F
Dispatcher:904F;226636;28236;256;0;2;193;255;421;445
Listener:Sent_pong;445;C323
Dispatcher:C323;226661;27620;256;0;2;204;249;413;445
Listener:Sent_pong;445;9375
Dispatcher:9375;226697;26622;256;0;2;207;255;410;445
Listener:Sent_pong;445;E934
Dispatcher:E934;226769;29322;256;0;2;201;249;412;445
Listener:Sent_pong;445;A78F
Dispatcher:A78F;226798;34535;256;0;2;201;249;408;445
Listener:Sent_pong;446;A7E4
Dispatcher:A7E4;226862;26002;256;0;2;207;255;418;446
Listener:Sent_pong;445;8D93
Dispatcher:8D93;226861;23800;256;0;2;206;255;399;445
Listener:Sent_pong;445;67E2
Dispatcher:67E2;226901;25324;256;0;2;204;249;405;445
Listener:Sent_pong;446;F010
Dispatcher:F010;226933;28847;256;0;2;198;249;406;446
Listener:Sent_pong;446;FCED
Dispatcher:FCED;226956;28634;256;0;2;210;255;411;446
Listener:Sent_pong;446;2EDF
Dispatcher:2EDF;226987;27338;256;0;2;201;249;402;446
Listener:Sent_pong;446;0002
Dispatcher:0002;227047;25013;256;0;2;191;249;423;446
Listener:Sent_pong;445;CE13
Dispatcher:CE13;227102;27263;256;0;2;195;249;407;445
Listener:Sent_pong;446;904F
Dispatcher:904F;227142;23756;256;0;2;193;255;422;446
Listener:Sent_pong;446;C323
Dispatcher:C323;227168;26300;256;0;2;204;249;414;446
Listener:Sent_pong;446;9375
Dispatcher:9375;227206;28228;256;0;2;207;255;411;446
Listener:Sent_pong;446;E934
Dispatcher:E934;227276;27610;256;0;2;201;249;413;446
Listener:Sent_pong;446;A78F
Dispatcher:A78F;227306;29861;256;0;2;201;249;409;446
Listener:Sent_pong;447;A7E4
Dispatcher:A7E4;227369;27564;256;0;2;207;255;419;447
Listener:Sent_pong;446;8D93
Dispatcher:8D93;227369;26034;256;0;2;206;255;400;446
Listener:Sent_pong;446;67E2
Dispatcher:67E2;227408;25672;256;0;2;204;249;406;446
Listener:Sent_pong;447;F010
Dispatcher:F010;227441;26025;256;0;2;198;249;407;447
Listener:Sent_pong;447;FCED
Dispatcher:FCED;227464;26641;256;0;2;210;255;412;447
Listener:Sent_pong;447;2EDF
Dispatcher:2EDF;227496;25686;256;0;2;201;249;403;447
Listener:Sent_pong;447;0002
Dispatcher:0002;227559;27973;256;0;2;191;249;424;447
Listener:Sent_pong;446;CE13
Dispatcher:CE13;227610;33387;256;0;2;195;249;408;446
Listener:Sent_pong;447;904F
Dispatcher:904F;227649;24708;256;0;2;193;255;423;447
Listener:Sent_pong;447;C323
Dispatcher:C323;227679;28356;256;0;2;204;249;415;447
Listener:Sent_pong;447;9375
Dispatcher:9375;227722;34994;256;0;2;207;255;412;447
Listener:Sent_pong;447;E934
Dispatcher:E934;227784;26952;256;0;2;201;249;414;447
Listener:Sent_pong;447;A78F
Dispatcher:A78F;227813;28363;256;0;2;201;249;410;447
Listener:Sent_pong;448;A7E4
Dispatcher:A7E4;227878;25665;256;0;2;207;255;420;448
Listener:Sent_pong;447;8D93
Dispatcher:8D93;227877;28229;256;0;2;206;255;401;447
Listener:Sent_pong;447;67E2
Dispatcher:67E2;227917;27592;256;0;2;204;249;407;447
Listener:Sent_pong;448;F010
Dispatcher:F010;227950;26621;256;0;2;198;249;408;448
Listener:Sent_pong;448;FCED
Dispatcher:FCED;227973;27256;256;0;2;210;255;413;448
Listener:Sent_pong;448;2EDF
Dispatcher:2EDF;228004;28870;256;0;2;201;249;404;448
Listener:Sent_pong;448;0002
Dispatcher:0002;228066;29807;256;0;2;191;249;425;448
Listener:Sent_pong;447;CE13
Dispatcher:CE13;228118;27287;256;0;2;195;249;409;447
Listener:Sent_pong;448;904F
Dispatcher:904F;228157;26298;256;0;2;193;255;424;448
Listener:Sent_pong;448;C323
Dispatcher:C323;228187;25990;256;0;2;204;249;416;448
Listener:Sent_pong;448;9375
Dispatcher:9375;228231;42688;256;0;2;207;255;413;448
Listener:Sent_pong;448;E934
Dispatcher:E934;228293;29528;256;0;2;201;249;415;448
Listener:Sent_pong;448;A78F
Dispatcher:A78F;228320;26009;256;0;2;201;249;411;448
Listener:Sent_pong;449;A7E4
Dispatcher:A7E4;228385;26953;256;0;2;207;255;421;449
Listener:Sent_pong;448;8D93
Dispatcher:8D93;228386;29548;256;0;2;206;255;402;448
Listener:Sent_pong;448;67E2
Dispatcher:67E2;228425;25024;256;0;2;204;249;408;448
Listener:Sent_pong;449;F010
Dispatcher:F010;228459;29213;256;0;2;198;249;409;449
Listener:Sent_pong;449;FCED
Dispatcher:FCED;228482;27061;256;0;2;210;255;414;449
Listener:Sent_pong;449;2EDF
Dispatcher:2EDF;228512;25384;256;0;2;201;249;405;449
Listener:Sent_pong;449;0002
Dispatcher:0002;228575;29211;256;0;2;191;249;426;449
Listener:Sent_pong;448;CE13
Dispatcher:CE13;228625;25705;256;0;2;195;249;410;448
Listener:Sent_pong;449;904F
Dispatcher:904F;228666;30470;256;0;2;193;255;425;449
Listener:Sent_pong;449;C323
Dispatcher:C323;228694;26964;256;0;2;204;249;417;449
Listener:Sent_pong;449;9375
Dispatcher:9375;228738;26642;256;0;2;207;255;414;449
Listener:Sent_pong;449;E934
Dispatcher:E934;228802;30486;256;0;2;201;249;416;449
Listener:Sent_pong;449;A78F
Dispatcher:A78F;228829;28737;256;0;2;201;249;412;449
Listener:Sent_pong;450;A7E4
Dispatcher:A7E4;228892;33584;256;0;2;207;255;422;450
Listener:Sent_pong;449;8D93
Dispatcher:8D93;228894;29215;256;0;2;206;255;403;449
Listener:Sent_pong;449;67E2
Dispatcher:67E2;228934;28560;256;0;2;204;249;409;449
Listener:Sent_pong;450;F010
Dispatcher:F010;228967;25809;256;0;2;198;249;410;450
Listener:Sent_pong;450;FCED
Dispatcher:FCED;228990;25667;256;0;2;210;255;415;450
Listener:Sent_pong;450;2EDF
Dispatcher:2EDF;229020;26964;256;0;2;201;249;406;450
Listener:Sent_pong;450;0002
Dispatcher:0002;229084;25655;256;0;2;191;249;427;450
Listener:Sent_pong;449;CE13
Dispatcher:CE13;229133;28105;256;0;2;195;249;411;449
Listener:Sent_pong;450;904F
Dispatcher:904F;229174;36728;256;0;2;193;255;426;450
Listener:Sent_pong;450;C323
Dispatcher:C323;229205;30146;256;0;2;204;249;418;450
Listener:Sent_pong;450;9375
Dispatcher:9375;229247;27930;256;0;2;207;255;415;450
Listener:Sent_pong;450;E934
Dispatcher:E934;229310;28882;256;0;2;201;249;417;450
Listener:Sent_pong;450;A78F
Dispatcher:A78F;229337;26951;256;0;2;201;249;413;450
Listener:Sent_pong;451;A7E4
Dispatcher:A7E4;229400;26618;256;0;2;207;255;423;451
Listener:Sent_pong;450;8D93
Dispatcher:8D93;229403;27909;256;0;2;206;255;404;450
Listener:Sent_pong;450;67E2
Dispatcher:67E2;229441;25032;256;0;2;204;249;410;450
Listener:Sent_pong;451;F010
Dispatcher:F010;229474;24071;256;0;2;198;249;411;451
Listener:Sent_pong;451;FCED
Dispatcher:FCED;229497;23429;256;0;2;210;255;416;451
Listener:Sent_pong;451;2EDF
Dispatcher:2EDF;229528;26334;256;0;2;201;249;407;451
Listener:Sent_pong;451;0002
Dispatcher:0002;229592;26919;256;0;2;191;249;428;451
Listener:Sent_pong;450;CE13
Dispatcher:CE13;229640;26309;256;0;2;195;249;412;450
Listener:Sent_pong;451;904F
Dispatcher:904F;229683;27716;256;0;2;193;255;427;451
Listener:Sent_pong;451;C323
Dispatcher:C323;229713;26646;256;0;2;204;249;419;451
Listener:Sent_pong;451;9375
Dispatcher:9375;229753;25662;256;0;2;207;255;416;451
Listener:Sent_pong;451;E934
Dispatcher:E934;229819;28590;256;0;2;201;249;418;451
Listener:Sent_pong;451;A78F
Dispatcher:A78F;229846;26323;256;0;2;201;249;414;451
Listener:Sent_pong;452;A7E4
Dispatcher:A7E4;229909;26610;256;0;2;207;255;424;452
Listener:Sent_pong;451;8D93
Dispatcher:8D93;229918;32750;256;0;2;206;255;405;451
Listener:Sent_pong;451;67E2
Dispatcher:67E2;229950;28538;256;0;2;204;249;411;451
Listener:Sent_pong;452;FCED
Dispatcher:FCED;230005;27432;256;0;2;210;255;417;452
Listener:Sent_pong;452;2EDF
Dispatcher:2EDF;230036;24726;256;0;2;201;249;408;452
Listener:Sent_pong;452;0002
Dispatcher:0002;230099;25361;256;0;2;191;249;429;452
Listener:Sent_pong;451;CE13
Dispatcher:CE13;230147;24391;256;0;2;195;249;413;451
Listener:Sent_pong;452;904F
Dispatcher:904F;230191;27926;256;0;2;193;255;428;452
Listener:Sent_pong;452;9375
Dispatcher:9375;230261;25334;256;0;2;207;255;417;452
Listener:Sent_pong;452;E934
Dispatcher:E934;230326;31364;256;0;2;201;249;419;452
Listener:Sent_pong;452;A78F
Dispatcher:A78F;230354;28107;256;0;2;201;249;415;452
Listener:Sent_pong;453;A7E4
Dispatcher:A7E4;230418;28233;256;0;2;207;255;425;453
Listener:Sent_pong;452;8D93
Dispatcher:8D93;230426;32750;256;0;2;206;255;405;452
Listener:Sent_pong;452;67E2
Dispatcher:67E2;230471;58942;256;0;2;204;249;412;452
Listener:Sent_pong;453;F010
Dispatcher:F010;230509;25995;256;0;2;198;249;412;453
Listener:Sent_pong;453;FCED
Dispatcher:FCED;230514;32731;256;0;2;210;255;418;453
Listener:Sent_pong;453;2EDF
Dispatcher:2EDF;230561;42100;256;0;2;201;249;409;453
Listener:Sent_pong;453;0002
Dispatcher:0002;230608;26627;256;0;2;191;249;430;453
Listener:Sent_pong;452;CE13
Dispatcher:CE13;230664;38021;256;0;2;195;249;414;452
Listener:Sent_pong;453;904F
Dispatcher:904F;230698;28236;256;0;2;193;255;429;453
Listener:Sent_pong;453;C323
Dispatcher:C323;230735;32118;256;0;2;204;249;420;453
Listener:Sent_pong;453;9375
Dispatcher:9375;230768;25674;256;0;2;207;255;418;453
Listener:Sent_pong;453;E934
Dispatcher:E934;230833;24420;256;0;2;201;249;420;453
Listener:Sent_pong;453;A78F
Dispatcher:A78F;230862;29899;256;0;2;201;249;416;453
Listener:Sent_pong;454;A7E4
Dispatcher:A7E4;230925;29488;256;0;2;207;255;426;454
Listener:Sent_pong;453;8D93
Dispatcher:8D93;230934;26658;256;0;2;206;255;406;453
Listener:Sent_pong;453;67E2
Dispatcher:67E2;230980;29826;256;0;2;204;249;413;453
Listener:Sent_pong;454;F010
Dispatcher:F010;231017;25995;256;0;2;198;249;412;454
Listener:Sent_pong;454;FCED
Dispatcher:FCED;231039;45023;256;0;2;210;255;419;454
Listener:Sent_pong;454;2EDF
Dispatcher:2EDF;231070;30890;256;0;2;201;249;410;454
Listener:Sent_pong;454;0002
Dispatcher:0002;231115;24705;256;0;2;191;249;431;454
Listener:Sent_pong;453;CE13
Dispatcher:CE13;231179;34995;256;0;2;195;249;415;453
Listener:Sent_pong;454;904F
Dispatcher:904F;231205;27904;256;0;2;193;255;430;454
Listener:Sent_pong;454;C323
Dispatcher:C323;231244;25374;256;0;2;204;249;421;454
Listener:Sent_pong;454;9375
Dispatcher:9375;231276;26628;256;0;2;207;255;419;454
Listener:Sent_pong;454;E934
Dispatcher:E934;231341;29822;256;0;2;201;249;421;454
Listener:Sent_pong;454;A78F
Dispatcher:A78F;231370;29639;256;0;2;201;249;417;454
Listener:Sent_pong;455;A7E4
Dispatcher:A7E4;231434;27587;256;0;2;207;255;427;455
Listener:Sent_pong;454;8D93
Dispatcher:8D93;231442;26655;256;0;2;206;255;407;454
Listener:Sent_pong;454;67E2
Dispatcher:67E2;231489;30432;256;0;2;204;249;414;454
Listener:Sent_pong;455;F010
Dispatcher:F010;231526;27943;256;0;2;198;249;413;455
Listener:Sent_pong;455;FCED
Dispatcher:FCED;231547;26398;256;0;2;210;255;420;455
Listener:Sent_pong;455;2EDF
Dispatcher:2EDF;231577;27880;256;0;2;201;249;411;455
Listener:Sent_pong;455;0002
Dispatcher:0002;231623;26305;256;0;2;191;249;432;455
Listener:Sent_pong;454;CE13
Dispatcher:CE13;231686;33217;256;0;2;195;249;416;454
Listener:Sent_pong;455;904F
Dispatcher:904F;231715;30258;256;0;2;193;255;431;455
Listener:Sent_pong;455;C323
Dispatcher:C323;231750;26620;256;0;2;204;249;422;455
Listener:Sent_pong;455;9375
Dispatcher:9375;231785;32814;256;0;2;207;255;420;455
Listener:Sent_pong;455;E934
Dispatcher:E934;231850;28554;256;0;2;201;249;422;455
Listener:Sent_pong;455;A78F
Dispatcher:A78F;231878;31695;256;0;2;201;249;418;455
Listener:Sent_pong;456;A7E4
Dispatcher:A7E4;231941;26312;256;0;2;207;255;428;456
Listener:Sent_pong;455;8D93
Dispatcher:8D93;231949;27424;256;0;2;206;255;408;455
Listener:Sent_pong;455;67E2
Dispatcher:67E2;231997;25804;256;0;2;204;249;415;455
Listener:Sent_pong;456;F010
Dispatcher:F010;232034;24373;256;0;2;198;249;414;456
Listener:Sent_pong;456;FCED
Dispatcher:FCED;232055;25825;256;0;2;210;255;421;456
Listener:Sent_pong;456;2EDF
Dispatcher:2EDF;232084;23452;256;0;2;201;249;412;456
Listener:Sent_pong;456;0002
Dispatcher:0002;232130;25695;256;0;2;191;249;433;456
Listener:Sent_pong;455;CE13
Dispatcher:CE13;232193;23467;256;0;2;195;249;417;455
Listener:Sent_pong;456;904F
Dispatcher:904F;232227;30756;256;0;2;193;255;432;456
Listener:Sent_pong;456;C323
Dispatcher:C323;232258;25028;256;0;2;204;249;423;456
Listener:Sent_pong;456;9375
Dispatcher:9375;232292;24092;256;0;2;207;255;421;456
Listener:Sent_pong;456;E934
Dispatcher:E934;232358;24734;256;0;2;201;249;423;456
Listener:Sent_pong;456;A78F
Dispatcher:A78F;232385;27269;256;0;2;201;249;419;456
Listener:Sent_pong;457;A7E4
Dispatcher:A7E4;232454;30470;256;0;2;207;255;429;457
Listener:Sent_pong;456;8D93
Dispatcher:8D93;232458;27580;256;0;2;206;255;409;456
Listener:Sent_pong;456;67E2
Dispatcher:67E2;232504;24702;256;0;2;204;249;416;456
Listener:Sent_pong;457;F010
Dispatcher:F010;232542;25367;256;0;2;198;249;415;457
Listener:Sent_pong;457;2EDF
Dispatcher:2EDF;232591;25674;256;0;2;201;249;413;457
Listener:Sent_pong;457;0002
Dispatcher:0002;232638;25329;256;0;2;191;249;434;457
Listener:Sent_pong;456;CE13
Dispatcher:CE13;232702;32155;256;0;2;195;249;418;456
Listener:Sent_pong;457;904F
Dispatcher:904F;232740;32846;256;0;2;193;255;433;457
Listener:Sent_pong;457;C323
Dispatcher:C323;232766;26656;256;0;2;204;249;424;457
Listener:Sent_pong;457;9375
Dispatcher:9375;232799;22176;256;0;2;207;255;422;457
Listener:Sent_pong;457;E934
Dispatcher:E934;232867;24716;256;0;2;201;249;424;457
Listener:Sent_pong;457;A78F
Dispatcher:A78F;232896;31829;256;0;2;201;249;420;457
Listener:Sent_pong;458;A7E4
Dispatcher:A7E4;232962;37363;256;0;2;207;255;430;458
Listener:Sent_pong;457;8D93
Dispatcher:8D93;232965;23768;256;0;2;206;255;410;457
Listener:Sent_pong;457;67E2
Dispatcher:67E2;233011;26942;256;0;2;204;249;417;457
Listener:Sent_pong;458;F010
Dispatcher:F010;233059;25367;256;0;2;198;249;415;458
Listener:Sent_pong;458;FCED
Dispatcher:FCED;233094;25494;256;0;2;210;255;422;458
Listener:Sent_pong;458;0002
Dispatcher:0002;233147;35415;256;0;2;191;249;435;458
Listener:Sent_pong;457;CE13
Dispatcher:CE13;233210;50489;256;0;2;195;249;419;457
Listener:Sent_pong;458;904F
Dispatcher:904F;233262;39424;256;0;2;193;255;434;458
Listener:Sent_pong;458;C323
Dispatcher:C323;233280;30786;256;0;2;204;249;425;458
Listener:Sent_pong;458;9375
Dispatcher:9375;233306;25356;256;0;2;207;255;423;458
Listener:Sent_pong;458;E934
Dispatcher:E934;233375;25064;256;0;2;201;249;425;458
Listener:Sent_pong;458;A78F
Dispatcher:A78F;233405;25701;256;0;2;201;249;421;458
Listener:Sent_pong;459;A7E4
Dispatcher:A7E4;233469;26629;256;0;2;207;255;431;459
Listener:Sent_pong;458;8D93
Dispatcher:8D93;233472;26320;256;0;2;206;255;411;458
Listener:Sent_pong;458;67E2
Dispatcher:67E2;233518;22772;256;0;2;204;249;418;458
Listener:Sent_pong;459;F010
Dispatcher:F010;233566;25367;256;0;2;198;249;415;459
Listener:Sent_pong;459;FCED
Dispatcher:FCED;233636;25494;256;0;2;210;255;422;459
Listener:Sent_pong;459;2EDF
Dispatcher:2EDF;233664;38414;256;0;2;201;249;414;459
Listener:Sent_pong;459;0002
Dispatcher:0002;233681;53511;256;0;2;191;249;436;459
Listener:Sent_pong;459;904F
Dispatcher:904F;233770;25830;256;0;2;193;255;435;459
Listener:Sent_pong;459;C323
Dispatcher:C323;233788;25878;256;0;2;204;249;426;459
Listener:Sent_pong;459;9375
Dispatcher:9375;233814;28246;256;0;2;207;255;424;459
Listener:Sent_pong;459;E934
Dispatcher:E934;233888;32780;256;0;2;201;249;426;459
Listener:Sent_pong;459;A78F
Dispatcher:A78F;233911;23135;256;0;2;201;249;422;459
Listener:Sent_pong;460;A7E4
Dispatcher:A7E4;233977;26605;256;0;2;207;255;432;460
Listener:Sent_pong;459;8D93
Dispatcher:8D93;233980;34457;256;0;2;206;255;412;459
Listener:Sent_pong;459;67E2
Dispatcher:67E2;234025;25650;256;0;2;204;249;419;459
Listener:Sent_pong;460;F010
Dispatcher:F010;234074;32881;256;0;2;198;249;416;460
Listener:Sent_pong;460;FCED
Dispatcher:FCED;234144;25406;256;0;2;210;255;423;460
Listener:Sent_pong;460;2EDF
Dispatcher:2EDF;234171;29872;256;0;2;201;249;415;460
Listener:Sent_pong;460;0002
Dispatcher:0002;234212;53511;256;0;2;191;249;436;460
Listener:Sent_pong;459;CE13
Dispatcher:CE13;234253;26655;256;0;2;195;249;420;459
Listener:Sent_pong;460;904F
Dispatcher:904F;234277;24736;256;0;2;193;255;436;460
Listener:Sent_pong;460;C323
Dispatcher:C323;234301;32602;256;0;2;204;249;427;460
Listener:Sent_pong;460;9375
Dispatcher:9375;234326;28800;256;0;2;207;255;425;460
Listener:Sent_pong;460;E934
Dispatcher:E934;234396;26350;256;0;2;201;249;427;460
Listener:Sent_pong;460;A78F
Dispatcher:A78F;234418;25085;256;0;2;201;249;423;460
Listener:Sent_pong;461;A7E4
Dispatcher:A7E4;234483;26307;256;0;2;207;255;433;461
Listener:Sent_pong;460;8D93
Dispatcher:8D93;234489;37666;256;0;2;206;255;413;460
Listener:Sent_pong;460;67E2
Dispatcher:67E2;234533;24840;256;0;2;204;249;420;460
Listener:Sent_pong;461;F010
Dispatcher:F010;234582;24731;256;0;2;198;249;417;461
Listener:Sent_pong;461;FCED
Dispatcher:FCED;234651;27608;256;0;2;210;255;424;461
Listener:Sent_pong;461;2EDF
Dispatcher:2EDF;234681;28530;256;0;2;201;249;416;461
Listener:Sent_pong;461;0002
Dispatcher:0002;234724;33171;256;0;2;191;249;437;461
Listener:Sent_pong;460;CE13
Dispatcher:CE13;234761;25077;256;0;2;195;249;421;460
Listener:Sent_pong;461;904F
Dispatcher:904F;234785;31872;256;0;2;193;255;437;461
Listener:Sent_pong;461;C323
Dispatcher:C323;234810;31464;256;0;2;204;249;428;461
Listener:Sent_pong;461;9375
Dispatcher:9375;234848;42306;256;0;2;207;255;426;461
Listener:Sent_pong;461;E934
Dispatcher:E934;234903;26320;256;0;2;201;249;428;461
Listener:Sent_pong;461;A78F
Dispatcher:A78F;234932;31497;256;0;2;201;249;424;461
Listener:Sent_pong;462;A7E4
Dispatcher:A7E4;234990;24055;256;0;2;207;255;434;462
Listener:Sent_pong;461;8D93
Dispatcher:8D93;234998;27617;256;0;2;206;255;414;461
Listener:Sent_pong;461;67E2
Dispatcher:67E2;235040;25344;256;0;2;204;249;421;461
Listener:Sent_pong;462;F010
Dispatcher:F010;235090;27279;256;0;2;198;249;418;462
Listener:Sent_pong;462;FCED
Dispatcher:FCED;235160;27278;256;0;2;210;255;425;462
Listener:Sent_pong;462;2EDF
Dispatcher:2EDF;235189;27028;256;0;2;201;249;417;462
Listener:Sent_pong;462;0002
Dispatcher:0002;235233;32641;256;0;2;191;249;438;462
Listener:Sent_pong;461;CE13
Dispatcher:CE13;235268;25711;256;0;2;195;249;422;461
Listener:Sent_pong;462;904F
Dispatcher:904F;235302;34052;256;0;2;193;255;438;462
Listener:Sent_pong;462;C323
Dispatcher:C323;235320;29526;256;0;2;204;249;429;462
Listener:Sent_pong;462;9375
Dispatcher:9375;235357;28386;256;0;2;207;255;427;462
Listener:Sent_pong;462;E934
Dispatcher:E934;235410;26626;256;0;2;201;249;429;462
Listener:Sent_pong;462;A78F
Dispatcher:A78F;235439;26963;256;0;2;201;249;425;462
Listener:Sent_pong;463;A7E4
Dispatcher:A7E4;235498;27905;256;0;2;207;255;435;463
Listener:Sent_pong;462;8D93
Dispatcher:8D93;235505;25687;256;0;2;206;255;415;462
Listener:Sent_pong;462;67E2
Dispatcher:67E2;235547;26638;256;0;2;204;249;422;462
Listener:Sent_pong;463;FCED
Dispatcher:FCED;235668;27330;256;0;2;210;255;426;463
Listener:Sent_pong;463;2EDF
Dispatcher:2EDF;235697;27970;256;0;2;201;249;418;463
Listener:Sent_pong;463;0002
Dispatcher:0002;235740;27283;256;0;2;191;249;439;463
Listener:Sent_pong;462;CE13
Dispatcher:CE13;235775;24469;256;0;2;195;249;423;462
Listener:Sent_pong;463;904F
Dispatcher:904F;235810;24718;256;0;2;193;255;439;463
Listener:Sent_pong;463;C323
Dispatcher:C323;235829;28254;256;0;2;204;249;430;463
Listener:Sent_pong;463;9375
Dispatcher:9375;235870;30590;256;0;2;207;255;428;463
Listener:Sent_pong;463;E934
Dispatcher:E934;235918;28868;256;0;2;201;249;430;463
Listener:Sent_pong;463;A78F
Dispatcher:A78F;235947;25389;256;0;2;201;249;426;463
Listener:Sent_pong;464;A7E4
Dispatcher:A7E4;236006;24387;256;0;2;207;255;436;464
Listener:Sent_pong;463;8D93
Dispatcher:8D93;236012;25676;256;0;2;206;255;416;463
Listener:Sent_pong;463;67E2
Dispatcher:67E2;236054;28848;256;0;2;204;249;423;463
Listener:Sent_pong;464;F010
Dispatcher:F010;236127;27295;256;0;2;198;249;419;464
Listener:Sent_pong;464;FCED
Dispatcher:FCED;236175;26504;256;0;2;210;255;427;464
Listener:Sent_pong;464;2EDF
Dispatcher:2EDF;236204;25144;256;0;2;201;249;419;464
Listener:Sent_pong;464;0002
Dispatcher:0002;236248;24095;256;0;2;191;249;440;464
Listener:Sent_pong;463;CE13
Dispatcher:CE13;236283;30277;256;0;2;195;249;424;463
Listener:Sent_pong;464;904F
Dispatcher:904F;236318;26966;256;0;2;193;255;440;464
Listener:Sent_pong;464;C323
Dispatcher:C323;236339;29496;256;0;2;204;249;431;464
Listener:Sent_pong;464;9375
Dispatcher:9375;236378;46522;256;0;2;207;255;429;464
Listener:Sent_pong;464;E934
Dispatcher:E934;236427;28286;256;0;2;201;249;431;464
Listener:Sent_pong;464;A78F
Dispatcher:A78F;236454;25661;256;0;2;201;249;427;464
Listener:Sent_pong;465;A7E4
Dispatcher:A7E4;236513;32540;256;0;2;207;255;437;465
Listener:Sent_pong;464;8D93
Dispatcher:8D93;236520;24736;256;0;2;206;255;417;464
Listener:Sent_pong;464;67E2
Dispatcher:67E2;236562;26298;256;0;2;204;249;424;464
Listener:Sent_pong;465;F010
Dispatcher:F010;236635;29853;256;0;2;198;249;420;465
Listener:Sent_pong;465;FCED
Dispatcher:FCED;236684;31256;256;0;2;210;255;428;465
Listener:Sent_pong;465;2EDF
Dispatcher:2EDF;236717;33720;256;0;2;201;249;420;465
Listener:Sent_pong;465;0002
Dispatcher:0002;236755;26623;256;0;2;191;249;441;465
Listener:Sent_pong;464;CE13
Dispatcher:CE13;236791;30635;256;0;2;195;249;425;464
Listener:Sent_pong;465;904F
Dispatcher:904F;236826;26010;256;0;2;193;255;441;465
Listener:Sent_pong;465;C323
Dispatcher:C323;236847;26328;256;0;2;204;249;432;465
Listener:Sent_pong;465;9375
Dispatcher:9375;236887;27934;256;0;2;207;255;430;465
Listener:Sent_pong;465;E934
Dispatcher:E934;236935;32968;256;0;2;201;249;432;465
Listener:Sent_pong;465;A78F
Dispatcher:A78F;236964;26541;256;0;2;201;249;428;465
Listener:Sent_pong;466;A7E4
Dispatcher:A7E4;237020;23759;256;0;2;207;255;438;466
Listener:Sent_pong;465;8D93
Dispatcher:8D93;237027;25674;256;0;2;206;255;418;465
Listener:Sent_pong;465;67E2
Dispatcher:67E2;237070;24708;256;0;2;204;249;425;465
Listener:Sent_pong;466;F010
Dispatcher:F010;237154;36765;256;0;2;198;249;421;466
Listener:Sent_pong;466;FCED
Dispatcher:FCED;237193;27598;256;0;2;210;255;429;466
Listener:Sent_pong;466;2EDF
Dispatcher:2EDF;237234;38018;256;0;2;201;249;421;466
Listener:Sent_pong;466;0002
Dispatcher:0002;237262;39377;256;0;2;191;249;442;466
Listener:Sent_pong;466;904F
Dispatcher:904F;237334;27296;256;0;2;193;255;442;466
Listener:Sent_pong;465;CE13
Dispatcher:CE13;237302;30577;256;0;2;195;249;426;465
Listener:Sent_pong;466;C323
Dispatcher:C323;237356;26638;256;0;2;204;249;433;466
Listener:Sent_pong;466;9375
Dispatcher:9375;237395;26308;256;0;2;207;255;431;466
Listener:Sent_pong;466;E934
Dispatcher:E934;237443;25994;256;0;2;201;249;433;466
Listener:Sent_pong;466;8D93
Dispatcher:8D93;237544;34818;256;0;2;206;255;419;466
Listener:Sent_pong;466;67E2
Dispatcher:67E2;237577;24080;256;0;2;204;249;426;466
Listener:Sent_pong;467;F010
Dispatcher:F010;237662;23755;256;0;2;198;249;422;467
Listener:Sent_pong;467;FCED
Dispatcher:FCED;237701;27907;256;0;2;210;255;430;467
Listener:Sent_pong;467;2EDF
Dispatcher:2EDF;237742;62416;256;0;2;201;249;422;467
Listener:Sent_pong;467;0002
Dispatcher:0002;237800;62047;256;0;2;191;249;443;467
Listener:Sent_pong;466;CE13
Dispatcher:CE13;237837;82813;256;0;2;195;249;427;466
Listener:Sent_pong;467;C323
Dispatcher:C323;237888;50278;256;0;2;204;249;434;467
Listener:Sent_pong;467;9375
Dispatcher:9375;237912;35440;256;0;2;207;255;432;467
Listener:Sent_pong;467;E934
Dispatcher:E934;237951;106220;256;0;2;201;249;434;467
Listener:Sent_pong;467;A78F
Dispatcher:A78F;237991;26351;256;0;2;201;249;429;467
Listener:Sent_pong;468;A7E4
Dispatcher:A7E4;238065;28925;256;0;2;207;255;439;468
Listener:Sent_pong;467;8D93
Dispatcher:8D93;238064;37286;256;0;2;206;255;420;467
Listener:Sent_pong;468;F010
Dispatcher:F010;238172;28943;256;0;2;198;249;423;468
Listener:Sent_pong;468;FCED
Dispatcher:FCED;238210;28888;256;0;2;210;255;431;468
Listener:Sent_pong;468;2EDF
Dispatcher:2EDF;238250;27638;256;0;2;201;249;423;468
Listener:Sent_pong;468;0002
Dispatcher:0002;238308;25685;256;0;2;191;249;444;468
Listener:Sent_pong;467;CE13
Dispatcher:CE13;238345;49251;256;0;2;195;249;428;467
Listener:Sent_pong;468;904F
Dispatcher:904F;238357;32936;256;0;2;193;255;443;468
Listener:Sent_pong;468;C323
Dispatcher:C323;238394;22802;256;0;2;204;249;435;468
Listener:Sent_pong;468;9375
Dispatcher:9375;238420;26662;256;0;2;207;255;433;468
Listener:Sent_pong;468;E934
Dispatcher:E934;238460;35406;256;0;2;201;249;435;468
Listener:Sent_pong;468;A78F
Dispatcher:A78F;238498;26649;256;0;2;201;249;430;468
Listener:Sent_pong;469;A7E4
Dispatcher:A7E4;238572;26615;256;0;2;207;255;440;469
Listener:Sent_pong;468;8D93
Dispatcher:8D93;238572;58407;256;0;2;206;255;421;468
Listener:Sent_pong;468;67E2
Dispatcher:67E2;238620;24214;256;0;2;204;249;427;468
Listener:Sent_pong;469;F010
Dispatcher:F010;238680;32517;256;0;2;198;249;424;469
Listener:Sent_pong;469;FCED
Dispatcher:FCED;238719;30482;256;0;2;210;255;432;469
Listener:Sent_pong;469;2EDF
Dispatcher:2EDF;238758;26994;256;0;2;201;249;424;469
Listener:Sent_pong;469;0002
Dispatcher:0002;238815;25045;256;0;2;191;249;445;469
Listener:Sent_pong;468;CE13
Dispatcher:CE13;238853;27285;256;0;2;195;249;429;468
Listener:Sent_pong;469;904F
Dispatcher:904F;238877;44288;256;0;2;193;255;444;469
Listener:Sent_pong;469;C323
Dispatcher:C323;238902;26244;256;0;2;204;249;436;469
Listener:Sent_pong;469;9375
Dispatcher:9375;238927;25676;256;0;2;207;255;434;469
Listener:Sent_pong;469;E934
Dispatcher:E934;238968;28584;256;0;2;201;249;436;469
Listener:Sent_pong;470;A7E4
Dispatcher:A7E4;239080;23785;256;0;2;207;255;441;470
Listener:Sent_pong;469;8D93
Dispatcher:8D93;239080;50127;256;0;2;206;255;422;469
Listener:Sent_pong;469;67E2
Dispatcher:67E2;239126;25056;256;0;2;204;249;428;469
Listener:Sent_pong;470;F010
Dispatcher:F010;239187;24707;256;0;2;198;249;425;470
Listener:Sent_pong;470;FCED
Dispatcher:FCED;239227;27281;256;0;2;210;255;433;470
Listener:Sent_pong;470;2EDF
Dispatcher:2EDF;239272;34764;256;0;2;201;249;425;470
Listener:Sent_pong;470;0002
Dispatcher:0002;239323;28231;256;0;2;191;249;446;470
Listener:Sent_pong;469;CE13
Dispatcher:CE13;239360;29517;256;0;2;195;249;430;469
Listener:Sent_pong;470;904F
Dispatcher:904F;239387;30280;256;0;2;193;255;445;470
Listener:Sent_pong;470;C323
Dispatcher:C323;239409;31056;256;0;2;204;249;437;470
Listener:Sent_pong;470;9375
Dispatcher:9375;239440;32002;256;0;2;207;255;435;470
Listener:Sent_pong;470;E934
Dispatcher:E934;239476;24722;256;0;2;201;249;437;470
Listener:Sent_pong;470;A78F
Dispatcher:A78F;239516;24409;256;0;2;201;249;431;470
Listener:Sent_pong;471;A7E4
Dispatcher:A7E4;239589;25666;256;0;2;207;255;442;471
Listener:Sent_pong;470;8D93
Dispatcher:8D93;239588;25679;256;0;2;206;255;423;470
Listener:Sent_pong;470;67E2
Dispatcher:67E2;239633;24404;256;0;2;204;249;429;470
Listener:Sent_pong;471;F010
Dispatcher:F010;239698;28355;256;0;2;198;249;426;471
Listener:Sent_pong;471;FCED
Dispatcher:FCED;239734;22466;256;0;2;210;255;434;471
Listener:Sent_pong;471;2EDF
Dispatcher:2EDF;239781;27284;256;0;2;201;249;426;471
Listener:Sent_pong;471;0002
Dispatcher:0002;239830;34241;256;0;2;191;249;447;471
Listener:Sent_pong;470;CE13
Dispatcher:CE13;239869;27921;256;0;2;195;249;431;470
Listener:Sent_pong;471;904F
Dispatcher:904F;239895;27300;256;0;2;193;255;446;471
Listener:Sent_pong;471;C323
Dispatcher:C323;239917;24094;256;0;2;204;249;438;471
Listener:Sent_pong;471;9375
Dispatcher:9375;239948;25014;256;0;2;207;255;436;471
Listener:Sent_pong;471;E934
Dispatcher:E934;239985;29832;256;0;2;201;249;438;471
Listener:Sent_pong;471;A78F
Dispatcher:A78F;240025;26629;256;0;2;201;249;432;471
Listener:Sent_pong;472;A7E4
Dispatcher:A7E4;240096;26297;256;0;2;207;255;443;472
Listener:Sent_pong;471;8D93
Dispatcher:8D93;240095;27277;256;0;2;206;255;424;471
Listener:Sent_pong;471;67E2
Dispatcher:67E2;240142;35072;256;0;2;204;249;430;471
Listener:Sent_pong;472;F010
Dispatcher:F010;240206;27887;256;0;2;198;249;427;472
Listener:Sent_pong;472;FCED
Dispatcher:FCED;240241;28039;256;0;2;210;255;435;472
Listener:Sent_pong;472;2EDF
Dispatcher:2EDF;240288;26972;256;0;2;201;249;427;472
Listener:Sent_pong;472;0002
Dispatcher:0002;240339;24399;256;0;2;191;249;448;472
Listener:Sent_pong;471;CE13
Dispatcher:CE13;240377;26019;256;0;2;195;249;432;471
Listener:Sent_pong;472;904F
Dispatcher:904F;240402;26662;256;0;2;193;255;447;472
Listener:Sent_pong;472;C323
Dispatcher:C323;240425;25372;256;0;2;204;249;439;472
Listener:Sent_pong;472;9375
Dispatcher:9375;240465;35122;256;0;2;207;255;437;472
Listener:Sent_pong;472;E934
Dispatcher:E934;240495;28440;256;0;2;201;249;439;472
Listener:Sent_pong;472;A78F
Dispatcher:A78F;240532;28245;256;0;2;201;249;433;472
Listener:Sent_pong;473;A7E4
Dispatcher:A7E4;240603;26931;256;0;2;207;255;444;473
Listener:Sent_pong;472;8D93
Dispatcher:8D93;240602;26629;256;0;2;206;255;425;472
Listener:Sent_pong;472;67E2
Dispatcher:67E2;240650;25668;256;0;2;204;249;431;472
Listener:Sent_pong;473;F010
Dispatcher:F010;240714;28559;256;0;2;198;249;428;473
Listener:Sent_pong;473;FCED
Dispatcher:FCED;240748;22811;256;0;2;210;255;436;473
Listener:Sent_pong;473;2EDF
Dispatcher:2EDF;240797;27316;256;0;2;201;249;428;473
Listener:Sent_pong;473;0002
Dispatcher:0002;240847;27283;256;0;2;191;249;449;473
Listener:Sent_pong;472;CE13
Dispatcher:CE13;240886;29821;256;0;2;195;249;433;472
Listener:Sent_pong;473;904F
Dispatcher:904F;240912;29862;256;0;2;193;255;448;473
Listener:Sent_pong;473;C323
Dispatcher:C323;240933;30130;256;0;2;204;249;440;473
Listener:Sent_pong;473;9375
Dispatcher:9375;240974;58234;256;0;2;207;255;438;473
Listener:Sent_pong;473;E934
Dispatcher:E934;241034;72956;256;0;2;201;249;440;473
Listener:Sent_pong;473;A78F
Dispatcher:A78F;241073;79737;256;0;2;201;249;434;473
Listener:Sent_pong;473;8D93
Dispatcher:8D93;241139;55594;256;0;2;206;255;426;473
Listener:Sent_pong;473;67E2
Dispatcher:67E2;241162;31920;256;0;2;204;249;432;473
Listener:Sent_pong;474;F010
Dispatcher:F010;241222;29493;256;0;2;198;249;429;474
Listener:Sent_pong;474;FCED
Dispatcher:FCED;241255;27287;256;0;2;210;255;437;474
Listener:Sent_pong;474;2EDF
Dispatcher:2EDF;241304;23786;256;0;2;201;249;429;474
Listener:Sent_pong;474;0002
Dispatcher:0002;241356;29829;256;0;2;191;249;450;474
Listener:Sent_pong;473;CE13
Dispatcher:CE13;241394;30619;256;0;2;195;249;434;473
Listener:Sent_pong;474;904F
Dispatcher:904F;241421;38372;256;0;2;193;255;449;474
Listener:Sent_pong;474;C323
Dispatcher:C323;241450;37528;256;0;2;204;249;441;474
Listener:Sent_pong;474;9375
Dispatcher:9375;241481;27586;256;0;2;207;255;439;474
Listener:Sent_pong;474;E934
Dispatcher:E934;241541;25346;256;0;2;201;249;441;474
Listener:Sent_pong;474;A78F
Dispatcher:A78F;241581;57511;256;0;2;201;249;435;474
Listener:Sent_pong;474;8D93
Dispatcher:8D93;241648;28260;256;0;2;206;255;427;474
Listener:Sent_pong;474;67E2
Dispatcher:67E2;241672;30718;256;0;2;204;249;433;474
Listener:Sent_pong;475;FCED
Dispatcher:FCED;241762;27582;256;0;2;210;255;438;475
Listener:Sent_pong;475;2EDF
Dispatcher:2EDF;241811;28692;256;0;2;201;249;430;475
Listener:Sent_pong;475;0002
Dispatcher:0002;241865;28531;256;0;2;191;249;451;475
Listener:Sent_pong;474;CE13
Dispatcher:CE13;241902;27335;256;0;2;195;249;435;474
Listener:Sent_pong;475;904F
Dispatcher:904F;241938;37724;256;0;2;193;255;450;475
Listener:Sent_pong;475;9375
Dispatcher:9375;241990;25426;256;0;2;207;255;440;475
Listener:Sent_pong;475;E934
Dispatcher:E934;242048;24400;256;0;2;201;249;442;475
Listener:Sent_pong;475;A78F
Dispatcher:A78F;242094;66167;256;0;2;201;249;436;475
Listener:Sent_pong;476;A7E4
Dispatcher:A7E4;242159;59009;256;0;2;207;255;445;476
Listener:Sent_pong;475;8D93
Dispatcher:8D93;242170;58740;256;0;2;206;255;428;475
Listener:Sent_pong;475;67E2
Dispatcher:67E2;242217;87440;256;0;2;204;249;434;475
Listener:Sent_pong;476;FCED
Dispatcher:FCED;242272;31067;256;0;2;210;255;439;476
Listener:Sent_pong;476;2EDF
Dispatcher:2EDF;242318;30946;256;0;2;201;249;431;476
Listener:Sent_pong;476;0002
Dispatcher:0002;242374;26637;256;0;2;191;249;452;476
Listener:Sent_pong;475;CE13
Dispatcher:CE13;242410;26341;256;0;2;195;249;436;475
Listener:Sent_pong;476;904F
Dispatcher:904F;242452;32854;256;0;2;193;255;451;476
Listener:Sent_pong;476;9375
Dispatcher:9375;242500;25940;256;0;2;207;255;441;476
Listener:Sent_pong;476;E934
Dispatcher:E934;242556;27312;256;0;2;201;249;443;476
Listener:Sent_pong;476;A78F
Dispatcher:A78F;242603;26335;256;0;2;201;249;437;476
Listener:Sent_pong;477;A7E4
Dispatcher:A7E4;242666;26315;256;0;2;207;255;446;477
Listener:Sent_pong;476;8D93
Dispatcher:8D93;242677;22189;256;0;2;206;255;429;476
Listener:Sent_pong;476;67E2
Dispatcher:67E2;242725;24718;256;0;2;204;249;435;476
Listener:Sent_pong;477;F010
Dispatcher:F010;242778;27249;256;0;2;198;249;430;477
Listener:Sent_pong;477;2EDF
Dispatcher:2EDF;242826;27282;256;0;2;201;249;432;477
Listener:Sent_pong;477;0002
Dispatcher:0002;242882;25065;256;0;2;191;249;453;477
Listener:Sent_pong;476;CE13
Dispatcher:CE13;242917;26009;256;0;2;195;249;437;476
Listener:Sent_pong;477;904F
Dispatcher:904F;242959;28360;256;0;2;193;255;452;477
Listener:Sent_pong;477;C323
Dispatcher:C323;243004;32512;256;0;2;204;249;442;477
Listener:Sent_pong;477;9375
Dispatcher:9375;243010;28658;256;0;2;207;255;442;477
Listener:Sent_pong;477;E934
Dispatcher:E934;243065;37062;256;0;2;201;249;444;477
Listener:Sent_pong;477;A78F
Dispatcher:A78F;243111;29185;256;0;2;201;249;438;477
Listener:Sent_pong;478;A7E4
Dispatcher:A7E4;243173;26309;256;0;2;207;255;447;478
Listener:Sent_pong;477;8D93
Dispatcher:8D93;243183;25720;256;0;2;206;255;430;477
Listener:Sent_pong;477;67E2
Dispatcher:67E2;243231;25340;256;0;2;204;249;436;477
Listener:Sent_pong;478;F010
Dispatcher:F010;243290;27249;256;0;2;198;249;430;478
Listener:Sent_pong;478;2EDF
Dispatcher:2EDF;243334;26040;256;0;2;201;249;433;478
Listener:Sent_pong;478;0002
Dispatcher:0002;243395;31809;256;0;2;191;249;454;478
Listener:Sent_pong;477;CE13
Dispatcher:CE13;243426;27465;256;0;2;195;249;438;477
Listener:Sent_pong;478;904F
Dispatcher:904F;243466;23786;256;0;2;193;255;453;478
Listener:Sent_pong;478;C323
Dispatcher:C323;243511;29326;256;0;2;204;249;443;478
Listener:Sent_pong;478;9375
Dispatcher:9375;243541;48990;256;0;2;207;255;443;478
Listener:Sent_pong;478;E934
Dispatcher:E934;243573;24744;256;0;2;201;249;445;478
Listener:Sent_pong;478;A78F
Dispatcher:A78F;243618;27291;256;0;2;201;249;439;478
Listener:Sent_pong;479;A7E4
Dispatcher:A7E4;243680;27569;256;0;2;207;255;448;479
Listener:Sent_pong;478;8D93
Dispatcher:8D93;243691;25720;256;0;2;206;255;430;478
Listener:Sent_pong;478;67E2
Dispatcher:67E2;243738;26296;256;0;2;204;249;437;478
Listener:Sent_pong;479;F010
Dispatcher:F010;243798;43075;256;0;2;198;249;431;479
Listener:Sent_pong;479;2EDF
Dispatcher:2EDF;243843;29484;256;0;2;201;249;434;479
Listener:Sent_pong;479;0002
Dispatcher:0002;243915;44411;256;0;2;191;249;455;479
Listener:Sent_pong;478;CE13
Dispatcher:CE13;243946;40905;256;0;2;195;249;439;478
Listener:Sent_pong;479;904F
Dispatcher:904F;243973;28552;256;0;2;193;255;454;479
Listener:Sent_pong;479;C323
Dispatcher:C323;244020;29846;256;0;2;204;249;444;479
Listener:Sent_pong;479;9375
Dispatcher:9375;244050;25378;256;0;2;207;255;444;479
Listener:Sent_pong;479;E934
Dispatcher:E934;244081;26954;256;0;2;201;249;446;479
Listener:Sent_pong;479;A78F
Dispatcher:A78F;244125;24239;256;0;2;201;249;440;479
Listener:Sent_pong;480;A7E4
Dispatcher:A7E4;244188;24051;256;0;2;207;255;449;480
Listener:Sent_pong;479;8D93
Dispatcher:8D93;244198;27319;256;0;2;206;255;431;479
Listener:Sent_pong;479;67E2
Dispatcher:67E2;244246;24738;256;0;2;204;249;438;479
Listener:Sent_pong;480;F010
Dispatcher:F010;244305;26319;256;0;2;198;249;432;480
Listener:Sent_pong;480;FCED
Dispatcher:FCED;244329;43600;256;0;2;210;255;440;480
Listener:Sent_pong;480;2EDF
Dispatcher:2EDF;244350;24732;256;0;2;201;249;435;480
Listener:Sent_pong;480;0002
Dispatcher:0002;244423;29013;256;0;2;191;249;456;480
Listener:Sent_pong;479;CE13
Dispatcher:CE13;244455;29211;256;0;2;195;249;440;479
Listener:Sent_pong;480;904F
Dispatcher:904F;244480;24712;256;0;2;193;255;455;480
Listener:Sent_pong;480;C323
Dispatcher:C323;244527;31590;256;0;2;204;249;445;480
Listener:Sent_pong;480;9375
Dispatcher:9375;244557;29562;256;0;2;207;255;445;480
Listener:Sent_pong;480;E934
Dispatcher:E934;244591;29498;256;0;2;201;249;447;480
Listener:Sent_pong;480;A78F
Dispatcher:A78F;244632;24239;256;0;2;201;249;440;480
Listener:Sent_pong;481;A7E4
Dispatcher:A7E4;244710;39743;256;0;2;207;255;450;481
Listener:Sent_pong;480;8D93
Dispatcher:8D93;244705;25407;256;0;2;206;255;432;480
Listener:Sent_pong;480;67E2
Dispatcher:67E2;244753;26946;256;0;2;204;249;439;480
Listener:Sent_pong;481;F010
Dispatcher:F010;244814;28883;256;0;2;198;249;433;481
Listener:Sent_pong;481;FCED
Dispatcher:FCED;244836;29452;256;0;2;210;255;441;481
Listener:Sent_pong;481;2EDF
Dispatcher:2EDF;244867;35882;256;0;2;201;249;436;481
Listener:Sent_pong;481;0002
Dispatcher:0002;244931;26647;256;0;2;191;249;457;481
Listener:Sent_pong;480;CE13
Dispatcher:CE13;244964;25661;256;0;2;195;249;441;480
Listener:Sent_pong;481;904F
Dispatcher:904F;244987;25388;256;0;2;193;255;456;481
Listener:Sent_pong;481;C323
Dispatcher:C323;245034;26656;256;0;2;204;249;446;481
Listener:Sent_pong;481;9375
Dispatcher:9375;245066;25316;256;0;2;207;255;446;481
Listener:Sent_pong;481;E934
Dispatcher:E934;245097;23116;256;0;2;201;249;448;481
Listener:Sent_pong;481;A78F
Dispatcher:A78F;245143;29985;256;0;2;201;249;441;481
Listener:Sent_pong;482;A7E4
Dispatcher:A7E4;245219;28528;256;0;2;207;255;451;482
Listener:Sent_pong;481;8D93
Dispatcher:8D93;245212;25676;256;0;2;206;255;433;481
Listener:Sent_pong;481;67E2
Dispatcher:67E2;245262;29630;256;0;2;204;249;440;481
Listener:Sent_pong;482;F010
Dispatcher:F010;245323;29487;256;0;2;198;249;434;482
Listener:Sent_pong;482;FCED
Dispatcher:FCED;245346;30246;256;0;2;210;255;442;482
Listener:Sent_pong;482;2EDF
Dispatcher:2EDF;245382;36144;256;0;2;201;249;437;482
Listener:Sent_pong;482;0002
Dispatcher:0002;245440;25989;256;0;2;191;249;458;482
Listener:Sent_pong;481;CE13
Dispatcher:CE13;245472;36605;256;0;2;195;249;442;481
Listener:Sent_pong;482;904F
Dispatcher:904F;245503;34302;256;0;2;193;255;457;482
Listener:Sent_pong;482;C323
Dispatcher:C323;245541;23784;256;0;2;204;249;447;482
Listener:Sent_pong;482;9375
Dispatcher:9375;245573;28094;256;0;2;207;255;447;482
Listener:Sent_pong;482;E934
Dispatcher:E934;245604;33154;256;0;2;201;249;449;482
Listener:Sent_pong;482;A78F
Dispatcher:A78F;245651;26651;256;0;2;201;249;442;482
Listener:Sent_pong;483;A7E4
Dispatcher:A7E4;245727;26612;256;0;2;207;255;452;483
Listener:Sent_pong;482;8D93
Dispatcher:8D93;245721;29220;256;0;2;206;255;434;482
Listener:Sent_pong;482;67E2
Dispatcher:67E2;245769;24696;256;0;2;204;249;441;482
Listener:Sent_pong;483;F010
Dispatcher:F010;245831;27579;256;0;2;198;249;435;483
Listener:Sent_pong;483;FCED
Dispatcher:FCED;245854;29810;256;0;2;210;255;443;483
Listener:Sent_pong;483;2EDF
Dispatcher:2EDF;245890;44188;256;0;2;201;249;438;483
Listener:Sent_pong;483;0002
Dispatcher:0002;245948;26339;256;0;2;191;249;459;483
Listener:Sent_pong;482;CE13
Dispatcher:CE13;245980;25379;256;0;2;195;249;443;482
Listener:Sent_pong;483;904F
Dispatcher:904F;246011;27648;256;0;2;193;255;458;483
Listener:Sent_pong;483;C323
Dispatcher:C323;246050;29868;256;0;2;204;249;448;483
Listener:Sent_pong;483;9375
Dispatcher:9375;246081;29978;256;0;2;207;255;448;483
Listener:Sent_pong;483;E934
Dispatcher:E934;246113;24672;256;0;2;201;249;450;483
Listener:Sent_pong;483;A78F
Dispatcher:A78F;246158;26971;256;0;2;201;249;443;483
Listener:Sent_pong;484;A7E4
Dispatcher:A7E4;246235;28039;256;0;2;207;255;453;484
Listener:Sent_pong;483;8D93
Dispatcher:8D93;246230;26021;256;0;2;206;255;435;483
Listener:Sent_pong;483;67E2
Dispatcher:67E2;246277;26310;256;0;2;204;249;442;483
Listener:Sent_pong;484;F010
Dispatcher:F010;246339;25031;256;0;2;198;249;436;484
Listener:Sent_pong;484;FCED
Dispatcher:FCED;246361;26321;256;0;2;210;255;444;484
Listener:Sent_pong;484;2EDF
Dispatcher:2EDF;246398;26988;256;0;2;201;249;439;484
Listener:Sent_pong;484;0002
Dispatcher:0002;246457;27909;256;0;2;191;249;460;484
Listener:Sent_pong;483;CE13
Dispatcher:CE13;246487;26633;256;0;2;195;249;444;483
Listener:Sent_pong;484;904F
Dispatcher:904F;246525;38792;256;0;2;193;255;459;484
Listener:Sent_pong;484;C323
Dispatcher:C323;246559;29206;256;0;2;204;249;449;484
Listener:Sent_pong;484;9375
Dispatcher:9375;246590;30804;256;0;2;207;255;449;484
Listener:Sent_pong;484;E934
Dispatcher:E934;246622;29230;256;0;2;201;249;451;484
Listener:Sent_pong;484;A78F
Dispatcher:A78F;246665;25685;256;0;2;201;249;444;484
Listener:Sent_pong;485;A7E4
Dispatcher:A7E4;246742;25651;256;0;2;207;255;454;485
Listener:Sent_pong;484;8D93
Dispatcher:8D93;246741;29319;256;0;2;206;255;436;484
Listener:Sent_pong;484;67E2
Dispatcher:67E2;246785;26000;256;0;2;204;249;443;484
Listener:Sent_pong;485;F010
Dispatcher:F010;246846;24055;256;0;2;198;249;437;485
Listener:Sent_pong;485;FCED
Dispatcher:FCED;246868;23748;256;0;2;210;255;445;485
Listener:Sent_pong;485;2EDF
Dispatcher:2EDF;246905;25382;256;0;2;201;249;440;485
Listener:Sent_pong;485;0002
Dispatcher:0002;246963;24397;256;0;2;191;249;461;485
Listener:Sent_pong;484;CE13
Dispatcher:CE13;246994;25995;256;0;2;195;249;445;484
Listener:Sent_pong;485;904F
Dispatcher:904F;247033;27688;256;0;2;193;255;460;485
Listener:Sent_pong;485;C323
Dispatcher:C323;247068;26314;256;0;2;204;249;450;485
Listener:Sent_pong;485;9375
Dispatcher:9375;247099;26636;256;0;2;207;255;450;485
Listener:Sent_pong;485;E934
Dispatcher:E934;247131;30286;256;0;2;201;249;452;485
Listener:Sent_pong;485;A78F
Dispatcher:A78F;247174;28869;256;0;2;201;249;445;485
Listener:Sent_pong;486;A7E4
Dispatcher:A7E4;247251;28204;256;0;2;207;255;455;486
Listener:Sent_pong;485;8D93
Dispatcher:8D93;247257;32590;256;0;2;206;255;437;485
Listener:Sent_pong;486;F010
Dispatcher:F010;247353;26469;256;0;2;198;249;438;486
Listener:Sent_pong;486;FCED
Dispatcher:FCED;247377;26624;256;0;2;210;255;446;486
Listener:Sent_pong;486;2EDF
Dispatcher:2EDF;247414;26966;256;0;2;201;249;441;486
Listener:Sent_pong;486;0002
Dispatcher:0002;247470;33033;256;0;2;191;249;462;486
Listener:Sent_pong;485;CE13
Dispatcher:CE13;247502;28231;256;0;2;195;249;446;485
Listener:Sent_pong;486;904F
Dispatcher:904F;247541;25358;256;0;2;193;255;461;486
Listener:Sent_pong;486;C323
Dispatcher:C323;247576;24066;256;0;2;204;249;451;486
Listener:Sent_pong;486;9375
Dispatcher:9375;247607;27572;256;0;2;207;255;451;486
Listener:Sent_pong;486;E934
Dispatcher:E934;247637;25674;256;0;2;201;249;453;486
Listener:Sent_pong;486;A78F
Dispatcher:A78F;247683;27581;256;0;2;201;249;446;486
Listener:Sent_pong;487;A7E4
Dispatcher:A7E4;247759;25644;256;0;2;207;255;456;487
Listener:Sent_pong;486;8D93
Dispatcher:8D93;247764;32590;256;0;2;206;255;437;486
Listener:Sent_pong;486;67E2
Dispatcher:67E2;247825;28864;256;0;2;204;249;444;486
Listener:Sent_pong;487;F010
Dispatcher:F010;247860;26317;256;0;2;198;249;439;487
Listener:Sent_pong;487;FCED
Dispatcher:FCED;247887;31360;256;0;2;210;255;447;487
Listener:Sent_pong;487;2EDF
Dispatcher:2EDF;247922;35122;256;0;2;201;249;442;487
Listener:Sent_pong;487;0002
Dispatcher:0002;247977;32453;256;0;2;191;249;463;487
Listener:Sent_pong;486;CE13
Dispatcher:CE13;248011;30143;256;0;2;195;249;447;486
Listener:Sent_pong;487;904F
Dispatcher:904F;248048;25392;256;0;2;193;255;462;487
Listener:Sent_pong;487;C323
Dispatcher:C323;248091;31810;256;0;2;204;249;452;487
Listener:Sent_pong;487;9375
Dispatcher:9375;248115;23748;256;0;2;207;255;452;487
Listener:Sent_pong;487;A78F
Dispatcher:A78F;248198;32123;256;0;2;201;249;447;487
Listener:Sent_pong;488;A7E4
Dispatcher:A7E4;248268;28198;256;0;2;207;255;457;488
Listener:Sent_pong;487;8D93
Dispatcher:8D93;248271;24431;256;0;2;206;255;438;487
Listener:Sent_pong;487;67E2
Dispatcher:67E2;248332;23122;256;0;2;204;249;445;487
Listener:Sent_pong;488;F010
Dispatcher:F010;248368;23773;256;0;2;198;249;440;488
Listener:Sent_pong;488;FCED
Dispatcher:FCED;248396;27588;256;0;2;210;255;448;488
Listener:Sent_pong;488;2EDF
Dispatcher:2EDF;248429;28892;256;0;2;201;249;443;488
Listener:Sent_pong;488;0002
Dispatcher:0002;248486;29491;256;0;2;191;249;464;488
Listener:Sent_pong;487;CE13
Dispatcher:CE13;248519;27737;256;0;2;195;249;448;487
Listener:Sent_pong;488;904F
Dispatcher:904F;248554;23474;256;0;2;193;255;463;488
Listener:Sent_pong;488;C323
Dispatcher:C323;248598;31810;256;0;2;204;249;452;488
Listener:Sent_pong;488;9375
Dispatcher:9375;248639;64432;256;0;2;207;255;453;488
Listener:Sent_pong;488;E934
Dispatcher:E934;248678;22164;256;0;2;201;249;454;488
Listener:Sent_pong;488;A78F
Dispatcher:A78F;248705;42785;256;0;2;201;249;448;488
Listener:Sent_pong;489;A7E4
Dispatcher:A7E4;248777;26783;256;0;2;207;255;458;489
Listener:Sent_pong;488;8D93
Dispatcher:8D93;248779;23784;256;0;2;206;255;439;488
Listener:Sent_pong;488;67E2
Dispatcher:67E2;248840;24082;256;0;2;204;249;446;488
Listener:Sent_pong;489;F010
Dispatcher:F010;248876;27283;256;0;2;198;249;441;489
Listener:Sent_pong;489;FCED
Dispatcher:FCED;248904;31612;256;0;2;210;255;449;489
Listener:Sent_pong;489;2EDF
Dispatcher:2EDF;248937;27086;256;0;2;201;249;444;489
Listener:Sent_pong;489;0002
Dispatcher:0002;248994;23767;256;0;2;191;249;465;489
Listener:Sent_pong;488;CE13
Dispatcher:CE13;249026;26773;256;0;2;195;249;449;488
Listener:Sent_pong;489;904F
Dispatcher:904F;249061;23450;256;0;2;193;255;464;489
Listener:Sent_pong;489;C323
Dispatcher:C323;249106;27296;256;0;2;204;249;453;489
Listener:Sent_pong;489;9375
Dispatcher:9375;249147;25674;256;0;2;207;255;454;489
Listener:Sent_pong;489;E934
Dispatcher:E934;249185;24442;256;0;2;201;249;455;489
Listener:Sent_pong;489;A78F
Dispatcher:A78F;249212;27297;256;0;2;201;249;449;489
Listener:Sent_pong;490;A7E4
Dispatcher:A7E4;249286;27927;256;0;2;207;255;459;490
Listener:Sent_pong;489;8D93
Dispatcher:8D93;249287;28251;256;0;2;206;255;440;489
Listener:Sent_pong;489;67E2
Dispatcher:67E2;249347;28204;256;0;2;204;249;447;489
Listener:Sent_pong;490;F010
Dispatcher:F010;249384;25987;256;0;2;198;249;442;490
Listener:Sent_pong;490;FCED
Dispatcher:FCED;249412;28240;256;0;2;210;255;450;490
Listener:Sent_pong;490;2EDF
Dispatcher:2EDF;249455;39000;256;0;2;201;249;445;490
Listener:Sent_pong;490;0002
Dispatcher:0002;249501;25353;256;0;2;191;249;466;490
Listener:Sent_pong;489;CE13
Dispatcher:CE13;249534;29019;256;0;2;195;249;450;489
Listener:Sent_pong;490;904F
Dispatcher:904F;249569;29526;256;0;2;193;255;465;490
Listener:Sent_pong;490;C323
Dispatcher:C323;249615;27916;256;0;2;204;249;454;490
Listener:Sent_pong;490;9375
Dispatcher:9375;249654;24706;256;0;2;207;255;455;490
Listener:Sent_pong;490;E934
Dispatcher:E934;249692;27952;256;0;2;201;249;456;490
Listener:Sent_pong;490;A78F
Dispatcher:A78F;249720;28231;256;0;2;201;249;450;490
Listener:Sent_pong;491;A7E4
Dispatcher:A7E4;249794;25660;256;0;2;207;255;460;491
Listener:Sent_pong;490;8D93
Dispatcher:8D93;249795;27278;256;0;2;206;255;441;490
Listener:Sent_pong;490;67E2
Dispatcher:67E2;249854;25958;256;0;2;204;249;448;490
Listener:Sent_pong;491;F010
Dispatcher:F010;249892;25363;256;0;2;198;249;443;491
Listener:Sent_pong;491;FCED
Dispatcher:FCED;249920;27602;256;0;2;210;255;451;491
Listener:Sent_pong;491;2EDF
Dispatcher:2EDF;249964;52640;256;0;2;201;249;446;491
Listener:Sent_pong;491;0002
Dispatcher:0002;250016;36063;256;0;2;191;249;467;491
Listener:Sent_pong;490;CE13
Dispatcher:CE13;250045;32457;256;0;2;195;249;451;490
Listener:Sent_pong;491;904F
Dispatcher:904F;250078;26648;256;0;2;193;255;466;491
Listener:Sent_pong;491;C323
Dispatcher:C323;250124;27298;256;0;2;204;249;455;491
Listener:Sent_pong;491;9375
Dispatcher:9375;250162;27902;256;0;2;207;255;456;491
Listener:Sent_pong;491;E934
Dispatcher:E934;250201;27616;256;0;2;201;249;457;491
Listener:Sent_pong;491;A78F
Dispatcher:A78F;250228;25703;256;0;2;201;249;451;491
Listener:Sent_pong;492;A7E4
Dispatcher:A7E4;250303;28243;256;0;2;207;255;461;492
Listener:Sent_pong;491;8D93
Dispatcher:8D93;250303;31906;256;0;2;206;255;442;491
Listener:Sent_pong;491;67E2
Dispatcher:67E2;250362;24064;256;0;2;204;249;449;491
Listener:Sent_pong;492;F010
Dispatcher:F010;250399;26645;256;0;2;198;249;444;492
Listener:Sent_pong;492;FCED
Dispatcher:FCED;250428;27607;256;0;2;210;255;452;492
Listener:Sent_pong;492;2EDF
Dispatcher:2EDF;250473;32890;256;0;2;201;249;447;492
Listener:Sent_pong;492;0002
Dispatcher:0002;250525;27889;256;0;2;191;249;468;492
Listener:Sent_pong;491;CE13
Dispatcher:CE13;250553;25689;256;0;2;195;249;452;491
Listener:Sent_pong;492;904F
Dispatcher:904F;250584;30986;256;0;2;193;255;467;492
Listener:Sent_pong;492;C323
Dispatcher:C323;250632;27612;256;0;2;204;249;456;492
Listener:Sent_pong;492;9375
Dispatcher:9375;250670;25374;256;0;2;207;255;457;492
Listener:Sent_pong;492;E934
Dispatcher:E934;250709;26012;256;0;2;201;249;458;492
Listener:Sent_pong;492;A78F
Dispatcher:A78F;250737;27943;256;0;2;201;249;452;492
Listener:Sent_pong;493;A7E4
Dispatcher:A7E4;250812;27563;256;0;2;207;255;462;493
Listener:Sent_pong;492;8D93
Dispatcher:8D93;250811;27305;256;0;2;206;255;443;492
Listener:Sent_pong;492;67E2
Dispatcher:67E2;250870;27890;256;0;2;204;249;450;492
Listener:Sent_pong;493;F010
Dispatcher:F010;250907;28537;256;0;2;198;249;445;493
Listener:Sent_pong;493;FCED
Dispatcher:FCED;250936;29199;256;0;2;210;255;453;493
Listener:Sent_pong;493;2EDF
Dispatcher:2EDF;250982;29560;256;0;2;201;249;448;493
Listener:Sent_pong;493;0002
Dispatcher:0002;251033;26317;256;0;2;191;249;469;493
Listener:Sent_pong;492;CE13
Dispatcher:CE13;251061;28563;256;0;2;195;249;453;492
Listener:Sent_pong;493;904F
Dispatcher:904F;251091;24062;256;0;2;193;255;468;493
Listener:Sent_pong;493;C323
Dispatcher:C323;251139;22478;256;0;2;204;249;457;493
Listener:Sent_pong;493;9375
Dispatcher:9375;251177;26296;256;0;2;207;255;458;493
Listener:Sent_pong;493;E934
Dispatcher:E934;251218;34784;256;0;2;201;249;459;493
Listener:Sent_pong;493;A78F
Dispatcher:A78F;251250;33509;256;0;2;201;249;453;493
Listener:Sent_pong;494;A7E4
Dispatcher:A7E4;251325;31564;256;0;2;207;255;463;494
Listener:Sent_pong;493;8D93
Dispatcher:8D93;251320;29200;256;0;2;206;255;444;493
Listener:Sent_pong;493;67E2
Dispatcher:67E2;251377;28208;256;0;2;204;249;451;493
Listener:Sent_pong;494;F010
Dispatcher:F010;251415;30109;256;0;2;198;249;446;494
Listener:Sent_pong;494;FCED
Dispatcher:FCED;251445;29846;256;0;2;210;255;454;494
Listener:Sent_pong;494;2EDF
Dispatcher:2EDF;251490;25680;256;0;2;201;249;449;494
Listener:Sent_pong;494;0002
Dispatcher:0002;251541;27613;256;0;2;191;249;470;494
Listener:Sent_pong;493;CE13
Dispatcher:CE13;251569;26325;256;0;2;195;249;454;493
Listener:Sent_pong;494;904F
Dispatcher:904F;251598;26966;256;0;2;193;255;469;494
Listener:Sent_pong;494;C323
Dispatcher:C323;251654;33334;256;0;2;204;249;458;494
Listener:Sent_pong;494;9375
Dispatcher:9375;251685;28850;256;0;2;207;255;459;494
Listener:Sent_pong;494;E934
Dispatcher:E934;251725;31072;256;0;2;201;249;460;494
Listener:Sent_pong;494;A78F
Dispatcher:A78F;251757;26965;256;0;2;201;249;454;494
Listener:Sent_pong;495;A7E4
Dispatcher:A7E4;251833;25976;256;0;2;207;255;464;495
Listener:Sent_pong;494;8D93
Dispatcher:8D93;251829;31707;256;0;2;206;255;445;494
Listener:Sent_pong;494;67E2
Dispatcher:67E2;251885;25976;256;0;2;204;249;452;494
Listener:Sent_pong;495;F010
Dispatcher:F010;251923;26949;256;0;2;198;249;447;495
Listener:Sent_pong;495;FCED
Dispatcher:FCED;251954;27591;256;0;2;210;255;455;495
Listener:Sent_pong;495;2EDF
Dispatcher:2EDF;251998;27306;256;0;2;201;249;450;495
Listener:Sent_pong;495;0002
Dispatcher:0002;252047;30755;256;0;2;191;249;471;495
Listener:Sent_pong;494;CE13
Dispatcher:CE13;252078;30145;256;0;2;195;249;455;494
Listener:Sent_pong;495;904F
Dispatcher:904F;252107;35530;256;0;2;193;255;470;495
Listener:Sent_pong;495;C323
Dispatcher:C323;252161;28244;256;0;2;204;249;459;495
Listener:Sent_pong;495;9375
Dispatcher:9375;252194;26918;256;0;2;207;255;460;495
Listener:Sent_pong;495;E934
Dispatcher:E934;252234;27608;256;0;2;201;249;461;495
Listener:Sent_pong;495;A78F
Dispatcher:A78F;252270;28045;256;0;2;201;249;455;495
Listener:Sent_pong;496;A7E4
Dispatcher:A7E4;252339;22779;256;0;2;207;255;465;496
Listener:Sent_pong;495;8D93
Dispatcher:8D93;252338;29207;256;0;2;206;255;446;495
Listener:Sent_pong;495;67E2
Dispatcher:67E2;252394;27924;256;0;2;204;249;453;495
Listener:Sent_pong;496;F010
Dispatcher:F010;252431;27255;256;0;2;198;249;448;496
Listener:Sent_pong;496;FCED
Dispatcher:FCED;252462;27720;256;0;2;210;255;456;496
Listener:Sent_pong;496;2EDF
Dispatcher:2EDF;252505;27272;256;0;2;201;249;451;496
Listener:Sent_pong;496;0002
Dispatcher:0002;252555;28557;256;0;2;191;249;472;496
Listener:Sent_pong;495;CE13
Dispatcher:CE13;252585;23449;256;0;2;195;249;456;495
Listener:Sent_pong;496;904F
Dispatcher:904F;252616;26318;256;0;2;193;255;471;496
Listener:Sent_pong;496;C323
Dispatcher:C323;252669;30602;256;0;2;204;249;460;496
Listener:Sent_pong;496;9375
Dispatcher:9375;252703;27930;256;0;2;207;255;461;496
Listener:Sent_pong;496;E934
Dispatcher:E934;252741;27606;256;0;2;201;249;462;496
Listener:Sent_pong;496;A78F
Dispatcher:A78F;252777;25941;256;0;2;201;249;456;496
Listener:Sent_pong;497;A7E4
Dispatcher:A7E4;252847;26936;256;0;2;207;255;466;497
Listener:Sent_pong;496;8D93
Dispatcher:8D93;252847;26956;256;0;2;206;255;447;496
Listener:Sent_pong;496;67E2
Dispatcher:67E2;252902;29490;256;0;2;204;249;454;496
Listener:Sent_pong;497;F010
Dispatcher:F010;252939;27273;256;0;2;198;249;449;497
Listener:Sent_pong;497;FCED
Dispatcher:FCED;252969;25356;256;0;2;210;255;457;497
Listener:Sent_pong;497;2EDF
Dispatcher:2EDF;253012;26354;256;0;2;201;249;452;497
Listener:Sent_pong;497;0002
Dispatcher:0002;253064;27931;256;0;2;191;249;473;497
Listener:Sent_pong;496;CE13
Dispatcher:CE13;253094;34883;256;0;2;195;249;457;496
Listener:Sent_pong;497;904F
Dispatcher:904F;253123;24918;256;0;2;193;255;472;497
Listener:Sent_pong;497;C323
Dispatcher:C323;253177;25042;256;0;2;204;249;461;497
Listener:Sent_pong;497;9375
Dispatcher:9375;253210;24394;256;0;2;207;255;462;497
Listener:Sent_pong;497;E934
Dispatcher:E934;253249;32118;256;0;2;201;249;463;497
Listener:Sent_pong;497;A78F
Dispatcher:A78F;253285;27939;256;0;2;201;249;457;497
Listener:Sent_pong;498;A7E4
Dispatcher:A7E4;253354;22763;256;0;2;207;255;467;498
Listener:Sent_pong;497;8D93
Dispatcher:8D93;253355;27296;256;0;2;206;255;448;497
Listener:Sent_pong;497;67E2
Dispatcher:67E2;253410;27382;256;0;2;204;249;455;497
Listener:Sent_pong;498;F010
Dispatcher:F010;253446;28527;256;0;2;198;249;450;498
Listener:Sent_pong;498;FCED
Dispatcher:FCED;253476;31572;256;0;2;210;255;458;498
Listener:Sent_pong;498;2EDF
Dispatcher:2EDF;253526;33246;256;0;2;201;249;453;498
Listener:Sent_pong;498;0002
Dispatcher:0002;253572;28845;256;0;2;191;249;474;498
Listener:Sent_pong;497;CE13
Dispatcher:CE13;253610;49717;256;0;2;195;249;458;497
Listener:Sent_pong;498;904F
Dispatcher:904F;253653;50046;256;0;2;193;255;473;498
Listener:Sent_pong;498;C323
Dispatcher:C323;253685;26304;256;0;2;204;249;462;498
Listener:Sent_pong;498;9375
Dispatcher:9375;253719;29328;256;0;2;207;255;463;498
Listener:Sent_pong;498;E934
Dispatcher:E934;253756;34038;256;0;2;201;249;464;498
Listener:Sent_pong;498;A78F
Dispatcher:A78F;253794;26639;256;0;2;201;249;458;498
Listener:Sent_pong;499;A7E4
Dispatcher:A7E4;253867;29880;256;0;2;207;255;468;499
Listener:Sent_pong;498;8D93
Dispatcher:8D93;253863;26357;256;0;2;206;255;449;498
Listener:Sent_pong;498;67E2
Dispatcher:67E2;253918;34748;256;0;2;204;249;456;498
Listener:Sent_pong;499;F010
Dispatcher:F010;253954;25843;256;0;2;198;249;451;499
Listener:Sent_pong;499;FCED
Dispatcher:FCED;253984;27946;256;0;2;210;255;459;499
Listener:Sent_pong;499;2EDF
Dispatcher:2EDF;254034;31890;256;0;2;201;249;454;499
Listener:Sent_pong;499;0002
Dispatcher:0002;254080;27579;256;0;2;191;249;475;499
Listener:Sent_pong;498;CE13
Dispatcher:CE13;254118;27261;256;0;2;195;249;459;498
Listener:Sent_pong;499;904F
Dispatcher:904F;254161;28562;256;0;2;193;255;474;499
Listener:Sent_pong;499;C323
Dispatcher:C323;254193;25704;256;0;2;204;249;463;499
Listener:Sent_pong;499;9375
Dispatcher:9375;254226;25366;256;0;2;207;255;464;499
Listener:Sent_pong;499;E934
Dispatcher:E934;254265;26668;256;0;2;201;249;465;499
Listener:Sent_pong;499;A78F
Dispatcher:A78F;254303;27917;256;0;2;201;249;459;499
Listener:Sent_pong;500;A7E4
Dispatcher:A7E4;254375;28863;256;0;2;207;255;469;500
Listener:Sent_pong;499;8D93
Dispatcher:8D93;254370;25707;256;0;2;206;255;450;499
Listener:Sent_pong;499;67E2
Dispatcher:67E2;254426;26946;256;0;2;204;249;457;499
Listener:Sent_pong;500;F010
Dispatcher:F010;254468;31895;256;0;2;198;249;452;500
Listener:Sent_pong;500;2EDF
Dispatcher:2EDF;254542;26012;256;0;2;201;249;455;500
Listener:Sent_pong;500;0002
Dispatcher:0002;254587;25321;256;0;2;191;249;476;500
Listener:Sent_pong;499;CE13
Dispatcher:CE13;254628;27279;256;0;2;195;249;460;499
Listener:Sent_pong;500;904F
Dispatcher:904F;254669;28046;256;0;2;193;255;475;500
Listener:Sent_pong;500;C323
Dispatcher:C323;254702;31116;256;0;2;204;249;464;500
Listener:Sent_pong;500;9375
Dispatcher:9375;254733;27600;256;0;2;207;255;465;500
Listener:Sent_pong;500;E934
Dispatcher:E934;254780;33060;256;0;2;201;249;466;500
Listener:Sent_pong;500;A78F
Dispatcher:A78F;254811;28889;256;0;2;201;249;460;500
Listener:Sent_pong;501;A7E4
Dispatcher:A7E4;254882;25333;256;0;2;207;255;470;501
Listener:Sent_pong;500;8D93
Dispatcher:8D93;254879;25941;256;0;2;206;255;451;500
Listener:Sent_pong;500;67E2
Dispatcher:67E2;254934;25662;256;0;2;204;249;458;500
Listener:Sent_pong;501;F010
Dispatcher:F010;254977;31895;256;0;2;198;249;452;501
Listener:Sent_pong;501;FCED
Dispatcher:FCED;255023;26320;256;0;2;210;255;460;501
Listener:Sent_pong;501;2EDF
Dispatcher:2EDF;255050;25746;256;0;2;201;249;456;501
Listener:Sent_pong;501;0002
Dispatcher:0002;255096;26647;256;0;2;191;249;477;501
Listener:Sent_pong;500;CE13
Dispatcher:CE13;255136;25053;256;0;2;195;249;461;500
Listener:Sent_pong;501;904F
Dispatcher:904F;255177;34170;256;0;2;193;255;476;501
Listener:Sent_pong;501;C323
Dispatcher:C323;255211;26958;256;0;2;204;249;465;501
Listener:Sent_pong;501;9375
Dispatcher:9375;255242;30126;256;0;2;207;255;466;501
Listener:Sent_pong;501;E934
Dispatcher:E934;255287;26802;256;0;2;201;249;467;501
Listener:Sent_pong;501;A78F
Dispatcher:A78F;255318;25987;256;0;2;201;249;461;501
Listener:Sent_pong;502;A7E4
Dispatcher:A7E4;255389;25674;256;0;2;207;255;471;502
Listener:Sent_pong;501;8D93
Dispatcher:8D93;255386;30931;256;0;2;206;255;452;501
Listener:Sent_pong;501;67E2
Dispatcher:67E2;255443;29502;256;0;2;204;249;459;501
Listener:Sent_pong;502;F010
Dispatcher:F010;255485;25033;256;0;2;198;249;453;502
Listener:Sent_pong;502;FCED
Dispatcher:FCED;255531;27967;256;0;2;210;255;461;502
Listener:Sent_pong;502;2EDF
Dispatcher:2EDF;255560;31082;256;0;2;201;249;457;502
Listener:Sent_pong;502;0002
Dispatcher:0002;255604;29973;256;0;2;191;249;478;502
Listener:Sent_pong;501;CE13
Dispatcher:CE13;255642;25363;256;0;2;195;249;462;501
Listener:Sent_pong;502;904F
Dispatcher:904F;255685;28880;256;0;2;193;255;477;502
Listener:Sent_pong;502;C323
Dispatcher:C323;255718;27592;256;0;2;204;249;466;502
Listener:Sent_pong;502;9375
Dispatcher:9375;255751;28528;256;0;2;207;255;467;502
Listener:Sent_pong;502;E934
Dispatcher:E934;255794;23444;256;0;2;201;249;468;502
Listener:Sent_pong;502;A78F
Dispatcher:A78F;255825;25039;256;0;2;201;249;462;502
Listener:Sent_pong;503;A7E4
Dispatcher:A7E4;255897;24675;256;0;2;207;255;472;503
Listener:Sent_pong;502;8D93
Dispatcher:8D93;255893;26010;256;0;2;206;255;453;502
Listener:Sent_pong;502;67E2
Dispatcher:67E2;255952;27576;256;0;2;204;249;460;502
Listener:Sent_pong;503;F010
Dispatcher:F010;255991;24409;256;0;2;198;249;454;503
Listener:Sent_pong;503;FCED
Dispatcher:FCED;256040;28908;256;0;2;210;255;462;503
Listener:Sent_pong;503;2EDF
Dispatcher:2EDF;256070;29580;256;0;2;201;249;458;503
Listener:Sent_pong;503;0002
Dispatcher:0002;256112;27257;256;0;2;191;249;479;503
Listener:Sent_pong;502;CE13
Dispatcher:CE13;256149;24421;256;0;2;195;249;463;502
Listener:Sent_pong;503;904F
Dispatcher:904F;256194;24750;256;0;2;193;255;478;503
Listener:Sent_pong;503;C323
Dispatcher:C323;256225;26886;256;0;2;204;249;467;503
Listener:Sent_pong;503;9375
Dispatcher:9375;256260;26610;256;0;2;207;255;468;503
Listener:Sent_pong;503;E934
Dispatcher:E934;256302;26630;256;0;2;201;249;469;503
Listener:Sent_pong;503;A78F
Dispatcher:A78F;256333;31063;256;0;2;201;249;463;503
Listener:Sent_pong;504;A7E4
Dispatcher:A7E4;256405;25018;256;0;2;207;255;473;504
Listener:Sent_pong;503;8D93
Dispatcher:8D93;256400;22493;256;0;2;206;255;454;503
Listener:Sent_pong;503;67E2
Dispatcher:67E2;256460;26930;256;0;2;204;249;461;503
Listener:Sent_pong;504;F010
Dispatcher:F010;256498;26639;256;0;2;198;249;455;504
Listener:Sent_pong;504;FCED
Dispatcher:FCED;256553;31869;256;0;2;210;255;463;504
Listener:Sent_pong;504;2EDF
Dispatcher:2EDF;256583;31590;256;0;2;201;249;459;504
Listener:Sent_pong;504;0002
Dispatcher:0002;256621;26935;256;0;2;191;249;480;504
Listener:Sent_pong;503;CE13
Dispatcher:CE13;256661;31885;256;0;2;195;249;464;503
Listener:Sent_pong;504;904F
Dispatcher:904F;256703;30140;256;0;2;193;255;479;504
Listener:Sent_pong;504;C323
Dispatcher:C323;256733;27278;256;0;2;204;249;468;504
Listener:Sent_pong;504;9375
Dispatcher:9375;256768;26296;256;0;2;207;255;469;504
Listener:Sent_pong;504;E934
Dispatcher:E934;256809;26324;256;0;2;201;249;470;504
Listener:Sent_pong;504;A78F
Dispatcher:A78F;256840;25387;256;0;2;201;249;464;504
Listener:Sent_pong;505;A7E4
Dispatcher:A7E4;256913;25653;256;0;2;207;255;474;505
Listener:Sent_pong;504;8D93
Dispatcher:8D93;256908;27611;256;0;2;206;255;455;504
Listener:Sent_pong;504;67E2
Dispatcher:67E2;256968;29504;256;0;2;204;249;462;504
Listener:Sent_pong;505;F010
Dispatcher:F010;257007;27571;256;0;2;198;249;456;505
Listener:Sent_pong;505;FCED
Dispatcher:FCED;257061;24796;256;0;2;210;255;464;505
Listener:Sent_pong;505;2EDF
Dispatcher:2EDF;257090;24738;256;0;2;201;249;460;505
Listener:Sent_pong;505;0002
Dispatcher:0002;257130;27603;256;0;2;191;249;481;505
Listener:Sent_pong;504;CE13
Dispatcher:CE13;257169;33923;256;0;2;195;249;465;504
Listener:Sent_pong;505;904F
Dispatcher:904F;257212;26634;256;0;2;193;255;480;505
Listener:Sent_pong;505;C323
Dispatcher:C323;257240;25380;256;0;2;204;249;469;505
Listener:Sent_pong;505;9375
Dispatcher:9375;257282;32512;256;0;2;207;255;470;505
Listener:Sent_pong;505;E934
Dispatcher:E934;257318;28566;256;0;2;201;249;471;505
Listener:Sent_pong;505;A78F
Dispatcher:A78F;257348;27903;256;0;2;201;249;465;505
Listener:Sent_pong;506;A7E4
Dispatcher:A7E4;257419;24408;256;0;2;207;255;475;506
Listener:Sent_pong;505;8D93
Dispatcher:8D93;257415;25374;256;0;2;206;255;456;505
Listener:Sent_pong;505;67E2
Dispatcher:67E2;257476;26878;256;0;2;204;249;463;505
Listener:Sent_pong;506;F010
Dispatcher:F010;257515;25695;256;0;2;198;249;457;506
Listener:Sent_pong;506;FCED
Dispatcher:FCED;257567;24085;256;0;2;210;255;465;506
Listener:Sent_pong;506;2EDF
Dispatcher:2EDF;257603;30304;256;0;2;201;249;461;506
Listener:Sent_pong;505;CE13
Dispatcher:CE13;257676;25033;256;0;2;195;249;466;505
Listener:Sent_pong;506;904F
Dispatcher:904F;257720;31352;256;0;2;193;255;481;506
Listener:Sent_pong;506;C323
Dispatcher:C323;257748;26642;256;0;2;204;249;470;506
Listener:Sent_pong;506;9375
Dispatcher:9375;257789;24694;256;0;2;207;255;471;506
Listener:Sent_pong;506;E934
Dispatcher:E934;257824;25664;256;0;2;201;249;472;506
Listener:Sent_pong;506;A78F
Dispatcher:A78F;257856;26313;256;0;2;201;249;466;506
Listener:Sent_pong;507;A7E4
Dispatcher:A7E4;257926;29328;256;0;2;207;255;476;507
Listener:Sent_pong;506;8D93
Dispatcher:8D93;257922;26645;256;0;2;206;255;457;506
Listener:Sent_pong;506;67E2
Dispatcher:67E2;257984;26630;256;0;2;204;249;464;506
Listener:Sent_pong;507;F010
Dispatcher:F010;258023;29831;256;0;2;198;249;458;507
Listener:Sent_pong;507;FCED
Dispatcher:FCED;258075;28224;256;0;2;210;255;466;507
Listener:Sent_pong;507;2EDF
Dispatcher:2EDF;258110;30304;256;0;2;201;249;461;507
Listener:Sent_pong;507;0002
Dispatcher:0002;258164;24383;256;0;2;191;249;482;507
Listener:Sent_pong;506;CE13
Dispatcher:CE13;258185;27783;256;0;2;195;249;467;506
Listener:Sent_pong;507;904F
Dispatcher:904F;258228;26596;256;0;2;193;255;482;507
Listener:Sent_pong;507;C323
Dispatcher:C323;258255;25018;256;0;2;204;249;471;507
Listener:Sent_pong;507;9375
Dispatcher:9375;258295;24090;256;0;2;207;255;472;507
Listener:Sent_pong;507;E934
Dispatcher:E934;258332;27584;256;0;2;201;249;473;507
Listener:Sent_pong;507;A78F
Dispatcher:A78F;258364;28523;256;0;2;201;249;467;507
Listener:Sent_pong;508;A7E4
Dispatcher:A7E4;258433;25033;256;0;2;207;255;477;508
Listener:Sent_pong;507;8D93
Dispatcher:8D93;258431;33304;256;0;2;206;255;458;507
Listener:Sent_pong;507;67E2
Dispatcher:67E2;258491;26612;256;0;2;204;249;465;507
Listener:Sent_pong;508;F010
Dispatcher:F010;258530;50093;256;0;2;198;249;459;508
Listener:Sent_pong;508;FCED
Dispatcher:FCED;258582;25344;256;0;2;210;255;467;508
Listener:Sent_pong;508;2EDF
Dispatcher:2EDF;258618;28286;256;0;2;201;249;462;508
Listener:Sent_pong;508;0002
Dispatcher:0002;258672;31299;256;0;2;191;249;483;508
Listener:Sent_pong;507;CE13
Dispatcher:CE13;258702;37577;256;0;2;195;249;468;507
Listener:Sent_pong;508;904F
Dispatcher:904F;258735;31204;256;0;2;193;255;483;508
Listener:Sent_pong;508;C323
Dispatcher:C323;258762;24068;256;0;2;204;249;472;508
Listener:Sent_pong;508;9375
Dispatcher:9375;258803;26934;256;0;2;207;255;473;508
Listener:Sent_pong;508;E934
Dispatcher:E934;258839;34236;256;0;2;201;249;474;508
Listener:Sent_pong;508;A78F
Dispatcher:A78F;258872;28243;256;0;2;201;249;468;508
Listener:Sent_pong;509;A7E4
Dispatcher:A7E4;258940;28885;256;0;2;207;255;478;509
Listener:Sent_pong;508;8D93
Dispatcher:8D93;258939;26779;256;0;2;206;255;459;508
Listener:Sent_pong;508;67E2
Dispatcher:67E2;258998;26318;256;0;2;204;249;466;508
Listener:Sent_pong;509;F010
Dispatcher:F010;259038;24399;256;0;2;198;249;460;509
Listener:Sent_pong;509;FCED
Dispatcher:FCED;259090;24708;256;0;2;210;255;468;509
Listener:Sent_pong;509;2EDF
Dispatcher:2EDF;259126;26986;256;0;2;201;249;463;509
Listener:Sent_pong;509;0002
Dispatcher:0002;259180;26355;256;0;2;191;249;484;509
Listener:Sent_pong;508;CE13
Dispatcher:CE13;259211;27939;256;0;2;195;249;469;508
Listener:Sent_pong;509;904F
Dispatcher:904F;259243;25046;256;0;2;193;255;484;509
Listener:Sent_pong;509;C323
Dispatcher:C323;259271;26948;256;0;2;204;249;473;509
Listener:Sent_pong;509;9375
Dispatcher:9375;259310;27584;256;0;2;207;255;474;509
Listener:Sent_pong;509;E934
Dispatcher:E934;259348;30756;256;0;2;201;241;475;509
Listener:Sent_pong;509;A78F
Dispatcher:A78F;259379;26011;256;0;2;201;249;469;509
Listener:Sent_pong;510;A7E4
Dispatcher:A7E4;259449;28237;256;0;2;207;255;479;510
Listener:Sent_pong;509;8D93
Dispatcher:8D93;259447;25044;256;0;2;206;255;460;509
Listener:Sent_pong;509;67E2
Dispatcher:67E2;259506;26940;256;0;2;204;249;467;509
Listener:Sent_pong;510;F010
Dispatcher:F010;259546;25683;256;0;2;198;249;461;510
Listener:Sent_pong;510;FCED
Dispatcher:FCED;259597;28543;256;0;2;210;255;469;510
Listener:Sent_pong;510;2EDF
Dispatcher:2EDF;259635;29816;256;0;2;201;249;464;510
Listener:Sent_pong;510;0002
Dispatcher:0002;259687;27285;256;0;2;191;249;485;510
Listener:Sent_pong;509;CE13
Dispatcher:CE13;259718;26967;256;0;2;195;249;470;509
Listener:Sent_pong;510;904F
Dispatcher:904F;259750;27246;256;0;2;193;255;485;510
Listener:Sent_pong;510;C323
Dispatcher:C323;259786;33088;256;0;2;204;249;474;510
Listener:Sent_pong;510;9375
Dispatcher:9375;259818;25026;256;0;2;207;255;475;510
Listener:Sent_pong;510;E934
Dispatcher:E934;259857;26664;256;0;2;201;244;476;510
Listener:Sent_pong;510;A78F
Dispatcher:A78F;259894;35011;256;0;2;201;249;470;510
Listener:Sent_pong;511;A7E4
Dispatcher:A7E4;259956;24703;256;0;2;207;255;480;511
Listener:Sent_pong;510;8D93
Dispatcher:8D93;259954;26653;256;0;2;206;255;461;510
Listener:Sent_pong;510;67E2
Dispatcher:67E2;260014;24070;256;0;2;204;249;468;510
Listener:Sent_pong;511;F010
Dispatcher:F010;260054;25685;256;0;2;198;249;462;511
Listener:Sent_pong;511;FCED
Dispatcher:FCED;260104;23133;256;0;2;210;255;470;511
Listener:Sent_pong;511;2EDF
Dispatcher:2EDF;260141;23474;256;0;2;201;249;465;511
Listener:Sent_pong;511;0002
Dispatcher:0002;260196;28551;256;0;2;191;249;486;511
Listener:Sent_pong;510;CE13
Dispatcher:CE13;260226;26299;256;0;2;195;249;471;510
Listener:Sent_pong;511;904F
Dispatcher:904F;260258;28396;256;0;2;193;255;486;511
Listener:Sent_pong;511;C323
Dispatcher:C323;260295;27270;256;0;2;204;249;475;511
Listener:Sent_pong;511;9375
Dispatcher:9375;260326;30602;256;0;2;207;255;476;511
Listener:Sent_pong;511;E934
Dispatcher:E934;260365;25166;256;0;2;201;246;477;511
Listener:Sent_pong;511;A78F
Dispatcher:A78F;260403;28995;256;0;2;201;249;471;511
Listener:Sent_pong;512;A7E4
Dispatcher:A7E4;260463;26296;256;0;2;207;255;481;512
Listener:Sent_pong;511;8D93
Dispatcher:8D93;260463;26964;256;0;2;206;255;462;511
Listener:Sent_pong;511;67E2
Dispatcher:67E2;260521;25972;256;0;2;204;249;469;511
Listener:Sent_pong;512;F010
Dispatcher:F010;260562;26295;256;0;2;198;249;463;512
Listener:Sent_pong;512;FCED
Dispatcher:FCED;260612;27900;256;0;2;210;255;471;512
Listener:Sent_pong;512;2EDF
Dispatcher:2EDF;260648;23772;256;0;2;201;249;466;512
Listener:Sent_pong;512;0002
Dispatcher:0002;260704;28871;256;0;2;191;249;487;512
Listener:Sent_pong;511;CE13
Dispatcher:CE13;260740;33751;256;0;2;195;249;472;511
Listener:Sent_pong;512;904F
Dispatcher:904F;260776;39280;256;0;2;193;255;487;512
Listener:Sent_pong;512;C323
Dispatcher:C323;260803;29492;256;0;2;204;249;476;512
Listener:Sent_pong;512;9375
Dispatcher:9375;260835;27802;256;0;2;207;255;477;512
Listener:Sent_pong;512;E934
Dispatcher:E934;260877;29916;256;0;2;201;248;478;512
Listener:Sent_pong;512;A78F
Dispatcher:A78F;260910;24721;256;0;2;201;249;472;512
Listener:Sent_pong;513;A7E4
Dispatcher:A7E4;260971;25479;256;0;2;207;255;482;513
Listener:Sent_pong;512;8D93
Dispatcher:8D93;260970;23139;256;0;2;206;255;463;512
Listener:Sent_pong;512;67E2
Dispatcher:67E2;261028;32212;256;0;2;204;249;470;512
Listener:Sent_pong;513;F010
Dispatcher:F010;261070;24727;256;0;2;198;249;464;513
Listener:Sent_pong;513;FCED
Dispatcher:FCED;261121;27935;256;0;2;210;255;472;513
Listener:Sent_pong;513;2EDF
Dispatcher:2EDF;261155;26328;256;0;2;201;249;467;513
Listener:Sent_pong;513;0002
Dispatcher:0002;261213;27575;256;0;2;191;249;488;513
Listener:Sent_pong;512;CE13
Dispatcher:CE13;261254;32383;256;0;2;195;249;473;512
Listener:Sent_pong;513;904F
Dispatcher:904F;261284;26654;256;0;2;193;255;488;513
Listener:Sent_pong;513;C323
Dispatcher:C323;261311;25046;256;0;2;204;249;477;513
Listener:Sent_pong;513;9375
Dispatcher:9375;261343;46132;256;0;2;207;255;478;513
Listener:Sent_pong;513;E934
Dispatcher:E934;261392;31168;256;0;2;201;249;479;513
Listener:Sent_pong;513;A78F
Dispatcher:A78F;261419;27605;256;0;2;201;249;473;513
Listener:Sent_pong;514;A7E4
Dispatcher:A7E4;261479;30268;256;0;2;207;255;483;514
Listener:Sent_pong;513;8D93
Dispatcher:8D93;261476;25693;256;0;2;206;255;464;513
Listener:Sent_pong;513;67E2
Dispatcher:67E2;261536;24060;256;0;2;204;249;471;513
Listener:Sent_pong;514;F010
Dispatcher:F010;261578;25355;256;0;2;198;249;465;514
Listener:Sent_pong;514;FCED
Dispatcher:FCED;261628;26002;256;0;2;210;255;473;514
Listener:Sent_pong;514;2EDF
Dispatcher:2EDF;261662;54790;256;0;2;201;249;468;514
Listener:Sent_pong;514;0002
Dispatcher:0002;261722;28199;256;0;2;191;249;489;514
Listener:Sent_pong;513;CE13
Dispatcher:CE13;261763;30127;256;0;2;195;249;474;513
Listener:Sent_pong;514;904F
Dispatcher:904F;261792;26644;256;0;2;193;255;489;514
Listener:Sent_pong;514;C323
Dispatcher:C323;261818;29190;256;0;2;204;249;478;514
Listener:Sent_pong;514;9375
Dispatcher:9375;261851;25672;256;0;2;207;255;479;514
Listener:Sent_pong;514;E934
Dispatcher:E934;261900;26022;256;0;2;201;249;480;514
Listener:Sent_pong;514;A78F
Dispatcher:A78F;261925;24733;256;0;2;201;249;474;514
Listener:Sent_pong;515;A7E4
Dispatcher:A7E4;261988;28215;256;0;2;207;255;484;515
Listener:Sent_pong;514;8D93
Dispatcher:8D93;261984;26965;256;0;2;206;255;465;514
Listener:Sent_pong;514;67E2
Dispatcher:67E2;262043;29504;256;0;2;204;249;472;514
Listener:Sent_pong;515;F010
Dispatcher:F010;262091;32587;256;0;2;198;249;466;515
Listener:Sent_pong;515;FCED
Dispatcher:FCED;262137;27900;256;0;2;210;255;474;515
Listener:Sent_pong;515;2EDF
Dispatcher:2EDF;262169;26678;256;0;2;201;249;469;515
Listener:Sent_pong;515;0002
Dispatcher:0002;262229;26321;256;0;2;191;249;490;515
Listener:Sent_pong;514;CE13
Dispatcher:CE13;262272;28575;256;0;2;195;249;475;514
Listener:Sent_pong;515;904F
Dispatcher:904F;262299;26648;256;0;2;193;255;490;515
Listener:Sent_pong;515;C323
Dispatcher:C323;262327;26330;256;0;2;204;249;479;515
Listener:Sent_pong;515;9375
Dispatcher:9375;262358;26000;256;0;2;207;255;480;515
Listener:Sent_pong;515;E934
Dispatcher:E934;262407;24404;256;0;2;201;249;481;515
Listener:Sent_pong;515;A78F
Dispatcher:A78F;262433;25661;256;0;2;201;249;475;515
Listener:Sent_pong;516;A7E4
Dispatcher:A7E4;262495;23400;256;0;2;207;255;485;516
Listener:Sent_pong;515;8D93
Dispatcher:8D93;262492;52468;256;0;2;206;255;466;515
Listener:Sent_pong;515;67E2
Dispatcher:67E2;262552;28860;256;0;2;204;249;473;515
Listener:Sent_pong;516;F010
Dispatcher:F010;262600;43217;256;0;2;198;249;467;516
Listener:Sent_pong;516;FCED
Dispatcher:FCED;262645;26654;256;0;2;210;255;475;516
Listener:Sent_pong;516;2EDF
Dispatcher:2EDF;262677;25394;256;0;2;201;249;470;516
Listener:Sent_pong;516;0002
Dispatcher:0002;262736;23115;256;0;2;191;249;491;516
Listener:Sent_pong;515;CE13
Dispatcher:CE13;262779;25345;256;0;2;195;249;476;515
Listener:Sent_pong;516;904F
Dispatcher:904F;262806;25676;256;0;2;193;255;491;516
Listener:Sent_pong;516;C323
Dispatcher:C323;262835;27590;256;0;2;204;249;480;516
Listener:Sent_pong;516;9375
Dispatcher:9375;262865;23732;256;0;2;207;255;481;516
Listener:Sent_pong;516;E934
Dispatcher:E934;262914;31044;256;0;2;201;249;482;516
Listener:Sent_pong;516;A78F
Dispatcher:A78F;262942;26451;256;0;2;201;249;476;516
Listener:Sent_pong;517;A7E4
Dispatcher:A7E4;263002;26308;256;0;2;207;255;486;517
Listener:Sent_pong;516;8D93
Dispatcher:8D93;262999;29679;256;0;2;206;255;467;516
Listener:Sent_pong;516;67E2
Dispatcher:67E2;263060;26946;256;0;2;204;249;474;516
Listener:Sent_pong;517;F010
Dispatcher:F010;263108;26965;256;0;2;198;249;468;517
Listener:Sent_pong;517;FCED
Dispatcher:FCED;263152;26612;256;0;2;210;255;476;517
Listener:Sent_pong;517;2EDF
Dispatcher:2EDF;263185;25694;256;0;2;201;249;471;517
Listener:Sent_pong;517;0002
Dispatcher:0002;263243;23115;256;0;2;191;249;492;517
Listener:Sent_pong;516;CE13
Dispatcher:CE13;263287;24083;256;0;2;195;249;477;516
Listener:Sent_pong;517;904F
Dispatcher:904F;263313;25376;256;0;2;193;255;492;517
Listener:Sent_pong;517;C323
Dispatcher:C323;263343;28256;256;0;2;204;249;481;517
Listener:Sent_pong;517;9375
Dispatcher:9375;263374;26956;256;0;2;207;255;482;517
Listener:Sent_pong;517;E934
Dispatcher:E934;263422;25028;256;0;2;201;249;483;517
Listener:Sent_pong;518;A7E4
Dispatcher:A7E4;263513;30390;256;0;2;207;255;487;518
Listener:Sent_pong;517;67E2
Dispatcher:67E2;263569;28866;256;0;2;204;249;475;517
Listener:Sent_pong;518;F010
Dispatcher:F010;263616;25365;256;0;2;198;249;469;518
Listener:Sent_pong;518;FCED
Dispatcher:FCED;263661;27931;256;0;2;210;255;477;518
Listener:Sent_pong;518;2EDF
Dispatcher:2EDF;263692;27612;256;0;2;201;249;472;518
Listener:Sent_pong;518;0002
Dispatcher:0002;263751;33719;256;0;2;191;249;493;518
Listener:Sent_pong;517;CE13
Dispatcher:CE13;263795;27901;256;0;2;195;249;478;517
Listener:Sent_pong;518;904F
Dispatcher:904F;263821;26008;256;0;2;193;255;493;518
Listener:Sent_pong;518;C323
Dispatcher:C323;263852;28234;256;0;2;204;249;482;518
Listener:Sent_pong;518;E934
Dispatcher:E934;263930;26932;256;0;2;201;249;484;518
Listener:Sent_pong;518;A78F
Dispatcher:A78F;263972;32513;256;0;2;201;249;477;518
Listener:Sent_pong;519;A7E4
Dispatcher:A7E4;264021;30390;256;0;2;207;255;487;519
Listener:Sent_pong;518;8D93
Dispatcher:8D93;264047;26988;256;0;2;206;255;468;518
Listener:Sent_pong;518;67E2
Dispatcher:67E2;264077;29852;256;0;2;204;249;476;518
Listener:Sent_pong;519;F010
Dispatcher:F010;264123;26985;256;0;2;198;249;470;519
Listener:Sent_pong;519;FCED
Dispatcher:FCED;264168;26304;256;0;2;210;255;478;519
Listener:Sent_pong;519;2EDF
Dispatcher:2EDF;264200;27302;256;0;2;201;249;473;519
Listener:Sent_pong;519;0002
Dispatcher:0002;264258;23127;256;0;2;191;249;494;519
Listener:Sent_pong;518;CE13
Dispatcher:CE13;264303;24077;256;0;2;195;249;479;518
Listener:Sent_pong;519;904F
Dispatcher:904F;264329;34678;256;0;2;193;255;494;519
Listener:Sent_pong;519;C323
Dispatcher:C323;264361;28234;256;0;2;204;249;482;519
Listener:Sent_pong;519;9375
Dispatcher:9375;264408;26302;256;0;2;207;255;483;519
Listener:Sent_pong;519;E934
Dispatcher:E934;264439;28930;256;0;2;201;249;485;519
Listener:Sent_pong;520;A7E4
Dispatcher:A7E4;264573;74875;256;0;2;207;255;488;520
Listener:Sent_pong;519;8D93
Dispatcher:8D93;264576;26988;256;0;2;206;255;468;519
Listener:Sent_pong;519;67E2
Dispatcher:67E2;264613;59696;256;0;2;204;249;477;519
Listener:Sent_pong;520;F010
Dispatcher:F010;264647;41571;256;0;2;198;249;471;520
Listener:Sent_pong;520;FCED
Dispatcher:FCED;264677;28879;256;0;2;210;255;479;520
Listener:Sent_pong;520;2EDF
Dispatcher:2EDF;264707;25040;256;0;2;201;249;474;520
Listener:Sent_pong;520;0002
Dispatcher:0002;264766;25645;256;0;2;191;249;495;520
Listener:Sent_pong;519;CE13
Dispatcher:CE13;264810;26643;256;0;2;195;249;480;519
Listener:Sent_pong;520;904F
Dispatcher:904F;264842;34074;256;0;2;193;255;495;520
Listener:Sent_pong;520;C323
Dispatcher:C323;264870;27290;256;0;2;204;249;483;520
Listener:Sent_pong;520;9375
Dispatcher:9375;264916;29528;256;0;2;207;255;484;520
Listener:Sent_pong;520;E934
Dispatcher:E934;264948;28958;256;0;2;201;249;486;520
Listener:Sent_pong;520;A78F
Dispatcher:A78F;264986;59655;256;0;2;201;249;478;520
Listener:Sent_pong;521;A7E4
Dispatcher:A7E4;265080;27279;256;0;2;207;255;489;521
Listener:Sent_pong;520;8D93
Dispatcher:8D93;265083;24743;256;0;2;206;255;469;520
Listener:Sent_pong;520;67E2
Dispatcher:67E2;265121;26638;256;0;2;204;249;478;520
Listener:Sent_pong;521;F010
Dispatcher:F010;265154;27599;256;0;2;198;249;472;521
Listener:Sent_pong;521;FCED
Dispatcher:FCED;265186;28880;256;0;2;210;255;480;521
Listener:Sent_pong;521;2EDF
Dispatcher:2EDF;265216;32280;256;0;2;201;249;475;521
Listener:Sent_pong;521;0002
Dispatcher:0002;265273;25673;256;0;2;191;249;496;521
Listener:Sent_pong;520;CE13
Dispatcher:CE13;265319;29407;256;0;2;195;249;481;520
Listener:Sent_pong;521;904F
Dispatcher:904F;265349;25016;256;0;2;193;255;496;521
Listener:Sent_pong;521;C323
Dispatcher:C323;265378;25712;256;0;2;204;249;484;521
Listener:Sent_pong;521;9375
Dispatcher:9375;265429;29618;256;0;2;207;255;485;521
Listener:Sent_pong;521;E934
Dispatcher:E934;265457;26120;256;0;2;201;249;487;521
Listener:Sent_pong;522;A7E4
Dispatcher:A7E4;265588;23442;256;0;2;207;255;490;522
Listener:Sent_pong;521;8D93
Dispatcher:8D93;265590;25346;256;0;2;206;255;470;521
Listener:Sent_pong;521;67E2
Dispatcher:67E2;265629;29318;256;0;2;204;249;479;521
Listener:Sent_pong;522;F010
Dispatcher:F010;265663;28653;256;0;2;198;249;473;522
Listener:Sent_pong;522;FCED
Dispatcher:FCED;265694;26625;256;0;2;210;255;481;522
Listener:Sent_pong;522;2EDF
Dispatcher:2EDF;265724;23778;256;0;2;201;249;476;522
Listener:Sent_pong;522;0002
Dispatcher:0002;265781;25367;256;0;2;191;249;497;522
Listener:Sent_pong;521;CE13
Dispatcher:CE13;265828;31247;256;0;2;195;249;482;521
Listener:Sent_pong;522;904F
Dispatcher:904F;265858;25038;256;0;2;193;255;497;522
Listener:Sent_pong;522;C323
Dispatcher:C323;265886;26346;256;0;2;204;249;485;522
Listener:Sent_pong;522;9375
Dispatcher:9375;265937;57750;256;0;2;207;255;486;522
Listener:Sent_pong;522;E934
Dispatcher:E934;265997;26120;256;0;2;201;249;487;522
Listener:Sent_pong;523;A7E4
Dispatcher:A7E4;266095;26284;256;0;2;207;255;491;523
Listener:Sent_pong;522;8D93
Dispatcher:8D93;266099;26662;256;0;2;206;255;471;522
Listener:Sent_pong;522;67E2
Dispatcher:67E2;266138;29318;256;0;2;204;249;479;522
Listener:Sent_pong;523;F010
Dispatcher:F010;266172;30819;256;0;2;198;249;474;523
Listener:Sent_pong;523;FCED
Dispatcher:FCED;266203;27271;256;0;2;210;255;482;523
Listener:Sent_pong;523;2EDF
Dispatcher:2EDF;266231;24416;256;0;2;201;249;477;523
Listener:Sent_pong;523;0002
Dispatcher:0002;266290;25047;256;0;2;191;249;498;523
Listener:Sent_pong;522;CE13
Dispatcher:CE13;266342;34455;256;0;2;195;249;483;522
Listener:Sent_pong;523;904F
Dispatcher:904F;266374;35280;256;0;2;193;255;498;523
Listener:Sent_pong;523;C323
Dispatcher:C323;266393;27134;256;0;2;204;249;486;523
Listener:Sent_pong;523;9375
Dispatcher:9375;266446;28884;256;0;2;207;255;487;523
Listener:Sent_pong;523;E934
Dispatcher:E934;266505;41498;256;0;2;201;249;488;523
Listener:Sent_pong;523;A78F
Dispatcher:A78F;266515;23441;256;0;2;201;249;479;523
Listener:Sent_pong;524;A7E4
Dispatcher:A7E4;266603;30242;256;0;2;207;255;492;524
Listener:Sent_pong;523;8D93
Dispatcher:8D93;266607;25997;256;0;2;206;255;472;523
Listener:Sent_pong;523;67E2
Dispatcher:67E2;266645;24718;256;0;2;204;249;480;523
Listener:Sent_pong;524;F010
Dispatcher:F010;266687;32421;256;0;2;198;249;475;524
Listener:Sent_pong;524;FCED
Dispatcher:FCED;266711;27324;256;0;2;210;255;483;524
Listener:Sent_pong;524;2EDF
Dispatcher:2EDF;266740;28376;256;0;2;201;249;478;524
Listener:Sent_pong;524;0002
Dispatcher:0002;266798;25977;256;0;2;191;249;499;524
Listener:Sent_pong;523;CE13
Dispatcher:CE13;266851;27901;256;0;2;195;249;484;523
Listener:Sent_pong;524;904F
Dispatcher:904F;266883;42526;256;0;2;193;255;499;524
Listener:Sent_pong;524;C323
Dispatcher:C323;266917;42288;256;0;2;204;249;487;524
Listener:Sent_pong;524;9375
Dispatcher:9375;266955;27916;256;0;2;207;255;488;524
Listener:Sent_pong;524;E934
Dispatcher:E934;267014;41498;256;0;2;201;249;488;524
Listener:Sent_pong;524;A78F
Dispatcher:A78F;267047;53095;256;0;2;201;249;480;524
Listener:Sent_pong;525;A7E4
Dispatcher:A7E4;267110;25345;256;0;2;207;255;493;525
Listener:Sent_pong;524;8D93
Dispatcher:8D93;267115;25039;256;0;2;206;255;473;524
Listener:Sent_pong;524;67E2
Dispatcher:67E2;267153;26608;256;0;2;204;249;481;524
Listener:Sent_pong;525;F010
Dispatcher:F010;267195;27617;256;0;2;198;249;476;525
Listener:Sent_pong;525;FCED
Dispatcher:FCED;267219;24401;256;0;2;210;255;484;525
Listener:Sent_pong;525;2EDF
Dispatcher:2EDF;267249;27278;256;0;2;201;249;479;525
Listener:Sent_pong;525;0002
Dispatcher:0002;267313;37817;256;0;2;191;249;500;525
Listener:Sent_pong;524;CE13
Dispatcher:CE13;267358;27583;256;0;2;195;249;485;524
Listener:Sent_pong;525;904F
Dispatcher:904F;267390;29228;256;0;2;193;255;500;525
Listener:Sent_pong;525;C323
Dispatcher:C323;267425;26006;256;0;2;204;249;488;525
Listener:Sent_pong;525;9375
Dispatcher:9375;267464;29508;256;0;2;207;255;489;525
Listener:Sent_pong;525;E934
Dispatcher:E934;267523;29514;256;0;2;201;249;489;525
Listener:Sent_pong;525;A78F
Dispatcher:A78F;267555;26633;256;0;2;201;249;481;525
Listener:Sent_pong;526;A7E4
Dispatcher:A7E4;267619;28567;256;0;2;207;255;494;526
Listener:Sent_pong;525;8D93
Dispatcher:8D93;267623;26325;256;0;2;206;255;474;525
Listener:Sent_pong;525;67E2
Dispatcher:67E2;267660;24708;256;0;2;204;249;482;525
Listener:Sent_pong;526;F010
Dispatcher:F010;267703;26625;256;0;2;198;249;477;526
Listener:Sent_pong;526;FCED
Dispatcher:FCED;267727;27610;256;0;2;210;255;485;526
Listener:Sent_pong;526;2EDF
Dispatcher:2EDF;267757;26356;256;0;2;201;249;480;526
Listener:Sent_pong;526;0002
Dispatcher:0002;267821;35193;256;0;2;191;249;501;526
Listener:Sent_pong;525;CE13
Dispatcher:CE13;267865;25697;256;0;2;195;249;486;525
Listener:Sent_pong;526;904F
Dispatcher:904F;267899;26624;256;0;2;193;255;501;526
Listener:Sent_pong;526;C323
Dispatcher:C323;267934;25510;256;0;2;204;249;489;526
Listener:Sent_pong;526;9375
Dispatcher:9375;267973;26614;256;0;2;207;255;490;526
Listener:Sent_pong;526;E934
Dispatcher:E934;268031;33600;256;0;2;201;249;490;526
Listener:Sent_pong;526;A78F
Dispatcher:A78F;268062;27271;256;0;2;201;249;482;526
Listener:Sent_pong;527;A7E4
Dispatcher:A7E4;268127;27274;256;0;2;207;255;495;527
Listener:Sent_pong;526;8D93
Dispatcher:8D93;268132;51226;256;0;2;206;255;475;526
Listener:Sent_pong;526;67E2
Dispatcher:67E2;268178;38544;256;0;2;204;249;483;526
Listener:Sent_pong;527;F010
Dispatcher:F010;268210;26321;256;0;2;198;249;478;527
Listener:Sent_pong;527;FCED
Dispatcher:FCED;268234;26258;256;0;2;210;255;486;527
Listener:Sent_pong;527;2EDF
Dispatcher:2EDF;268264;24090;256;0;2;201;249;481;527
Listener:Sent_pong;527;0002
Dispatcher:0002;268329;25991;256;0;2;191;249;502;527
Listener:Sent_pong;526;CE13
Dispatcher:CE13;268372;24725;256;0;2;195;249;487;526
Listener:Sent_pong;527;904F
Dispatcher:904F;268408;29846;256;0;2;193;255;502;527
Listener:Sent_pong;527;C323
Dispatcher:C323;268441;26350;256;0;2;204;249;490;527
Listener:Sent_pong;527;9375
Dispatcher:9375;268481;25994;256;0;2;207;255;491;527
Listener:Sent_pong;527;E934
Dispatcher:E934;268539;26318;256;0;2;201;249;491;527
Listener:Sent_pong;527;A78F
Dispatcher:A78F;268570;24693;256;0;2;201;249;483;527
Listener:Sent_pong;528;A7E4
Dispatcher:A7E4;268636;28881;256;0;2;207;255;496;528
Listener:Sent_pong;527;8D93
Dispatcher:8D93;268641;27326;256;0;2;206;255;476;527
Listener:Sent_pong;527;67E2
Dispatcher:67E2;268687;29504;256;0;2;204;249;484;527
Listener:Sent_pong;528;F010
Dispatcher:F010;268717;26107;256;0;2;198;249;479;528
Listener:Sent_pong;528;FCED
Dispatcher:FCED;268741;27591;256;0;2;210;255;487;528
Listener:Sent_pong;528;2EDF
Dispatcher:2EDF;268779;32268;256;0;2;201;249;482;528
Listener:Sent_pong;528;0002
Dispatcher:0002;268837;27899;256;0;2;191;249;503;528
Listener:Sent_pong;527;CE13
Dispatcher:CE13;268879;26651;256;0;2;195;249;488;527
Listener:Sent_pong;528;904F
Dispatcher:904F;268915;27910;256;0;2;193;255;503;528
Listener:Sent_pong;528;C323
Dispatcher:C323;268948;27628;256;0;2;204;249;491;528
Listener:Sent_pong;528;9375
Dispatcher:9375;268989;25986;256;0;2;207;255;492;528
Listener:Sent_pong;528;E934
Dispatcher:E934;269047;26664;256;0;2;201;249;492;528
Listener:Sent_pong;528;A78F
Dispatcher:A78F;269078;29969;256;0;2;201;249;484;528
Listener:Sent_pong;529;A7E4
Dispatcher:A7E4;269145;27896;256;0;2;207;255;497;529
Listener:Sent_pong;528;8D93
Dispatcher:8D93;269148;26667;256;0;2;206;255;477;528
Listener:Sent_pong;528;67E2
Dispatcher:67E2;269196;28842;256;0;2;204;249;485;528
Listener:Sent_pong;529;F010
Dispatcher:F010;269226;29183;256;0;2;198;249;480;529
Listener:Sent_pong;529;FCED
Dispatcher:FCED;269249;28285;256;0;2;210;255;488;529
Listener:Sent_pong;529;2EDF
Dispatcher:2EDF;269286;32268;256;0;2;201;249;482;529
Listener:Sent_pong;529;0002
Dispatcher:0002;269353;33741;256;0;2;191;249;504;529
Listener:Sent_pong;528;CE13
Dispatcher:CE13;269386;32361;256;0;2;195;249;489;528
Listener:Sent_pong;529;904F
Dispatcher:904F;269424;31102;256;0;2;193;255;504;529
Listener:Sent_pong;529;C323
Dispatcher:C323;269458;29836;256;0;2;204;249;492;529
Listener:Sent_pong;529;9375
Dispatcher:9375;269503;30936;256;0;2;207;255;493;529
Listener:Sent_pong;529;E934
Dispatcher:E934;269554;24066;256;0;2;201;249;493;529
Listener:Sent_pong;529;A78F
Dispatcher:A78F;269585;25343;256;0;2;201;249;485;529
Listener:Sent_pong;530;A7E4
Dispatcher:A7E4;269652;28238;256;0;2;207;255;498;530
Listener:Sent_pong;529;8D93
Dispatcher:8D93;269656;27929;256;0;2;206;255;478;529
Listener:Sent_pong;529;67E2
Dispatcher:67E2;269704;29386;256;0;2;204;249;486;529
Listener:Sent_pong;530;F010
Dispatcher:F010;269735;42079;256;0;2;198;249;481;530
Listener:Sent_pong;530;FCED
Dispatcher:FCED;269770;39584;256;0;2;210;255;489;530
Listener:Sent_pong;530;2EDF
Dispatcher:2EDF;269810;32268;256;0;2;201;249;482;530
Listener:Sent_pong;530;0002
Dispatcher:0002;269862;29499;256;0;2;191;249;505;530
Listener:Sent_pong;529;CE13
Dispatcher:CE13;269893;22509;256;0;2;195;249;490;529
Listener:Sent_pong;530;904F
Dispatcher:904F;269933;36598;256;0;2;193;255;505;530
Listener:Sent_pong;530;C323
Dispatcher:C323;269966;28258;256;0;2;204;249;493;530
Listener:Sent_pong;530;9375
Dispatcher:9375;270010;40970;256;0;2;207;255;494;530
Listener:Sent_pong;530;E934
Dispatcher:E934;270061;27268;256;0;2;201;249;494;530
Listener:Sent_pong;530;A78F
Dispatcher:A78F;270094;28561;256;0;2;201;249;486;530
Listener:Sent_pong;531;A7E4
Dispatcher:A7E4;270164;29891;256;0;2;207;255;499;531
Listener:Sent_pong;530;8D93
Dispatcher:8D93;270165;27936;256;0;2;206;255;479;530
Listener:Sent_pong;530;67E2
Dispatcher:67E2;270211;25356;256;0;2;204;249;487;530
Listener:Sent_pong;531;F010
Dispatcher:F010;270251;33609;256;0;2;198;249;482;531
Listener:Sent_pong;531;FCED
Dispatcher:FCED;270278;24072;256;0;2;210;255;490;531
Listener:Sent_pong;531;2EDF
Dispatcher:2EDF;270317;25994;256;0;2;201;249;483;531
Listener:Sent_pong;531;0002
Dispatcher:0002;270370;27927;256;0;2;191;249;506;531
Listener:Sent_pong;530;CE13
Dispatcher:CE13;270400;26327;256;0;2;195;249;491;530
Listener:Sent_pong;531;904F
Dispatcher:904F;270448;39088;256;0;2;193;255;506;531
Listener:Sent_pong;531;C323
Dispatcher:C323;270474;29564;256;0;2;204;249;494;531
Listener:Sent_pong;531;9375
Dispatcher:9375;270518;28892;256;0;2;207;255;495;531
Listener:Sent_pong;531;E934
Dispatcher:E934;270569;27600;256;0;2;201;249;495;531
Listener:Sent_pong;531;A78F
Dispatcher:A78F;270602;29195;256;0;2;201;249;487;531
Listener:Sent_pong;532;A7E4
Dispatcher:A7E4;270671;27245;256;0;2;207;255;500;532
Listener:Sent_pong;531;8D93
Dispatcher:8D93;270673;23759;256;0;2;206;255;480;531
Listener:Sent_pong;531;67E2
Dispatcher:67E2;270719;24408;256;0;2;204;249;488;531
Listener:Sent_pong;532;F010
Dispatcher:F010;270759;26633;256;0;2;198;249;483;532
Listener:Sent_pong;532;FCED
Dispatcher:FCED;270785;26961;256;0;2;210;255;491;532
Listener:Sent_pong;532;2EDF
Dispatcher:2EDF;270825;26358;256;0;2;201;249;484;532
Listener:Sent_pong;532;0002
Dispatcher:0002;270879;27269;256;0;2;191;249;507;532
Listener:Sent_pong;531;CE13
Dispatcher:CE13;270908;25371;256;0;2;195;249;492;531
Listener:Sent_pong;532;904F
Dispatcher:904F;270955;27848;256;0;2;193;255;507;532
Listener:Sent_pong;532;C323
Dispatcher:C323;270982;29210;256;0;2;204;249;495;532
Listener:Sent_pong;532;9375
Dispatcher:9375;271025;28244;256;0;2;207;255;496;532
Listener:Sent_pong;532;E934
Dispatcher:E934;271077;25998;256;0;2;201;249;496;532
Listener:Sent_pong;532;A78F
Dispatcher:A78F;271111;29177;256;0;2;201;249;488;532
Listener:Sent_pong;533;A7E4
Dispatcher:A7E4;271178;26277;256;0;2;207;255;501;533
Listener:Sent_pong;532;8D93
Dispatcher:8D93;271180;24086;256;0;2;206;255;481;532
Listener:Sent_pong;532;67E2
Dispatcher:67E2;271226;23412;256;0;2;204;249;489;532
Listener:Sent_pong;533;F010
Dispatcher:F010;271267;28021;256;0;2;198;249;484;533
Listener:Sent_pong;533;2EDF
Dispatcher:2EDF;271331;25688;256;0;2;201;249;485;533
Listener:Sent_pong;533;0002
Dispatcher:0002;271386;25011;256;0;2;191;249;508;533
Listener:Sent_pong;532;CE13
Dispatcher:CE13;271415;25347;256;0;2;195;249;493;532
Listener:Sent_pong;533;904F
Dispatcher:904F;271462;24710;256;0;2;193;255;508;533
Listener:Sent_pong;533;C323
Dispatcher:C323;271491;29830;256;0;2;204;249;496;533
Listener:Sent_pong;533;9375
Dispatcher:9375;271532;26282;256;0;2;207;255;497;533
Listener:Sent_pong;533;E934
Dispatcher:E934;271584;36402;256;0;2;201;249;497;533
Listener:Sent_pong;533;A78F
Dispatcher:A78F;271620;26947;256;0;2;201;249;489;533
Listener:Sent_pong;534;A7E4
Dispatcher:A7E4;271687;26634;256;0;2;207;255;502;534
Listener:Sent_pong;533;8D93
Dispatcher:8D93;271687;24086;256;0;2;206;255;481;533
Listener:Sent_pong;533;67E2
Dispatcher:67E2;271754;64222;256;0;2;204;249;490;533
Listener:Sent_pong;534;F010
Dispatcher:F010;271799;58845;256;0;2;198;249;485;534
Listener:Sent_pong;534;FCED
Dispatcher:FCED;271831;29499;256;0;2;210;255;492;534
Listener:Sent_pong;534;0002
Dispatcher:0002;271893;31113;256;0;2;191;249;509;534
Listener:Sent_pong;533;CE13
Dispatcher:CE13;271925;28815;256;0;2;195;249;494;533
Listener:Sent_pong;534;904F
Dispatcher:904F;271969;26332;256;0;2;193;255;509;534
Listener:Sent_pong;534;C323
Dispatcher:C323;271999;29778;256;0;2;204;249;497;534
Listener:Sent_pong;534;9375
Dispatcher:9375;272040;26306;256;0;2;207;255;498;534
Listener:Sent_pong;534;E934
Dispatcher:E934;272092;39210;256;0;2;201;249;498;534
Listener:Sent_pong;534;A78F
Dispatcher:A78F;272128;28561;256;0;2;201;249;490;534
Listener:Sent_pong;534;8D93
Dispatcher:8D93;272196;25686;256;0;2;206;255;482;534
Listener:Sent_pong;534;67E2
Dispatcher:67E2;272262;28548;256;0;2;204;249;491;534
Listener:Sent_pong;535;F010
Dispatcher:F010;272306;33837;256;0;2;198;249;486;535
Listener:Sent_pong;535;2EDF
Dispatcher:2EDF;272348;46766;256;0;2;201;249;486;535
Listener:Sent_pong;535;FCED
Dispatcher:FCED;272338;49058;256;0;2;210;255;493;535
Listener:Sent_pong;535;0002
Dispatcher:0002;272400;24367;256;0;2;191;249;510;535
Listener:Sent_pong;534;CE13
Dispatcher:CE13;272433;27275;256;0;2;195;249;495;534
Listener:Sent_pong;535;904F
Dispatcher:904F;272477;27908;256;0;2;193;255;510;535
Listener:Sent_pong;535;C323
Dispatcher:C323;272507;36914;256;0;2;204;249;498;535
Listener:Sent_pong;535;9375
Dispatcher:9375;272549;28858;256;0;2;207;255;499;535
Listener:Sent_pong;535;E934
Dispatcher:E934;272599;39210;256;0;2;201;249;498;535
Listener:Sent_pong;535;A78F
Dispatcher:A78F;272659;28561;256;0;2;201;249;490;535
Listener:Sent_pong;535;8D93
Dispatcher:8D93;272704;27327;256;0;2;206;255;483;535
Listener:Sent_pong;535;67E2
Dispatcher:67E2;272770;27292;256;0;2;204;249;492;535
Listener:Sent_pong;536;F010
Dispatcher:F010;272815;27263;256;0;2;198;249;487;536
Listener:Sent_pong;536;FCED
Dispatcher:FCED;272847;48611;256;0;2;210;255;494;536
Listener:Sent_pong;536;2EDF
Dispatcher:2EDF;272858;26568;256;0;2;201;249;487;536
Listener:Sent_pong;536;0002
Dispatcher:0002;272909;25999;256;0;2;191;249;511;536
Listener:Sent_pong;535;CE13
Dispatcher:CE13;272940;27615;256;0;2;195;249;496;535
Listener:Sent_pong;536;904F
Dispatcher:904F;272986;26310;256;0;2;193;255;511;536
Listener:Sent_pong;536;C323
Dispatcher:C323;273016;26638;256;0;2;204;249;499;536
Listener:Sent_pong;536;9375
Dispatcher:9375;273057;25980;256;0;2;207;255;500;536
Listener:Sent_pong;536;E934
Dispatcher:E934;273112;33852;256;0;2;201;249;499;536
Listener:Sent_pong;536;A78F
Dispatcher:A78F;273166;28561;256;0;2;201;249;490;536
Listener:Sent_pong;537;A7E4
Dispatcher:A7E4;273229;26000;256;0;2;207;255;503;537
Listener:Sent_pong;536;8D93
Dispatcher:8D93;273218;30952;256;0;2;206;255;484;536
Listener:Sent_pong;536;67E2
Dispatcher:67E2;273277;25684;256;0;2;204;249;493;536
Listener:Sent_pong;537;F010
Dispatcher:F010;273322;25371;256;0;2;198;249;488;537
Listener:Sent_pong;537;FCED
Dispatcher:FCED;273355;31183;256;0;2;210;255;495;537
Listener:Sent_pong;537;2EDF
Dispatcher:2EDF;273387;47886;256;0;2;201;249;488;537
Listener:Sent_pong;537;0002
Dispatcher:0002;273417;28547;256;0;2;191;249;512;537
Listener:Sent_pong;536;CE13
Dispatcher:CE13;273448;28871;256;0;2;195;249;497;536
Listener:Sent_pong;537;904F
Dispatcher:904F;273493;24408;256;0;2;193;255;512;537
Listener:Sent_pong;537;C323
Dispatcher:C323;273524;26006;256;0;2;204;249;500;537
Listener:Sent_pong;537;9375
Dispatcher:9375;273564;39380;256;0;2;207;255;501;537
Listener:Sent_pong;537;E934
Dispatcher:E934;273621;27646;256;0;2;201;249;500;537
Listener:Sent_pong;537;A78F
Dispatcher:A78F;273673;30301;256;0;2;201;249;491;537
Listener:Sent_pong;538;A7E4
Dispatcher:A7E4;273737;27940;256;0;2;207;255;504;538
Listener:Sent_pong;537;8D93
Dispatcher:8D93;273730;29449;256;0;2;206;255;485;537
Listener:Sent_pong;537;67E2
Dispatcher:67E2;273785;28870;256;0;2;204;249;494;537
Listener:Sent_pong;538;F010
Dispatcher:F010;273828;25677;256;0;2;198;249;489;538
Listener:Sent_pong;538;FCED
Dispatcher:FCED;273862;26626;256;0;2;210;255;496;538
Listener:Sent_pong;538;2EDF
Dispatcher:2EDF;273894;25064;256;0;2;201;249;489;538
Listener:Sent_pong;538;0002
Dispatcher:0002;273924;25677;256;0;2;191;249;513;538
Listener:Sent_pong;537;CE13
Dispatcher:CE13;273955;27593;256;0;2;195;249;498;537
Listener:Sent_pong;538;904F
Dispatcher:904F;274001;26016;256;0;2;193;255;513;538
Listener:Sent_pong;538;C323
Dispatcher:C323;274033;28580;256;0;2;204;249;501;538
Listener:Sent_pong;538;9375
Dispatcher:9375;274071;25060;256;0;2;207;255;502;538
Listener:Sent_pong;538;E934
Dispatcher:E934;274129;26332;256;0;2;201;249;501;538
Listener:Sent_pong;538;A78F
Dispatcher:A78F;274180;25661;256;0;2;201;249;492;538
Listener:Sent_pong;539;A7E4
Dispatcher:A7E4;274245;28288;256;0;2;207;255;505;539
Listener:Sent_pong;538;8D93
Dispatcher:8D93;274237;26807;256;0;2;206;255;486;538
Listener:Sent_pong;538;67E2
Dispatcher:67E2;274293;29508;256;0;2;204;249;495;538
Listener:Sent_pong;539;F010
Dispatcher:F010;274335;24703;256;0;2;198;249;490;539
Listener:Sent_pong;539;FCED
Dispatcher:FCED;274370;27913;256;0;2;210;255;497;539
Listener:Sent_pong;539;2EDF
Dispatcher:2EDF;274400;29362;256;0;2;201;249;490;539
Listener:Sent_pong;539;0002
Dispatcher:0002;274432;26333;256;0;2;191;249;514;539
Listener:Sent_pong;538;CE13
Dispatcher:CE13;274462;25981;256;0;2;195;249;499;538
Listener:Sent_pong;539;904F
Dispatcher:904F;274509;31696;256;0;2;193;255;514;539
Listener:Sent_pong;539;C323
Dispatcher:C323;274541;25996;256;0;2;204;249;502;539
Listener:Sent_pong;539;9375
Dispatcher:9375;274578;24398;256;0;2;207;255;503;539
Listener:Sent_pong;539;E934
Dispatcher:E934;274636;25686;256;0;2;201;249;502;539
Listener:Sent_pong;539;A78F
Dispatcher:A78F;274687;27611;256;0;2;201;249;493;539
Listener:Sent_pong;540;A7E4
Dispatcher:A7E4;274761;38641;256;0;2;207;255;506;540
Listener:Sent_pong;539;8D93
Dispatcher:8D93;274756;36186;256;0;2;206;255;487;539
Listener:Sent_pong;539;67E2
Dispatcher:67E2;274801;26298;256;0;2;204;249;496;539
Listener:Sent_pong;540;F010
Dispatcher:F010;274843;29525;256;0;2;198;249;491;540
Listener:Sent_pong;540;FCED
Dispatcher:FCED;274879;29219;256;0;2;210;255;498;540
Listener:Sent_pong;540;2EDF
Dispatcher:2EDF;274909;30060;256;0;2;201;249;491;540
Listener:Sent_pong;540;0002
Dispatcher:0002;274940;27277;256;0;2;191;249;515;540
Listener:Sent_pong;539;CE13
Dispatcher:CE13;274970;25985;256;0;2;195;249;500;539
Listener:Sent_pong;540;904F
Dispatcher:904F;275016;27614;256;0;2;193;255;515;540
Listener:Sent_pong;540;C323
Dispatcher:C323;275049;26966;256;0;2;204;249;503;540
Listener:Sent_pong;540;9375
Dispatcher:9375;275086;25992;256;0;2;207;255;504;540
Listener:Sent_pong;540;E934
Dispatcher:E934;275146;30932;256;0;2;201;249;503;540
Listener:Sent_pong;540;A78F
Dispatcher:A78F;275194;23765;256;0;2;201;249;494;540
Listener:Sent_pong;541;A7E4
Dispatcher:A7E4;275270;33261;256;0;2;207;255;507;541
Listener:Sent_pong;540;8D93
Dispatcher:8D93;275266;27409;256;0;2;206;255;488;540
Listener:Sent_pong;540;67E2
Dispatcher:67E2;275309;29178;256;0;2;204;249;497;540
Listener:Sent_pong;541;F010
Dispatcher:F010;275352;32809;256;0;2;198;249;492;541
Listener:Sent_pong;541;FCED
Dispatcher:FCED;275388;29848;256;0;2;210;255;499;541
Listener:Sent_pong;541;2EDF
Dispatcher:2EDF;275419;27914;256;0;2;201;249;492;541
Listener:Sent_pong;541;0002
Dispatcher:0002;275447;32953;256;0;2;191;249;516;541
Listener:Sent_pong;540;CE13
Dispatcher:CE13;275480;27895;256;0;2;195;249;501;540
Listener:Sent_pong;541;904F
Dispatcher:904F;275525;28856;256;0;2;193;255;516;541
Listener:Sent_pong;541;C323
Dispatcher:C323;275560;30608;256;0;2;204;249;504;541
Listener:Sent_pong;541;9375
Dispatcher:9375;275595;29186;256;0;2;207;255;505;541
Listener:Sent_pong;541;E934
Dispatcher:E934;275653;28556;256;0;2;201;249;504;541
Listener:Sent_pong;541;A78F
Dispatcher:A78F;275701;25683;256;0;2;201;249;495;541
Listener:Sent_pong;542;A7E4
Dispatcher:A7E4;275779;27241;256;0;2;207;255;508;542
Listener:Sent_pong;541;8D93
Dispatcher:8D93;275776;27557;256;0;2;206;255;489;541
Listener:Sent_pong;541;67E2
Dispatcher:67E2;275817;25972;256;0;2;204;249;498;541
Listener:Sent_pong;542;F010
Dispatcher:F010;275859;25363;256;0;2;198;249;493;542
Listener:Sent_pong;542;FCED
Dispatcher:FCED;275896;27912;256;0;2;210;255;500;542
Listener:Sent_pong;542;2EDF
Dispatcher:2EDF;275928;27666;256;0;2;201;249;493;542
Listener:Sent_pong;542;0002
Dispatcher:0002;275956;26315;256;0;2;191;249;517;542
Listener:Sent_pong;541;CE13
Dispatcher:CE13;275987;22481;256;0;2;195;249;502;541
Listener:Sent_pong;542;904F
Dispatcher:904F;276034;27606;256;0;2;193;255;517;542
Listener:Sent_pong;542;C323
Dispatcher:C323;276067;25998;256;0;2;204;249;505;542
Listener:Sent_pong;542;9375
Dispatcher:9375;276104;27254;256;0;2;207;255;506;542
Listener:Sent_pong;542;E934
Dispatcher:E934;276161;25380;256;0;2;201;249;505;542
Listener:Sent_pong;542;A78F
Dispatcher:A78F;276208;25343;256;0;2;201;249;496;542
Listener:Sent_pong;543;A7E4
Dispatcher:A7E4;276287;29172;256;0;2;207;255;509;543
Listener:Sent_pong;542;8D93
Dispatcher:8D93;276283;27557;256;0;2;206;255;489;542
Listener:Sent_pong;542;67E2
Dispatcher:67E2;276345;51644;256;0;2;204;249;499;542
Listener:Sent_pong;543;F010
Dispatcher:F010;276379;44468;256;0;2;198;249;494;543
Listener:Sent_pong;543;FCED
Dispatcher:FCED;276404;28482;256;0;2;210;255;501;543
Listener:Sent_pong;543;2EDF
Dispatcher:2EDF;276436;25848;256;0;2;201;249;494;543
Listener:Sent_pong;543;0002
Dispatcher:0002;276464;27275;256;0;2;191;249;518;543
Listener:Sent_pong;542;CE13
Dispatcher:CE13;276494;33287;256;0;2;195;249;503;542
Listener:Sent_pong;543;904F
Dispatcher:904F;276542;26954;256;0;2;193;255;518;543
Listener:Sent_pong;543;C323
Dispatcher:C323;276582;42900;256;0;2;204;249;506;543
Listener:Sent_pong;543;9375
Dispatcher:9375;276616;30676;256;0;2;207;255;507;543
Listener:Sent_pong;543;E934
Dispatcher:E934;276669;28230;256;0;2;201;249;506;543
Listener:Sent_pong;543;A78F
Dispatcher:A78F;276715;25341;256;0;2;201;249;497;543
Listener:Sent_pong;544;A7E4
Dispatcher:A7E4;276796;27909;256;0;2;207;255;510;544
Listener:Sent_pong;543;8D93
Dispatcher:8D93;276790;26667;256;0;2;206;255;490;543
Listener:Sent_pong;543;67E2
Dispatcher:67E2;276854;29486;256;0;2;204;249;500;543
Listener:Sent_pong;544;F010
Dispatcher:F010;276887;25043;256;0;2;198;249;495;544
Listener:Sent_pong;544;FCED
Dispatcher:FCED;276911;24518;256;0;2;210;255;502;544
Listener:Sent_pong;544;2EDF
Dispatcher:2EDF;276943;23448;256;0;2;201;249;495;544
Listener:Sent_pong;544;0002
Dispatcher:0002;276973;28879;256;0;2;191;249;519;544
Listener:Sent_pong;543;CE13
Dispatcher:CE13;277001;29861;256;0;2;195;249;504;543
Listener:Sent_pong;544;904F
Dispatcher:904F;277058;35654;256;0;2;193;255;519;544
Listener:Sent_pong;544;C323
Dispatcher:C323;277091;26332;256;0;2;204;249;507;544
Listener:Sent_pong;544;9375
Dispatcher:9375;277127;28660;256;0;2;207;255;508;544
Listener:Sent_pong;544;E934
Dispatcher:E934;277176;26640;256;0;2;201;249;507;544
Listener:Sent_pong;544;A78F
Dispatcher:A78F;277224;30725;256;0;2;201;249;498;544
Listener:Sent_pong;545;A7E4
Dispatcher:A7E4;277303;26953;256;0;2;207;255;511;545
Listener:Sent_pong;544;8D93
Dispatcher:8D93;277298;26005;256;0;2;206;255;491;544
Listener:Sent_pong;544;67E2
Dispatcher:67E2;277363;29830;256;0;2;204;249;501;544
Listener:Sent_pong;545;F010
Dispatcher:F010;277395;29610;256;0;2;198;249;496;545
Listener:Sent_pong;545;FCED
Dispatcher:FCED;277418;24736;256;0;2;210;255;503;545
Listener:Sent_pong;545;2EDF
Dispatcher:2EDF;277450;28252;256;0;2;201;249;496;545
Listener:Sent_pong;544;CE13
Dispatcher:CE13;277511;29973;256;0;2;195;249;505;544
Listener:Sent_pong;545;904F
Dispatcher:904F;277566;24732;256;0;2;193;255;520;545
Listener:Sent_pong;545;C323
Dispatcher:C323;277599;26648;256;0;2;204;249;508;545
Listener:Sent_pong;545;9375
Dispatcher:9375;277636;49744;256;0;2;207;255;509;545
Listener:Sent_pong;545;E934
Dispatcher:E934;277689;28364;256;0;2;201;249;508;545
Listener:Sent_pong;545;A78F
Dispatcher:A78F;277731;26007;256;0;2;201;249;499;545
Listener:Sent_pong;546;A7E4
Dispatcher:A7E4;277810;25678;256;0;2;207;255;512;546
Listener:Sent_pong;545;8D93
Dispatcher:8D93;277805;27297;256;0;2;206;255;492;545
Listener:Sent_pong;545;67E2
Dispatcher:67E2;277872;27918;256;0;2;204;249;502;545
Listener:Sent_pong;546;F010
Dispatcher:F010;277903;27015;256;0;2;198;249;497;546
Listener:Sent_pong;546;FCED
Dispatcher:FCED;277925;27595;256;0;2;210;255;504;546
Listener:Sent_pong;546;2EDF
Dispatcher:2EDF;277958;50372;256;0;2;201;249;497;546
Listener:Sent_pong;546;0002
Dispatcher:0002;278020;29853;256;0;2;191;249;520;546
Listener:Sent_pong;546;904F
Dispatcher:904F;278073;28550;256;0;2;193;255;521;546
Listener:Sent_pong;546;C323
Dispatcher:C323;278107;26016;256;0;2;204;249;509;546
Listener:Sent_pong;546;9375
Dispatcher:9375;278143;27930;256;0;2;207;255;510;546
Listener:Sent_pong;546;E934
Dispatcher:E934;278196;29342;256;0;2;201;249;509;546
Listener:Sent_pong;546;A78F
Dispatcher:A78F;278238;24727;256;0;2;201;249;500;546
Listener:Sent_pong;547;A7E4
Dispatcher:A7E4;278317;25012;256;0;2;207;255;513;547
Listener:Sent_pong;546;8D93
Dispatcher:8D93;278313;25698;256;0;2;206;255;493;546
Listener:Sent_pong;546;67E2
Dispatcher:67E2;278379;28538;256;0;2;204;249;503;546
Listener:Sent_pong;547;F010
Dispatcher:F010;278411;29171;256;0;2;198;249;498;547
Listener:Sent_pong;547;FCED
Dispatcher:FCED;278434;26106;256;0;2;210;255;505;547
Listener:Sent_pong;547;2EDF
Dispatcher:2EDF;278466;26688;256;0;2;201;249;498;547
Listener:Sent_pong;547;0002
Dispatcher:0002;278528;44681;256;0;2;191;249;521;547
Listener:Sent_pong;547;904F
Dispatcher:904F;278581;34538;256;0;2;193;255;522;547
Listener:Sent_pong;547;C323
Dispatcher:C323;278615;25982;256;0;2;204;249;510;547
Listener:Sent_pong;547;9375
Dispatcher:9375;278652;27602;256;0;2;207;255;511;547
Listener:Sent_pong;547;E934
Dispatcher:E934;278704;34148;256;0;2;201;249;510;547
Listener:Sent_pong;547;A78F
Dispatcher:A78F;278745;38669;256;0;2;201;249;501;547
Listener:Sent_pong;548;A7E4
Dispatcher:A7E4;278833;36424;256;0;2;207;255;514;548
Listener:Sent_pong;547;8D93
Dispatcher:8D93;278826;31259;256;0;2;206;255;494;547
Listener:Sent_pong;547;67E2
Dispatcher:67E2;278888;29268;256;0;2;204;249;504;547
Listener:Sent_pong;548;F010
Dispatcher:F010;278920;29969;256;0;2;198;249;499;548
Listener:Sent_pong;548;FCED
Dispatcher:FCED;278943;28940;256;0;2;210;255;506;548
Listener:Sent_pong;548;2EDF
Dispatcher:2EDF;278974;28592;256;0;2;201;249;499;548
Listener:Sent_pong;548;0002
Dispatcher:0002;279036;50085;256;0;2;191;249;522;548
Listener:Sent_pong;547;CE13
Dispatcher:CE13;279048;39565;256;0;2;195;249;506;547
Listener:Sent_pong;548;904F
Dispatcher:904F;279088;26960;256;0;2;193;255;523;548
Listener:Sent_pong;548;C323
Dispatcher:C323;279122;26648;256;0;2;204;249;511;548
Listener:Sent_pong;548;9375
Dispatcher:9375;279160;27914;256;0;2;207;255;512;548
Listener:Sent_pong;548;E934
Dispatcher:E934;279221;38190;256;0;2;201;249;511;548
Listener:Sent_pong;548;A78F
Dispatcher:A78F;279253;25041;256;0;2;201;249;502;548
Listener:Sent_pong;549;A7E4
Dispatcher:A7E4;279340;25150;256;0;2;207;255;515;549
Listener:Sent_pong;548;8D93
Dispatcher:8D93;279332;22188;256;0;2;206;255;495;548
Listener:Sent_pong;548;67E2
Dispatcher:67E2;279395;22472;256;0;2;204;249;505;548
Listener:Sent_pong;549;F010
Dispatcher:F010;279430;30931;256;0;2;198;249;500;549
Listener:Sent_pong;549;FCED
Dispatcher:FCED;279453;29972;256;0;2;210;255;507;549
Listener:Sent_pong;549;2EDF
Dispatcher:2EDF;279484;29132;256;0;2;201;249;500;549
Listener:Sent_pong;549;0002
Dispatcher:0002;279545;26313;256;0;2;191;249;523;549
Listener:Sent_pong;549;904F
Dispatcher:904F;279616;42164;256;0;2;193;255;524;549
Listener:Sent_pong;549;C323
Dispatcher:C323;279644;44190;256;0;2;204;249;512;549
Listener:Sent_pong;549;9375
Dispatcher:9375;279670;27860;256;0;2;207;255;513;549
Listener:Sent_pong;549;E934
Dispatcher:E934;279730;35264;256;0;2;201;249;512;549
Listener:Sent_pong;549;A78F
Dispatcher:A78F;279760;24733;256;0;2;201;249;503;549
Listener:Sent_pong;550;A7E4
Dispatcher:A7E4;279848;27888;256;0;2;207;255;516;550
Listener:Sent_pong;549;8D93
Dispatcher:8D93;279848;34505;256;0;2;206;255;496;549
Listener:Sent_pong;549;67E2
Dispatcher:67E2;279901;26910;256;0;2;204;249;506;549
Listener:Sent_pong;550;F010
Dispatcher:F010;279938;29509;256;0;2;198;249;501;550
Listener:Sent_pong;550;FCED
Dispatcher:FCED;279961;26883;256;0;2;210;255;508;550
Listener:Sent_pong;550;2EDF
Dispatcher:2EDF;279992;25704;256;0;2;201;249;501;550
Listener:Sent_pong;550;0002
Dispatcher:0002;280056;29653;256;0;2;189;249;524;550
Listener:Sent_pong;549;CE13
Dispatcher:CE13;280091;58345;256;0;2;195;249;507;549
Listener:Sent_pong;550;904F
Dispatcher:904F;280124;25388;256;0;2;193;255;525;550
Listener:Sent_pong;550;C323
Dispatcher:C323;280157;31818;256;0;2;204;249;513;550
Listener:Sent_pong;550;9375
Dispatcher:9375;280183;29050;256;0;2;207;255;514;550
Listener:Sent_pong;550;E934
Dispatcher:E934;280237;24100;256;0;2;201;249;513;550
Listener:Sent_pong;550;A78F
Dispatcher:A78F;280268;25675;256;0;2;201;249;504;550
Listener:Sent_pong;551;A7E4
Dispatcher:A7E4;280356;27588;256;0;2;207;255;517;551
Listener:Sent_pong;550;8D93
Dispatcher:8D93;280357;35538;256;0;2;206;255;497;550
Listener:Sent_pong;550;67E2
Dispatcher:67E2;280410;26646;256;0;2;204;249;507;550
Listener:Sent_pong;551;F010
Dispatcher:F010;280445;25827;256;0;2;198;249;502;551
Listener:Sent_pong;551;FCED
Dispatcher:FCED;280471;30106;256;0;2;210;255;509;551
Listener:Sent_pong;551;2EDF
Dispatcher:2EDF;280500;26244;256;0;2;201;249;502;551
Listener:Sent_pong;551;0002
Dispatcher:0002;280564;25949;256;0;2;189;249;525;551
Listener:Sent_pong;550;CE13
Dispatcher:CE13;280599;25033;256;0;2;195;249;508;550
Listener:Sent_pong;551;904F
Dispatcher:904F;280632;25714;256;0;2;193;255;526;551
Listener:Sent_pong;551;C323
Dispatcher:C323;280665;31818;256;0;2;204;249;513;551
Listener:Sent_pong;551;9375
Dispatcher:9375;280704;40828;256;0;2;207;255;515;551
Listener:Sent_pong;551;E934
Dispatcher:E934;280744;22512;256;0;2;201;249;514;551
Listener:Sent_pong;551;A78F
Dispatcher:A78F;280777;44149;256;0;2;201;249;505;551
Listener:Sent_pong;552;A7E4
Dispatcher:A7E4;280865;29471;256;0;2;207;255;518;552
Listener:Sent_pong;551;8D93
Dispatcher:8D93;280864;27592;256;0;2;206;255;498;551
Listener:Sent_pong;551;67E2
Dispatcher:67E2;280916;22782;256;0;2;204;249;508;551
Listener:Sent_pong;552;F010
Dispatcher:F010;280954;27583;256;0;2;198;249;503;552
Listener:Sent_pong;552;FCED
Dispatcher:FCED;280980;28873;256;0;2;210;255;510;552
Listener:Sent_pong;552;2EDF
Dispatcher:2EDF;281010;28092;256;0;2;201;249;503;552
Listener:Sent_pong;552;0002
Dispatcher:0002;281072;24057;256;0;2;189;249;526;552
Listener:Sent_pong;551;CE13
Dispatcher:CE13;281106;25983;256;0;2;195;249;509;551
Listener:Sent_pong;552;904F
Dispatcher:904F;281139;26664;256;0;2;193;255;527;552
Listener:Sent_pong;552;C323
Dispatcher:C323;281178;30300;256;0;2;204;249;514;552
Listener:Sent_pong;552;9375
Dispatcher:9375;281212;28566;256;0;2;207;255;516;552
Listener:Sent_pong;552;E934
Dispatcher:E934;281251;24402;256;0;2;201;249;515;552
Listener:Sent_pong;552;A78F
Dispatcher:A78F;281284;26325;256;0;2;201;249;506;552
Listener:Sent_pong;553;A7E4
Dispatcher:A7E4;281373;29171;256;0;2;207;255;519;553
Listener:Sent_pong;552;8D93
Dispatcher:8D93;281371;27949;256;0;2;206;255;499;552
Listener:Sent_pong;552;67E2
Dispatcher:67E2;281424;28530;256;0;2;204;249;509;552
Listener:Sent_pong;553;F010
Dispatcher:F010;281462;28241;256;0;2;198;249;504;553
Listener:Sent_pong;553;FCED
Dispatcher:FCED;281487;27581;256;0;2;210;255;511;553
Listener:Sent_pong;553;2EDF
Dispatcher:2EDF;281521;28718;256;0;2;201;249;504;553
Listener:Sent_pong;553;0002
Dispatcher:0002;281580;27091;256;0;2;189;249;527;553
Listener:Sent_pong;552;CE13
Dispatcher:CE13;281614;29329;256;0;2;195;249;510;552
Listener:Sent_pong;553;904F
Dispatcher:904F;281648;24730;256;0;2;193;255;528;553
Listener:Sent_pong;553;C323
Dispatcher:C323;281685;26328;256;0;2;204;249;515;553
Listener:Sent_pong;553;9375
Dispatcher:9375;281720;28558;256;0;2;207;255;517;553
Listener:Sent_pong;553;E934
Dispatcher:E934;281759;23744;256;0;2;201;249;516;553
Listener:Sent_pong;553;A78F
Dispatcher:A78F;281792;23767;256;0;2;201;249;507;553
Listener:Sent_pong;554;A7E4
Dispatcher:A7E4;281882;25988;256;0;2;207;255;520;554
Listener:Sent_pong;553;8D93
Dispatcher:8D93;281880;29543;256;0;2;206;255;500;553
Listener:Sent_pong;553;67E2
Dispatcher:67E2;281931;27872;256;0;2;204;249;510;553
Listener:Sent_pong;554;F010
Dispatcher:F010;281969;26321;256;0;2;198;249;505;554
Listener:Sent_pong;554;FCED
Dispatcher:FCED;281995;25362;256;0;2;210;255;512;554
Listener:Sent_pong;554;2EDF
Dispatcher:2EDF;282030;28718;256;0;2;201;249;504;554
Listener:Sent_pong;554;0002
Dispatcher:0002;282089;29517;256;0;2;189;249;528;554
Listener:Sent_pong;553;CE13
Dispatcher:CE13;282123;31561;256;0;2;195;249;511;553
Listener:Sent_pong;554;904F
Dispatcher:904F;282157;31126;256;0;2;193;255;529;554
Listener:Sent_pong;554;C323
Dispatcher:C323;282194;28260;256;0;2;204;249;516;554
Listener:Sent_pong;554;9375
Dispatcher:9375;282227;31860;256;0;2;207;255;518;554
Listener:Sent_pong;554;E934
Dispatcher:E934;282266;27924;256;0;2;201;249;517;554
Listener:Sent_pong;554;A78F
Dispatcher:A78F;282299;25339;256;0;2;201;249;508;554
Listener:Sent_pong;555;A7E4
Dispatcher:A7E4;282390;25354;256;0;2;207;255;521;555
Listener:Sent_pong;554;8D93
Dispatcher:8D93;282388;23749;256;0;2;206;255;501;554
Listener:Sent_pong;554;67E2
Dispatcher:67E2;282440;29606;256;0;2;204;249;511;554
Listener:Sent_pong;555;F010
Dispatcher:F010;282477;28869;256;0;2;198;249;506;555
Listener:Sent_pong;555;FCED
Dispatcher:FCED;282502;24406;256;0;2;210;255;513;555
Listener:Sent_pong;555;2EDF
Dispatcher:2EDF;282537;25706;256;0;2;201;249;505;555
Listener:Sent_pong;555;0002
Dispatcher:0002;282598;28217;256;0;2;189;249;529;555
Listener:Sent_pong;554;CE13
Dispatcher:CE13;282631;24729;256;0;2;195;249;512;554
Listener:Sent_pong;555;904F
Dispatcher:904F;282666;35492;256;0;2;193;255;530;555
Listener:Sent_pong;555;C323
Dispatcher:C323;282701;25660;256;0;2;204;249;517;555
Listener:Sent_pong;555;9375
Dispatcher:9375;282736;28860;256;0;2;207;255;519;555
Listener:Sent_pong;555;E934
Dispatcher:E934;282775;27298;256;0;2;201;249;518;555
Listener:Sent_pong;555;A78F
Dispatcher:A78F;282806;25033;256;0;2;201;249;509;555
Listener:Sent_pong;556;A7E4
Dispatcher:A7E4;282898;31570;256;0;2;207;255;522;556
Listener:Sent_pong;555;8D93
Dispatcher:8D93;282895;27279;256;0;2;206;255;502;555
Listener:Sent_pong;555;67E2
Dispatcher:67E2;282948;27052;256;0;2;204;249;512;555
Listener:Sent_pong;556;F010
Dispatcher:F010;282986;30777;256;0;2;198;249;507;556
Listener:Sent_pong;556;2EDF
Dispatcher:2EDF;283046;27930;256;0;2;201;249;506;556
Listener:Sent_pong;556;0002
Dispatcher:0002;283106;27591;256;0;2;189;249;530;556
Listener:Sent_pong;555;CE13
Dispatcher:CE13;283139;29493;256;0;2;195;249;513;555
Listener:Sent_pong;556;904F
Dispatcher:904F;283174;26950;256;0;2;193;255;531;556
Listener:Sent_pong;556;C323
Dispatcher:C323;283208;24740;256;0;2;204;249;518;556
Listener:Sent_pong;556;9375
Dispatcher:9375;283245;30132;256;0;2;207;255;520;556
Listener:Sent_pong;556;E934
Dispatcher:E934;283283;32008;256;0;2;201;249;519;556
Listener:Sent_pong;556;A78F
Dispatcher:A78F;283315;26967;256;0;2;201;249;510;556
Listener:Sent_pong;557;A7E4
Dispatcher:A7E4;283406;31548;256;0;2;207;255;523;557
Listener:Sent_pong;556;8D93
Dispatcher:8D93;283404;27986;256;0;2;206;255;503;556
Listener:Sent_pong;556;67E2
Dispatcher:67E2;283456;25676;256;0;2;204;249;513;556
Listener:Sent_pong;557;F010
Dispatcher:F010;283494;30777;256;0;2;198;249;507;557
Listener:Sent_pong;557;FCED
Dispatcher:FCED;283548;27918;256;0;2;210;255;514;557
Listener:Sent_pong;557;0002
Dispatcher:0002;283614;25043;256;0;2;189;249;531;557
Listener:Sent_pong;556;CE13
Dispatcher:CE13;283648;27255;256;0;2;195;249;514;556
Listener:Sent_pong;557;904F
Dispatcher:904F;283682;26312;256;0;2;193;255;532;557
Listener:Sent_pong;557;C323
Dispatcher:C323;283717;27924;256;0;2;204;249;519;557
Listener:Sent_pong;557;9375
Dispatcher:9375;283752;25652;256;0;2;207;255;521;557
Listener:Sent_pong;557;E934
Dispatcher:E934;283791;28254;256;0;2;201;249;520;557
Listener:Sent_pong;557;A78F
Dispatcher:A78F;283822;24737;256;0;2;201;249;511;557
Listener:Sent_pong;558;A7E4
Dispatcher:A7E4;283913;27252;256;0;2;207;255;524;558
Listener:Sent_pong;557;8D93
Dispatcher:8D93;283920;36294;256;0;2;206;255;504;557
Listener:Sent_pong;557;67E2
Dispatcher:67E2;283964;26954;256;0;2;204;249;514;557
Listener:Sent_pong;558;F010
Dispatcher:F010;284002;25697;256;0;2;198;249;508;558
Listener:Sent_pong;558;FCED
Dispatcher:FCED;284056;48868;256;0;2;210;255;515;558
Listener:Sent_pong;558;2EDF
Dispatcher:2EDF;284095;37322;256;0;2;201;249;507;558
Listener:Sent_pong;558;0002
Dispatcher:0002;284128;30537;256;0;2;189;249;532;558
Listener:Sent_pong;557;CE13
Dispatcher:CE13;284157;25673;256;0;2;195;249;515;557
Listener:Sent_pong;558;904F
Dispatcher:904F;284189;26318;256;0;2;193;255;533;558
Listener:Sent_pong;558;C323
Dispatcher:C323;284231;32524;256;0;2;204;249;520;558
Listener:Sent_pong;558;9375
Dispatcher:9375;284260;27918;256;0;2;207;255;522;558
Listener:Sent_pong;558;E934
Dispatcher:E934;284300;30128;256;0;2;201;249;521;558
Listener:Sent_pong;558;A78F
Dispatcher:A78F;284337;34987;256;0;2;201;249;512;558
Listener:Sent_pong;559;A7E4
Dispatcher:A7E4;284422;28833;256;0;2;207;255;525;559
Listener:Sent_pong;558;8D93
Dispatcher:8D93;284428;47191;256;0;2;206;255;505;558
Listener:Sent_pong;558;67E2
Dispatcher:67E2;284472;27302;256;0;2;204;249;515;558
Listener:Sent_pong;559;F010
Dispatcher:F010;284511;27925;256;0;2;198;249;509;559
Listener:Sent_pong;559;FCED
Dispatcher:FCED;284564;26661;256;0;2;210;255;516;559
Listener:Sent_pong;559;2EDF
Dispatcher:2EDF;284602;28556;256;0;2;201;249;508;559
Listener:Sent_pong;559;0002
Dispatcher:0002;284635;30583;256;0;2;189;249;533;559
Listener:Sent_pong;558;CE13
Dispatcher:CE13;284666;26913;256;0;2;195;249;516;558
Listener:Sent_pong;559;904F
Dispatcher:904F;284697;26002;256;0;2;193;255;534;559
Listener:Sent_pong;559;C323
Dispatcher:C323;284740;34230;256;0;2;204;249;521;559
Listener:Sent_pong;559;9375
Dispatcher:9375;284772;29190;256;0;2;207;255;523;559
Listener:Sent_pong;559;E934
Dispatcher:E934;284809;30612;256;0;2;201;249;522;559
Listener:Sent_pong;559;A78F
Dispatcher:A78F;284844;46931;256;0;2;201;249;513;559
Listener:Sent_pong;560;A7E4
Dispatcher:A7E4;284930;27574;256;0;2;207;255;526;560
Listener:Sent_pong;559;8D93
Dispatcher:8D93;284935;25684;256;0;2;206;255;506;559
Listener:Sent_pong;559;67E2
Dispatcher:67E2;284980;28890;256;0;2;204;249;516;559
Listener:Sent_pong;560;F010
Dispatcher:F010;285020;28841;256;0;2;198;249;510;560
Listener:Sent_pong;560;FCED
Dispatcher:FCED;285072;27606;256;0;2;210;255;517;560
Listener:Sent_pong;560;2EDF
Dispatcher:2EDF;285109;26340;256;0;2;201;249;509;560
Listener:Sent_pong;560;0002
Dispatcher:0002;285142;26309;256;0;2;189;249;534;560
Listener:Sent_pong;559;CE13
Dispatcher:CE13;285175;28227;256;0;2;195;249;517;559
Listener:Sent_pong;560;904F
Dispatcher:904F;285204;24390;256;0;2;193;255;535;560
Listener:Sent_pong;560;C323
Dispatcher:C323;285249;26626;256;0;2;204;249;522;560
Listener:Sent_pong;560;9375
Dispatcher:9375;285280;25412;256;0;2;207;255;524;560
Listener:Sent_pong;560;E934
Dispatcher:E934;285316;26336;256;0;2;201;249;523;560
Listener:Sent_pong;560;A78F
Dispatcher:A78F;285351;24759;256;0;2;201;249;514;560
Listener:Sent_pong;561;A7E4
Dispatcher:A7E4;285439;28846;256;0;2;207;255;527;561
Listener:Sent_pong;560;8D93
Dispatcher:8D93;285443;28915;256;0;2;206;255;507;560
Listener:Sent_pong;560;67E2
Dispatcher:67E2;285488;27910;256;0;2;204;249;517;560
Listener:Sent_pong;561;F010
Dispatcher:F010;285527;27267;256;0;2;198;249;511;561
Listener:Sent_pong;561;FCED
Dispatcher:FCED;285579;23445;256;0;2;210;255;518;561
Listener:Sent_pong;561;2EDF
Dispatcher:2EDF;285618;27282;256;0;2;201;249;510;561
Listener:Sent_pong;561;0002
Dispatcher:0002;285656;31833;256;0;2;189;249;535;561
Listener:Sent_pong;560;CE13
Dispatcher:CE13;285684;32327;256;0;2;195;249;518;560
Listener:Sent_pong;561;904F
Dispatcher:904F;285711;25462;256;0;2;193;255;536;561
Listener:Sent_pong;561;C323
Dispatcher:C323;285757;26970;256;0;2;204;249;523;561
Listener:Sent_pong;561;9375
Dispatcher:9375;285787;29008;256;0;2;207;255;525;561
Listener:Sent_pong;561;E934
Dispatcher:E934;285824;27266;256;0;2;201;249;524;561
Listener:Sent_pong;561;A78F
Dispatcher:A78F;285859;25373;256;0;2;201;249;515;561
Listener:Sent_pong;562;A7E4
Dispatcher:A7E4;285947;26928;256;0;2;207;255;528;562
Listener:Sent_pong;561;8D93
Dispatcher:8D93;285952;27935;256;0;2;206;255;508;561
Listener:Sent_pong;561;67E2
Dispatcher:67E2;285995;22490;256;0;2;204;249;518;561
Listener:Sent_pong;562;F010
Dispatcher:F010;286035;24383;256;0;2;198;249;512;562
Listener:Sent_pong;562;FCED
Dispatcher:FCED;286086;25054;256;0;2;210;255;519;562
Listener:Sent_pong;562;2EDF
Dispatcher:2EDF;286126;27916;256;0;2;201;249;511;562
Listener:Sent_pong;562;0002
Dispatcher:0002;286164;27271;256;0;2;189;249;536;562
Listener:Sent_pong;561;CE13
Dispatcher:CE13;286191;24055;256;0;2;195;249;519;561
Listener:Sent_pong;562;904F
Dispatcher:904F;286218;25348;256;0;2;193;255;537;562
Listener:Sent_pong;562;C323
Dispatcher:C323;286264;23454;256;0;2;204;249;524;562
Listener:Sent_pong;562;9375
Dispatcher:9375;286294;26634;256;0;2;207;255;526;562
Listener:Sent_pong;562;E934
Dispatcher:E934;286331;27264;256;0;2;201;249;525;562
Listener:Sent_pong;562;A78F
Dispatcher:A78F;286367;26965;256;0;2;201;249;516;562
Listener:Sent_pong;563;A7E4
Dispatcher:A7E4;286457;30903;256;0;2;207;255;529;563
Listener:Sent_pong;562;8D93
Dispatcher:8D93;286460;28887;256;0;2;206;255;509;562
Listener:Sent_pong;562;67E2
Dispatcher:67E2;286502;27262;256;0;2;204;249;519;562
Listener:Sent_pong;563;F010
Dispatcher:F010;286542;25021;256;0;2;198;249;513;563
Listener:Sent_pong;563;FCED
Dispatcher:FCED;286593;25349;256;0;2;210;255;520;563
Listener:Sent_pong;563;2EDF
Dispatcher:2EDF;286638;30306;256;0;2;201;249;512;563
Listener:Sent_pong;562;CE13
Dispatcher:CE13;286698;25371;256;0;2;195;249;520;562
Listener:Sent_pong;563;C323
Dispatcher:C323;286771;26652;256;0;2;204;249;525;563
Listener:Sent_pong;563;9375
Dispatcher:9375;286802;26930;256;0;2;207;255;527;563
Listener:Sent_pong;563;E934
Dispatcher:E934;286845;34386;256;0;2;201;249;526;563
Listener:Sent_pong;563;A78F
Dispatcher:A78F;286875;27283;256;0;2;201;249;517;563
Listener:Sent_pong;564;A7E4
Dispatcher:A7E4;286964;32746;256;0;2;207;255;530;564
Listener:Sent_pong;563;8D93
Dispatcher:8D93;286967;25703;256;0;2;205;255;510;563
Listener:Sent_pong;563;67E2
Dispatcher:67E2;287011;27564;256;0;2;204;249;520;563
Listener:Sent_pong;564;F010
Dispatcher:F010;287049;30073;256;0;2;198;249;514;564
Listener:Sent_pong;564;FCED
Dispatcher:FCED;287100;26652;256;0;2;210;255;521;564
Listener:Sent_pong;564;2EDF
Dispatcher:2EDF;287146;30306;256;0;2;201;249;512;564
Listener:Sent_pong;563;CE13
Dispatcher:CE13;287206;49483;256;0;2;195;249;521;563
Listener:Sent_pong;564;904F
Dispatcher:904F;287246;33396;256;0;2;193;255;538;564
Listener:Sent_pong;564;C323
Dispatcher:C323;287279;25746;256;0;2;204;249;526;564
Listener:Sent_pong;564;9375
Dispatcher:9375;287310;29834;256;0;2;207;255;528;564
Listener:Sent_pong;564;E934
Dispatcher:E934;287354;36848;256;0;2;201;249;527;564
Listener:Sent_pong;564;A78F
Dispatcher:A78F;287385;30269;256;0;2;201;249;518;564
Listener:Sent_pong;565;A7E4
Dispatcher:A7E4;287471;26620;256;0;2;207;255;531;565
Listener:Sent_pong;564;8D93
Dispatcher:8D93;287476;28274;256;0;2;205;255;511;564
Listener:Sent_pong;564;67E2
Dispatcher:67E2;287519;25346;256;0;2;204;249;521;564
Listener:Sent_pong;565;F010
Dispatcher:F010;287558;36087;256;0;2;198;249;515;565
Listener:Sent_pong;565;FCED
Dispatcher:FCED;287608;29328;256;0;2;210;255;522;565
Listener:Sent_pong;565;2EDF
Dispatcher:2EDF;287653;27644;256;0;2;201;249;513;565
Listener:Sent_pong;564;CE13
Dispatcher:CE13;287715;34783;256;0;2;195;249;522;564
Listener:Sent_pong;565;0002
Dispatcher:0002;287747;26615;256;0;2;189;249;537;565
Listener:Sent_pong;565;C323
Dispatcher:C323;287788;27068;256;0;2;204;249;527;565
Listener:Sent_pong;565;9375
Dispatcher:9375;287818;27566;256;0;2;207;255;529;565
Listener:Sent_pong;565;E934
Dispatcher:E934;287863;27622;256;0;2;201;249;528;565
Listener:Sent_pong;565;A78F
Dispatcher:A78F;287894;27281;256;0;2;201;249;519;565
Listener:Sent_pong;566;A7E4
Dispatcher:A7E4;287979;29831;256;0;2;207;255;532;566
Listener:Sent_pong;565;8D93
Dispatcher:8D93;287983;49140;256;0;2;205;255;512;565
Listener:Sent_pong;565;67E2
Dispatcher:67E2;288029;28286;256;0;2;204;249;522;565
Listener:Sent_pong;566;F010
Dispatcher:F010;288067;26321;256;0;2;198;249;516;566
Listener:Sent_pong;566;FCED
Dispatcher:FCED;288115;22802;256;0;2;210;255;523;566
Listener:Sent_pong;566;2EDF
Dispatcher:2EDF;288160;26678;256;0;2;201;249;514;566
Listener:Sent_pong;565;CE13
Dispatcher:CE13;288223;28913;256;0;2;195;249;523;565
Listener:Sent_pong;566;0002
Dispatcher:0002;288255;26615;256;0;2;189;249;537;566
Listener:Sent_pong;566;904F
Dispatcher:904F;288284;41018;256;0;2;193;255;539;566
Listener:Sent_pong;566;C323
Dispatcher:C323;288314;27068;256;0;2;204;249;527;566
Listener:Sent_pong;566;9375
Dispatcher:9375;288341;43332;256;0;2;207;255;530;566
Listener:Sent_pong;566;E934
Dispatcher:E934;288374;30840;256;0;2;201;249;529;566
Listener:Sent_pong;566;A78F
Dispatcher:A78F;288410;35013;256;0;2;201;249;520;566
Listener:Sent_pong;567;A7E4
Dispatcher:A7E4;288488;28238;256;0;2;207;255;533;567
Listener:Sent_pong;566;8D93
Dispatcher:8D93;288492;36922;256;0;2;205;255;513;566
Listener:Sent_pong;566;67E2
Dispatcher:67E2;288536;25980;256;0;2;204;249;523;566
Listener:Sent_pong;567;F010
Dispatcher:F010;288575;27589;256;0;2;198;249;517;567
Listener:Sent_pong;567;FCED
Dispatcher:FCED;288622;25326;256;0;2;210;255;524;567
Listener:Sent_pong;567;2EDF
Dispatcher:2EDF;288667;27298;256;0;2;201;249;515;567
Listener:Sent_pong;566;CE13
Dispatcher:CE13;288731;26643;256;0;2;195;249;524;566
Listener:Sent_pong;567;0002
Dispatcher:0002;288762;29439;256;0;2;189;249;538;567
Listener:Sent_pong;567;904F
Dispatcher:904F;288793;31136;256;0;2;193;255;540;567
Listener:Sent_pong;567;C323
Dispatcher:C323;288825;30324;256;0;2;204;249;528;567
Listener:Sent_pong;567;9375
Dispatcher:9375;288850;28108;256;0;2;207;255;531;567
Listener:Sent_pong;567;E934
Dispatcher:E934;288881;26642;256;0;2;201;249;530;567
Listener:Sent_pong;567;A78F
Dispatcher:A78F;288917;28493;256;0;2;201;249;521;567
Listener:Sent_pong;568;A7E4
Dispatcher:A7E4;288997;27252;256;0;2;207;255;534;568
Listener:Sent_pong;567;8D93
Dispatcher:8D93;289001;26997;256;0;2;205;255;514;567
Listener:Sent_pong;567;67E2
Dispatcher:67E2;289044;27564;256;0;2;204;249;524;567
Listener:Sent_pong;568;F010
Dispatcher:F010;289083;26933;256;0;2;198;249;518;568
Listener:Sent_pong;568;FCED
Dispatcher:FCED;289129;29467;256;0;2;210;255;525;568
Listener:Sent_pong;568;2EDF
Dispatcher:2EDF;289175;26334;256;0;2;201;249;516;568
Listener:Sent_pong;567;CE13
Dispatcher:CE13;289240;28371;256;0;2;194;249;525;567
Listener:Sent_pong;568;0002
Dispatcher:0002;289270;24381;256;0;2;189;249;539;568
Listener:Sent_pong;568;904F
Dispatcher:904F;289302;25710;256;0;2;193;255;541;568
Listener:Sent_pong;568;C323
Dispatcher:C323;289332;29284;256;0;2;204;249;529;568
Listener:Sent_pong;568;9375
Dispatcher:9375;289360;28992;256;0;2;207;255;532;568
Listener:Sent_pong;568;A78F
Dispatcher:A78F;289425;26951;256;0;2;201;249;522;568
Listener:Sent_pong;569;A7E4
Dispatcher:A7E4;289505;27256;256;0;2;207;255;535;569
Listener:Sent_pong;568;8D93
Dispatcher:8D93;289508;25992;256;0;2;205;255;515;568
Listener:Sent_pong;568;67E2
Dispatcher:67E2;289551;29022;256;0;2;204;249;525;568
Listener:Sent_pong;569;F010
Dispatcher:F010;289592;26309;256;0;2;198;249;519;569
Listener:Sent_pong;569;FCED
Dispatcher:FCED;289636;24697;256;0;2;210;255;526;569
Listener:Sent_pong;569;2EDF
Dispatcher:2EDF;289682;27304;256;0;2;201;249;517;569
Listener:Sent_pong;568;CE13
Dispatcher:CE13;289748;30619;256;0;2;194;249;526;568
Listener:Sent_pong;569;0002
Dispatcher:0002;289777;27583;256;0;2;189;249;540;569
Listener:Sent_pong;569;904F
Dispatcher:904F;289809;26640;256;0;2;193;255;542;569
Listener:Sent_pong;569;C323
Dispatcher:C323;289841;29844;256;0;2;204;249;530;569
Listener:Sent_pong;569;9375
Dispatcher:9375;289877;60510;256;0;2;207;255;533;569
Listener:Sent_pong;569;E934
Dispatcher:E934;289916;25772;256;0;2;201;249;531;569
Listener:Sent_pong;569;A78F
Dispatcher:A78F;289937;31679;256;0;2;201;249;523;569
Listener:Sent_pong;570;A7E4
Dispatcher:A7E4;290013;23769;256;0;2;207;255;536;570
Listener:Sent_pong;569;8D93
Dispatcher:8D93;290016;25692;256;0;2;205;255;516;569
Listener:Sent_pong;569;67E2
Dispatcher:67E2;290060;35794;256;0;2;204;249;526;569
Listener:Sent_pong;570;F010
Dispatcher:F010;290100;27271;256;0;2;198;249;520;570
Listener:Sent_pong;570;FCED
Dispatcher:FCED;290145;27602;256;0;2;210;255;527;570
Listener:Sent_pong;570;2EDF
Dispatcher:2EDF;290190;24414;256;0;2;201;249;518;570
Listener:Sent_pong;569;CE13
Dispatcher:CE13;290256;26321;256;0;2;194;249;527;569
Listener:Sent_pong;570;0002
Dispatcher:0002;290292;34021;256;0;2;189;249;541;570
Listener:Sent_pong;570;904F
Dispatcher:904F;290318;29894;256;0;2;193;255;543;570
Listener:Sent_pong;570;C323
Dispatcher:C323;290349;27930;256;0;2;204;249;531;570
Listener:Sent_pong;570;9375
Dispatcher:9375;290392;32576;256;0;2;207;255;534;570
Listener:Sent_pong;570;E934
Dispatcher:E934;290424;25418;256;0;2;201;249;532;570
Listener:Sent_pong;570;A78F
Dispatcher:A78F;290444;25553;256;0;2;201;249;524;570
Listener:Sent_pong;571;A7E4
Dispatcher:A7E4;290520;25667;256;0;2;207;255;537;571
Listener:Sent_pong;570;8D93
Dispatcher:8D93;290523;24094;256;0;2;205;255;517;570
Listener:Sent_pong;570;67E2
Dispatcher:67E2;290568;26314;256;0;2;204;249;527;570
Listener:Sent_pong;571;F010
Dispatcher:F010;290608;25029;256;0;2;198;249;521;571
Listener:Sent_pong;571;FCED
Dispatcher:FCED;290653;26630;256;0;2;210;255;528;571
Listener:Sent_pong;571;2EDF
Dispatcher:2EDF;290697;28038;256;0;2;201;249;519;571
Listener:Sent_pong;570;CE13
Dispatcher:CE13;290763;25043;256;0;2;194;249;528;570
Listener:Sent_pong;571;0002
Dispatcher:0002;290799;29641;256;0;2;189;249;542;571
Listener:Sent_pong;571;904F
Dispatcher:904F;290826;24838;256;0;2;193;255;544;571
Listener:Sent_pong;571;C323
Dispatcher:C323;290858;27298;256;0;2;204;249;532;571
Listener:Sent_pong;571;9375
Dispatcher:9375;290900;26304;256;0;2;207;255;535;571
Listener:Sent_pong;571;A78F
Dispatcher:A78F;290954;30565;256;0;2;201;249;525;571
Listener:Sent_pong;571;8D93
Dispatcher:8D93;291030;26009;256;0;2;205;255;518;571
Listener:Sent_pong;571;67E2
Dispatcher:67E2;291076;30158;256;0;2;204;249;528;571
Listener:Sent_pong;572;F010
Dispatcher:F010;291115;26921;256;0;2;198;249;522;572
Listener:Sent_pong;572;FCED
Dispatcher:FCED;291161;25353;256;0;2;210;255;529;572
Listener:Sent_pong;572;2EDF
Dispatcher:2EDF;291205;28264;256;0;2;201;249;520;572
Listener:Sent_pong;571;CE13
Dispatcher:CE13;291269;25659;256;0;2;194;249;529;571
Listener:Sent_pong;572;0002
Dispatcher:0002;291306;25031;256;0;2;189;249;543;572
Listener:Sent_pong;572;904F
Dispatcher:904F;291336;27228;256;0;2;193;255;545;572
Listener:Sent_pong;572;C323
Dispatcher:C323;291366;25688;256;0;2;204;249;533;572
Listener:Sent_pong;572;9375
Dispatcher:9375;291407;30096;256;0;2;207;255;536;572
Listener:Sent_pong;572;E934
Dispatcher:E934;291463;26034;256;0;2;201;249;533;572
Listener:Sent_pong;573;A7E4
Dispatcher:A7E4;291553;26651;256;0;2;207;255;538;573
Listener:Sent_pong;572;8D93
Dispatcher:8D93;291555;45284;256;0;2;205;255;519;572
Listener:Sent_pong;572;67E2
Dispatcher:67E2;291585;30122;256;0;2;204;249;529;572
Listener:Sent_pong;573;F010
Dispatcher:F010;291622;25365;256;0;2;198;249;523;573
Listener:Sent_pong;573;FCED
Dispatcher:FCED;291669;26943;256;0;2;210;255;530;573
Listener:Sent_pong;573;2EDF
Dispatcher:2EDF;291713;27618;256;0;2;201;249;521;573
Listener:Sent_pong;572;CE13
Dispatcher:CE13;291777;25663;256;0;2;194;249;530;572
Listener:Sent_pong;573;0002
Dispatcher:0002;291813;26891;256;0;2;189;249;544;573
Listener:Sent_pong;573;904F
Dispatcher:904F;291843;32098;256;0;2;193;255;546;573
Listener:Sent_pong;573;C323
Dispatcher:C323;291874;29528;256;0;2;204;249;534;573
Listener:Sent_pong;573;9375
Dispatcher:9375;291914;26928;256;0;2;207;255;537;573
Listener:Sent_pong;573;E934
Dispatcher:E934;291971;32868;256;0;2;201;249;534;573
Listener:Sent_pong;574;A7E4
Dispatcher:A7E4;292061;25683;256;0;2;207;255;539;574
Listener:Sent_pong;573;8D93
Dispatcher:8D93;292068;29036;256;0;2;205;255;520;573
Listener:Sent_pong;574;F010
Dispatcher:F010;292130;24741;256;0;2;198;249;524;574
Listener:Sent_pong;574;FCED
Dispatcher:FCED;292177;26962;256;0;2;210;255;531;574
Listener:Sent_pong;574;2EDF
Dispatcher:2EDF;292220;25692;256;0;2;201;249;522;574
Listener:Sent_pong;573;CE13
Dispatcher:CE13;292284;27591;256;0;2;194;249;531;573
Listener:Sent_pong;574;0002
Dispatcher:0002;292322;28233;256;0;2;189;249;545;574
Listener:Sent_pong;574;904F
Dispatcher:904F;292351;24398;256;0;2;193;255;547;574
Listener:Sent_pong;574;C323
Dispatcher:C323;292382;26974;256;0;2;204;249;535;574
Listener:Sent_pong;574;9375
Dispatcher:9375;292421;28522;256;0;2;207;255;538;574
Listener:Sent_pong;574;E934
Dispatcher:E934;292484;35486;256;0;2;201;249;535;574
Listener:Sent_pong;574;A78F
Dispatcher:A78F;292495;77623;256;0;2;201;249;526;574
Listener:Sent_pong;574;8D93
Dispatcher:8D93;292575;29036;256;0;2;205;255;520;574
Listener:Sent_pong;574;67E2
Dispatcher:67E2;292627;26944;256;0;2;204;249;530;574
Listener:Sent_pong;575;F010
Dispatcher:F010;292667;55487;256;0;2;198;249;525;575
Listener:Sent_pong;575;FCED
Dispatcher:FCED;292687;35209;256;0;2;210;255;532;575
Listener:Sent_pong;575;2EDF
Dispatcher:2EDF;292727;25688;256;0;2;201;249;523;575
Listener:Sent_pong;574;CE13
Dispatcher:CE13;292791;27201;256;0;2;194;249;532;574
Listener:Sent_pong;575;0002
Dispatcher:0002;292830;25347;256;0;2;189;249;546;575
Listener:Sent_pong;575;904F
Dispatcher:904F;292857;31482;256;0;2;193;255;548;575
Listener:Sent_pong;575;C323
Dispatcher:C323;292890;30370;256;0;2;204;249;536;575
Listener:Sent_pong;575;9375
Dispatcher:9375;292928;23770;256;0;2;207;255;539;575
Listener:Sent_pong;575;E934
Dispatcher:E934;292991;30028;256;0;2;201;249;536;575
Listener:Sent_pong;575;A78F
Dispatcher:A78F;293019;41435;256;0;2;201;249;527;575
Listener:Sent_pong;576;A7E4
Dispatcher:A7E4;293078;27262;256;0;2;207;255;540;576
Listener:Sent_pong;575;8D93
Dispatcher:8D93;293082;26688;256;0;2;205;255;521;575
Listener:Sent_pong;575;67E2
Dispatcher:67E2;293134;25348;256;0;2;204;249;531;575
Listener:Sent_pong;576;F010
Dispatcher:F010;293174;25691;256;0;2;198;249;526;576
Listener:Sent_pong;576;FCED
Dispatcher:FCED;293194;25185;256;0;2;210;255;533;576
Listener:Sent_pong;576;2EDF
Dispatcher:2EDF;293235;28890;256;0;2;201;249;524;576
Listener:Sent_pong;575;CE13
Dispatcher:CE13;293298;25027;256;0;2;194;249;533;575
Listener:Sent_pong;576;0002
Dispatcher:0002;293339;34211;256;0;2;189;249;547;576
Listener:Sent_pong;576;904F
Dispatcher:904F;293372;32646;256;0;2;193;255;549;576
Listener:Sent_pong;576;C323
Dispatcher:C323;293398;25388;256;0;2;204;249;537;576
Listener:Sent_pong;576;9375
Dispatcher:9375;293435;26644;256;0;2;207;255;540;576
Listener:Sent_pong;576;E934
Dispatcher:E934;293499;28562;256;0;2;201;249;537;576
Listener:Sent_pong;576;A78F
Dispatcher:A78F;293528;27749;256;0;2;201;249;528;576
Listener:Sent_pong;577;A7E4
Dispatcher:A7E4;293586;26958;256;0;2;207;255;541;577
Listener:Sent_pong;576;8D93
Dispatcher:8D93;293589;29520;256;0;2;205;255;522;576
Listener:Sent_pong;576;67E2
Dispatcher:67E2;293642;27898;256;0;2;204;249;532;576
Listener:Sent_pong;577;F010
Dispatcher:F010;293683;27957;256;0;2;198;249;527;577
Listener:Sent_pong;577;FCED
Dispatcher:FCED;293704;29755;256;0;2;210;255;534;577
Listener:Sent_pong;577;2EDF
Dispatcher:2EDF;293743;27314;256;0;2;201;249;525;577
Listener:Sent_pong;576;CE13
Dispatcher:CE13;293806;23431;256;0;2;194;249;534;576
Listener:Sent_pong;577;0002
Dispatcher:0002;293852;30199;256;0;2;189;249;548;577
Listener:Sent_pong;577;904F
Dispatcher:904F;293880;26328;256;0;2;193;255;550;577
Listener:Sent_pong;577;C323
Dispatcher:C323;293906;25050;256;0;2;204;249;538;577
Listener:Sent_pong;577;9375
Dispatcher:9375;293944;25354;256;0;2;207;255;541;577
Listener:Sent_pong;577;E934
Dispatcher:E934;294008;27600;256;0;2;201;249;538;577
Listener:Sent_pong;577;A78F
Dispatcher:A78F;294034;30707;256;0;2;201;249;529;577
Listener:Sent_pong;578;A7E4
Dispatcher:A7E4;294096;28093;256;0;2;207;255;542;578
Listener:Sent_pong;577;8D93
Dispatcher:8D93;294098;26983;256;0;2;205;255;523;577
Listener:Sent_pong;577;67E2
Dispatcher:67E2;294149;27076;256;0;2;204;249;533;577
Listener:Sent_pong;578;F010
Dispatcher:F010;294191;26317;256;0;2;198;249;528;578
Listener:Sent_pong;578;FCED
Dispatcher:FCED;294213;26626;256;0;2;210;255;535;578
Listener:Sent_pong;578;2EDF
Dispatcher:2EDF;294250;25050;256;0;2;201;249;526;578
Listener:Sent_pong;577;CE13
Dispatcher:CE13;294313;24717;256;0;2;194;249;535;577
Listener:Sent_pong;578;0002
Dispatcher:0002;294368;31519;256;0;2;189;249;549;578
Listener:Sent_pong;578;904F
Dispatcher:904F;294389;26668;256;0;2;193;255;551;578
Listener:Sent_pong;578;C323
Dispatcher:C323;294414;26342;256;0;2;204;249;539;578
Listener:Sent_pong;578;9375
Dispatcher:9375;294452;42586;256;0;2;207;255;542;578
Listener:Sent_pong;578;E934
Dispatcher:E934;294516;24074;256;0;2;201;249;539;578
Listener:Sent_pong;578;A78F
Dispatcher:A78F;294541;25029;256;0;2;201;249;530;578
Listener:Sent_pong;579;A7E4
Dispatcher:A7E4;294607;28028;256;0;2;207;255;543;579
Listener:Sent_pong;578;8D93
Dispatcher:8D93;294607;28239;256;0;2;205;255;524;578
Listener:Sent_pong;578;67E2
Dispatcher:67E2;294656;26952;256;0;2;204;249;534;578
Listener:Sent_pong;579;F010
Dispatcher:F010;294699;30605;256;0;2;198;249;529;579
Listener:Sent_pong;579;FCED
Dispatcher:FCED;294723;29911;256;0;2;210;255;536;579
Listener:Sent_pong;579;2EDF
Dispatcher:2EDF;294757;25382;256;0;2;201;249;527;579
Listener:Sent_pong;578;CE13
Dispatcher:CE13;294822;35509;256;0;2;194;249;536;578
Listener:Sent_pong;579;0002
Dispatcher:0002;294876;26889;256;0;2;189;249;550;579
Listener:Sent_pong;579;904F
Dispatcher:904F;294903;32822;256;0;2;193;255;552;579
Listener:Sent_pong;579;C323
Dispatcher:C323;294922;27554;256;0;2;204;249;540;579
Listener:Sent_pong;579;9375
Dispatcher:9375;294960;28262;256;0;2;207;255;543;579
Listener:Sent_pong;579;E934
Dispatcher:E934;295023;26634;256;0;2;201;249;540;579
Listener:Sent_pong;579;A78F
Dispatcher:A78F;295049;28551;256;0;2;201;249;531;579
Listener:Sent_pong;580;A7E4
Dispatcher:A7E4;295115;25341;256;0;2;207;255;544;580
Listener:Sent_pong;579;8D93
Dispatcher:8D93;295116;28763;256;0;2;205;255;525;579
Listener:Sent_pong;579;67E2
Dispatcher:67E2;295163;27270;256;0;2;204;249;535;579
Listener:Sent_pong;580;F010
Dispatcher:F010;295208;28547;256;0;2;198;249;530;580
Listener:Sent_pong;580;FCED
Dispatcher:FCED;295231;26640;256;0;2;210;255;537;580
Listener:Sent_pong;580;2EDF
Dispatcher:2EDF;295263;26964;256;0;2;201;249;528;580
Listener:Sent_pong;579;CE13
Dispatcher:CE13;295330;27609;256;0;2;194;249;537;579
Listener:Sent_pong;580;0002
Dispatcher:0002;295383;23439;256;0;2;189;249;551;580
Listener:Sent_pong;580;904F
Dispatcher:904F;295411;24742;256;0;2;193;255;553;580
Listener:Sent_pong;580;C323
Dispatcher:C323;295431;26644;256;0;2;204;249;541;580
Listener:Sent_pong;580;9375
Dispatcher:9375;295469;26988;256;0;2;207;255;544;580
Listener:Sent_pong;580;E934
Dispatcher:E934;295530;26664;256;0;2;201;249;541;580
Listener:Sent_pong;580;A78F
Dispatcher:A78F;295557;27251;256;0;2;201;249;532;580
Listener:Sent_pong;581;A7E4
Dispatcher:A7E4;295622;27576;256;0;2;207;255;545;581
Listener:Sent_pong;580;8D93
Dispatcher:8D93;295623;26614;256;0;2;205;255;526;580
Listener:Sent_pong;580;67E2
Dispatcher:67E2;295671;27906;256;0;2;204;249;536;580
Listener:Sent_pong;581;F010
Dispatcher:F010;295716;25343;256;0;2;198;249;531;581
Listener:Sent_pong;581;FCED
Dispatcher:FCED;295738;23427;256;0;2;210;255;538;581
Listener:Sent_pong;581;2EDF
Dispatcher:2EDF;295770;24702;256;0;2;201;249;529;581
Listener:Sent_pong;580;CE13
Dispatcher:CE13;295837;26607;256;0;2;194;249;538;580
Listener:Sent_pong;581;0002
Dispatcher:0002;295890;27253;256;0;2;189;249;552;581
Listener:Sent_pong;581;904F
Dispatcher:904F;295918;24992;256;0;2;193;255;554;581
Listener:Sent_pong;581;C323
Dispatcher:C323;295939;26302;256;0;2;204;249;542;581
Listener:Sent_pong;581;9375
Dispatcher:9375;295975;23440;256;0;2;207;255;545;581
Listener:Sent_pong;581;E934
Dispatcher:E934;296039;26648;256;0;2;201;249;542;581
Listener:Sent_pong;581;A78F
Dispatcher:A78F;296065;27615;256;0;2;201;249;533;581
Listener:Sent_pong;582;A7E4
Dispatcher:A7E4;296131;28849;256;0;2;207;255;546;582
Listener:Sent_pong;581;8D93
Dispatcher:8D93;296139;35318;256;0;2;205;255;527;581
Listener:Sent_pong;581;67E2
Dispatcher:67E2;296179;26620;256;0;2;204;249;537;581
Listener:Sent_pong;582;F010
Dispatcher:F010;296223;32211;256;0;2;198;249;532;582
Listener:Sent_pong;582;FCED
Dispatcher:FCED;296250;29626;256;0;2;210;255;539;582
Listener:Sent_pong;582;2EDF
Dispatcher:2EDF;296278;25066;256;0;2;201;249;530;582
Listener:Sent_pong;581;CE13
Dispatcher:CE13;296351;35247;256;0;2;194;249;539;581
Listener:Sent_pong;582;0002
Dispatcher:0002;296399;28549;256;0;2;189;249;553;582
Listener:Sent_pong;582;904F
Dispatcher:904F;296426;28230;256;0;2;193;255;555;582
Listener:Sent_pong;582;C323
Dispatcher:C323;296453;33454;256;0;2;204;249;543;582
Listener:Sent_pong;582;E934
Dispatcher:E934;296546;25364;256;0;2;201;249;543;582
Listener:Sent_pong;582;A78F
Dispatcher:A78F;296571;23739;256;0;2;201;249;534;582
Listener:Sent_pong;583;A7E4
Dispatcher:A7E4;296640;30777;256;0;2;207;255;547;583
Listener:Sent_pong;582;8D93
Dispatcher:8D93;296646;28364;256;0;2;205;255;528;582
Listener:Sent_pong;582;67E2
Dispatcher:67E2;296687;25668;256;0;2;204;249;538;582
Listener:Sent_pong;583;F010
Dispatcher:F010;296731;28259;256;0;2;198;249;533;583
Listener:Sent_pong;583;FCED
Dispatcher:FCED;296758;28889;256;0;2;210;255;540;583
Listener:Sent_pong;583;2EDF
Dispatcher:2EDF;296789;29348;256;0;2;201;249;531;583
Listener:Sent_pong;582;CE13
Dispatcher:CE13;296860;34213;256;0;2;194;249;540;582
Listener:Sent_pong;583;0002
Dispatcher:0002;296907;31173;256;0;2;189;249;554;583
Listener:Sent_pong;583;904F
Dispatcher:904F;296937;30784;256;0;2;193;255;556;583
Listener:Sent_pong;583;C323
Dispatcher:C323;296962;64074;256;0;2;204;249;544;583
Listener:Sent_pong;583;9375
Dispatcher:9375;297016;22622;256;0;2;207;255;546;583
Listener:Sent_pong;583;E934
Dispatcher:E934;297055;27606;256;0;2;201;249;544;583
Listener:Sent_pong;583;A78F
Dispatcher:A78F;297079;24407;256;0;2;201;249;535;583
Listener:Sent_pong;584;A7E4
Dispatcher:A7E4;297149;28862;256;0;2;207;255;548;584
Listener:Sent_pong;583;8D93
Dispatcher:8D93;297153;27928;256;0;2;205;255;529;583
Listener:Sent_pong;583;67E2
Dispatcher:67E2;297194;27876;256;0;2;204;249;539;583
Listener:Sent_pong;584;F010
Dispatcher:F010;297239;26643;256;0;2;198;249;534;584
Listener:Sent_pong;584;FCED
Dispatcher:FCED;297266;28983;256;0;2;210;255;541;584
Listener:Sent_pong;584;2EDF
Dispatcher:2EDF;297296;23460;256;0;2;201;249;532;584
Listener:Sent_pong;583;CE13
Dispatcher:CE13;297367;22163;256;0;2;194;249;541;583
Listener:Sent_pong;584;0002
Dispatcher:0002;297415;25343;256;0;2;189;249;555;584
Listener:Sent_pong;584;904F
Dispatcher:904F;297445;28254;256;0;2;193;255;557;584
Listener:Sent_pong;584;C323
Dispatcher:C323;297471;33474;256;0;2;204;249;545;584
Listener:Sent_pong;584;9375
Dispatcher:9375;297523;23468;256;0;2;207;255;547;584
Listener:Sent_pong;584;E934
Dispatcher:E934;297563;28106;256;0;2;201;249;545;584
Listener:Sent_pong;584;A78F
Dispatcher:A78F;297586;28283;256;0;2;201;249;536;584
Listener:Sent_pong;585;A7E4
Dispatcher:A7E4;297657;28228;256;0;2;207;255;549;585
Listener:Sent_pong;584;8D93
Dispatcher:8D93;297662;29217;256;0;2;205;255;530;584
Listener:Sent_pong;584;67E2
Dispatcher:67E2;297707;32512;256;0;2;204;249;540;584
Listener:Sent_pong;585;F010
Dispatcher:F010;297745;25331;256;0;2;198;249;535;585
Listener:Sent_pong;585;FCED
Dispatcher:FCED;297774;26660;256;0;2;210;255;542;585
Listener:Sent_pong;585;2EDF
Dispatcher:2EDF;297803;23460;256;0;2;201;249;532;585
Listener:Sent_pong;584;CE13
Dispatcher:CE13;297876;26745;256;0;2;194;249;542;584
Listener:Sent_pong;585;0002
Dispatcher:0002;297922;25067;256;0;2;189;249;556;585
Listener:Sent_pong;585;904F
Dispatcher:904F;297952;27282;256;0;2;193;255;558;585
Listener:Sent_pong;585;C323
Dispatcher:C323;297979;26678;256;0;2;204;249;546;585
Listener:Sent_pong;585;9375
Dispatcher:9375;298030;23446;256;0;2;207;255;548;585
Listener:Sent_pong;585;E934
Dispatcher:E934;298072;28242;256;0;2;201;249;546;585
Listener:Sent_pong;585;A78F
Dispatcher:A78F;298096;30313;256;0;2;201;249;537;585
Listener:Sent_pong;586;A7E4
Dispatcher:A7E4;298169;30597;256;0;2;207;255;550;586
Listener:Sent_pong;585;8D93
Dispatcher:8D93;298171;29832;256;0;2;205;255;531;585
Listener:Sent_pong;585;67E2
Dispatcher:67E2;298214;24716;256;0;2;204;249;541;585
Listener:Sent_pong;586;F010
Dispatcher:F010;298252;27255;256;0;2;198;249;536;586
Listener:Sent_pong;586;FCED
Dispatcher:FCED;298283;28887;256;0;2;210;255;543;586
Listener:Sent_pong;586;2EDF
Dispatcher:2EDF;298313;29238;256;0;2;201;249;533;586
Listener:Sent_pong;585;CE13
Dispatcher:CE13;298385;27577;256;0;2;194;249;543;585
Listener:Sent_pong;586;0002
Dispatcher:0002;298431;30605;256;0;2;189;249;557;586
Listener:Sent_pong;586;904F
Dispatcher:904F;298460;25364;256;0;2;193;255;559;586
Listener:Sent_pong;586;C323
Dispatcher:C323;298486;22186;256;0;2;204;249;547;586
Listener:Sent_pong;586;9375
Dispatcher:9375;298537;24066;256;0;2;207;255;549;586
Listener:Sent_pong;586;E934
Dispatcher:E934;298581;26668;256;0;2;201;249;547;586
Listener:Sent_pong;586;A78F
Dispatcher:A78F;298603;24427;256;0;2;201;249;538;586
Listener:Sent_pong;587;A7E4
Dispatcher:A7E4;298679;26854;256;0;2;207;255;551;587
Listener:Sent_pong;586;8D93
Dispatcher:8D93;298679;25366;256;0;2;205;255;532;586
Listener:Sent_pong;586;67E2
Dispatcher:67E2;298720;23110;256;0;2;204;249;542;586
Listener:Sent_pong;587;F010
Dispatcher:F010;298760;23733;256;0;2;198;249;537;587
Listener:Sent_pong;587;FCED
Dispatcher:FCED;298792;26954;256;0;2;210;255;544;587
Listener:Sent_pong;587;2EDF
Dispatcher:2EDF;298822;28594;256;0;2;201;249;534;587
Listener:Sent_pong;586;CE13
Dispatcher:CE13;298891;24103;256;0;2;192;249;544;586
Listener:Sent_pong;587;0002
Dispatcher:0002;298938;25357;256;0;2;189;249;558;587
Listener:Sent_pong;587;904F
Dispatcher:904F;298969;26454;256;0;2;193;255;560;587
Listener:Sent_pong;587;C323
Dispatcher:C323;298993;25020;256;0;2;204;249;548;587
Listener:Sent_pong;587;9375
Dispatcher:9375;299044;26392;256;0;2;207;255;550;587
Listener:Sent_pong;587;E934
Dispatcher:E934;299090;28592;256;0;2;201;249;548;587
Listener:Sent_pong;587;A78F
Dispatcher:A78F;299113;29003;256;0;2;201;249;539;587
Listener:Sent_pong;588;A7E4
Dispatcher:A7E4;299188;26625;256;0;2;207;255;552;588
Listener:Sent_pong;587;8D93
Dispatcher:8D93;299186;24383;256;0;2;205;255;533;587
Listener:Sent_pong;587;67E2
Dispatcher:67E2;299229;26006;256;0;2;204;249;543;587
Listener:Sent_pong;588;F010
Dispatcher:F010;299268;25351;256;0;2;198;249;538;588
Listener:Sent_pong;588;FCED
Dispatcher:FCED;299300;25678;256;0;2;210;255;545;588
Listener:Sent_pong;588;2EDF
Dispatcher:2EDF;299330;26022;256;0;2;201;249;535;588
Listener:Sent_pong;587;CE13
Dispatcher:CE13;299398;24717;256;0;2;192;249;545;587
Listener:Sent_pong;588;0002
Dispatcher:0002;299447;25981;256;0;2;189;249;559;588
Listener:Sent_pong;588;904F
Dispatcher:904F;299482;36352;256;0;2;193;255;561;588
Listener:Sent_pong;588;C323
Dispatcher:C323;299510;36046;256;0;2;204;249;549;588
Listener:Sent_pong;588;9375
Dispatcher:9375;299553;29528;256;0;2;207;255;551;588
Listener:Sent_pong;588;E934
Dispatcher:E934;299598;25350;256;0;2;201;249;549;588
Listener:Sent_pong;588;A78F
Dispatcher:A78F;299620;25681;256;0;2;201;249;540;588
Listener:Sent_pong;589;A7E4
Dispatcher:A7E4;299696;26648;256;0;2;207;255;553;589
Listener:Sent_pong;588;8D93
Dispatcher:8D93;299695;29849;256;0;2;205;255;534;588
Listener:Sent_pong;588;67E2
Dispatcher:67E2;299738;29818;256;0;2;204;249;544;588
Listener:Sent_pong;589;F010
Dispatcher:F010;299776;32233;256;0;2;198;249;539;589
Listener:Sent_pong;589;FCED
Dispatcher:FCED;299808;26950;256;0;2;210;255;546;589
Listener:Sent_pong;589;2EDF
Dispatcher:2EDF;299839;29837;256;0;2;201;249;536;589
Listener:Sent_pong;588;CE13
Dispatcher:CE13;299906;26309;256;0;2;192;249;546;588
Listener:Sent_pong;589;0002
Dispatcher:0002;299956;43565;256;0;2;189;249;560;589
Listener:Sent_pong;589;904F
Dispatcher:904F;299995;36310;256;0;2;193;255;562;589
Listener:Sent_pong;589;C323
Dispatcher:C323;300019;28156;256;0;2;204;249;550;589
Listener:Sent_pong;589;9375
Dispatcher:9375;300061;25368;256;0;2;207;255;552;589
Listener:Sent_pong;589;E934
Dispatcher:E934;300112;30858;256;0;2;201;249;550;589
Listener:Sent_pong;589;A78F
Dispatcher:A78F;300134;31845;256;0;2;201;249;541;589
Listener:Sent_pong;590;A7E4
Dispatcher:A7E4;300203;24699;256;0;2;207;255;554;590
Listener:Sent_pong;589;8D93
Dispatcher:8D93;300203;56282;256;0;2;205;255;535;589
Listener:Sent_pong;589;67E2
Dispatcher:67E2;300258;38434;256;0;2;204;249;545;589
Listener:Sent_pong;590;F010
Dispatcher:F010;300286;28053;256;0;2;198;249;540;590
Listener:Sent_pong;590;FCED
Dispatcher:FCED;300316;27092;256;0;2;210;255;547;590
Listener:Sent_pong;590;2EDF
Dispatcher:2EDF;300346;26322;256;0;2;201;249;537;590
Listener:Sent_pong;589;CE13
Dispatcher:CE13;300413;32021;256;0;2;192;249;547;589
Listener:Sent_pong;590;0002
Dispatcher:0002;300465;26313;256;0;2;189;249;561;590
Listener:Sent_pong;590;904F
Dispatcher:904F;300504;27944;256;0;2;193;255;563;590
Listener:Sent_pong;590;C323
Dispatcher:C323;300532;31046;256;0;2;204;249;551;590
Listener:Sent_pong;590;9375
Dispatcher:9375;300568;23422;256;0;2;207;255;553;590
Listener:Sent_pong;590;E934
Dispatcher:E934;300619;24538;256;0;2;201;249;551;590
Listener:Sent_pong;590;A78F
Dispatcher:A78F;300641;25343;256;0;2;201;249;542;590
Listener:Sent_pong;591;A7E4
Dispatcher:A7E4;300710;28217;256;0;2;207;255;555;591
Listener:Sent_pong;590;8D93
Dispatcher:8D93;300710;26977;256;0;2;205;255;536;590
Listener:Sent_pong;590;67E2
Dispatcher:67E2;300765;29316;256;0;2;204;249;546;590
Listener:Sent_pong;591;F010
Dispatcher:F010;300798;31235;256;0;2;198;249;541;591
Listener:Sent_pong;591;FCED
Dispatcher:FCED;300823;30277;256;0;2;210;255;548;591
Listener:Sent_pong;591;2EDF
Dispatcher:2EDF;300856;27320;256;0;2;201;249;538;591
Listener:Sent_pong;590;CE13
Dispatcher:CE13;300921;27589;256;0;2;192;249;548;590
Listener:Sent_pong;591;0002
Dispatcher:0002;300979;35357;256;0;2;189;249;562;591
Listener:Sent_pong;591;904F
Dispatcher:904F;301013;29824;256;0;2;193;255;564;591
Listener:Sent_pong;591;C323
Dispatcher:C323;301045;33078;256;0;2;204;249;552;591
Listener:Sent_pong;591;9375
Dispatcher:9375;301076;25672;256;0;2;207;255;554;591
Listener:Sent_pong;591;E934
Dispatcher:E934;301126;24080;256;0;2;201;249;552;591
Listener:Sent_pong;591;A78F
Dispatcher:A78F;301153;30803;256;0;2;201;249;543;591
Listener:Sent_pong;592;A7E4
Dispatcher:A7E4;301217;24378;256;0;2;207;255;556;592
Listener:Sent_pong;591;8D93
Dispatcher:8D93;301242;52673;256;0;2;205;255;537;591
Listener:Sent_pong;591;67E2
Dispatcher:67E2;301272;23114;256;0;2;204;249;547;591
Listener:Sent_pong;592;F010
Dispatcher:F010;301306;26633;256;0;2;198;249;542;592
Listener:Sent_pong;592;FCED
Dispatcher:FCED;301330;26331;256;0;2;210;255;549;592
Listener:Sent_pong;592;2EDF
Dispatcher:2EDF;301367;31906;256;0;2;201;249;539;592
Listener:Sent_pong;591;CE13
Dispatcher:CE13;301428;26647;256;0;2;192;249;549;591
Listener:Sent_pong;592;0002
Dispatcher:0002;301486;25653;256;0;2;189;249;563;592
Listener:Sent_pong;592;904F
Dispatcher:904F;301522;27600;256;0;2;193;255;565;592
Listener:Sent_pong;592;C323
Dispatcher:C323;301552;28466;256;0;2;204;249;553;592
Listener:Sent_pong;592;9375
Dispatcher:9375;301585;29842;256;0;2;207;255;555;592
Listener:Sent_pong;592;E934
Dispatcher:E934;301633;26336;256;0;2;201;249;553;592
Listener:Sent_pong;592;A78F
Dispatcher:A78F;301662;26313;256;0;2;201;249;544;592
Listener:Sent_pong;593;A7E4
Dispatcher:A7E4;301724;25332;256;0;2;207;255;557;593
Listener:Sent_pong;592;8D93
Dispatcher:8D93;301750;25346;256;0;2;205;255;538;592
Listener:Sent_pong;592;67E2
Dispatcher:67E2;301780;25980;256;0;2;204;249;548;592
Listener:Sent_pong;593;F010
Dispatcher:F010;301814;26635;256;0;2;198;249;543;593
Listener:Sent_pong;593;FCED
Dispatcher:FCED;301837;25010;256;0;2;210;255;550;593
Listener:Sent_pong;593;2EDF
Dispatcher:2EDF;301875;56838;256;0;2;201;249;540;593
Listener:Sent_pong;592;CE13
Dispatcher:CE13;301936;28879;256;0;2;192;249;550;592
Listener:Sent_pong;593;0002
Dispatcher:0002;301993;25683;256;0;2;189;249;564;593
Listener:Sent_pong;593;904F
Dispatcher:904F;302029;27618;256;0;2;193;255;566;593
Listener:Sent_pong;593;C323
Dispatcher:C323;302060;27606;256;0;2;204;249;554;593
Listener:Sent_pong;593;9375
Dispatcher:9375;302093;27894;256;0;2;207;255;556;593
Listener:Sent_pong;593;A78F
Dispatcher:A78F;302170;27607;256;0;2;201;249;545;593
Listener:Sent_pong;594;A7E4
Dispatcher:A7E4;302233;28528;256;0;2;207;255;558;594
Listener:Sent_pong;593;8D93
Dispatcher:8D93;302258;26631;256;0;2;205;255;539;593
Listener:Sent_pong;593;67E2
Dispatcher:67E2;302288;28220;256;0;2;204;249;549;593
Listener:Sent_pong;594;F010
Dispatcher:F010;302322;28573;256;0;2;198;249;544;594
Listener:Sent_pong;594;FCED
Dispatcher:FCED;302345;25855;256;0;2;210;255;551;594
Listener:Sent_pong;594;2EDF
Dispatcher:2EDF;302383;25400;256;0;2;201;249;541;594
Listener:Sent_pong;593;CE13
Dispatcher:CE13;302443;25679;256;0;2;192;249;551;593
Listener:Sent_pong;594;0002
Dispatcher:0002;302500;24065;256;0;2;189;249;565;594
Listener:Sent_pong;594;904F
Dispatcher:904F;302537;26950;256;0;2;193;255;567;594
Listener:Sent_pong;594;C323
Dispatcher:C323;302567;23758;256;0;2;204;249;555;594
Listener:Sent_pong;594;9375
Dispatcher:9375;302601;27894;256;0;2;207;255;556;594
Listener:Sent_pong;594;E934
Dispatcher:E934;302668;23770;256;0;2;201;249;554;594
Listener:Sent_pong;595;A7E4
Dispatcher:A7E4;302741;32000;256;0;2;207;255;559;595
Listener:Sent_pong;594;8D93
Dispatcher:8D93;302767;26333;256;0;2;205;255;540;594
Listener:Sent_pong;594;67E2
Dispatcher:67E2;302795;24706;256;0;2;204;249;550;594
Listener:Sent_pong;595;F010
Dispatcher:F010;302830;26941;256;0;2;198;249;545;595
Listener:Sent_pong;595;2EDF
Dispatcher:2EDF;302892;29548;256;0;2;201;249;542;595
Listener:Sent_pong;594;CE13
Dispatcher:CE13;302952;33297;256;0;2;192;249;552;594
Listener:Sent_pong;595;0002
Dispatcher:0002;303007;26627;256;0;2;189;249;566;595
Listener:Sent_pong;595;904F
Dispatcher:904F;303043;26284;256;0;2;193;255;568;595
Listener:Sent_pong;595;C323
Dispatcher:C323;303074;27292;256;0;2;204;249;556;595
Listener:Sent_pong;595;9375
Dispatcher:9375;303109;27906;256;0;2;207;255;557;595
Listener:Sent_pong;595;E934
Dispatcher:E934;303175;40828;256;0;2;201;249;555;595
Listener:Sent_pong;596;A7E4
Dispatcher:A7E4;303249;25336;256;0;2;207;255;560;596
Listener:Sent_pong;595;8D93
Dispatcher:8D93;303275;25695;256;0;2;205;255;541;595
Listener:Sent_pong;595;67E2
Dispatcher:67E2;303303;29174;256;0;2;204;249;551;595
Listener:Sent_pong;596;F010
Dispatcher:F010;303337;26941;256;0;2;198;249;545;596
Listener:Sent_pong;596;FCED
Dispatcher:FCED;303389;25975;256;0;2;210;253;552;596
Listener:Sent_pong;596;2EDF
Dispatcher:2EDF;303415;42604;256;0;2;201;249;543;596
Listener:Sent_pong;595;CE13
Dispatcher:CE13;303461;27961;256;0;2;192;249;553;595
Listener:Sent_pong;596;0002
Dispatcher:0002;303514;23757;256;0;2;189;249;567;596
Listener:Sent_pong;596;904F
Dispatcher:904F;303557;31508;256;0;2;193;255;569;596
Listener:Sent_pong;596;C323
Dispatcher:C323;303582;26358;256;0;2;204;249;557;596
Listener:Sent_pong;596;9375
Dispatcher:9375;303617;25042;256;0;2;207;255;558;596
Listener:Sent_pong;596;E934
Dispatcher:E934;303682;28362;256;0;2;201;249;556;596
Listener:Sent_pong;597;A7E4
Dispatcher:A7E4;303756;26289;256;0;2;207;255;561;597
Listener:Sent_pong;596;8D93
Dispatcher:8D93;303783;26035;256;0;2;205;255;542;596
Listener:Sent_pong;596;67E2
Dispatcher:67E2;303811;27890;256;0;2;204;249;552;596
Listener:Sent_pong;597;F010
Dispatcher:F010;303845;28225;256;0;2;198;249;546;597
Listener:Sent_pong;597;FCED
Dispatcher:FCED;303897;27953;256;0;2;210;253;553;597
Listener:Sent_pong;597;2EDF
Dispatcher:2EDF;303926;31406;256;0;2;201;249;544;597
Listener:Sent_pong;596;CE13
Dispatcher:CE13;303968;30617;256;0;2;192;249;554;596
Listener:Sent_pong;597;0002
Dispatcher:0002;304021;26321;256;0;2;189;249;568;597
Listener:Sent_pong;597;904F
Dispatcher:904F;304064;30610;256;0;2;193;255;570;597
Listener:Sent_pong;597;C323
Dispatcher:C323;304089;22172;256;0;2;204;249;558;597
Listener:Sent_pong;597;9375
Dispatcher:9375;304125;29946;256;0;2;207;255;559;597
Listener:Sent_pong;597;E934
Dispatcher:E934;304189;45708;256;0;2;201;249;557;597
Listener:Sent_pong;598;A7E4
Dispatcher:A7E4;304265;36045;256;0;2;207;255;562;598
Listener:Sent_pong;597;8D93
Dispatcher:8D93;304292;24726;256;0;2;205;255;543;597
Listener:Sent_pong;597;67E2
Dispatcher:67E2;304320;27888;256;0;2;204;249;553;597
Listener:Sent_pong;598;F010
Dispatcher:F010;304353;27953;256;0;2;198;249;547;598
Listener:Sent_pong;598;FCED
Dispatcher:FCED;304404;27903;256;0;2;210;253;554;598
Listener:Sent_pong;598;2EDF
Dispatcher:2EDF;304433;26990;256;0;2;201;249;545;598
Listener:Sent_pong;597;CE13
Dispatcher:CE13;304476;30287;256;0;2;192;249;555;597
Listener:Sent_pong;598;0002
Dispatcher:0002;304529;26641;256;0;2;189;249;569;598
Listener:Sent_pong;598;904F
Dispatcher:904F;304572;24084;256;0;2;193;255;571;598
Listener:Sent_pong;598;C323
Dispatcher:C323;304596;24090;256;0;2;204;249;559;598
Listener:Sent_pong;598;9375
Dispatcher:9375;304631;23438;256;0;2;207;255;560;598
Listener:Sent_pong;598;E934
Dispatcher:E934;304698;30738;256;0;2;201;249;558;598
Listener:Sent_pong;599;A7E4
Dispatcher:A7E4;304773;46524;256;0;2;207;255;563;599
Listener:Sent_pong;598;8D93
Dispatcher:8D93;304798;24409;256;0;2;205;255;544;598
Listener:Sent_pong;599;F010
Dispatcher:F010;304859;25039;256;0;2;198;249;548;599
Listener:Sent_pong;599;FCED
Dispatcher:FCED;304912;29516;256;0;2;210;253;555;599
Listener:Sent_pong;599;2EDF
Dispatcher:2EDF;304942;26574;256;0;2;201;249;546;599
Listener:Sent_pong;598;CE13
Dispatcher:CE13;304983;24707;256;0;2;192;249;556;598
Listener:Sent_pong;599;0002
Dispatcher:0002;305036;25997;256;0;2;189;249;570;599
Listener:Sent_pong;599;904F
Dispatcher:904F;305078;30712;256;0;2;193;255;572;599
Listener:Sent_pong;599;C323
Dispatcher:C323;305105;29014;256;0;2;204;249;560;599
Listener:Sent_pong;599;9375
Dispatcher:9375;305138;24694;256;0;2;207;255;561;599
Listener:Sent_pong;599;E934
Dispatcher:E934;305206;31576;256;0;2;201;249;559;599
Listener:Sent_pong;600;A7E4
Dispatcher:A7E4;305280;27121;256;0;2;207;255;564;600
Listener:Sent_pong;599;A78F
Dispatcher:A78F;305258;23149;256;0;2;201;249;546;599
Listener:Sent_pong;599;8D93
Dispatcher:8D93;305308;27878;256;0;2;205;255;545;599
Listener:Sent_pong;599;67E2
Dispatcher:67E2;305358;28218;256;0;2;204;249;554;599
Listener:Sent_pong;600;F010
Dispatcher:F010;305369;48963;256;0;2;198;249;549;600
Listener:Sent_pong;600;2EDF
Dispatcher:2EDF;305451;29540;256;0;2;201;249;547;600
Listener:Sent_pong;599;CE13
Dispatcher:CE13;305491;27581;256;0;2;192;249;557;599
Listener:Sent_pong;600;0002
Dispatcher:0002;305545;28545;256;0;2;189;249;571;600
Listener:Sent_pong;600;904F
Dispatcher:904F;305586;26628;256;0;2;193;255;573;600
Listener:Sent_pong;600;C323
Dispatcher:C323;305614;28230;256;0;2;204;249;561;600
Listener:Sent_pong;600;9375
Dispatcher:9375;305647;29506;256;0;2;207;255;562;600
Listener:Sent_pong;600;E934
Dispatcher:E934;305713;25684;256;0;2;201;249;560;600
Listener:Sent_pong;601;A7E4
Dispatcher:A7E4;305787;31545;256;0;2;207;255;565;601
Listener:Sent_pong;600;A78F
Dispatcher:A78F;305784;44663;256;0;2;201;249;547;600
Listener:Sent_pong;600;8D93
Dispatcher:8D93;305814;26669;256;0;2;205;255;546;600
Listener:Sent_pong;600;67E2
Dispatcher:67E2;305866;37446;256;0;2;204;249;555;600
Listener:Sent_pong;601;F010
Dispatcher:F010;305911;48963;256;0;2;198;249;549;601
Listener:Sent_pong;601;FCED
Dispatcher:FCED;305946;24959;256;0;2;210;253;556;601
Listener:Sent_pong;601;2EDF
Dispatcher:2EDF;305965;32878;256;0;2;201;249;548;601
Listener:Sent_pong;600;CE13
Dispatcher:CE13;305999;26687;256;0;2;192;249;558;600
Listener:Sent_pong;601;0002
Dispatcher:0002;306053;31367;256;0;2;189;249;572;601
Listener:Sent_pong;601;904F
Dispatcher:904F;306093;28586;256;0;2;193;255;574;601
Listener:Sent_pong;601;C323
Dispatcher:C323;306122;29858;256;0;2;204;249;562;601
Listener:Sent_pong;601;9375
Dispatcher:9375;306164;38514;256;0;2;207;255;563;601
Listener:Sent_pong;601;E934
Dispatcher:E934;306221;33816;256;0;2;201;249;561;601
Listener:Sent_pong;602;A7E4
Dispatcher:A7E4;306295;30957;256;0;2;207;255;566;602
Listener:Sent_pong;601;A78F
Dispatcher:A78F;306292;23551;256;0;2;201;249;548;601
Listener:Sent_pong;601;8D93
Dispatcher:8D93;306321;22176;256;0;2;205;255;547;601
Listener:Sent_pong;601;67E2
Dispatcher:67E2;306373;25670;256;0;2;204;249;556;601
Listener:Sent_pong;602;F010
Dispatcher:F010;306419;26949;256;0;2;198;249;550;602
Listener:Sent_pong;602;FCED
Dispatcher:FCED;306455;27278;256;0;2;210;253;557;602
Listener:Sent_pong;602;2EDF
Dispatcher:2EDF;306484;37456;256;0;2;201;249;549;602
Listener:Sent_pong;601;CE13
Dispatcher:CE13;306507;25715;256;0;2;192;249;559;601
Listener:Sent_pong;602;0002
Dispatcher:0002;306561;39209;256;0;2;189;249;573;602
Listener:Sent_pong;602;904F
Dispatcher:904F;306600;26638;256;0;2;193;255;575;602
Listener:Sent_pong;602;C323
Dispatcher:C323;306629;24420;256;0;2;204;249;563;602
Listener:Sent_pong;602;9375
Dispatcher:9375;306672;43430;256;0;2;207;255;564;602
Listener:Sent_pong;602;E934
Dispatcher:E934;306728;25056;256;0;2;201;249;562;602
Listener:Sent_pong;603;A7E4
Dispatcher:A7E4;306802;25052;256;0;2;207;255;567;603
Listener:Sent_pong;602;A78F
Dispatcher:A78F;306801;28667;256;0;2;201;249;549;602
Listener:Sent_pong;602;8D93
Dispatcher:8D93;306828;25677;256;0;2;205;255;548;602
Listener:Sent_pong;602;67E2
Dispatcher:67E2;306882;30812;256;0;2;204;249;557;602
Listener:Sent_pong;603;F010
Dispatcher:F010;306927;27573;256;0;2;198;249;551;603
Listener:Sent_pong;603;FCED
Dispatcher:FCED;306963;24739;256;0;2;210;253;558;603
Listener:Sent_pong;603;2EDF
Dispatcher:2EDF;306991;29856;256;0;2;201;249;550;603
Listener:Sent_pong;602;CE13
Dispatcher:CE13;307023;32039;256;0;2;192;249;560;602
Listener:Sent_pong;603;0002
Dispatcher:0002;307069;26925;256;0;2;189;249;574;603
Listener:Sent_pong;603;904F
Dispatcher:904F;307109;25988;256;0;2;193;255;576;603
Listener:Sent_pong;603;C323
Dispatcher:C323;307137;26306;256;0;2;204;249;564;603
Listener:Sent_pong;603;9375
Dispatcher:9375;307179;24118;256;0;2;207;255;565;603
Listener:Sent_pong;603;E934
Dispatcher:E934;307235;23742;256;0;2;201;249;563;603
Listener:Sent_pong;604;A7E4
Dispatcher:A7E4;307311;30766;256;0;2;207;255;568;604
Listener:Sent_pong;603;A78F
Dispatcher:A78F;307308;30393;256;0;2;201;249;550;603
Listener:Sent_pong;603;8D93
Dispatcher:8D93;307336;25971;256;0;2;205;255;549;603
Listener:Sent_pong;603;67E2
Dispatcher:67E2;307391;25652;256;0;2;204;249;558;603
Listener:Sent_pong;604;F010
Dispatcher:F010;307433;26319;256;0;2;198;249;552;604
Listener:Sent_pong;604;FCED
Dispatcher:FCED;307470;24416;256;0;2;210;253;559;604
Listener:Sent_pong;604;2EDF
Dispatcher:2EDF;307498;24724;256;0;2;201;249;551;604
Listener:Sent_pong;603;CE13
Dispatcher:CE13;307531;28863;256;0;2;192;249;561;603
Listener:Sent_pong;604;0002
Dispatcher:0002;307575;25337;256;0;2;189;249;575;604
Listener:Sent_pong;604;904F
Dispatcher:904F;307617;26984;256;0;2;193;255;577;604
Listener:Sent_pong;604;C323
Dispatcher:C323;307644;26638;256;0;2;204;249;565;604
Listener:Sent_pong;604;9375
Dispatcher:9375;307686;26628;256;0;2;207;255;566;604
Listener:Sent_pong;604;E934
Dispatcher:E934;307742;27920;256;0;2;201;249;564;604
Listener:Sent_pong;605;A7E4
Dispatcher:A7E4;307819;27582;256;0;2;207;255;569;605
Listener:Sent_pong;604;A78F
Dispatcher:A78F;307817;41379;256;0;2;201;249;551;604
Listener:Sent_pong;604;67E2
Dispatcher:67E2;307899;27264;256;0;2;204;249;559;604
Listener:Sent_pong;605;F010
Dispatcher:F010;307949;36727;256;0;2;198;249;553;605
Listener:Sent_pong;605;FCED
Dispatcher:FCED;307978;26617;256;0;2;210;253;560;605
Listener:Sent_pong;605;2EDF
Dispatcher:2EDF;308007;27910;256;0;2;201;249;552;605
Listener:Sent_pong;604;CE13
Dispatcher:CE13;308040;31569;256;0;2;192;249;562;604
Listener:Sent_pong;605;0002
Dispatcher:0002;308083;26313;256;0;2;189;249;576;605
Listener:Sent_pong;605;904F
Dispatcher:904F;308125;26974;256;0;2;193;255;578;605
Listener:Sent_pong;605;C323
Dispatcher:C323;308152;26984;256;0;2;204;249;566;605
Listener:Sent_pong;605;9375
Dispatcher:9375;308195;29808;256;0;2;207;255;567;605
Listener:Sent_pong;605;E934
Dispatcher:E934;308250;25692;256;0;2;201;249;565;605
Listener:Sent_pong;606;A7E4
Dispatcher:A7E4;308328;29799;256;0;2;207;255;570;606
Listener:Sent_pong;605;A78F
Dispatcher:A78F;308326;29825;256;0;2;201;249;552;605
Listener:Sent_pong;605;8D93
Dispatcher:8D93;308357;35543;256;0;2;205;255;550;605
Listener:Sent_pong;605;67E2
Dispatcher:67E2;308408;28876;256;0;2;204;249;560;605
Listener:Sent_pong;606;F010
Dispatcher:F010;308458;34123;256;0;2;198;249;554;606
Listener:Sent_pong;606;FCED
Dispatcher:FCED;308485;26635;256;0;2;210;253;561;606
Listener:Sent_pong;606;2EDF
Dispatcher:2EDF;308515;28942;256;0;2;201;249;553;606
Listener:Sent_pong;605;CE13
Dispatcher:CE13;308549;28247;256;0;2;192;249;563;605
Listener:Sent_pong;606;0002
Dispatcher:0002;308591;26969;256;0;2;189;249;577;606
Listener:Sent_pong;606;904F
Dispatcher:904F;308632;26306;256;0;2;193;255;579;606
Listener:Sent_pong;606;C323
Dispatcher:C323;308660;32656;256;0;2;204;249;567;606
Listener:Sent_pong;606;9375
Dispatcher:9375;308704;28868;256;0;2;207;255;568;606
Listener:Sent_pong;606;E934
Dispatcher:E934;308759;36602;256;0;2;201;249;566;606
Listener:Sent_pong;607;A7E4
Dispatcher:A7E4;308837;29196;256;0;2;207;255;571;607
Listener:Sent_pong;606;A78F
Dispatcher:A78F;308834;27915;256;0;2;201;249;553;606
Listener:Sent_pong;606;8D93
Dispatcher:8D93;308864;34532;256;0;2;205;255;551;606
Listener:Sent_pong;606;67E2
Dispatcher:67E2;308916;27604;256;0;2;204;249;561;606
Listener:Sent_pong;607;F010
Dispatcher:F010;308966;25349;256;0;2;198;249;555;607
Listener:Sent_pong;607;FCED
Dispatcher:FCED;308992;27604;256;0;2;210;253;562;607
Listener:Sent_pong;607;2EDF
Dispatcher:2EDF;309024;27646;256;0;2;201;249;554;607
Listener:Sent_pong;606;CE13
Dispatcher:CE13;309057;23751;256;0;2;192;249;564;606
Listener:Sent_pong;607;0002
Dispatcher:0002;309098;23429;256;0;2;189;249;578;607
Listener:Sent_pong;607;904F
Dispatcher:904F;309141;29532;256;0;2;193;255;580;607
Listener:Sent_pong;607;C323
Dispatcher:C323;309167;26958;256;0;2;204;249;568;607
Listener:Sent_pong;607;9375
Dispatcher:9375;309213;26614;256;0;2;207;255;569;607
Listener:Sent_pong;607;E934
Dispatcher:E934;309267;24712;256;0;2;201;249;567;607
Listener:Sent_pong;608;A7E4
Dispatcher:A7E4;309345;27583;256;0;2;207;255;572;608
Listener:Sent_pong;607;A78F
Dispatcher:A78F;309341;25685;256;0;2;201;249;554;607
Listener:Sent_pong;607;8D93
Dispatcher:8D93;309372;49236;256;0;2;205;255;552;607
Listener:Sent_pong;607;67E2
Dispatcher:67E2;309423;24378;256;0;2;204;249;562;607
Listener:Sent_pong;608;F010
Dispatcher:F010;309473;24405;256;0;2;198;249;556;608
Listener:Sent_pong;608;FCED
Dispatcher:FCED;309501;27915;256;0;2;210;253;563;608
Listener:Sent_pong;608;2EDF
Dispatcher:2EDF;309532;25992;256;0;2;201;249;555;608
Listener:Sent_pong;607;CE13
Dispatcher:CE13;309565;33279;256;0;2;192;249;565;607
Listener:Sent_pong;608;0002
Dispatcher:0002;309605;32645;256;0;2;189;249;579;608
Listener:Sent_pong;608;904F
Dispatcher:904F;309648;24102;256;0;2;193;255;581;608
Listener:Sent_pong;608;C323
Dispatcher:C323;309675;25062;256;0;2;204;249;569;608
Listener:Sent_pong;608;9375
Dispatcher:9375;309720;22468;256;0;2;207;255;570;608
Listener:Sent_pong;608;E934
Dispatcher:E934;309774;24406;256;0;2;201;249;568;608
Listener:Sent_pong;609;A7E4
Dispatcher:A7E4;309857;33536;256;0;2;207;255;573;609
Listener:Sent_pong;608;A78F
Dispatcher:A78F;309853;29971;256;0;2;201;249;555;608
Listener:Sent_pong;608;8D93
Dispatcher:8D93;309878;22181;256;0;2;205;255;553;608
Listener:Sent_pong;608;67E2
Dispatcher:67E2;309931;24712;256;0;2;204;249;563;608
Listener:Sent_pong;609;F010
Dispatcher:F010;309981;29823;256;0;2;198;249;557;609
Listener:Sent_pong;609;FCED
Dispatcher:FCED;310008;32848;256;0;2;210;253;564;609
Listener:Sent_pong;609;2EDF
Dispatcher:2EDF;310046;33646;256;0;2;201;249;556;609
Listener:Sent_pong;609;0002
Dispatcher:0002;310113;28539;256;0;2;189;249;580;609
Listener:Sent_pong;609;904F
Dispatcher:904F;310154;23772;256;0;2;193;255;582;609
Listener:Sent_pong;609;C323
Dispatcher:C323;310183;29194;256;0;2;204;249;570;609
Listener:Sent_pong;609;9375
Dispatcher:9375;310227;33156;256;0;2;207;255;571;609
Listener:Sent_pong;609;E934
Dispatcher:E934;310282;26006;256;0;2;201;249;569;609
Listener:Sent_pong;610;A7E4
Dispatcher:A7E4;310364;25671;256;0;2;207;255;574;610
Listener:Sent_pong;609;A78F
Dispatcher:A78F;310360;26615;256;0;2;201;249;556;609
Listener:Sent_pong;609;8D93
Dispatcher:8D93;310385;24431;256;0;2;205;255;554;609
Listener:Sent_pong;609;67E2
Dispatcher:67E2;310438;29728;256;0;2;204;249;564;609
Listener:Sent_pong;610;F010
Dispatcher:F010;310488;23445;256;0;2;198;249;558;610
Listener:Sent_pong;610;FCED
Dispatcher:FCED;310516;25973;256;0;2;210;253;565;610
Listener:Sent_pong;610;2EDF
Dispatcher:2EDF;310563;33646;256;0;2;201;249;556;610
Listener:Sent_pong;609;CE13
Dispatcher:CE13;310602;23441;256;0;2;192;249;566;609
Listener:Sent_pong;610;0002
Dispatcher:0002;310622;28553;256;0;2;189;249;581;610
Listener:Sent_pong;610;904F
Dispatcher:904F;310662;46694;256;0;2;193;255;583;610
Listener:Sent_pong;610;C323
Dispatcher:C323;310708;41500;256;0;2;204;249;571;610
Listener:Sent_pong;610;9375
Dispatcher:9375;310734;22468;256;0;2;207;255;572;610
Listener:Sent_pong;610;E934
Dispatcher:E934;310789;27286;256;0;2;201;249;570;610
Listener:Sent_pong;611;A7E4
Dispatcher:A7E4;310872;27921;256;0;2;207;255;575;611
Listener:Sent_pong;610;A78F
Dispatcher:A78F;310867;28229;256;0;2;201;249;557;610
Listener:Sent_pong;610;8D93
Dispatcher:8D93;310894;24465;256;0;2;205;255;555;610
Listener:Sent_pong;610;67E2
Dispatcher:67E2;310945;24720;256;0;2;204;249;565;610
Listener:Sent_pong;611;F010
Dispatcher:F010;310995;24727;256;0;2;198;249;559;611
Listener:Sent_pong;611;FCED
Dispatcher:FCED;311024;26010;256;0;2;210;253;566;611
Listener:Sent_pong;611;2EDF
Dispatcher:2EDF;311079;36934;256;0;2;201;249;557;611
Listener:Sent_pong;610;CE13
Dispatcher:CE13;311111;27621;256;0;2;192;249;567;610
Listener:Sent_pong;611;0002
Dispatcher:0002;311138;36881;256;0;2;189;249;582;611
Listener:Sent_pong;611;904F
Dispatcher:904F;311181;39710;256;0;2;193;255;584;611
Listener:Sent_pong;611;C323
Dispatcher:C323;311215;25702;256;0;2;204;249;572;611
Listener:Sent_pong;611;9375
Dispatcher:9375;311241;27908;256;0;2;207;255;573;611
Listener:Sent_pong;611;E934
Dispatcher:E934;311296;27592;256;0;2;201;249;571;611
Listener:Sent_pong;612;A7E4
Dispatcher:A7E4;311379;24053;256;0;2;207;255;576;612
Listener:Sent_pong;611;A78F
Dispatcher:A78F;311376;27723;256;0;2;201;249;558;611
Listener:Sent_pong;611;8D93
Dispatcher:8D93;311402;25695;256;0;2;205;255;556;611
Listener:Sent_pong;611;67E2
Dispatcher:67E2;311454;26610;256;0;2;204;249;566;611
Listener:Sent_pong;612;F010
Dispatcher:F010;311503;28893;256;0;2;198;249;560;612
Listener:Sent_pong;612;FCED
Dispatcher:FCED;311533;29828;256;0;2;210;253;567;612
Listener:Sent_pong;612;2EDF
Dispatcher:2EDF;311588;27376;256;0;2;201;249;558;612
Listener:Sent_pong;611;CE13
Dispatcher:CE13;311620;26315;256;0;2;192;249;568;611
Listener:Sent_pong;612;0002
Dispatcher:0002;311646;26333;256;0;2;189;249;583;612
Listener:Sent_pong;612;904F
Dispatcher:904F;311688;29988;256;0;2;193;255;585;612
Listener:Sent_pong;612;C323
Dispatcher:C323;311722;27620;256;0;2;204;249;573;612
Listener:Sent_pong;612;9375
Dispatcher:9375;311750;30126;256;0;2;207;255;574;612
Listener:Sent_pong;612;E934
Dispatcher:E934;311812;40360;256;0;2;201;249;572;612
Listener:Sent_pong;613;A7E4
Dispatcher:A7E4;311886;27266;256;0;2;207;255;577;613
Listener:Sent_pong;612;A78F
Dispatcher:A78F;311885;26973;256;0;2;201;249;559;612
Listener:Sent_pong;612;8D93
Dispatcher:8D93;311911;26340;256;0;2;205;255;557;612
Listener:Sent_pong;612;67E2
Dispatcher:67E2;311962;25338;256;0;2;204;249;567;612
Listener:Sent_pong;613;F010
Dispatcher:F010;312011;27915;256;0;2;198;249;561;613
Listener:Sent_pong;613;FCED
Dispatcher:FCED;312042;29514;256;0;2;210;253;568;613
Listener:Sent_pong;613;2EDF
Dispatcher:2EDF;312095;26012;256;0;2;201;249;559;613
Listener:Sent_pong;612;CE13
Dispatcher:CE13;312127;26005;256;0;2;192;249;569;612
Listener:Sent_pong;613;0002
Dispatcher:0002;312154;27247;256;0;2;189;249;584;613
Listener:Sent_pong;613;904F
Dispatcher:904F;312196;24716;256;0;2;193;255;586;613
Listener:Sent_pong;613;C323
Dispatcher:C323;312231;26652;256;0;2;204;249;574;613
Listener:Sent_pong;613;9375
Dispatcher:9375;312258;26622;256;0;2;207;255;575;613
Listener:Sent_pong;613;E934
Dispatcher:E934;312320;32318;256;0;2;201;249;573;613
Listener:Sent_pong;614;A7E4
Dispatcher:A7E4;312393;26936;256;0;2;207;255;578;614
Listener:Sent_pong;613;A78F
Dispatcher:A78F;312393;28543;256;0;2;201;249;560;613
Listener:Sent_pong;613;8D93
Dispatcher:8D93;312419;32785;256;0;2;205;255;558;613
Listener:Sent_pong;613;67E2
Dispatcher:67E2;312470;27592;256;0;2;204;249;568;613
Listener:Sent_pong;614;F010
Dispatcher:F010;312520;29641;256;0;2;198;249;562;614
Listener:Sent_pong;614;FCED
Dispatcher:FCED;312548;24712;256;0;2;210;253;569;614
Listener:Sent_pong;614;2EDF
Dispatcher:2EDF;312603;26952;256;0;2;201;249;560;614
Listener:Sent_pong;613;CE13
Dispatcher:CE13;312635;32951;256;0;2;192;249;570;613
Listener:Sent_pong;614;0002
Dispatcher:0002;312669;37285;256;0;2;189;249;585;614
Listener:Sent_pong;614;904F
Dispatcher:904F;312704;29206;256;0;2;193;255;587;614
Listener:Sent_pong;614;C323
Dispatcher:C323;312744;31512;256;0;2;204;249;575;614
Listener:Sent_pong;614;9375
Dispatcher:9375;312768;31496;256;0;2;207;255;576;614
Listener:Sent_pong;614;E934
Dispatcher:E934;312828;27938;256;0;2;201;249;574;614
Listener:Sent_pong;615;A7E4
Dispatcher:A7E4;312900;28864;256;0;2;207;255;579;615
Listener:Sent_pong;614;A78F
Dispatcher:A78F;312900;26953;256;0;2;201;249;561;614
Listener:Sent_pong;614;8D93
Dispatcher:8D93;312926;26950;256;0;2;205;255;559;614
Listener:Sent_pong;614;67E2
Dispatcher:67E2;312979;26304;256;0;2;204;249;569;614
Listener:Sent_pong;615;F010
Dispatcher:F010;313028;26633;256;0;2;198;249;563;615
Listener:Sent_pong;615;FCED
Dispatcher:FCED;313056;26626;256;0;2;210;253;570;615
Listener:Sent_pong;615;2EDF
Dispatcher:2EDF;313112;27600;256;0;2;201;249;561;615
Listener:Sent_pong;614;CE13
Dispatcher:CE13;313142;25663;256;0;2;192;249;571;614
Listener:Sent_pong;615;0002
Dispatcher:0002;313177;28877;256;0;2;189;249;586;615
Listener:Sent_pong;615;904F
Dispatcher:904F;313213;28860;256;0;2;193;255;588;615
Listener:Sent_pong;615;C323
Dispatcher:C323;313253;48778;256;0;2;204;249;576;615
Listener:Sent_pong;615;9375
Dispatcher:9375;313299;47800;256;0;2;207;255;577;615
Listener:Sent_pong;615;E934
Dispatcher:E934;313337;26944;256;0;2;201;249;575;615
Listener:Sent_pong;616;A7E4
Dispatcher:A7E4;313407;27255;256;0;2;207;255;580;616
Listener:Sent_pong;615;A78F
Dispatcher:A78F;313409;29835;256;0;2;201;249;562;615
Listener:Sent_pong;615;8D93
Dispatcher:8D93;313434;24775;256;0;2;205;255;560;615
Listener:Sent_pong;615;67E2
Dispatcher:67E2;313488;26300;256;0;2;204;249;570;615
Listener:Sent_pong;616;F010
Dispatcher:F010;313535;26635;256;0;2;198;249;564;616
Listener:Sent_pong;616;FCED
Dispatcher:FCED;313564;27913;256;0;2;210;253;571;616
Listener:Sent_pong;616;2EDF
Dispatcher:2EDF;313619;25062;256;0;2;201;249;562;616
Listener:Sent_pong;615;CE13
Dispatcher:CE13;313650;26003;256;0;2;192;249;572;615
Listener:Sent_pong;616;0002
Dispatcher:0002;313690;30905;256;0;2;189;249;587;616
Listener:Sent_pong;616;904F
Dispatcher:904F;313721;27904;256;0;2;193;255;589;616
Listener:Sent_pong;616;C323
Dispatcher:C323;313762;28570;256;0;2;204;249;577;616
Listener:Sent_pong;616;9375
Dispatcher:9375;313807;27888;256;0;2;207;255;578;616
Listener:Sent_pong;616;E934
Dispatcher:E934;313846;28556;256;0;2;201;249;576;616
Listener:Sent_pong;617;A7E4
Dispatcher:A7E4;313914;26624;256;0;2;207;255;581;617
Listener:Sent_pong;616;A78F
Dispatcher:A78F;313917;27575;256;0;2;201;249;563;616
Listener:Sent_pong;616;8D93
Dispatcher:8D93;313940;26628;256;0;2;205;255;561;616
Listener:Sent_pong;616;67E2
Dispatcher:67E2;313999;31848;256;0;2;204;249;571;616
Listener:Sent_pong;617;F010
Dispatcher:F010;314044;27901;256;0;2;198;249;565;617
Listener:Sent_pong;617;FCED
Dispatcher:FCED;314072;25995;256;0;2;210;253;572;617
Listener:Sent_pong;617;2EDF
Dispatcher:2EDF;314126;25712;256;0;2;201;249;563;617
Listener:Sent_pong;616;CE13
Dispatcher:CE13;314158;25045;256;0;2;192;249;573;616
Listener:Sent_pong;617;0002
Dispatcher:0002;314198;26637;256;0;2;189;249;588;617
Listener:Sent_pong;617;904F
Dispatcher:904F;314230;25696;256;0;2;193;255;590;617
Listener:Sent_pong;617;C323
Dispatcher:C323;314269;23468;256;0;2;204;249;578;617
Listener:Sent_pong;617;9375
Dispatcher:9375;314315;24704;256;0;2;207;255;579;617
Listener:Sent_pong;617;E934
Dispatcher:E934;314353;24708;256;0;2;201;249;577;617
Listener:Sent_pong;618;A7E4
Dispatcher:A7E4;314423;26646;256;0;2;207;255;582;618
Listener:Sent_pong;617;A78F
Dispatcher:A78F;314425;25053;256;0;2;201;249;564;617
Listener:Sent_pong;617;8D93
Dispatcher:8D93;314447;23751;256;0;2;205;255;562;617
Listener:Sent_pong;617;67E2
Dispatcher:67E2;314506;31908;256;0;2;204;249;572;617
Listener:Sent_pong;618;F010
Dispatcher:F010;314551;24363;256;0;2;198;249;566;618
Listener:Sent_pong;618;FCED
Dispatcher:FCED;314580;26928;256;0;2;210;253;573;618
Listener:Sent_pong;618;2EDF
Dispatcher:2EDF;314634;26318;256;0;2;201;249;564;618
Listener:Sent_pong;617;CE13
Dispatcher:CE13;314667;28879;256;0;2;192;249;574;617
Listener:Sent_pong;618;0002
Dispatcher:0002;314707;27933;256;0;2;189;249;589;618
Listener:Sent_pong;618;904F
Dispatcher:904F;314737;26310;256;0;2;193;255;591;618
Listener:Sent_pong;618;C323
Dispatcher:C323;314778;29186;256;0;2;204;249;579;618
Listener:Sent_pong;618;9375
Dispatcher:9375;314823;33500;256;0;2;207;255;580;618
Listener:Sent_pong;618;E934
Dispatcher:E934;314860;25500;256;0;2;201;249;578;618
Listener:Sent_pong;619;A7E4
Dispatcher:A7E4;314931;26637;256;0;2;207;255;583;619
Listener:Sent_pong;618;A78F
Dispatcher:A78F;314933;27247;256;0;2;201;249;565;618
Listener:Sent_pong;618;67E2
Dispatcher:67E2;315012;26612;256;0;2;204;249;573;618
Listener:Sent_pong;619;F010
Dispatcher:F010;315058;25645;256;0;2;198;249;567;619
Listener:Sent_pong;619;FCED
Dispatcher:FCED;315088;26020;256;0;2;210;253;574;619
Listener:Sent_pong;619;2EDF
Dispatcher:2EDF;315143;26318;256;0;2;201;249;564;619
Listener:Sent_pong;618;CE13
Dispatcher:CE13;315202;52777;256;0;2;192;249;575;618
Listener:Sent_pong;619;0002
Dispatcher:0002;315227;38749;256;0;2;189;249;590;619
Listener:Sent_pong;619;904F
Dispatcher:904F;315258;39634;256;0;2;193;255;592;619
Listener:Sent_pong;619;C323
Dispatcher:C323;315287;27592;256;0;2;204;249;580;619
Listener:Sent_pong;619;9375
Dispatcher:9375;315332;26932;256;0;2;207;255;581;619
Listener:Sent_pong;619;E934
Dispatcher:E934;315369;27606;256;0;2;201;249;579;619
Listener:Sent_pong;620;A7E4
Dispatcher:A7E4;315439;24706;256;0;2;207;255;584;620
Listener:Sent_pong;619;A78F
Dispatcher:A78F;315442;38643;256;0;2;201;249;566;619
Listener:Sent_pong;619;8D93
Dispatcher:8D93;315495;28670;256;0;2;205;255;563;619
Listener:Sent_pong;619;67E2
Dispatcher:67E2;315520;28850;256;0;2;204;249;574;619
Listener:Sent_pong;620;F010
Dispatcher:F010;315567;35733;256;0;2;198;249;568;620
Listener:Sent_pong;620;FCED
Dispatcher:FCED;315597;30785;256;0;2;210;253;575;620
Listener:Sent_pong;620;2EDF
Dispatcher:2EDF;315651;32274;256;0;2;201;249;565;620
Listener:Sent_pong;619;CE13
Dispatcher:CE13;315710;24423;256;0;2;192;249;576;619
Listener:Sent_pong;620;0002
Dispatcher:0002;315735;25039;256;0;2;189;249;591;620
Listener:Sent_pong;620;904F
Dispatcher:904F;315765;39634;256;0;2;193;255;592;620
Listener:Sent_pong;620;C323
Dispatcher:C323;315810;40623;256;0;2;204;249;581;620
Listener:Sent_pong;620;9375
Dispatcher:9375;315839;24404;256;0;2;207;255;582;620
Listener:Sent_pong;620;E934
Dispatcher:E934;315882;33110;256;0;2;201;249;580;620
Listener:Sent_pong;621;A7E4
Dispatcher:A7E4;315946;27579;256;0;2;207;255;585;621
Listener:Sent_pong;620;A78F
Dispatcher:A78F;315950;25687;256;0;2;201;249;567;620
Listener:Sent_pong;620;8D93
Dispatcher:8D93;316004;25395;256;0;2;205;255;564;620
Listener:Sent_pong;620;67E2
Dispatcher:67E2;316027;25324;256;0;2;204;249;575;620
Listener:Sent_pong;621;F010
Dispatcher:F010;316075;36725;256;0;2;198;249;569;621
Listener:Sent_pong;621;FCED
Dispatcher:FCED;316106;27599;256;0;2;210;253;576;621
Listener:Sent_pong;621;2EDF
Dispatcher:2EDF;316160;24760;256;0;2;201;249;566;621
Listener:Sent_pong;620;CE13
Dispatcher:CE13;316218;26945;256;0;2;192;249;577;620
Listener:Sent_pong;621;0002
Dispatcher:0002;316243;28869;256;0;2;189;249;592;621
Listener:Sent_pong;621;904F
Dispatcher:904F;316273;29516;256;0;2;193;255;593;621
Listener:Sent_pong;621;C323
Dispatcher:C323;316318;28888;256;0;2;204;249;582;621
Listener:Sent_pong;621;9375
Dispatcher:9375;316346;26304;256;0;2;207;255;583;621
Listener:Sent_pong;621;E934
Dispatcher:E934;316391;26972;256;0;2;201;249;581;621
Listener:Sent_pong;622;A7E4
Dispatcher:A7E4;316455;25373;256;0;2;207;255;586;622
Listener:Sent_pong;621;A78F
Dispatcher:A78F;316458;24083;256;0;2;201;249;568;621
Listener:Sent_pong;621;8D93
Dispatcher:8D93;316511;25377;256;0;2;205;255;565;621
Listener:Sent_pong;622;F010
Dispatcher:F010;316583;26945;256;0;2;198;249;570;622
Listener:Sent_pong;622;FCED
Dispatcher:FCED;316613;25376;256;0;2;210;253;577;622
Listener:Sent_pong;622;2EDF
Dispatcher:2EDF;316668;25396;256;0;2;201;249;567;622
Listener:Sent_pong;621;CE13
Dispatcher:CE13;316726;26979;256;0;2;192;249;578;621
Listener:Sent_pong;622;0002
Dispatcher:0002;316752;26013;256;0;2;189;249;593;622
Listener:Sent_pong;622;904F
Dispatcher:904F;316781;34526;256;0;2;193;255;594;622
Listener:Sent_pong;622;C323
Dispatcher:C323;316825;25386;256;0;2;204;249;583;622
Listener:Sent_pong;622;9375
Dispatcher:9375;316855;29194;256;0;2;207;255;584;622
Listener:Sent_pong;622;E934
Dispatcher:E934;316899;26940;256;0;2;201;249;582;622
Listener:Sent_pong;623;A7E4
Dispatcher:A7E4;316962;25349;256;0;2;207;255;587;623
Listener:Sent_pong;622;A78F
Dispatcher:A78F;316965;29511;256;0;2;201;249;569;622
Listener:Sent_pong;622;8D93
Dispatcher:8D93;317019;67334;256;0;2;205;255;566;622
Listener:Sent_pong;622;67E2
Dispatcher:67E2;317081;26282;256;0;2;204;249;576;622
Listener:Sent_pong;623;F010
Dispatcher:F010;317092;28105;256;0;2;198;249;571;623
Listener:Sent_pong;623;FCED
Dispatcher:FCED;317122;30783;256;0;2;210;253;578;623
Listener:Sent_pong;623;2EDF
Dispatcher:2EDF;317176;27604;256;0;2;201;249;568;623
Listener:Sent_pong;622;CE13
Dispatcher:CE13;317242;33407;256;0;2;192;249;579;622
Listener:Sent_pong;623;0002
Dispatcher:0002;317266;33673;256;0;2;189;249;594;623
Listener:Sent_pong;623;904F
Dispatcher:904F;317299;38556;256;0;2;193;255;595;623
Listener:Sent_pong;623;C323
Dispatcher:C323;317339;31316;256;0;2;204;249;584;623
Listener:Sent_pong;623;E934
Dispatcher:E934;317407;27930;256;0;2;201;249;583;623
Listener:Sent_pong;624;A7E4
Dispatcher:A7E4;317468;32435;256;0;2;207;255;588;624
Listener:Sent_pong;623;A78F
Dispatcher:A78F;317474;26653;256;0;2;201;249;570;623
Listener:Sent_pong;623;8D93
Dispatcher:8D93;317526;28873;256;0;2;205;255;567;623
Listener:Sent_pong;623;67E2
Dispatcher:67E2;317589;37150;256;0;2;204;249;577;623
Listener:Sent_pong;624;F010
Dispatcher:F010;317601;61257;256;0;2;198;249;572;624
Listener:Sent_pong;624;FCED
Dispatcher:FCED;317666;62236;256;0;2;210;253;579;624
Listener:Sent_pong;624;2EDF
Dispatcher:2EDF;317695;35546;256;0;2;201;249;569;624
Listener:Sent_pong;623;CE13
Dispatcher:CE13;317756;33407;256;0;2;192;249;579;623
Listener:Sent_pong;624;0002
Dispatcher:0002;317798;60527;256;0;2;189;249;595;624
Listener:Sent_pong;624;904F
Dispatcher:904F;317832;50868;256;0;2;193;255;596;624
Listener:Sent_pong;624;C323
Dispatcher:C323;317850;60812;256;0;2;204;249;585;624
Listener:Sent_pong;624;9375
Dispatcher:9375;317899;26622;256;0;2;207;255;585;624
Listener:Sent_pong;624;E934
Dispatcher:E934;317921;34144;256;0;2;201;249;584;624
Listener:Sent_pong;624;A78F
Dispatcher:A78F;317981;30923;256;0;2;201;249;571;624
Listener:Sent_pong;624;8D93
Dispatcher:8D93;318034;26659;256;0;2;205;255;568;624
Listener:Sent_pong;624;67E2
Dispatcher:67E2;318097;24774;256;0;2;204;249;578;624
Listener:Sent_pong;625;F010
Dispatcher:F010;318124;42629;256;0;2;198;249;573;625
Listener:Sent_pong;625;FCED
Dispatcher:FCED;318173;25481;256;0;2;210;253;580;625
Listener:Sent_pong;625;2EDF
Dispatcher:2EDF;318203;26042;256;0;2;201;249;570;625
Listener:Sent_pong;624;CE13
Dispatcher:CE13;318264;30921;256;0;2;192;249;580;624
Listener:Sent_pong;625;0002
Dispatcher:0002;318307;31111;256;0;2;189;249;596;625
Listener:Sent_pong;625;904F
Dispatcher:904F;318339;28562;256;0;2;193;255;597;625
Listener:Sent_pong;625;C323
Dispatcher:C323;318363;30586;256;0;2;204;249;586;625
Listener:Sent_pong;625;9375
Dispatcher:9375;318406;28294;256;0;2;207;255;586;625
Listener:Sent_pong;625;E934
Dispatcher:E934;318438;34144;256;0;2;201;249;584;625
Listener:Sent_pong;626;A7E4
Dispatcher:A7E4;318516;28446;256;0;2;207;255;589;626
Listener:Sent_pong;625;A78F
Dispatcher:A78F;318523;60993;256;0;2;201;249;572;625
Listener:Sent_pong;625;8D93
Dispatcher:8D93;318547;31902;256;0;2;205;255;569;625
Listener:Sent_pong;625;67E2
Dispatcher:67E2;318603;23436;256;0;2;204;249;579;625
Listener:Sent_pong;626;F010
Dispatcher:F010;318632;27685;256;0;2;198;249;574;626
Listener:Sent_pong;626;FCED
Dispatcher:FCED;318680;26679;256;0;2;210;253;581;626
Listener:Sent_pong;626;2EDF
Dispatcher:2EDF;318709;23840;256;0;2;201;249;571;626
Listener:Sent_pong;625;CE13
Dispatcher:CE13;318772;27263;256;0;2;192;249;581;625
Listener:Sent_pong;626;0002
Dispatcher:0002;318816;29203;256;0;2;189;249;597;626
Listener:Sent_pong;626;904F
Dispatcher:904F;318849;30608;256;0;2;193;255;598;626
Listener:Sent_pong;626;C323
Dispatcher:C323;318872;26966;256;0;2;204;249;587;626
Listener:Sent_pong;626;9375
Dispatcher:9375;318915;30190;256;0;2;207;255;587;626
Listener:Sent_pong;626;E934
Dispatcher:E934;318947;30254;256;0;2;201;249;585;626
Listener:Sent_pong;627;A7E4
Dispatcher:A7E4;319025;26634;256;0;2;207;255;590;627
Listener:Sent_pong;626;A78F
Dispatcher:A78F;319032;28537;256;0;2;201;249;573;626
Listener:Sent_pong;626;8D93
Dispatcher:8D93;319057;27667;256;0;2;205;255;570;626
Listener:Sent_pong;626;67E2
Dispatcher:67E2;319110;27048;256;0;2;204;249;580;626
Listener:Sent_pong;627;F010
Dispatcher:F010;319142;25875;256;0;2;198;249;575;627
Listener:Sent_pong;627;FCED
Dispatcher:FCED;319187;27030;256;0;2;210;253;582;627
Listener:Sent_pong;627;2EDF
Dispatcher:2EDF;319216;42300;256;0;2;201;249;572;627
Listener:Sent_pong;626;CE13
Dispatcher:CE13;319285;33403;256;0;2;192;249;582;626
Listener:Sent_pong;627;0002
Dispatcher:0002;319330;35001;256;0;2;189;249;598;627
Listener:Sent_pong;627;904F
Dispatcher:904F;319358;29882;256;0;2;193;255;599;627
Listener:Sent_pong;627;C323
Dispatcher:C323;319381;29630;256;0;2;204;249;588;627
Listener:Sent_pong;627;9375
Dispatcher:9375;319430;33728;256;0;2;207;255;588;627
Listener:Sent_pong;627;E934
Dispatcher:E934;319463;33798;256;0;2;201;249;586;627
Listener:Sent_pong;627;A78F
Dispatcher:A78F;319540;24705;256;0;2;201;249;574;627
Listener:Sent_pong;627;8D93
Dispatcher:8D93;319565;24728;256;0;2;205;255;571;627
Listener:Sent_pong;627;67E2
Dispatcher:67E2;319618;31852;256;0;2;204;249;581;627
Listener:Sent_pong;628;F010
Dispatcher:F010;319654;31789;256;0;2;198;249;576;628
Listener:Sent_pong;628;FCED
Dispatcher:FCED;319694;24734;256;0;2;210;253;583;628
Listener:Sent_pong;628;2EDF
Dispatcher:2EDF;319723;23474;256;0;2;201;249;573;628
Listener:Sent_pong;627;CE13
Dispatcher:CE13;319794;29821;256;0;2;192;249;583;627
Listener:Sent_pong;628;0002
Dispatcher:0002;319839;34293;256;0;2;189;247;599;628
Listener:Sent_pong;628;904F
Dispatcher:904F;319874;33246;256;0;2;193;255;600;628
Listener:Sent_pong;628;C323
Dispatcher:C323;319894;33184;256;0;2;204;249;589;628
Listener:Sent_pong;628;9375
Dispatcher:9375;319938;54456;256;0;2;207;255;589;628
Listener:Sent_pong;628;E934
Dispatcher:E934;319999;33798;256;0;2;201;249;586;628
Listener:Sent_pong;629;A7E4
Dispatcher:A7E4;320066;26000;256;0;2;207;255;591;629
Listener:Sent_pong;628;A78F
Dispatcher:A78F;320054;47813;256;0;2;201;249;575;628
Listener:Sent_pong;628;8D93
Dispatcher:8D93;320093;47545;256;0;2;205;255;572;628
Listener:Sent_pong;628;67E2
Dispatcher:67E2;320126;26968;256;0;2;204;249;582;628
Listener:Sent_pong;629;F010
Dispatcher:F010;320169;33845;256;0;2;198;249;577;629
Listener:Sent_pong;629;FCED
Dispatcher:FCED;320203;27272;256;0;2;210;253;584;629
Listener:Sent_pong;629;2EDF
Dispatcher:2EDF;320230;25636;256;0;2;201;249;574;629
Listener:Sent_pong;628;CE13
Dispatcher:CE13;320301;26955;256;0;2;192;249;584;628
Listener:Sent_pong;629;0002
Dispatcher:0002;320347;25675;256;0;2;189;249;600;629
Listener:Sent_pong;629;904F
Dispatcher:904F;320381;23752;256;0;2;193;255;601;629
Listener:Sent_pong;629;C323
Dispatcher:C323;320402;27278;256;0;2;204;249;590;629
Listener:Sent_pong;629;9375
Dispatcher:9375;320446;24722;256;0;2;207;255;590;629
Listener:Sent_pong;629;E934
Dispatcher:E934;320507;26650;256;0;2;201;249;587;629
Listener:Sent_pong;630;A7E4
Dispatcher:A7E4;320574;26032;256;0;2;207;255;592;630
Listener:Sent_pong;629;A78F
Dispatcher:A78F;320566;38069;256;0;2;201;249;576;629
Listener:Sent_pong;629;8D93
Dispatcher:8D93;320600;26017;256;0;2;205;255;573;629
Listener:Sent_pong;629;67E2
Dispatcher:67E2;320632;25332;256;0;2;204;249;583;629
Listener:Sent_pong;630;F010
Dispatcher:F010;320678;45639;256;0;2;198;249;578;630
Listener:Sent_pong;630;FCED
Dispatcher:FCED;320716;36409;256;0;2;210;253;585;630
Listener:Sent_pong;630;2EDF
Dispatcher:2EDF;320749;37620;256;0;2;201;249;575;630
Listener:Sent_pong;629;CE13
Dispatcher:CE13;320810;27247;256;0;2;192;249;585;629
Listener:Sent_pong;630;0002
Dispatcher:0002;320855;26313;256;0;2;189;249;601;630
Listener:Sent_pong;630;904F
Dispatcher:904F;320888;29004;256;0;2;193;255;602;630
Listener:Sent_pong;630;C323
Dispatcher:C323;320909;23154;256;0;2;204;249;591;630
Listener:Sent_pong;630;9375
Dispatcher:9375;320953;24714;256;0;2;207;255;591;630
Listener:Sent_pong;630;E934
Dispatcher:E934;321015;28232;256;0;2;201;249;588;630
Listener:Sent_pong;631;A7E4
Dispatcher:A7E4;321081;24719;256;0;2;207;255;593;631
Listener:Sent_pong;630;A78F
Dispatcher:A78F;321073;25363;256;0;2;201;249;577;630
Listener:Sent_pong;630;8D93
Dispatcher:8D93;321107;25670;256;0;2;205;255;574;630
Listener:Sent_pong;630;67E2
Dispatcher:67E2;321139;24366;256;0;2;204;249;584;630
Listener:Sent_pong;631;FCED
Dispatcher:FCED;321224;26633;256;0;2;210;253;586;631
Listener:Sent_pong;631;2EDF
Dispatcher:2EDF;321255;24416;256;0;2;201;249;576;631
Listener:Sent_pong;630;CE13
Dispatcher:CE13;321318;27937;256;0;2;192;249;586;630
Listener:Sent_pong;631;0002
Dispatcher:0002;321362;25671;256;0;2;189;249;602;631
Listener:Sent_pong;631;904F
Dispatcher:904F;321396;26324;256;0;2;193;255;603;631
Listener:Sent_pong;631;C323
Dispatcher:C323;321429;38942;256;0;2;204;249;592;631
Listener:Sent_pong;631;9375
Dispatcher:9375;321461;28214;256;0;2;207;255;592;631
Listener:Sent_pong;631;E934
Dispatcher:E934;321524;27906;256;0;2;201;249;589;631
Listener:Sent_pong;632;A7E4
Dispatcher:A7E4;321590;26973;256;0;2;207;255;594;632
Listener:Sent_pong;631;A78F
Dispatcher:A78F;321581;26703;256;0;2;201;249;578;631
Listener:Sent_pong;631;8D93
Dispatcher:8D93;321614;59229;256;0;2;205;255;575;631
Listener:Sent_pong;631;67E2
Dispatcher:67E2;321675;24366;256;0;2;204;249;584;631
Listener:Sent_pong;632;F010
Dispatcher:F010;321707;28569;256;0;2;198;249;579;632
Listener:Sent_pong;632;FCED
Dispatcher:FCED;321733;28545;256;0;2;210;253;587;632
Listener:Sent_pong;631;CE13
Dispatcher:CE13;321826;31681;256;0;2;192;249;587;631
Listener:Sent_pong;632;0002
Dispatcher:0002;321869;26645;256;0;2;189;249;603;632
Listener:Sent_pong;632;904F
Dispatcher:904F;321904;30158;256;0;2;193;255;604;632
Listener:Sent_pong;632;C323
Dispatcher:C323;321937;27280;256;0;2;204;249;593;632
Listener:Sent_pong;632;9375
Dispatcher:9375;321967;24378;256;0;2;207;255;593;632
Listener:Sent_pong;632;E934
Dispatcher:E934;322031;26756;256;0;2;201;249;590;632
Listener:Sent_pong;633;A7E4
Dispatcher:A7E4;322097;26000;256;0;2;207;255;595;633
Listener:Sent_pong;632;A78F
Dispatcher:A78F;322089;25453;256;0;2;201;249;579;632
Listener:Sent_pong;632;8D93
Dispatcher:8D93;322122;25683;256;0;2;205;255;576;632
Listener:Sent_pong;632;67E2
Dispatcher:67E2;322182;23438;256;0;2;204;249;585;632
Listener:Sent_pong;633;F010
Dispatcher:F010;322214;26001;256;0;2;198;249;580;633
Listener:Sent_pong;633;FCED
Dispatcher:FCED;322242;52901;256;0;2;210;253;588;633
Listener:Sent_pong;633;2EDF
Dispatcher:2EDF;322290;23496;256;0;2;201;249;577;633
Listener:Sent_pong;632;CE13
Dispatcher:CE13;322335;25673;256;0;2;192;249;588;632
Listener:Sent_pong;633;0002
Dispatcher:0002;322376;27589;256;0;2;189;249;604;633
Listener:Sent_pong;633;904F
Dispatcher:904F;322412;26958;256;0;2;193;255;605;633
Listener:Sent_pong;633;C323
Dispatcher:C323;322445;27304;256;0;2;204;249;594;633
Listener:Sent_pong;633;9375
Dispatcher:9375;322474;23408;256;0;2;207;255;594;633
Listener:Sent_pong;633;E934
Dispatcher:E934;322538;28554;256;0;2;201;249;591;633
Listener:Sent_pong;634;A7E4
Dispatcher:A7E4;322604;25676;256;0;2;207;255;596;634
Listener:Sent_pong;633;8D93
Dispatcher:8D93;322629;28898;256;0;2;205;255;577;633
Listener:Sent_pong;633;67E2
Dispatcher:67E2;322690;28866;256;0;2;204;249;586;633
Listener:Sent_pong;634;F010
Dispatcher:F010;322722;25702;256;0;2;198;249;581;634
Listener:Sent_pong;634;FCED
Dispatcher:FCED;322750;24724;256;0;2;210;253;589;634
Listener:Sent_pong;634;2EDF
Dispatcher:2EDF;322797;25072;256;0;2;201;249;578;634
Listener:Sent_pong;633;CE13
Dispatcher:CE13;322843;25693;256;0;2;192;249;589;633
Listener:Sent_pong;634;0002
Dispatcher:0002;322885;27267;256;0;2;189;249;605;634
Listener:Sent_pong;634;904F
Dispatcher:904F;322919;31814;256;0;2;193;255;606;634
Listener:Sent_pong;634;C323
Dispatcher:C323;322951;24738;256;0;2;204;249;595;634
Listener:Sent_pong;634;9375
Dispatcher:9375;322981;24390;256;0;2;207;255;595;634
Listener:Sent_pong;634;E934
Dispatcher:E934;323046;27606;256;0;2;201;249;592;634
Listener:Sent_pong;635;A7E4
Dispatcher:A7E4;323113;45717;256;0;2;207;255;597;635
Listener:Sent_pong;634;A78F
Dispatcher:A78F;323122;24723;256;0;2;201;249;580;634
Listener:Sent_pong;634;8D93
Dispatcher:8D93;323137;25064;256;0;2;205;255;578;634
Listener:Sent_pong;634;67E2
Dispatcher:67E2;323199;26298;256;0;2;204;249;587;634
Listener:Sent_pong;635;F010
Dispatcher:F010;323229;22483;256;0;2;198;249;582;635
Listener:Sent_pong;635;FCED
Dispatcher:FCED;323257;25354;256;0;2;210;253;590;635
Listener:Sent_pong;635;2EDF
Dispatcher:2EDF;323304;25388;256;0;2;201;249;579;635
Listener:Sent_pong;634;CE13
Dispatcher:CE13;323352;24399;256;0;2;192;249;590;634
Listener:Sent_pong;635;0002
Dispatcher:0002;323393;30409;256;0;2;189;249;606;635
Listener:Sent_pong;635;904F
Dispatcher:904F;323427;26662;256;0;2;193;255;607;635
Listener:Sent_pong;635;C323
Dispatcher:C323;323459;27602;256;0;2;204;249;596;635
Listener:Sent_pong;635;9375
Dispatcher:9375;323488;25038;256;0;2;207;255;596;635
Listener:Sent_pong;635;E934
Dispatcher:E934;323555;29662;256;0;2;201;249;593;635
Listener:Sent_pong;636;A7E4
Dispatcher:A7E4;323622;29947;256;0;2;207;255;598;636
Listener:Sent_pong;635;A78F
Dispatcher:A78F;323629;37853;256;0;2;201;249;581;635
Listener:Sent_pong;635;8D93
Dispatcher:8D93;323664;47014;256;0;2;205;255;579;635
Listener:Sent_pong;635;67E2
Dispatcher:67E2;323707;28048;256;0;2;204;249;588;635
Listener:Sent_pong;636;F010
Dispatcher:F010;323737;26635;256;0;2;198;249;583;636
Listener:Sent_pong;636;FCED
Dispatcher:FCED;323764;28701;256;0;2;210;253;591;636
Listener:Sent_pong;636;2EDF
Dispatcher:2EDF;323811;42994;256;0;2;201;249;580;636
Listener:Sent_pong;635;CE13
Dispatcher:CE13;323860;27593;256;0;2;192;249;591;635
Listener:Sent_pong;636;0002
Dispatcher:0002;323901;24383;256;0;2;189;249;607;636
Listener:Sent_pong;636;904F
Dispatcher:904F;323936;26012;256;0;2;193;255;608;636
Listener:Sent_pong;636;C323
Dispatcher:C323;323966;25370;256;0;2;204;249;597;636
Listener:Sent_pong;636;9375
Dispatcher:9375;323995;24374;256;0;2;207;255;597;636
Listener:Sent_pong;636;E934
Dispatcher:E934;324062;25052;256;0;2;201;249;594;636
Listener:Sent_pong;637;A7E4
Dispatcher:A7E4;324130;25955;256;0;2;207;255;599;637
Listener:Sent_pong;636;A78F
Dispatcher:A78F;324137;26017;256;0;2;201;249;582;636
Listener:Sent_pong;636;8D93
Dispatcher:8D93;324171;26637;256;0;2;205;255;580;636
Listener:Sent_pong;636;67E2
Dispatcher:67E2;324215;37838;256;0;2;204;249;589;636
Listener:Sent_pong;637;FCED
Dispatcher:FCED;324275;30325;256;0;2;210;253;592;637
Listener:Sent_pong;637;2EDF
Dispatcher:2EDF;324318;25398;256;0;2;201;249;581;637
Listener:Sent_pong;636;CE13
Dispatcher:CE13;324368;25049;256;0;2;192;249;592;636
Listener:Sent_pong;637;0002
Dispatcher:0002;324409;27283;256;0;2;189;249;608;637
Listener:Sent_pong;637;904F
Dispatcher:904F;324449;30228;256;0;2;193;255;609;637
Listener:Sent_pong;637;C323
Dispatcher:C323;324473;27592;256;0;2;204;249;598;637
Listener:Sent_pong;637;9375
Dispatcher:9375;324503;26960;256;0;2;207;255;598;637
Listener:Sent_pong;637;E934
Dispatcher:E934;324569;25052;256;0;2;201;249;595;637
Listener:Sent_pong;638;A7E4
Dispatcher:A7E4;324638;27885;256;0;2;207;255;600;638
Listener:Sent_pong;637;A78F
Dispatcher:A78F;324644;64059;256;0;2;201;249;583;637
Listener:Sent_pong;637;8D93
Dispatcher:8D93;324705;52717;256;0;2;205;255;581;637
Listener:Sent_pong;637;67E2
Dispatcher:67E2;324732;62518;256;0;2;204;249;590;637
Listener:Sent_pong;638;F010
Dispatcher:F010;324782;37141;256;0;2;198;249;584;638
Listener:Sent_pong;638;0002
Dispatcher:0002;324917;25987;256;0;2;189;249;609;638
Listener:Sent_pong;638;904F
Dispatcher:904F;324956;25516;256;0;2;193;255;610;638
Listener:Sent_pong;638;C323
Dispatcher:C323;324982;27604;256;0;2;204;249;599;638
Listener:Sent_pong;638;9375
Dispatcher:9375;325009;23122;256;0;2;207;255;599;638
Listener:Sent_pong;638;E934
Dispatcher:E934;325075;24866;256;0;2;201;249;596;638
Listener:Sent_pong;639;A7E4
Dispatcher:A7E4;325147;27905;256;0;2;207;255;601;639
Listener:Sent_pong;638;A78F
Dispatcher:A78F;325151;25423;256;0;2;201;249;584;638
Listener:Sent_pong;638;8D93
Dispatcher:8D93;325212;27307;256;0;2;205;255;582;638
Listener:Sent_pong;638;67E2
Dispatcher:67E2;325240;26928;256;0;2;204;249;591;638
Listener:Sent_pong;639;F010
Dispatcher:F010;325289;37141;256;0;2;198;249;584;639
Listener:Sent_pong;639;2EDF
Dispatcher:2EDF;325350;26324;256;0;2;201;249;582;639
Listener:Sent_pong;638;CE13
Dispatcher:CE13;325382;23465;256;0;2;192;249;593;638
Listener:Sent_pong;639;0002
Dispatcher:0002;325425;26655;256;0;2;189;249;610;639
Listener:Sent_pong;639;904F
Dispatcher:904F;325463;26650;256;0;2;193;255;611;639
Listener:Sent_pong;639;C323
Dispatcher:C323;325490;26638;256;0;2;204;249;600;639
Listener:Sent_pong;639;9375
Dispatcher:9375;325516;25356;256;0;2;207;255;600;639
Listener:Sent_pong;639;E934
Dispatcher:E934;325583;27580;256;0;2;201;249;597;639
Listener:Sent_pong;640;A7E4
Dispatcher:A7E4;325655;25638;256;0;2;207;255;602;640
Listener:Sent_pong;639;A78F
Dispatcher:A78F;325657;25701;256;0;2;201;249;585;639
Listener:Sent_pong;639;8D93
Dispatcher:8D93;325720;24078;256;0;2;205;255;583;639
Listener:Sent_pong;639;67E2
Dispatcher:67E2;325747;27276;256;0;2;204;249;592;639
Listener:Sent_pong;640;F010
Dispatcher:F010;325796;57089;256;0;2;198;249;585;640
Listener:Sent_pong;640;FCED
Dispatcher:FCED;325827;32445;256;0;2;210;253;593;640
Listener:Sent_pong;640;2EDF
Dispatcher:2EDF;325864;32394;256;0;2;201;249;583;640
Listener:Sent_pong;639;CE13
Dispatcher:CE13;325889;25061;256;0;2;192;249;594;639
Listener:Sent_pong;640;0002
Dispatcher:0002;325932;22473;256;0;2;189;249;611;640
Listener:Sent_pong;640;904F
Dispatcher:904F;325972;26304;256;0;2;193;255;612;640
Listener:Sent_pong;640;C323
Dispatcher:C323;325999;31744;256;0;2;204;249;601;640
Listener:Sent_pong;640;9375
Dispatcher:9375;326026;29604;256;0;2;207;255;601;640
Listener:Sent_pong;640;E934
Dispatcher:E934;326090;25992;256;0;2;201;249;598;640
Listener:Sent_pong;641;A7E4
Dispatcher:A7E4;326163;25658;256;0;2;207;255;603;641
Listener:Sent_pong;640;A78F
Dispatcher:A78F;326165;26619;256;0;2;201;249;586;640
Listener:Sent_pong;640;8D93
Dispatcher:8D93;326228;29836;256;0;2;205;255;584;640
Listener:Sent_pong;640;67E2
Dispatcher:67E2;326255;26938;256;0;2;204;249;593;640
Listener:Sent_pong;641;F010
Dispatcher:F010;326303;25691;256;0;2;198;249;586;641
Listener:Sent_pong;641;FCED
Dispatcher:FCED;326335;25057;256;0;2;210;253;594;641
Listener:Sent_pong;641;2EDF
Dispatcher:2EDF;326373;27626;256;0;2;201;249;584;641
Listener:Sent_pong;640;CE13
Dispatcher:CE13;326396;23623;256;0;2;192;249;595;640
Listener:Sent_pong;641;0002
Dispatcher:0002;326438;26959;256;0;2;189;249;612;641
Listener:Sent_pong;641;904F
Dispatcher:904F;326480;28246;256;0;2;193;255;613;641
Listener:Sent_pong;641;C323
Dispatcher:C323;326506;29496;256;0;2;204;249;602;641
Listener:Sent_pong;641;9375
Dispatcher:9375;326544;36818;256;0;2;207;255;602;641
Listener:Sent_pong;641;E934
Dispatcher:E934;326597;26326;256;0;2;201;249;599;641
Listener:Sent_pong;642;A7E4
Dispatcher:A7E4;326672;26625;256;0;2;207;255;604;642
Listener:Sent_pong;641;A78F
Dispatcher:A78F;326671;22805;256;0;2;201;249;587;641
Listener:Sent_pong;641;8D93
Dispatcher:8D93;326744;35000;256;0;2;205;255;585;641
Listener:Sent_pong;641;67E2
Dispatcher:67E2;326769;31344;256;0;2;204;249;594;641
Listener:Sent_pong;642;F010
Dispatcher:F010;326811;27293;256;0;2;198;249;587;642
Listener:Sent_pong;642;FCED
Dispatcher:FCED;326842;23450;256;0;2;210;253;595;642
Listener:Sent_pong;642;2EDF
Dispatcher:2EDF;326880;25042;256;0;2;201;249;585;642
Listener:Sent_pong;641;CE13
Dispatcher:CE13;326908;28661;256;0;2;192;249;596;641
Listener:Sent_pong;642;0002
Dispatcher:0002;326946;28055;256;0;2;189;249;613;642
Listener:Sent_pong;642;904F
Dispatcher:904F;326987;27274;256;0;2;193;255;614;642
Listener:Sent_pong;642;C323
Dispatcher:C323;327015;28896;256;0;2;204;249;603;642
Listener:Sent_pong;642;9375
Dispatcher:9375;327053;27188;256;0;2;207;255;603;642
Listener:Sent_pong;642;E934
Dispatcher:E934;327105;25364;256;0;2;201;249;600;642
Listener:Sent_pong;643;A7E4
Dispatcher:A7E4;327181;28691;256;0;2;207;255;605;643
Listener:Sent_pong;642;A78F
Dispatcher:A78F;327179;26311;256;0;2;201;249;588;642
Listener:Sent_pong;642;8D93
Dispatcher:8D93;327251;27100;256;0;2;205;255;586;642
Listener:Sent_pong;642;67E2
Dispatcher:67E2;327275;23738;256;0;2;204;249;595;642
Listener:Sent_pong;643;F010
Dispatcher:F010;327318;28861;256;0;2;198;249;588;643
Listener:Sent_pong;643;FCED
Dispatcher:FCED;327348;28396;256;0;2;210;253;596;643
Listener:Sent_pong;643;2EDF
Dispatcher:2EDF;327387;24094;256;0;2;201;249;586;643
Listener:Sent_pong;642;CE13
Dispatcher:CE13;327415;24397;256;0;2;192;249;597;642
Listener:Sent_pong;643;0002
Dispatcher:0002;327454;26927;256;0;2;189;249;614;643
Listener:Sent_pong;643;904F
Dispatcher:904F;327494;26608;256;0;2;193;255;615;643
Listener:Sent_pong;643;C323
Dispatcher:C323;327522;24740;256;0;2;204;249;604;643
Listener:Sent_pong;643;9375
Dispatcher:9375;327559;31860;256;0;2;207;255;604;643
Listener:Sent_pong;643;E934
Dispatcher:E934;327612;27592;256;0;2;201;249;601;643
Listener:Sent_pong;644;A7E4
Dispatcher:A7E4;327688;26624;256;0;2;207;255;606;644
Listener:Sent_pong;643;A78F
Dispatcher:A78F;327685;24417;256;0;2;201;249;589;643
Listener:Sent_pong;643;8D93
Dispatcher:8D93;327760;26645;256;0;2;205;255;587;643
Listener:Sent_pong;643;67E2
Dispatcher:67E2;327783;25368;256;0;2;204;249;596;643
Listener:Sent_pong;644;F010
Dispatcher:F010;327825;24407;256;0;2;198;249;589;644
Listener:Sent_pong;644;FCED
Dispatcher:FCED;327855;25029;256;0;2;210;253;597;644
Listener:Sent_pong;644;2EDF
Dispatcher:2EDF;327897;28026;256;0;2;201;249;587;644
Listener:Sent_pong;643;CE13
Dispatcher:CE13;327923;25363;256;0;2;192;249;598;643
Listener:Sent_pong;644;0002
Dispatcher:0002;327961;25369;256;0;2;189;249;615;644
Listener:Sent_pong;644;904F
Dispatcher:904F;328001;25056;256;0;2;193;255;616;644
Listener:Sent_pong;644;C323
Dispatcher:C323;328028;24430;256;0;2;204;249;605;644
Listener:Sent_pong;644;9375
Dispatcher:9375;328067;25642;256;0;2;207;255;605;644
Listener:Sent_pong;644;E934
Dispatcher:E934;328120;25684;256;0;2;201;249;602;644
Listener:Sent_pong;645;A7E4
Dispatcher:A7E4;328196;25672;256;0;2;207;255;607;645
Listener:Sent_pong;644;A78F
Dispatcher:A78F;328192;25175;256;0;2;201;249;590;644
Listener:Sent_pong;644;8D93
Dispatcher:8D93;328269;27626;256;0;2;205;255;588;644
Listener:Sent_pong;644;67E2
Dispatcher:67E2;328292;32840;256;0;2;204;249;597;644
Listener:Sent_pong;645;F010
Dispatcher:F010;328332;23095;256;0;2;198;249;590;645
Listener:Sent_pong;645;FCED
Dispatcher:FCED;328364;25674;256;0;2;210;253;598;645
Listener:Sent_pong;645;2EDF
Dispatcher:2EDF;328405;26330;256;0;2;201;249;588;645
Listener:Sent_pong;644;CE13
Dispatcher:CE13;328431;27915;256;0;2;192;249;599;644
Listener:Sent_pong;645;0002
Dispatcher:0002;328468;25643;256;0;2;189;249;616;645
Listener:Sent_pong;645;904F
Dispatcher:904F;328508;24970;256;0;2;193;255;617;645
Listener:Sent_pong;645;C323
Dispatcher:C323;328535;23446;256;0;2;204;249;606;645
Listener:Sent_pong;645;9375
Dispatcher:9375;328573;23754;256;0;2;207;255;606;645
Listener:Sent_pong;645;E934
Dispatcher:E934;328627;26324;256;0;2;201;249;603;645
Listener:Sent_pong;646;A7E4
Dispatcher:A7E4;328703;25340;256;0;2;207;255;608;646
Listener:Sent_pong;645;A78F
Dispatcher:A78F;328700;26959;256;0;2;201;249;591;645
Listener:Sent_pong;645;8D93
Dispatcher:8D93;328777;27296;256;0;2;205;255;589;645
Listener:Sent_pong;645;67E2
Dispatcher:67E2;328801;29800;256;0;2;204;249;598;645
Listener:Sent_pong;646;F010
Dispatcher:F010;328840;27567;256;0;2;198;249;591;646
Listener:Sent_pong;646;2EDF
Dispatcher:2EDF;328912;25348;256;0;2;201;249;589;646
Listener:Sent_pong;645;CE13
Dispatcher:CE13;328940;28467;256;0;2;192;249;600;645
Listener:Sent_pong;646;0002
Dispatcher:0002;328975;25977;256;0;2;189;249;617;646
Listener:Sent_pong;646;904F
Dispatcher:904F;329016;26318;256;0;2;193;255;618;646
Listener:Sent_pong;646;C323
Dispatcher:C323;329043;27926;256;0;2;204;249;607;646
Listener:Sent_pong;646;9375
Dispatcher:9375;329080;26326;256;0;2;207;255;607;646
Listener:Sent_pong;646;E934
Dispatcher:E934;329136;33906;256;0;2;201;249;604;646
Listener:Sent_pong;647;A7E4
Dispatcher:A7E4;329211;25027;256;0;2;207;255;609;647
Listener:Sent_pong;646;A78F
Dispatcher:A78F;329209;28863;256;0;2;201;249;592;646
Listener:Sent_pong;646;8D93
Dispatcher:8D93;329284;28874;256;0;2;205;255;590;646
Listener:Sent_pong;646;67E2
Dispatcher:67E2;329310;28192;256;0;2;204;249;599;646
Listener:Sent_pong;647;F010
Dispatcher:F010;329347;41453;256;0;2;198;249;592;647
Listener:Sent_pong;647;FCED
Dispatcher:FCED;329376;26625;256;0;2;210;253;599;647
Listener:Sent_pong;647;2EDF
Dispatcher:2EDF;329419;23422;256;0;2;201;249;590;647
Listener:Sent_pong;646;CE13
Dispatcher:CE13;329446;31885;256;0;2;192;249;601;646
Listener:Sent_pong;647;0002
Dispatcher:0002;329482;25673;256;0;2;189;249;618;647
Listener:Sent_pong;647;904F
Dispatcher:904F;329524;27926;256;0;2;193;255;619;647
Listener:Sent_pong;647;C323
Dispatcher:C323;329550;32984;256;0;2;204;249;608;647
Listener:Sent_pong;647;9375
Dispatcher:9375;329589;26622;256;0;2;207;255;608;647
Listener:Sent_pong;647;E934
Dispatcher:E934;329644;27586;256;0;2;201;249;605;647
Listener:Sent_pong;648;A7E4
Dispatcher:A7E4;329719;27565;256;0;2;207;255;610;648
Listener:Sent_pong;647;A78F
Dispatcher:A78F;329717;25701;256;0;2;201;249;593;647
Listener:Sent_pong;647;8D93
Dispatcher:8D93;329793;25371;256;0;2;205;255;591;647
Listener:Sent_pong;647;67E2
Dispatcher:67E2;329817;24402;256;0;2;204;249;600;647
Listener:Sent_pong;648;F010
Dispatcher:F010;329855;26439;256;0;2;198;249;593;648
Listener:Sent_pong;648;FCED
Dispatcher:FCED;329883;26984;256;0;2;210;253;600;648
Listener:Sent_pong;648;2EDF
Dispatcher:2EDF;329927;26988;256;0;2;201;249;591;648
Listener:Sent_pong;647;CE13
Dispatcher:CE13;329954;24411;256;0;2;192;249;602;647
Listener:Sent_pong;648;0002
Dispatcher:0002;329990;26953;256;0;2;189;249;619;648
Listener:Sent_pong;648;904F
Dispatcher:904F;330033;24712;256;0;2;193;255;620;648
Listener:Sent_pong;648;C323
Dispatcher:C323;330057;25060;256;0;2;204;249;609;648
Listener:Sent_pong;648;9375
Dispatcher:9375;330097;26642;256;0;2;207;255;609;648
Listener:Sent_pong;648;E934
Dispatcher:E934;330152;26652;256;0;2;201;249;606;648
Listener:Sent_pong;649;A7E4
Dispatcher:A7E4;330228;27891;256;0;2;207;255;611;649
Listener:Sent_pong;648;A78F
Dispatcher:A78F;330225;26323;256;0;2;201;249;594;648
Listener:Sent_pong;648;8D93
Dispatcher:8D93;330300;27282;256;0;2;205;255;592;648
Listener:Sent_pong;648;67E2
Dispatcher:67E2;330326;26688;256;0;2;204;249;601;648
Listener:Sent_pong;649;F010
Dispatcher:F010;330362;22175;256;0;2;198;249;594;649
Listener:Sent_pong;649;FCED
Dispatcher:FCED;330392;28046;256;0;2;210;253;601;649
Listener:Sent_pong;649;2EDF
Dispatcher:2EDF;330435;25690;256;0;2;201;249;592;649
Listener:Sent_pong;648;CE13
Dispatcher:CE13;330461;24723;256;0;2;192;249;603;648
Listener:Sent_pong;649;0002
Dispatcher:0002;330512;41889;256;0;2;189;249;620;649
Listener:Sent_pong;649;904F
Dispatcher:904F;330541;24410;256;0;2;193;255;621;649
Listener:Sent_pong;649;C323
Dispatcher:C323;330564;22828;256;0;2;204;249;610;649
Listener:Sent_pong;649;9375
Dispatcher:9375;330605;26296;256;0;2;207;255;610;649
Listener:Sent_pong;649;E934
Dispatcher:E934;330661;25994;256;0;2;201;249;607;649
Listener:Sent_pong;650;A7E4
Dispatcher:A7E4;330735;33596;256;0;2;207;255;612;650
Listener:Sent_pong;649;A78F
Dispatcher:A78F;330734;27235;256;0;2;201;249;595;649
Listener:Sent_pong;649;8D93
Dispatcher:8D93;330809;28052;256;0;2;205;255;593;649
Listener:Sent_pong;650;F010
Dispatcher:F010;330869;27581;256;0;2;198;249;595;650
Listener:Sent_pong;650;FCED
Dispatcher:FCED;330899;25675;256;0;2;210;253;602;650
Listener:Sent_pong;650;2EDF
Dispatcher:2EDF;330944;29848;256;0;2;201;249;593;650
Listener:Sent_pong;649;CE13
Dispatcher:CE13;330969;26253;256;0;2;192;249;604;649
Listener:Sent_pong;650;0002
Dispatcher:0002;331019;28985;256;0;2;189;249;621;650
Listener:Sent_pong;650;904F
Dispatcher:904F;331049;26962;256;0;2;193;255;622;650
Listener:Sent_pong;650;C323
Dispatcher:C323;331071;26636;256;0;2;204;249;611;650
Listener:Sent_pong;650;9375
Dispatcher:9375;331114;26958;256;0;2;207;255;611;650
Listener:Sent_pong;650;E934
Dispatcher:E934;331170;27592;256;0;2;201;249;608;650
Listener:Sent_pong;651;A7E4
Dispatcher:A7E4;331243;27904;256;0;2;207;255;613;651
Listener:Sent_pong;650;A78F
Dispatcher:A78F;331241;27261;256;0;2;201;249;596;650
Listener:Sent_pong;650;8D93
Dispatcher:8D93;331318;28052;256;0;2;205;255;593;650
Listener:Sent_pong;650;67E2
Dispatcher:67E2;331365;24720;256;0;2;204;249;602;650
Listener:Sent_pong;651;F010
Dispatcher:F010;331382;27581;256;0;2;198;249;595;651
Listener:Sent_pong;651;FCED
Dispatcher:FCED;331425;46760;256;0;2;210;253;603;651
Listener:Sent_pong;651;2EDF
Dispatcher:2EDF;331455;33184;256;0;2;201;249;594;651
Listener:Sent_pong;650;CE13
Dispatcher:CE13;331488;38723;256;0;2;192;249;605;650
Listener:Sent_pong;651;0002
Dispatcher:0002;331528;31211;256;0;2;189;249;622;651
Listener:Sent_pong;651;904F
Dispatcher:904F;331558;27592;256;0;2;193;255;623;651
Listener:Sent_pong;651;C323
Dispatcher:C323;331579;23764;256;0;2;204;249;612;651
Listener:Sent_pong;651;9375
Dispatcher:9375;331621;26934;256;0;2;207;255;612;651
Listener:Sent_pong;651;E934
Dispatcher:E934;331678;26002;256;0;2;201;249;609;651
Listener:Sent_pong;652;A7E4
Dispatcher:A7E4;331752;30763;256;0;2;207;255;614;652
Listener:Sent_pong;651;A78F
Dispatcher:A78F;331748;53947;256;0;2;201;249;597;651
Listener:Sent_pong;651;8D93
Dispatcher:8D93;331826;26642;256;0;2;205;255;594;651
Listener:Sent_pong;651;67E2
Dispatcher:67E2;331872;24706;256;0;2;204;249;603;651
Listener:Sent_pong;652;F010
Dispatcher:F010;331906;45377;256;0;2;198;249;596;652
Listener:Sent_pong;652;FCED
Dispatcher:FCED;331933;28580;256;0;2;210;253;604;652
Listener:Sent_pong;652;2EDF
Dispatcher:2EDF;331971;34970;256;0;2;201;249;595;652
Listener:Sent_pong;651;CE13
Dispatcher:CE13;331996;25661;256;0;2;192;249;606;651
Listener:Sent_pong;652;0002
Dispatcher:0002;332036;27593;256;0;2;189;249;623;652
Listener:Sent_pong;652;904F
Dispatcher:904F;332072;30372;256;0;2;193;255;624;652
Listener:Sent_pong;652;C323
Dispatcher:C323;332091;31374;256;0;2;204;249;613;652
Listener:Sent_pong;652;9375
Dispatcher:9375;332128;23430;256;0;2;207;255;613;652
Listener:Sent_pong;652;E934
Dispatcher:E934;332184;26302;256;0;2;201;249;610;652
Listener:Sent_pong;653;A7E4
Dispatcher:A7E4;332261;26955;256;0;2;207;255;615;653
Listener:Sent_pong;652;A78F
Dispatcher:A78F;332256;27607;256;0;2;201;249;598;652
Listener:Sent_pong;652;8D93
Dispatcher:8D93;332335;29516;256;0;2;205;255;595;652
Listener:Sent_pong;652;67E2
Dispatcher:67E2;332384;31590;256;0;2;204;249;604;652
Listener:Sent_pong;653;F010
Dispatcher:F010;332415;28397;256;0;2;198;249;597;653
Listener:Sent_pong;653;FCED
Dispatcher:FCED;332441;26610;256;0;2;210;253;605;653
Listener:Sent_pong;653;2EDF
Dispatcher:2EDF;332479;27410;256;0;2;201;249;596;653
Listener:Sent_pong;652;CE13
Dispatcher:CE13;332504;26139;256;0;2;192;249;607;652
Listener:Sent_pong;653;0002
Dispatcher:0002;332543;23443;256;0;2;189;249;624;653
Listener:Sent_pong;653;904F
Dispatcher:904F;332578;23624;256;0;2;193;255;625;653
Listener:Sent_pong;653;C323
Dispatcher:C323;332599;25396;256;0;2;204;249;614;653
Listener:Sent_pong;653;9375
Dispatcher:9375;332634;22154;256;0;2;207;255;614;653
Listener:Sent_pong;653;E934
Dispatcher:E934;332691;26880;256;0;2;201;249;611;653
Listener:Sent_pong;654;A7E4
Dispatcher:A7E4;332769;23405;256;0;2;207;255;616;654
Listener:Sent_pong;653;A78F
Dispatcher:A78F;332763;23141;256;0;2;201;249;599;653
Listener:Sent_pong;653;8D93
Dispatcher:8D93;332843;25993;256;0;2;205;255;596;653
Listener:Sent_pong;653;67E2
Dispatcher:67E2;332891;26456;256;0;2;204;249;605;653
Listener:Sent_pong;654;F010
Dispatcher:F010;332922;24391;256;0;2;198;249;598;654
Listener:Sent_pong;654;FCED
Dispatcher:FCED;332949;24692;256;0;2;210;253;606;654
Listener:Sent_pong;654;2EDF
Dispatcher:2EDF;332987;25680;256;0;2;201;249;597;654
Listener:Sent_pong;653;CE13
Dispatcher:CE13;333016;27829;256;0;2;192;249;608;653
Listener:Sent_pong;654;0002
Dispatcher:0002;333050;23411;256;0;2;189;249;625;654
Listener:Sent_pong;654;904F
Dispatcher:904F;333086;23446;256;0;2;193;255;626;654
Listener:Sent_pong;654;C323
Dispatcher:C323;333112;32136;256;0;2;204;249;615;654
Listener:Sent_pong;654;9375
Dispatcher:9375;333141;24694;256;0;2;207;255;615;654
Listener:Sent_pong;654;E934
Dispatcher:E934;333198;26634;256;0;2;201;249;612;654
Listener:Sent_pong;655;A7E4
Dispatcher:A7E4;333275;23105;256;0;2;207;255;617;655
Listener:Sent_pong;654;A78F
Dispatcher:A78F;333270;24701;256;0;2;201;249;600;654
Listener:Sent_pong;654;8D93
Dispatcher:8D93;333351;24090;256;0;2;205;255;597;654
Listener:Sent_pong;654;67E2
Dispatcher:67E2;333398;25034;256;0;2;204;249;606;654
Listener:Sent_pong;655;F010
Dispatcher:F010;333432;28665;256;0;2;198;249;599;655
Listener:Sent_pong;655;FCED
Dispatcher:FCED;333456;27917;256;0;2;210;253;607;655
Listener:Sent_pong;655;2EDF
Dispatcher:2EDF;333495;25384;256;0;2;201;249;598;655
Listener:Sent_pong;654;CE13
Dispatcher:CE13;333522;31247;256;0;2;192;249;609;654
Listener:Sent_pong;655;0002
Dispatcher:0002;333557;26309;256;0;2;189;249;626;655
Listener:Sent_pong;655;904F
Dispatcher:904F;333594;25694;256;0;2;193;255;627;655
Listener:Sent_pong;655;C323
Dispatcher:C323;333619;26638;256;0;2;204;249;616;655
Listener:Sent_pong;655;9375
Dispatcher:9375;333649;26288;256;0;2;207;255;616;655
Listener:Sent_pong;655;E934
Dispatcher:E934;333706;28588;256;0;2;201;249;613;655
Listener:Sent_pong;656;A7E4
Dispatcher:A7E4;333782;26286;256;0;2;207;255;618;656
Listener:Sent_pong;655;A78F
Dispatcher:A78F;333779;29841;256;0;2;201;249;601;655
Listener:Sent_pong;655;8D93
Dispatcher:8D93;333858;25362;256;0;2;205;255;598;655
Listener:Sent_pong;655;67E2
Dispatcher:67E2;333907;27898;256;0;2;204;249;607;655
Listener:Sent_pong;656;F010
Dispatcher:F010;333940;27907;256;0;2;198;249;600;656
Listener:Sent_pong;656;FCED
Dispatcher:FCED;333964;30290;256;0;2;210;253;608;656
Listener:Sent_pong;656;2EDF
Dispatcher:2EDF;334002;25042;256;0;2;201;249;599;656
Listener:Sent_pong;655;CE13
Dispatcher:CE13;334029;22767;256;0;2;192;249;610;655
Listener:Sent_pong;656;0002
Dispatcher:0002;334065;26935;256;0;2;189;249;627;656
Listener:Sent_pong;656;904F
Dispatcher:904F;334103;27270;256;0;2;193;255;628;656
Listener:Sent_pong;656;C323
Dispatcher:C323;334128;25700;256;0;2;204;249;617;656
Listener:Sent_pong;656;9375
Dispatcher:9375;334157;25366;256;0;2;207;255;617;656
Listener:Sent_pong;656;E934
Dispatcher:E934;334214;25702;256;0;2;201;249;614;656
Listener:Sent_pong;657;A7E4
Dispatcher:A7E4;334297;32137;256;0;2;207;255;619;657
Listener:Sent_pong;656;8D93
Dispatcher:8D93;334369;30279;256;0;2;205;255;599;656
Listener:Sent_pong;656;67E2
Dispatcher:67E2;334416;28536;256;0;2;204;249;608;656
Listener:Sent_pong;657;FCED
Dispatcher:FCED;334472;27595;256;0;2;210;253;609;657
Listener:Sent_pong;657;2EDF
Dispatcher:2EDF;334510;26640;256;0;2;201;249;600;657
Listener:Sent_pong;656;CE13
Dispatcher:CE13;334537;27897;256;0;2;192;249;611;656
Listener:Sent_pong;657;0002
Dispatcher:0002;334580;32747;256;0;2;189;249;628;657
Listener:Sent_pong;657;904F
Dispatcher:904F;334609;24404;256;0;2;193;255;629;657
Listener:Sent_pong;657;C323
Dispatcher:C323;334636;30638;256;0;2;204;249;618;657
Listener:Sent_pong;657;9375
Dispatcher:9375;334665;26912;256;0;2;207;255;618;657
Listener:Sent_pong;657;E934
Dispatcher:E934;334721;23440;256;0;2;201;249;615;657
Listener:Sent_pong;658;A7E4
Dispatcher:A7E4;334804;32137;256;0;2;207;255;619;658
Listener:Sent_pong;657;A78F
Dispatcher:A78F;334813;26359;256;0;2;201;249;602;657
Listener:Sent_pong;657;8D93
Dispatcher:8D93;334877;30279;256;0;2;205;255;599;657
Listener:Sent_pong;657;67E2
Dispatcher:67E2;334934;51816;256;0;2;204;249;609;657
Listener:Sent_pong;658;F010
Dispatcher:F010;334978;24719;256;0;2;198;249;601;658
Listener:Sent_pong;658;2EDF
Dispatcher:2EDF;335018;26040;256;0;2;201;249;601;658
Listener:Sent_pong;658;0002
Dispatcher:0002;335087;29327;256;0;2;189;249;629;658
Listener:Sent_pong;658;904F
Dispatcher:904F;335116;32344;256;0;2;193;255;630;658
Listener:Sent_pong;658;C323
Dispatcher:C323;335143;25032;256;0;2;204;249;619;658
Listener:Sent_pong;658;9375
Dispatcher:9375;335172;23774;256;0;2;207;255;619;658
Listener:Sent_pong;658;E934
Dispatcher:E934;335228;25388;256;0;2;201;249;616;658
Listener:Sent_pong;659;A7E4
Dispatcher:A7E4;335312;25666;256;0;2;207;255;620;659
Listener:Sent_pong;658;A78F
Dispatcher:A78F;335322;28883;256;0;2;201;249;603;658
Listener:Sent_pong;658;8D93
Dispatcher:8D93;335384;26023;256;0;2;205;255;600;658
Listener:Sent_pong;658;67E2
Dispatcher:67E2;335442;28208;256;0;2;204;249;610;658
Listener:Sent_pong;659;F010
Dispatcher:F010;335486;33961;256;0;2;198;249;602;659
Listener:Sent_pong;659;2EDF
Dispatcher:2EDF;335525;26040;256;0;2;201;249;601;659
Listener:Sent_pong;658;CE13
Dispatcher:CE13;335573;28863;256;0;2;192;249;612;658
Listener:Sent_pong;659;904F
Dispatcher:904F;335624;30120;256;0;2;193;255;631;659
Listener:Sent_pong;659;9375
Dispatcher:9375;335679;25644;256;0;2;207;255;620;659
Listener:Sent_pong;659;E934
Dispatcher:E934;335736;26960;256;0;2;201;249;617;659
Listener:Sent_pong;660;A7E4
Dispatcher:A7E4;335819;26614;256;0;2;207;255;621;660
Listener:Sent_pong;659;A78F
Dispatcher:A78F;335832;29327;256;0;2;201;249;604;659
Listener:Sent_pong;659;8D93
Dispatcher:8D93;335891;25346;256;0;2;205;255;601;659
Listener:Sent_pong;659;67E2
Dispatcher:67E2;335950;27260;256;0;2;204;249;611;659
Listener:Sent_pong;660;F010
Dispatcher:F010;335994;25693;256;0;2;198;249;603;660
Listener:Sent_pong;660;2EDF
Dispatcher:2EDF;336032;73972;256;0;2;201;249;602;660
Listener:Sent_pong;660;FCED
Dispatcher:FCED;336072;35794;256;0;2;210;253;610;660
Listener:Sent_pong;660;0002
Dispatcher:0002;336106;24077;256;0;2;189;249;630;660
Listener:Sent_pong;660;904F
Dispatcher:904F;336149;68854;256;0;2;193;255;632;660
Listener:Sent_pong;660;C323
Dispatcher:C323;336182;23442;256;0;2;204;249;620;660
Listener:Sent_pong;660;9375
Dispatcher:9375;336202;46750;256;0;2;207;255;621;660
Listener:Sent_pong;660;E934
Dispatcher:E934;336244;28878;256;0;2;201;249;618;660
Listener:Sent_pong;661;A7E4
Dispatcher:A7E4;336327;26302;256;0;2;207;255;622;661
Listener:Sent_pong;660;A78F
Dispatcher:A78F;336340;29337;256;0;2;201;249;605;660
Listener:Sent_pong;660;8D93
Dispatcher:8D93;336399;26669;256;0;2;205;255;602;660
Listener:Sent_pong;660;67E2
Dispatcher:67E2;336458;26294;256;0;2;204;249;612;660
Listener:Sent_pong;661;F010
Dispatcher:F010;336501;25679;256;0;2;198;249;604;661
Listener:Sent_pong;661;2EDF
Dispatcher:2EDF;336540;28254;256;0;2;201;249;603;661
Listener:Sent_pong;661;FCED
Dispatcher:FCED;336581;26639;256;0;2;210;253;611;661
Listener:Sent_pong;661;0002
Dispatcher:0002;336613;27071;256;0;2;189;249;631;661
Listener:Sent_pong;661;904F
Dispatcher:904F;336655;24980;256;0;2;193;255;633;661
Listener:Sent_pong;661;C323
Dispatcher:C323;336689;23456;256;0;2;204;249;621;661
Listener:Sent_pong;661;9375
Dispatcher:9375;336710;27204;256;0;2;207;255;622;661
Listener:Sent_pong;661;E934
Dispatcher:E934;336752;25350;256;0;2;201;249;619;661
Listener:Sent_pong;662;A7E4
Dispatcher:A7E4;336834;26644;256;0;2;207;255;623;662
Listener:Sent_pong;661;A78F
Dispatcher:A78F;336848;29197;256;0;2;201;249;606;661
Listener:Sent_pong;661;8D93
Dispatcher:8D93;336906;26995;256;0;2;205;255;603;661
Listener:Sent_pong;661;67E2
Dispatcher:67E2;336965;25788;256;0;2;204;249;613;661
Listener:Sent_pong;662;F010
Dispatcher:F010;337009;25665;256;0;2;198;249;605;662
Listener:Sent_pong;662;2EDF
Dispatcher:2EDF;337047;24448;256;0;2;201;249;604;662
Listener:Sent_pong;662;FCED
Dispatcher:FCED;337088;25703;256;0;2;210;253;612;662
Listener:Sent_pong;661;CE13
Dispatcher:CE13;337133;57495;256;0;2;192;249;613;661
Listener:Sent_pong;662;C323
Dispatcher:C323;337196;26326;256;0;2;204;249;622;662
Listener:Sent_pong;662;E934
Dispatcher:E934;337259;25042;256;0;2;201;249;620;662
Listener:Sent_pong;663;A7E4
Dispatcher:A7E4;337342;28864;256;0;2;207;255;624;663
Listener:Sent_pong;662;A78F
Dispatcher:A78F;337357;26615;256;0;2;201;249;607;662
Listener:Sent_pong;662;8D93
Dispatcher:8D93;337415;28251;256;0;2;205;255;604;662
Listener:Sent_pong;662;67E2
Dispatcher:67E2;337473;27922;256;0;2;204;249;614;662
Listener:Sent_pong;663;F010
Dispatcher:F010;337516;25361;256;0;2;198;249;606;663
Listener:Sent_pong;663;2EDF
Dispatcher:2EDF;337554;26656;256;0;2;201;249;605;663
Listener:Sent_pong;663;FCED
Dispatcher:FCED;337595;27592;256;0;2;210;253;613;663
Listener:Sent_pong;663;0002
Dispatcher:0002;337637;35953;256;0;2;189;249;632;663
Listener:Sent_pong;663;904F
Dispatcher:904F;337699;30050;256;0;2;193;255;634;663
Listener:Sent_pong;663;C323
Dispatcher:C323;337711;54370;256;0;2;204;249;623;663
Listener:Sent_pong;663;E934
Dispatcher:E934;337766;27268;256;0;2;201;249;621;663
Listener:Sent_pong;663;9375
Dispatcher:9375;337749;30518;256;0;2;207;255;623;663
Listener:Sent_pong;664;A7E4
Dispatcher:A7E4;337850;25665;256;0;2;207;255;625;664
Listener:Sent_pong;663;A78F
Dispatcher:A78F;337866;24719;256;0;2;201;249;608;663
Listener:Sent_pong;663;8D93
Dispatcher:8D93;337922;26012;256;0;2;205;255;605;663
Listener:Sent_pong;663;67E2
Dispatcher:67E2;337982;27278;256;0;2;204;249;615;663
Listener:Sent_pong;664;F010
Dispatcher:F010;338023;28201;256;0;2;198;249;607;664
Listener:Sent_pong;664;2EDF
Dispatcher:2EDF;338061;27626;256;0;2;201;249;606;664
Listener:Sent_pong;664;FCED
Dispatcher:FCED;338103;24731;256;0;2;210;253;614;664
Listener:Sent_pong;664;0002
Dispatcher:0002;338144;52385;256;0;2;189;249;633;664
Listener:Sent_pong;664;904F
Dispatcher:904F;338208;27936;256;0;2;193;255;635;664
Listener:Sent_pong;664;C323
Dispatcher:C323;338238;53042;256;0;2;204;249;624;664
Listener:Sent_pong;664;E934
Dispatcher:E934;338275;36088;256;0;2;201;249;622;664
Listener:Sent_pong;664;9375
Dispatcher:9375;338301;69774;256;0;2;207;255;624;664
Listener:Sent_pong;665;A7E4
Dispatcher:A7E4;338362;35315;256;0;2;207;255;626;665
Listener:Sent_pong;664;A78F
Dispatcher:A78F;338374;26011;256;0;2;201;249;609;664
Listener:Sent_pong;664;8D93
Dispatcher:8D93;338430;26012;256;0;2;205;255;605;664
Listener:Sent_pong;664;67E2
Dispatcher:67E2;338491;30400;256;0;2;204;249;616;664
Listener:Sent_pong;665;F010
Dispatcher:F010;338530;35953;256;0;2;198;249;608;665
Listener:Sent_pong;665;2EDF
Dispatcher:2EDF;338568;26644;256;0;2;201;249;607;665
Listener:Sent_pong;665;FCED
Dispatcher:FCED;338610;25057;256;0;2;210;253;615;665
Listener:Sent_pong;665;0002
Dispatcher:0002;338653;52385;256;0;2;189;249;633;665
Listener:Sent_pong;664;CE13
Dispatcher:CE13;338684;72417;256;0;2;192;249;614;664
Listener:Sent_pong;665;904F
Dispatcher:904F;338715;24752;256;0;2;193;255;636;665
Listener:Sent_pong;665;C323
Dispatcher:C323;338754;36120;256;0;2;204;249;625;665
Listener:Sent_pong;665;E934
Dispatcher:E934;338786;29898;256;0;2;201;249;623;665
Listener:Sent_pong;665;9375
Dispatcher:9375;338808;24726;256;0;2;207;255;625;665
Listener:Sent_pong;666;A7E4
Dispatcher:A7E4;338871;32189;256;0;2;207;255;627;666
Listener:Sent_pong;665;A78F
Dispatcher:A78F;338882;26971;256;0;2;201;249;610;665
Listener:Sent_pong;665;8D93
Dispatcher:8D93;338938;26986;256;0;2;205;255;606;665
Listener:Sent_pong;665;67E2
Dispatcher:67E2;338998;24688;256;0;2;204;249;617;665
Listener:Sent_pong;666;F010
Dispatcher:F010;339038;25337;256;0;2;198;249;609;666
Listener:Sent_pong;666;2EDF
Dispatcher:2EDF;339076;27920;256;0;2;201;249;608;666
Listener:Sent_pong;666;FCED
Dispatcher:FCED;339117;27272;256;0;2;210;253;616;666
Listener:Sent_pong;666;0002
Dispatcher:0002;339161;31917;256;0;2;189;249;634;666
Listener:Sent_pong;665;CE13
Dispatcher:CE13;339191;25675;256;0;2;192;249;615;665
Listener:Sent_pong;666;904F
Dispatcher:904F;339224;28540;256;0;2;193;255;637;666
Listener:Sent_pong;666;C323
Dispatcher:C323;339260;28064;256;0;2;204;249;626;666
Listener:Sent_pong;666;E934
Dispatcher:E934;339294;26312;256;0;2;201;249;624;666
Listener:Sent_pong;666;9375
Dispatcher:9375;339315;28884;256;0;2;207;255;626;666
Listener:Sent_pong;667;A7E4
Dispatcher:A7E4;339379;27574;256;0;2;207;255;628;667
Listener:Sent_pong;666;A78F
Dispatcher:A78F;339389;25685;256;0;2;201;249;611;666
Listener:Sent_pong;666;8D93
Dispatcher:8D93;339446;27940;256;0;2;205;255;607;666
Listener:Sent_pong;666;67E2
Dispatcher:67E2;339507;33168;256;0;2;204;249;618;666
Listener:Sent_pong;667;F010
Dispatcher:F010;339546;27215;256;0;2;198;249;610;667
Listener:Sent_pong;667;FCED
Dispatcher:FCED;339625;27584;256;0;2;210;253;617;667
Listener:Sent_pong;667;0002
Dispatcher:0002;339670;26951;256;0;2;189;249;635;667
Listener:Sent_pong;666;CE13
Dispatcher:CE13;339699;26955;256;0;2;192;249;616;666
Listener:Sent_pong;667;904F
Dispatcher:904F;339730;24742;256;0;2;193;255;638;667
Listener:Sent_pong;667;C323
Dispatcher:C323;339767;24734;256;0;2;204;249;627;667
Listener:Sent_pong;667;E934
Dispatcher:E934;339802;25990;256;0;2;201;249;625;667
Listener:Sent_pong;668;A7E4
Dispatcher:A7E4;339886;26604;256;0;2;207;255;629;668
Listener:Sent_pong;667;A78F
Dispatcher:A78F;339896;28049;256;0;2;201;249;612;667
Listener:Sent_pong;667;8D93
Dispatcher:8D93;339953;24407;256;0;2;205;255;608;667
Listener:Sent_pong;667;67E2
Dispatcher:67E2;340015;26938;256;0;2;204;249;619;667
Listener:Sent_pong;668;F010
Dispatcher:F010;340054;27597;256;0;2;198;249;611;668
Listener:Sent_pong;668;2EDF
Dispatcher:2EDF;340091;47336;256;0;2;201;249;609;668
Listener:Sent_pong;668;FCED
Dispatcher:FCED;340134;29204;256;0;2;210;253;618;668
Listener:Sent_pong;668;0002
Dispatcher:0002;340177;25055;256;0;2;189;249;636;668
Listener:Sent_pong;667;CE13
Dispatcher:CE13;340206;30745;256;0;2;192;249;617;667
Listener:Sent_pong;668;904F
Dispatcher:904F;340238;29842;256;0;2;193;255;639;668
Listener:Sent_pong;668;C323
Dispatcher:C323;340276;36061;256;0;2;204;249;628;668
Listener:Sent_pong;668;E934
Dispatcher:E934;340314;68480;256;0;2;201;249;626;668
Listener:Sent_pong;668;9375
Dispatcher:9375;340328;27274;256;0;2;207;255;627;668
Listener:Sent_pong;669;A7E4
Dispatcher:A7E4;340411;41656;256;0;2;207;255;630;669
Listener:Sent_pong;668;A78F
Dispatcher:A78F;340403;22493;256;0;2;201;249;613;668
Listener:Sent_pong;668;8D93
Dispatcher:8D93;340461;25374;256;0;2;205;255;609;668
Listener:Sent_pong;668;67E2
Dispatcher:67E2;340524;28232;256;0;2;204;249;620;668
Listener:Sent_pong;669;F010
Dispatcher:F010;340561;23097;256;0;2;198;249;612;669
Listener:Sent_pong;669;2EDF
Dispatcher:2EDF;340599;26380;256;0;2;201;249;610;669
Listener:Sent_pong;669;FCED
Dispatcher:FCED;340642;23777;256;0;2;210;253;619;669
Listener:Sent_pong;669;0002
Dispatcher:0002;340685;24369;256;0;2;189;249;637;669
Listener:Sent_pong;668;CE13
Dispatcher:CE13;340713;26935;256;0;2;192;249;618;668
Listener:Sent_pong;669;904F
Dispatcher:904F;340747;30166;256;0;2;193;255;640;669
Listener:Sent_pong;669;C323
Dispatcher:C323;340785;28566;256;0;2;204;249;629;669
Listener:Sent_pong;669;E934
Dispatcher:E934;340821;23744;256;0;2;201;249;627;669
Listener:Sent_pong;669;9375
Dispatcher:9375;340844;33400;256;0;2;207;255;628;669
Listener:Sent_pong;669;A78F
Dispatcher:A78F;340910;27617;256;0;2;201;249;614;669
Listener:Sent_pong;669;8D93
Dispatcher:8D93;340969;25684;256;0;2;205;255;610;669
Listener:Sent_pong;669;67E2
Dispatcher:67E2;341032;34802;256;0;2;204;249;621;669
Listener:Sent_pong;670;F010
Dispatcher:F010;341069;30361;256;0;2;198;249;613;670
Listener:Sent_pong;670;2EDF
Dispatcher:2EDF;341106;27924;256;0;2;201;249;611;670
Listener:Sent_pong;670;FCED
Dispatcher:FCED;341149;28558;256;0;2;210;253;620;670
Listener:Sent_pong;670;0002
Dispatcher:0002;341192;22475;256;0;2;189;249;638;670
Listener:Sent_pong;669;CE13
Dispatcher:CE13;341220;25355;256;0;2;192;249;619;669
Listener:Sent_pong;670;904F
Dispatcher:904F;341256;27910;256;0;2;193;255;641;670
Listener:Sent_pong;670;C323
Dispatcher:C323;341294;25706;256;0;2;204;249;630;670
Listener:Sent_pong;670;E934
Dispatcher:E934;341330;28244;256;0;2;201;249;628;670
Listener:Sent_pong;670;9375
Dispatcher:9375;341351;33400;256;0;2;207;255;628;670
Listener:Sent_pong;671;A7E4
Dispatcher:A7E4;341426;23421;256;0;2;207;255;631;671
Listener:Sent_pong;670;A78F
Dispatcher:A78F;341435;42567;256;0;2;201;249;615;670
Listener:Sent_pong;670;8D93
Dispatcher:8D93;341478;26662;256;0;2;205;255;611;670
Listener:Sent_pong;670;67E2
Dispatcher:67E2;341541;30466;256;0;2;204;249;622;670
Listener:Sent_pong;671;F010
Dispatcher:F010;341580;27411;256;0;2;198;249;614;671
Listener:Sent_pong;671;2EDF
Dispatcher:2EDF;341613;23770;256;0;2;201;249;612;671
Listener:Sent_pong;671;FCED
Dispatcher:FCED;341658;29203;256;0;2;210;253;621;671
Listener:Sent_pong;671;0002
Dispatcher:0002;341699;28211;256;0;2;189;249;639;671
Listener:Sent_pong;670;CE13
Dispatcher:CE13;341728;27589;256;0;2;192;249;620;670
Listener:Sent_pong;671;904F
Dispatcher:904F;341765;39648;256;0;2;193;255;642;671
Listener:Sent_pong;671;C323
Dispatcher:C323;341801;26006;256;0;2;204;249;631;671
Listener:Sent_pong;671;E934
Dispatcher:E934;341836;25036;256;0;2;201;249;629;671
Listener:Sent_pong;671;9375
Dispatcher:9375;341859;26952;256;0;2;207;255;629;671
Listener:Sent_pong;672;A7E4
Dispatcher:A7E4;341933;26660;256;0;2;207;255;632;672
Listener:Sent_pong;671;A78F
Dispatcher:A78F;341941;25355;256;0;2;201;249;616;671
Listener:Sent_pong;671;8D93
Dispatcher:8D93;341985;26662;256;0;2;205;255;611;671
Listener:Sent_pong;671;67E2
Dispatcher:67E2;342050;26020;256;0;2;204;249;623;671
Listener:Sent_pong;672;F010
Dispatcher:F010;342087;27721;256;0;2;198;249;615;672
Listener:Sent_pong;672;2EDF
Dispatcher:2EDF;342120;27306;256;0;2;201;249;613;672
Listener:Sent_pong;672;FCED
Dispatcher:FCED;342165;27301;256;0;2;210;253;622;672
Listener:Sent_pong;672;0002
Dispatcher:0002;342208;26945;256;0;2;189;249;640;672
Listener:Sent_pong;671;CE13
Dispatcher:CE13;342237;27579;256;0;2;192;249;621;671
Listener:Sent_pong;672;904F
Dispatcher:904F;342272;26986;256;0;2;193;255;643;672
Listener:Sent_pong;672;C323
Dispatcher:C323;342309;27282;256;0;2;204;249;632;672
Listener:Sent_pong;672;E934
Dispatcher:E934;342343;26316;256;0;2;201;249;630;672
Listener:Sent_pong;672;9375
Dispatcher:9375;342368;26958;256;0;2;207;255;630;672
Listener:Sent_pong;673;A7E4
Dispatcher:A7E4;342445;33167;256;0;2;207;255;633;673
Listener:Sent_pong;672;A78F
Dispatcher:A78F;342449;25371;256;0;2;201;249;617;672
Listener:Sent_pong;672;8D93
Dispatcher:8D93;342494;25709;256;0;2;205;255;612;672
Listener:Sent_pong;672;67E2
Dispatcher:67E2;342559;28856;256;0;2;204;249;624;672
Listener:Sent_pong;673;F010
Dispatcher:F010;342595;26945;256;0;2;198;249;616;673
Listener:Sent_pong;673;2EDF
Dispatcher:2EDF;342627;24402;256;0;2;201;249;614;673
Listener:Sent_pong;673;FCED
Dispatcher:FCED;342672;26008;256;0;2;210;253;623;673
Listener:Sent_pong;673;0002
Dispatcher:0002;342717;39739;256;0;2;189;249;641;673
Listener:Sent_pong;672;CE13
Dispatcher:CE13;342755;37275;256;0;2;192;249;622;672
Listener:Sent_pong;673;904F
Dispatcher:904F;342781;29540;256;0;2;193;255;644;673
Listener:Sent_pong;673;C323
Dispatcher:C323;342817;29462;256;0;2;204;249;633;673
Listener:Sent_pong;673;E934
Dispatcher:E934;342852;28864;256;0;2;201;249;631;673
Listener:Sent_pong;673;9375
Dispatcher:9375;342876;25652;256;0;2;207;255;631;673
Listener:Sent_pong;674;A7E4
Dispatcher:A7E4;342954;32948;256;0;2;207;255;634;674
Listener:Sent_pong;673;A78F
Dispatcher:A78F;342957;26129;256;0;2;201;249;618;673
Listener:Sent_pong;673;8D93
Dispatcher:8D93;343001;27303;256;0;2;205;255;613;673
Listener:Sent_pong;673;67E2
Dispatcher:67E2;343067;25662;256;0;2;204;249;625;673
Listener:Sent_pong;674;F010
Dispatcher:F010;343102;25359;256;0;2;198;249;617;674
Listener:Sent_pong;674;2EDF
Dispatcher:2EDF;343136;32562;256;0;2;201;249;615;674
Listener:Sent_pong;674;FCED
Dispatcher:FCED;343181;35412;256;0;2;210;253;624;674
Listener:Sent_pong;674;0002
Dispatcher:0002;343231;40963;256;0;2;189;249;642;674
Listener:Sent_pong;673;CE13
Dispatcher:CE13;343265;26323;256;0;2;192;249;623;673
Listener:Sent_pong;674;904F
Dispatcher:904F;343287;25058;256;0;2;193;255;645;674
Listener:Sent_pong;674;C323
Dispatcher:C323;343324;25672;256;0;2;204;249;634;674
Listener:Sent_pong;674;E934
Dispatcher:E934;343361;29836;256;0;2;201;249;632;674
Listener:Sent_pong;674;9375
Dispatcher:9375;343382;25994;256;0;2;207;255;632;674
Listener:Sent_pong;675;A7E4
Dispatcher:A7E4;343463;28865;256;0;2;207;255;635;675
Listener:Sent_pong;674;A78F
Dispatcher:A78F;343464;25675;256;0;2;201;249;619;674
Listener:Sent_pong;674;8D93
Dispatcher:8D93;343509;25374;256;0;2;205;255;614;674
Listener:Sent_pong;674;67E2
Dispatcher:67E2;343576;26634;256;0;2;204;249;626;674
Listener:Sent_pong;675;F010
Dispatcher:F010;343611;28549;256;0;2;198;249;618;675
Listener:Sent_pong;675;2EDF
Dispatcher:2EDF;343644;26348;256;0;2;201;249;616;675
Listener:Sent_pong;675;FCED
Dispatcher:FCED;343690;26626;256;0;2;210;253;625;675
Listener:Sent_pong;675;0002
Dispatcher:0002;343740;26619;256;0;2;189;249;643;675
Listener:Sent_pong;674;CE13
Dispatcher:CE13;343774;25369;256;0;2;192;249;624;674
Listener:Sent_pong;675;C323
Dispatcher:C323;343832;28552;256;0;2;204;249;635;675
Listener:Sent_pong;675;E934
Dispatcher:E934;343877;40178;256;0;2;201;249;633;675
Listener:Sent_pong;675;9375
Dispatcher:9375;343904;38636;256;0;2;207;255;633;675
Listener:Sent_pong;676;A7E4
Dispatcher:A7E4;343970;29115;256;0;2;207;255;636;676
Listener:Sent_pong;675;A78F
Dispatcher:A78F;343979;35011;256;0;2;201;249;620;675
Listener:Sent_pong;675;8D93
Dispatcher:8D93;344028;39386;256;0;2;205;255;615;675
Listener:Sent_pong;675;67E2
Dispatcher:67E2;344084;27882;256;0;2;204;249;627;675
Listener:Sent_pong;676;F010
Dispatcher:F010;344119;25665;256;0;2;198;249;619;676
Listener:Sent_pong;676;2EDF
Dispatcher:2EDF;344151;25672;256;0;2;201;249;617;676
Listener:Sent_pong;676;FCED
Dispatcher:FCED;344197;26967;256;0;2;210;253;626;676
Listener:Sent_pong;676;0002
Dispatcher:0002;344246;22469;256;0;2;189;249;644;676
Listener:Sent_pong;675;CE13
Dispatcher:CE13;344280;60293;256;0;2;192;249;625;675
Listener:Sent_pong;676;904F
Dispatcher:904F;344328;22804;256;0;2;193;255;646;676
Listener:Sent_pong;676;C323
Dispatcher:C323;344340;27614;256;0;2;204;249;636;676
Listener:Sent_pong;676;E934
Dispatcher:E934;344384;26000;256;0;2;201;249;634;676
Listener:Sent_pong;676;9375
Dispatcher:9375;344411;27230;256;0;2;207;255;634;676
Listener:Sent_pong;677;A7E4
Dispatcher:A7E4;344477;25674;256;0;2;207;255;637;677
Listener:Sent_pong;676;A78F
Dispatcher:A78F;344486;26905;256;0;2;201;249;621;676
Listener:Sent_pong;676;8D93
Dispatcher:8D93;344537;27586;256;0;2;205;255;616;676
Listener:Sent_pong;676;67E2
Dispatcher:67E2;344592;26962;256;0;2;204;249;628;676
Listener:Sent_pong;677;F010
Dispatcher:F010;344626;27893;256;0;2;198;249;620;677
Listener:Sent_pong;677;2EDF
Dispatcher:2EDF;344659;27620;256;0;2;201;249;618;677
Listener:Sent_pong;677;FCED
Dispatcher:FCED;344705;27599;256;0;2;210;253;627;677
Listener:Sent_pong;677;0002
Dispatcher:0002;344753;24391;256;0;2;189;249;645;677
Listener:Sent_pong;676;CE13
Dispatcher:CE13;344787;24379;256;0;2;192;249;626;676
Listener:Sent_pong;677;904F
Dispatcher:904F;344836;27114;256;0;2;193;255;647;677
Listener:Sent_pong;677;C323
Dispatcher:C323;344856;32596;256;0;2;204;249;637;677
Listener:Sent_pong;677;E934
Dispatcher:E934;344893;25374;256;0;2;201;249;635;677
Listener:Sent_pong;677;9375
Dispatcher:9375;344920;25026;256;0;2;207;255;635;677
Listener:Sent_pong;678;A7E4
Dispatcher:A7E4;344985;28886;256;0;2;207;255;638;678
Listener:Sent_pong;677;A78F
Dispatcher:A78F;344994;28217;256;0;2;201;249;622;677
Listener:Sent_pong;677;8D93
Dispatcher:8D93;345045;26656;256;0;2;205;255;617;677
Listener:Sent_pong;677;67E2
Dispatcher:67E2;345100;24702;256;0;2;204;249;629;677
Listener:Sent_pong;678;F010
Dispatcher:F010;345141;34243;256;0;2;198;249;621;678
Listener:Sent_pong;678;2EDF
Dispatcher:2EDF;345168;26712;256;0;2;201;249;619;678
Listener:Sent_pong;678;FCED
Dispatcher:FCED;345214;28701;256;0;2;210;253;628;678
Listener:Sent_pong;678;0002
Dispatcher:0002;345261;26953;256;0;2;189;249;646;678
Listener:Sent_pong;677;CE13
Dispatcher:CE13;345295;26965;256;0;2;192;249;627;677
Listener:Sent_pong;678;904F
Dispatcher:904F;345344;29210;256;0;2;193;255;648;678
Listener:Sent_pong;678;C323
Dispatcher:C323;345365;28172;256;0;2;204;249;638;678
Listener:Sent_pong;678;E934
Dispatcher:E934;345400;26622;256;0;2;201;249;636;678
Listener:Sent_pong;678;9375
Dispatcher:9375;345427;34766;256;0;2;207;255;636;678
Listener:Sent_pong;679;A7E4
Dispatcher:A7E4;345498;32645;256;0;2;207;255;639;679
Listener:Sent_pong;678;A78F
Dispatcher:A78F;345500;23121;256;0;2;201;249;623;678
Listener:Sent_pong;678;8D93
Dispatcher:8D93;345552;24415;256;0;2;205;255;618;678
Listener:Sent_pong;678;67E2
Dispatcher:67E2;345608;24728;256;0;2;204;249;630;678
Listener:Sent_pong;679;F010
Dispatcher:F010;345656;34243;256;0;2;198;249;621;679
Listener:Sent_pong;679;2EDF
Dispatcher:2EDF;345695;45048;256;0;2;201;249;620;679
Listener:Sent_pong;679;FCED
Dispatcher:FCED;345721;25059;256;0;2;210;253;629;679
Listener:Sent_pong;679;0002
Dispatcher:0002;345770;27913;256;0;2;189;249;647;679
Listener:Sent_pong;678;CE13
Dispatcher:CE13;345803;28861;256;0;2;192;249;628;678
Listener:Sent_pong;679;904F
Dispatcher:904F;345852;30710;256;0;2;193;255;649;679
Listener:Sent_pong;679;C323
Dispatcher:C323;345877;30742;256;0;2;204;249;639;679
Listener:Sent_pong;679;E934
Dispatcher:E934;345907;25066;256;0;2;201;249;637;679
Listener:Sent_pong;679;9375
Dispatcher:9375;345936;34452;256;0;2;207;255;637;679
Listener:Sent_pong;680;A7E4
Dispatcher:A7E4;346006;27596;256;0;2;207;255;640;680
Listener:Sent_pong;679;A78F
Dispatcher:A78F;346007;26627;256;0;2;201;249;624;679
Listener:Sent_pong;679;8D93
Dispatcher:8D93;346059;35209;256;0;2;205;255;619;679
Listener:Sent_pong;679;67E2
Dispatcher:67E2;346115;24404;256;0;2;204;249;631;679
Listener:Sent_pong;680;F010
Dispatcher:F010;346164;63219;256;0;2;198;249;622;680
Listener:Sent_pong;680;2EDF
Dispatcher:2EDF;346225;53554;256;0;2;201;249;621;680
Listener:Sent_pong;680;FCED
Dispatcher:FCED;346252;48656;256;0;2;210;253;630;680
Listener:Sent_pong;680;0002
Dispatcher:0002;346279;27589;256;0;2;189;249;648;680
Listener:Sent_pong;679;CE13
Dispatcher:CE13;346312;30773;256;0;2;192;249;629;679
Listener:Sent_pong;680;904F
Dispatcher:904F;346359;31386;256;0;2;193;255;650;680
Listener:Sent_pong;680;C323
Dispatcher:C323;346385;25374;256;0;2;204;249;640;680
Listener:Sent_pong;680;E934
Dispatcher:E934;346414;27934;256;0;2;201;249;638;680
Listener:Sent_pong;680;9375
Dispatcher:9375;346443;26310;256;0;2;207;255;638;680
Listener:Sent_pong;680;A78F
Dispatcher:A78F;346516;28897;256;0;2;201;249;625;680
Listener:Sent_pong;680;8D93
Dispatcher:8D93;346568;30315;256;0;2;205;255;620;680
Listener:Sent_pong;680;67E2
Dispatcher:67E2;346621;25332;256;0;2;204;249;632;680
Listener:Sent_pong;681;F010
Dispatcher:F010;346673;35117;256;0;2;198;249;623;681
Listener:Sent_pong;681;2EDF
Dispatcher:2EDF;346734;29540;256;0;2;201;249;622;681
Listener:Sent_pong;681;FCED
Dispatcher:FCED;346761;27564;256;0;2;210;253;631;681
Listener:Sent_pong;681;0002
Dispatcher:0002;346787;27603;256;0;2;189;249;649;681
Listener:Sent_pong;680;CE13
Dispatcher:CE13;346820;25039;256;0;2;192;249;630;680
Listener:Sent_pong;681;904F
Dispatcher:904F;346867;25058;256;0;2;193;255;651;681
Listener:Sent_pong;681;C323
Dispatcher:C323;346900;40396;256;0;2;204;249;641;681
Listener:Sent_pong;681;E934
Dispatcher:E934;346938;55412;256;0;2;201;249;639;681
Listener:Sent_pong;681;9375
Dispatcher:9375;346971;26310;256;0;2;207;255;638;681
Listener:Sent_pong;682;A7E4
Dispatcher:A7E4;347047;29875;256;0;2;207;255;641;682
Listener:Sent_pong;681;A78F
Dispatcher:A78F;347023;43603;256;0;2;201;249;626;681
Listener:Sent_pong;681;8D93
Dispatcher:8D93;347075;26724;256;0;2;205;255;621;681
Listener:Sent_pong;681;67E2
Dispatcher:67E2;347128;26626;256;0;2;204;249;633;681
Listener:Sent_pong;682;F010
Dispatcher:F010;347181;28571;256;0;2;198;249;624;682
Listener:Sent_pong;682;2EDF
Dispatcher:2EDF;347242;25688;256;0;2;201;249;623;682
Listener:Sent_pong;682;FCED
Dispatcher:FCED;347269;26026;256;0;2;210;253;632;682
Listener:Sent_pong;682;0002
Dispatcher:0002;347294;28629;256;0;2;189;249;650;682
Listener:Sent_pong;681;CE13
Dispatcher:CE13;347328;29285;256;0;2;192;249;631;681
Listener:Sent_pong;682;904F
Dispatcher:904F;347376;28556;256;0;2;193;255;652;682
Listener:Sent_pong;682;C323
Dispatcher:C323;347409;27886;256;0;2;204;249;642;682
Listener:Sent_pong;682;E934
Dispatcher:E934;347446;26978;256;0;2;201;249;640;682
Listener:Sent_pong;682;9375
Dispatcher:9375;347478;25360;256;0;2;207;255;639;682
Listener:Sent_pong;683;A7E4
Dispatcher:A7E4;347555;25997;256;0;2;207;255;642;683
Listener:Sent_pong;682;A78F
Dispatcher:A78F;347548;43035;256;0;2;201;249;627;682
Listener:Sent_pong;682;8D93
Dispatcher:8D93;347582;26324;256;0;2;205;255;622;682
Listener:Sent_pong;682;67E2
Dispatcher:67E2;347635;25662;256;0;2;204;249;634;682
Listener:Sent_pong;683;F010
Dispatcher:F010;347689;26619;256;0;2;198;249;625;683
Listener:Sent_pong;683;2EDF
Dispatcher:2EDF;347751;29848;256;0;2;201;249;624;683
Listener:Sent_pong;683;FCED
Dispatcher:FCED;347778;29509;256;0;2;210;253;633;683
Listener:Sent_pong;683;0002
Dispatcher:0002;347807;31543;256;0;2;189;249;651;683
Listener:Sent_pong;682;CE13
Dispatcher:CE13;347836;33171;256;0;2;192;249;632;682
Listener:Sent_pong;683;904F
Dispatcher:904F;347885;29842;256;0;2;193;255;653;683
Listener:Sent_pong;683;C323
Dispatcher:C323;347917;27926;256;0;2;204;249;643;683
Listener:Sent_pong;683;E934
Dispatcher:E934;347953;25696;256;0;2;201;249;641;683
Listener:Sent_pong;683;9375
Dispatcher:9375;347987;28556;256;0;2;207;255;640;683
Listener:Sent_pong;684;A7E4
Dispatcher:A7E4;348063;25365;256;0;2;207;255;643;684
Listener:Sent_pong;683;A78F
Dispatcher:A78F;348061;29923;256;0;2;201;249;628;683
Listener:Sent_pong;683;8D93
Dispatcher:8D93;348090;25079;256;0;2;205;255;623;683
Listener:Sent_pong;683;67E2
Dispatcher:67E2;348142;26284;256;0;2;204;249;635;683
Listener:Sent_pong;684;F010
Dispatcher:F010;348196;25321;256;0;2;198;249;626;684
Listener:Sent_pong;684;2EDF
Dispatcher:2EDF;348267;32726;256;0;2;201;249;625;684
Listener:Sent_pong;684;FCED
Dispatcher:FCED;348286;24723;256;0;2;210;253;634;684
Listener:Sent_pong;683;CE13
Dispatcher:CE13;348344;23759;256;0;2;192;249;633;683
Listener:Sent_pong;684;904F
Dispatcher:904F;348392;23772;256;0;2;193;255;654;684
Listener:Sent_pong;684;C323
Dispatcher:C323;348425;25678;256;0;2;204;249;644;684
Listener:Sent_pong;684;E934
Dispatcher:E934;348462;30744;256;0;2;201;249;642;684
Listener:Sent_pong;684;9375
Dispatcher:9375;348495;25982;256;0;2;207;255;641;684
Listener:Sent_pong;685;A7E4
Dispatcher:A7E4;348570;23432;256;0;2;207;255;644;685
Listener:Sent_pong;684;A78F
Dispatcher:A78F;348576;33399;256;0;2;201;249;629;684
Listener:Sent_pong;684;8D93
Dispatcher:8D93;348600;29936;256;0;2;205;255;624;684
Listener:Sent_pong;684;67E2
Dispatcher:67E2;348649;25350;256;0;2;204;249;636;684
Listener:Sent_pong;685;F010
Dispatcher:F010;348704;24055;256;0;2;198;249;627;685
Listener:Sent_pong;685;2EDF
Dispatcher:2EDF;348774;32726;256;0;2;201;249;625;685
Listener:Sent_pong;685;FCED
Dispatcher:FCED;348844;79413;256;0;2;210;253;635;685
Listener:Sent_pong;685;0002
Dispatcher:0002;348849;24405;256;0;2;189;249;652;685
Listener:Sent_pong;685;C323
Dispatcher:C323;348933;27260;256;0;2;204;249;645;685
Listener:Sent_pong;685;E934
Dispatcher:E934;348968;24546;256;0;2;201;249;643;685
Listener:Sent_pong;685;9375
Dispatcher:9375;349003;26932;256;0;2;207;255;642;685
Listener:Sent_pong;686;A7E4
Dispatcher:A7E4;349077;26917;256;0;2;207;255;645;686
Listener:Sent_pong;685;A78F
Dispatcher:A78F;349084;26133;256;0;2;201;249;630;685
Listener:Sent_pong;685;8D93
Dispatcher:8D93;349109;28250;256;0;2;205;255;625;685
Listener:Sent_pong;685;67E2
Dispatcher:67E2;349155;23746;256;0;2;204;249;637;685
Listener:Sent_pong;686;F010
Dispatcher:F010;349211;27259;256;0;2;198;249;628;686
Listener:Sent_pong;686;2EDF
Dispatcher:2EDF;349281;24126;256;0;2;201;249;626;686
Listener:Sent_pong;686;FCED
Dispatcher:FCED;349351;30313;256;0;2;210;253;636;686
Listener:Sent_pong;686;0002
Dispatcher:0002;349382;24405;256;0;2;189;249;652;686
Listener:Sent_pong;685;CE13
Dispatcher:CE13;349420;53609;256;0;2;192;249;634;685
Listener:Sent_pong;686;904F
Dispatcher:904F;349437;31756;256;0;2;193;255;655;686
Listener:Sent_pong;686;C323
Dispatcher:C323;349454;38102;256;0;2;204;249;646;686
Listener:Sent_pong;686;E934
Dispatcher:E934;349482;34830;256;0;2;201;249;644;686
Listener:Sent_pong;686;9375
Dispatcher:9375;349510;25350;256;0;2;207;255;643;686
Listener:Sent_pong;686;A78F
Dispatcher:A78F;349591;28235;256;0;2;201;249;631;686
Listener:Sent_pong;686;67E2
Dispatcher:67E2;349662;22170;256;0;2;204;249;638;686
Listener:Sent_pong;687;F010
Dispatcher:F010;349718;28057;256;0;2;198;249;629;687
Listener:Sent_pong;687;2EDF
Dispatcher:2EDF;349788;25710;256;0;2;201;249;627;687
Listener:Sent_pong;687;FCED
Dispatcher:FCED;349858;26645;256;0;2;210;253;637;687
Listener:Sent_pong;687;0002
Dispatcher:0002;349890;26953;256;0;2;189;249;653;687
Listener:Sent_pong;686;CE13
Dispatcher:CE13;349928;27161;256;0;2;192;249;635;686
Listener:Sent_pong;687;904F
Dispatcher:904F;349951;30504;256;0;2;193;255;656;687
Listener:Sent_pong;687;C323
Dispatcher:C323;349980;49990;256;0;2;204;249;647;687
Listener:Sent_pong;687;E934
Dispatcher:E934;350016;34830;256;0;2;201;249;644;687
Listener:Sent_pong;687;9375
Dispatcher:9375;350054;25350;256;0;2;207;255;643;687
Listener:Sent_pong;688;A7E4
Dispatcher:A7E4;350122;26942;256;0;2;207;255;646;688
Listener:Sent_pong;687;A78F
Dispatcher:A78F;350121;61573;256;0;2;201;249;632;687
Listener:Sent_pong;688;F010
Dispatcher:F010;350227;29127;256;0;2;198;249;630;688
Listener:Sent_pong;688;2EDF
Dispatcher:2EDF;350295;27614;256;0;2;201;249;628;688
Listener:Sent_pong;688;FCED
Dispatcher:FCED;350364;25658;256;0;2;210;253;638;688
Listener:Sent_pong;688;0002
Dispatcher:0002;350398;25347;256;0;2;189;249;654;688
Listener:Sent_pong;687;CE13
Dispatcher:CE13;350435;25359;256;0;2;192;249;636;687
Listener:Sent_pong;688;904F
Dispatcher:904F;350474;47472;256;0;2;193;255;657;688
Listener:Sent_pong;688;C323
Dispatcher:C323;350501;38390;256;0;2;204;249;648;688
Listener:Sent_pong;688;E934
Dispatcher:E934;350530;33272;256;0;2;201;249;645;688
Listener:Sent_pong;688;9375
Dispatcher:9375;350561;26324;256;0;2;207;255;644;688
Listener:Sent_pong;689;A7E4
Dispatcher:A7E4;350629;26305;256;0;2;207;255;647;689
Listener:Sent_pong;688;A78F
Dispatcher:A78F;350630;91759;256;0;2;201;249;633;688
Listener:Sent_pong;688;8D93
Dispatcher:8D93;350673;29673;256;0;2;205;255;626;688
Listener:Sent_pong;689;F010
Dispatcher:F010;350736;28883;256;0;2;198;249;631;689
Listener:Sent_pong;689;2EDF
Dispatcher:2EDF;350803;26692;256;0;2;201;249;629;689
Listener:Sent_pong;689;FCED
Dispatcher:FCED;350872;25344;256;0;2;210;253;639;689
Listener:Sent_pong;689;0002
Dispatcher:0002;350907;30791;256;0;2;189;249;655;689
Listener:Sent_pong;688;CE13
Dispatcher:CE13;350942;27613;256;0;2;192;249;637;688
Listener:Sent_pong;689;904F
Dispatcher:904F;350982;25052;256;0;2;193;255;658;689
Listener:Sent_pong;689;C323
Dispatcher:C323;351009;28928;256;0;2;204;249;649;689
Listener:Sent_pong;689;E934
Dispatcher:E934;351040;29356;256;0;2;201;249;646;689
Listener:Sent_pong;689;9375
Dispatcher:9375;351069;27840;256;0;2;207;255;645;689
Listener:Sent_pong;690;A7E4
Dispatcher:A7E4;351138;27900;256;0;2;207;255;648;690
Listener:Sent_pong;689;A78F
Dispatcher:A78F;351138;29183;256;0;2;201;249;634;689
Listener:Sent_pong;689;8D93
Dispatcher:8D93;351191;29673;256;0;2;205;255;626;689
Listener:Sent_pong;689;67E2
Dispatcher:67E2;351217;23128;256;0;2;204;249;639;689
Listener:Sent_pong;690;F010
Dispatcher:F010;351246;30119;256;0;2;198;249;632;690
Listener:Sent_pong;690;2EDF
Dispatcher:2EDF;351311;25726;256;0;2;201;249;630;690
Listener:Sent_pong;690;FCED
Dispatcher:FCED;351378;24418;256;0;2;210;253;640;690
Listener:Sent_pong;690;0002
Dispatcher:0002;351415;26317;256;0;2;189;249;656;690
Listener:Sent_pong;689;CE13
Dispatcher:CE13;351450;32011;256;0;2;192;249;638;689
Listener:Sent_pong;690;904F
Dispatcher:904F;351490;31708;256;0;2;193;255;659;690
Listener:Sent_pong;690;C323
Dispatcher:C323;351517;27960;256;0;2;204;249;650;690
Listener:Sent_pong;690;E934
Dispatcher:E934;351547;24798;256;0;2;201;249;647;690
Listener:Sent_pong;690;9375
Dispatcher:9375;351576;25342;256;0;2;207;255;646;690
Listener:Sent_pong;691;A7E4
Dispatcher:A7E4;351647;56621;256;0;2;207;255;649;691
Listener:Sent_pong;690;A78F
Dispatcher:A78F;351667;46833;256;0;2;201;249;635;690
Listener:Sent_pong;690;8D93
Dispatcher:8D93;351699;31921;256;0;2;205;255;627;690
Listener:Sent_pong;690;67E2
Dispatcher:67E2;351727;27668;256;0;2;204;249;640;690
Listener:Sent_pong;691;F010
Dispatcher:F010;351754;26761;256;0;2;198;249;633;691
Listener:Sent_pong;691;2EDF
Dispatcher:2EDF;351818;27278;256;0;2;201;249;631;691
Listener:Sent_pong;691;FCED
Dispatcher:FCED;351885;23490;256;0;2;210;253;641;691
Listener:Sent_pong;691;0002
Dispatcher:0002;351923;25353;256;0;2;189;249;657;691
Listener:Sent_pong;690;CE13
Dispatcher:CE13;351959;26965;256;0;2;192;249;639;690
Listener:Sent_pong;691;904F
Dispatcher:904F;351997;28266;256;0;2;193;255;660;691
Listener:Sent_pong;691;C323
Dispatcher:C323;352025;27746;256;0;2;204;249;651;691
Listener:Sent_pong;691;E934
Dispatcher:E934;352057;31010;256;0;2;201;249;648;691
Listener:Sent_pong;691;9375
Dispatcher:9375;352084;28552;256;0;2;207;255;647;691
Listener:Sent_pong;692;A7E4
Dispatcher:A7E4;352160;32090;256;0;2;207;255;650;692
Listener:Sent_pong;691;A78F
Dispatcher:A78F;352175;27293;256;0;2;201;249;636;691
Listener:Sent_pong;691;8D93
Dispatcher:8D93;352207;26667;256;0;2;205;255;628;691
Listener:Sent_pong;691;67E2
Dispatcher:67E2;352236;34062;256;0;2;204;249;641;691
Listener:Sent_pong;692;F010
Dispatcher:F010;352271;37707;256;0;2;198;249;634;692
Listener:Sent_pong;692;2EDF
Dispatcher:2EDF;352326;26158;256;0;2;201;249;632;692
Listener:Sent_pong;692;FCED
Dispatcher:FCED;352392;25041;256;0;2;210;253;642;692
Listener:Sent_pong;692;0002
Dispatcher:0002;352431;36947;256;0;2;189;249;658;692
Listener:Sent_pong;691;CE13
Dispatcher:CE13;352468;27747;256;0;2;192;249;640;691
Listener:Sent_pong;692;904F
Dispatcher:904F;352506;29872;256;0;2;193;255;661;692
Listener:Sent_pong;692;C323
Dispatcher:C323;352532;29360;256;0;2;204;249;652;692
Listener:Sent_pong;692;E934
Dispatcher:E934;352564;27782;256;0;2;201;249;649;692
Listener:Sent_pong;693;A7E4
Dispatcher:A7E4;352668;33579;256;0;2;207;255;651;693
Listener:Sent_pong;692;A78F
Dispatcher:A78F;352682;26983;256;0;2;201;249;637;692
Listener:Sent_pong;692;8D93
Dispatcher:8D93;352716;31127;256;0;2;205;255;629;692
Listener:Sent_pong;692;67E2
Dispatcher:67E2;352744;29322;256;0;2;204;249;642;692
Listener:Sent_pong;693;F010
Dispatcher:F010;352779;27581;256;0;2;198;249;635;693
Listener:Sent_pong;693;2EDF
Dispatcher:2EDF;352833;25358;256;0;2;201;249;633;693
Listener:Sent_pong;693;FCED
Dispatcher:FCED;352899;25365;256;0;2;210;253;643;693
Listener:Sent_pong;693;0002
Dispatcher:0002;352944;33329;256;0;2;189;249;659;693
Listener:Sent_pong;692;CE13
Dispatcher:CE13;352975;22479;256;0;2;192;249;641;692
Listener:Sent_pong;693;904F
Dispatcher:904F;353014;28224;256;0;2;193;255;662;693
Listener:Sent_pong;693;C323
Dispatcher:C323;353041;26004;256;0;2;204;249;653;693
Listener:Sent_pong;693;E934
Dispatcher:E934;353086;62272;256;0;2;201;249;650;693
Listener:Sent_pong;693;9375
Dispatcher:9375;353125;29216;256;0;2;207;255;648;693
Listener:Sent_pong;694;A7E4
Dispatcher:A7E4;353196;45090;256;0;2;207;255;652;694
Listener:Sent_pong;693;A78F
Dispatcher:A78F;353189;26371;256;0;2;201;249;638;693
Listener:Sent_pong;694;F010
Dispatcher:F010;353287;27597;256;0;2;198;249;636;694
Listener:Sent_pong;694;2EDF
Dispatcher:2EDF;353340;26666;256;0;2;201;249;634;694
Listener:Sent_pong;694;FCED
Dispatcher:FCED;353422;43405;256;0;2;210;253;644;694
Listener:Sent_pong;694;0002
Dispatcher:0002;353451;24693;256;0;2;189;249;660;694
Listener:Sent_pong;693;CE13
Dispatcher:CE13;353488;30203;256;0;2;192;249;642;693
Listener:Sent_pong;694;904F
Dispatcher:904F;353522;27906;256;0;2;193;255;663;694
Listener:Sent_pong;694;C323
Dispatcher:C323;353548;26990;256;0;2;204;249;654;694
Listener:Sent_pong;694;E934
Dispatcher:E934;353593;26642;256;0;2;201;249;651;694
Listener:Sent_pong;694;9375
Dispatcher:9375;353633;27604;256;0;2;207;255;649;694
Listener:Sent_pong;695;A7E4
Dispatcher:A7E4;353704;25339;256;0;2;207;255;653;695
Listener:Sent_pong;694;A78F
Dispatcher:A78F;353716;26371;256;0;2;201;249;638;694
Listener:Sent_pong;694;8D93
Dispatcher:8D93;353754;25682;256;0;2;205;255;630;694
Listener:Sent_pong;695;2EDF
Dispatcher:2EDF;353848;29562;256;0;2;201;249;635;695
Listener:Sent_pong;695;FCED
Dispatcher:FCED;353929;24427;256;0;2;210;253;645;695
Listener:Sent_pong;695;0002
Dispatcher:0002;353960;27943;256;0;2;189;249;661;695
Listener:Sent_pong;694;CE13
Dispatcher:CE13;353995;26637;256;0;2;192;249;643;694
Listener:Sent_pong;695;904F
Dispatcher:904F;354030;26322;256;0;2;193;255;664;695
Listener:Sent_pong;695;C323
Dispatcher:C323;354055;23142;256;0;2;204;249;655;695
Listener:Sent_pong;695;E934
Dispatcher:E934;354114;39548;256;0;2;201;249;652;695
Listener:Sent_pong;695;9375
Dispatcher:9375;354140;28236;256;0;2;207;255;650;695
Listener:Sent_pong;696;A7E4
Dispatcher:A7E4;354212;25026;256;0;2;207;255;654;696
Listener:Sent_pong;695;A78F
Dispatcher:A78F;354224;26661;256;0;2;201;249;639;695
Listener:Sent_pong;695;8D93
Dispatcher:8D93;354262;31011;256;0;2;205;255;631;695
Listener:Sent_pong;695;67E2
Dispatcher:67E2;354301;23398;256;0;2;204;249;643;695
Listener:Sent_pong;696;F010
Dispatcher:F010;354334;32939;256;0;2;198;249;637;696
Listener:Sent_pong;696;2EDF
Dispatcher:2EDF;354366;36010;256;0;2;201;249;636;696
Listener:Sent_pong;696;FCED
Dispatcher:FCED;354436;24111;256;0;2;210;253;646;696
Listener:Sent_pong;696;0002
Dispatcher:0002;354468;32961;256;0;2;189;249;662;696
Listener:Sent_pong;695;CE13
Dispatcher:CE13;354503;27285;256;0;2;192;249;644;695
Listener:Sent_pong;696;904F
Dispatcher:904F;354537;25380;256;0;2;193;255;665;696
Listener:Sent_pong;696;C323
Dispatcher:C323;354562;24416;256;0;2;204;249;656;696
Listener:Sent_pong;696;E934
Dispatcher:E934;354622;32648;256;0;2;201;249;653;696
Listener:Sent_pong;696;9375
Dispatcher:9375;354649;25372;256;0;2;207;255;651;696
Listener:Sent_pong;697;A7E4
Dispatcher:A7E4;354720;26646;256;0;2;207;255;655;697
Listener:Sent_pong;696;A78F
Dispatcher:A78F;354739;34135;256;0;2;201;249;640;696
Listener:Sent_pong;696;67E2
Dispatcher:67E2;354808;25064;256;0;2;204;249;644;696
Listener:Sent_pong;697;F010
Dispatcher:F010;354845;27431;256;0;2;198;249;638;697
Listener:Sent_pong;697;2EDF
Dispatcher:2EDF;354874;26970;256;0;2;201;249;637;697
Listener:Sent_pong;697;FCED
Dispatcher:FCED;354947;30585;256;0;2;210;253;647;697
Listener:Sent_pong;697;0002
Dispatcher:0002;354977;28549;256;0;2;189;249;663;697
Listener:Sent_pong;696;CE13
Dispatcher:CE13;355012;27579;256;0;2;192;249;645;696
Listener:Sent_pong;697;904F
Dispatcher:904F;355045;30332;256;0;2;193;255;666;697
Listener:Sent_pong;697;C323
Dispatcher:C323;355068;25386;256;0;2;204;249;657;697
Listener:Sent_pong;697;E934
Dispatcher:E934;355131;26648;256;0;2;201;249;654;697
Listener:Sent_pong;697;9375
Dispatcher:9375;355156;24370;256;0;2;207;255;652;697
Listener:Sent_pong;697;A78F
Dispatcher:A78F;355247;58277;256;0;2;201;249;641;697
Listener:Sent_pong;697;8D93
Dispatcher:8D93;355307;24761;256;0;2;205;255;632;697
Listener:Sent_pong;697;67E2
Dispatcher:67E2;355326;36340;256;0;2;204;249;645;697
Listener:Sent_pong;698;F010
Dispatcher:F010;355356;29193;256;0;2;198;249;639;698
Listener:Sent_pong;698;2EDF
Dispatcher:2EDF;355381;26326;256;0;2;201;249;638;698
Listener:Sent_pong;698;FCED
Dispatcher:FCED;355454;27284;256;0;2;210;253;648;698
Listener:Sent_pong;698;0002
Dispatcher:0002;355486;29173;256;0;2;189;249;664;698
Listener:Sent_pong;697;CE13
Dispatcher:CE13;355519;26607;256;0;2;192;249;646;697
Listener:Sent_pong;698;904F
Dispatcher:904F;355553;31278;256;0;2;193;255;667;698
Listener:Sent_pong;698;C323
Dispatcher:C323;355576;24130;256;0;2;204;249;658;698
Listener:Sent_pong;698;E934
Dispatcher:E934;355639;26646;256;0;2;201;249;655;698
Listener:Sent_pong;698;9375
Dispatcher:9375;355664;24370;256;0;2;207;255;652;698
Listener:Sent_pong;699;A7E4
Dispatcher:A7E4;355756;25357;256;0;2;207;255;656;699
Listener:Sent_pong;698;A78F
Dispatcher:A78F;355755;25697;256;0;2;201;249;642;698
Listener:Sent_pong;698;8D93
Dispatcher:8D93;355814;25407;256;0;2;205;255;633;698
Listener:Sent_pong;698;67E2
Dispatcher:67E2;355836;27798;256;0;2;204;249;646;698
Listener:Sent_pong;699;F010
Dispatcher:F010;355864;25569;256;0;2;198;249;640;699
Listener:Sent_pong;699;2EDF
Dispatcher:2EDF;355889;25190;256;0;2;201;249;639;699
Listener:Sent_pong;699;FCED
Dispatcher:FCED;355961;25016;256;0;2;210;253;649;699
Listener:Sent_pong;699;0002
Dispatcher:0002;355995;28851;256;0;2;189;249;665;699
Listener:Sent_pong;698;CE13
Dispatcher:CE13;356027;26993;256;0;2;192;249;647;698
Listener:Sent_pong;699;904F
Dispatcher:904F;356061;30908;256;0;2;193;255;668;699
Listener:Sent_pong;699;C323
Dispatcher:C323;356084;31040;256;0;2;204;249;659;699
Listener:Sent_pong;699;E934
Dispatcher:E934;356147;29222;256;0;2;201;249;656;699
Listener:Sent_pong;699;9375
Dispatcher:9375;356171;26964;256;0;2;207;255;653;699
Listener:Sent_pong;700;A7E4
Dispatcher:A7E4;356265;27940;256;0;2;207;255;657;700
Listener:Sent_pong;699;A78F
Dispatcher:A78F;356261;25713;256;0;2;201;249;643;699
Listener:Sent_pong;699;8D93
Dispatcher:8D93;356323;28576;256;0;2;205;255;634;699
Listener:Sent_pong;699;67E2
Dispatcher:67E2;356347;36470;256;0;2;204;249;647;699
Listener:Sent_pong;700;F010
Dispatcher:F010;356383;53927;256;0;2;198;243;641;700
Listener:Sent_pong;700;2EDF
Dispatcher:2EDF;356429;58394;256;0;2;201;249;640;700
Listener:Sent_pong;700;FCED
Dispatcher:FCED;356468;23451;256;0;2;210;253;650;700
Listener:Sent_pong;700;0002
Dispatcher:0002;356503;32371;256;0;2;189;249;666;700
Listener:Sent_pong;699;CE13
Dispatcher:CE13;356534;23641;256;0;2;192;249;648;699
Listener:Sent_pong;700;904F
Dispatcher:904F;356568;24406;256;0;2;193;255;669;700
Listener:Sent_pong;700;C323
Dispatcher:C323;356591;24400;256;0;2;204;249;660;700
Listener:Sent_pong;700;E934
Dispatcher:E934;356654;26626;256;0;2;201;249;657;700
Listener:Sent_pong;700;9375
Dispatcher:9375;356678;25980;256;0;2;207;255;654;700
Listener:Sent_pong;701;A7E4
Dispatcher:A7E4;356774;27579;256;0;2;207;255;658;701
Listener:Sent_pong;700;A78F
Dispatcher:A78F;356768;23121;256;0;2;201;249;644;700
Listener:Sent_pong;700;8D93
Dispatcher:8D93;356831;23750;256;0;2;205;255;635;700
Listener:Sent_pong;700;67E2
Dispatcher:67E2;356855;24704;256;0;2;204;249;648;700
Listener:Sent_pong;701;F010
Dispatcher:F010;356892;28565;256;0;2;198;246;642;701
Listener:Sent_pong;701;FCED
Dispatcher:FCED;356976;24403;256;0;2;210;253;651;701
Listener:Sent_pong;701;0002
Dispatcher:0002;357011;24393;256;0;2;189;249;667;701
Listener:Sent_pong;700;CE13
Dispatcher:CE13;357041;25661;256;0;2;192;249;649;700
Listener:Sent_pong;701;904F
Dispatcher:904F;357075;25692;256;0;2;193;255;670;701
Listener:Sent_pong;701;C323
Dispatcher:C323;357098;25038;256;0;2;204;249;661;701
Listener:Sent_pong;701;E934
Dispatcher:E934;357162;25678;256;0;2;201;249;658;701
Listener:Sent_pong;701;9375
Dispatcher:9375;357186;24062;256;0;2;207;255;655;701
Listener:Sent_pong;702;A7E4
Dispatcher:A7E4;357282;27904;256;0;2;207;255;659;702
Listener:Sent_pong;701;A78F
Dispatcher:A78F;357277;39399;256;0;2;201;249;645;701
Listener:Sent_pong;701;8D93
Dispatcher:8D93;357338;51968;256;0;2;205;255;636;701
Listener:Sent_pong;701;67E2
Dispatcher:67E2;357386;66534;256;0;2;204;249;649;701
Listener:Sent_pong;702;F010
Dispatcher:F010;357432;74843;256;0;2;198;248;643;702
Listener:Sent_pong;702;2EDF
Dispatcher:2EDF;357444;28574;256;0;2;201;249;641;702
Listener:Sent_pong;702;FCED
Dispatcher:FCED;357484;24408;256;0;2;210;253;652;702
Listener:Sent_pong;702;0002
Dispatcher:0002;357518;24729;256;0;2;189;249;668;702
Listener:Sent_pong;701;CE13
Dispatcher:CE13;357549;33601;256;0;2;192;249;650;701
Listener:Sent_pong;702;C323
Dispatcher:C323;357605;25368;256;0;2;204;249;662;702
Listener:Sent_pong;702;E934
Dispatcher:E934;357669;25678;256;0;2;201;249;659;702
Listener:Sent_pong;702;9375
Dispatcher:9375;357694;25346;256;0;2;207;255;656;702
Listener:Sent_pong;703;A7E4
Dispatcher:A7E4;357791;32838;256;0;2;207;255;660;703
Listener:Sent_pong;702;A78F
Dispatcher:A78F;357790;33185;256;0;2;201;249;646;702
Listener:Sent_pong;702;8D93
Dispatcher:8D93;357848;30794;256;0;2;205;255;637;702
Listener:Sent_pong;702;67E2
Dispatcher:67E2;357893;31230;256;0;2;204;249;650;702
Listener:Sent_pong;703;F010
Dispatcher:F010;357939;74843;256;0;2;198;249;643;703
Listener:Sent_pong;703;2EDF
Dispatcher:2EDF;357971;45928;256;0;2;201;249;642;703
Listener:Sent_pong;703;0002
Dispatcher:0002;358025;26317;256;0;2;189;249;669;703
Listener:Sent_pong;702;CE13
Dispatcher:CE13;358057;62825;256;0;2;192;249;651;702
Listener:Sent_pong;703;904F
Dispatcher:904F;358110;22492;256;0;2;193;255;671;703
Listener:Sent_pong;703;E934
Dispatcher:E934;358177;30926;256;0;2;201;249;660;703
Listener:Sent_pong;703;9375
Dispatcher:9375;358201;25350;256;0;2;207;255;657;703
Listener:Sent_pong;704;A7E4
Dispatcher:A7E4;358298;31547;256;0;2;207;255;661;704
Listener:Sent_pong;703;A78F
Dispatcher:A78F;358297;27585;256;0;2;201;249;647;703
Listener:Sent_pong;703;8D93
Dispatcher:8D93;358356;27929;256;0;2;205;255;638;703
Listener:Sent_pong;703;67E2
Dispatcher:67E2;358401;27886;256;0;2;204;249;651;703
Listener:Sent_pong;704;F010
Dispatcher:F010;358447;28547;256;0;2;198;249;644;704
Listener:Sent_pong;704;2EDF
Dispatcher:2EDF;358478;26320;256;0;2;201;249;643;704
Listener:Sent_pong;704;FCED
Dispatcher:FCED;358521;25999;256;0;2;210;253;653;704
Listener:Sent_pong;704;0002
Dispatcher:0002;358542;33061;256;0;2;189;249;670;704
Listener:Sent_pong;704;904F
Dispatcher:904F;358617;28400;256;0;2;193;255;672;704
Listener:Sent_pong;704;C323
Dispatcher:C323;358632;29786;256;0;2;204;249;663;704
Listener:Sent_pong;704;E934
Dispatcher:E934;358685;32290;256;0;2;201;249;661;704
Listener:Sent_pong;704;9375
Dispatcher:9375;358708;24742;256;0;2;207;255;658;704
Listener:Sent_pong;705;A7E4
Dispatcher:A7E4;358806;28870;256;0;2;207;255;662;705
Listener:Sent_pong;704;A78F
Dispatcher:A78F;358812;33533;256;0;2;201;249;648;704
Listener:Sent_pong;704;8D93
Dispatcher:8D93;358865;29522;256;0;2;205;255;639;704
Listener:Sent_pong;704;67E2
Dispatcher:67E2;358908;27380;256;0;2;204;249;652;704
Listener:Sent_pong;705;F010
Dispatcher:F010;358954;28580;256;0;2;198;249;645;705
Listener:Sent_pong;705;2EDF
Dispatcher:2EDF;358993;33090;256;0;2;201;249;644;705
Listener:Sent_pong;705;FCED
Dispatcher:FCED;359028;29657;256;0;2;210;253;654;705
Listener:Sent_pong;705;0002
Dispatcher:0002;359062;41569;256;0;2;189;249;671;705
Listener:Sent_pong;704;CE13
Dispatcher:CE13;359073;26899;256;0;2;192;249;652;704
Listener:Sent_pong;705;904F
Dispatcher:904F;359126;28840;256;0;2;193;255;673;705
Listener:Sent_pong;705;C323
Dispatcher:C323;359149;35636;256;0;2;204;249;664;705
Listener:Sent_pong;705;E934
Dispatcher:E934;359191;23446;256;0;2;201;249;662;705
Listener:Sent_pong;705;9375
Dispatcher:9375;359217;32486;256;0;2;207;255;659;705
Listener:Sent_pong;706;A7E4
Dispatcher:A7E4;359313;24697;256;0;2;207;255;663;706
Listener:Sent_pong;705;A78F
Dispatcher:A78F;359319;27723;256;0;2;201;249;649;705
Listener:Sent_pong;705;8D93
Dispatcher:8D93;359374;29832;256;0;2;205;255;640;705
Listener:Sent_pong;705;67E2
Dispatcher:67E2;359416;35616;256;0;2;204;249;653;705
Listener:Sent_pong;706;F010
Dispatcher:F010;359461;26619;256;0;2;198;249;646;706
Listener:Sent_pong;706;2EDF
Dispatcher:2EDF;359501;26018;256;0;2;201;249;645;706
Listener:Sent_pong;706;0002
Dispatcher:0002;359569;41569;256;0;2;189;249;671;706
Listener:Sent_pong;705;CE13
Dispatcher:CE13;359593;38989;256;0;2;192;249;653;705
Listener:Sent_pong;706;904F
Dispatcher:904F;359634;29178;256;0;2;193;255;674;706
Listener:Sent_pong;706;C323
Dispatcher:C323;359657;26096;256;0;2;204;249;665;706
Listener:Sent_pong;706;E934
Dispatcher:E934;359698;26620;256;0;2;201;249;663;706
Listener:Sent_pong;706;9375
Dispatcher:9375;359726;31558;256;0;2;207;255;660;706
Listener:Sent_pong;707;A7E4
Dispatcher:A7E4;359821;27267;256;0;2;207;255;664;707
Listener:Sent_pong;706;A78F
Dispatcher:A78F;359826;25677;256;0;2;201;249;650;706
Listener:Sent_pong;706;8D93
Dispatcher:8D93;359880;24087;256;0;2;205;255;641;706
Listener:Sent_pong;706;67E2
Dispatcher:67E2;359922;23422;256;0;2;204;249;654;706
Listener:Sent_pong;707;F010
Dispatcher:F010;359969;29853;256;0;2;198;249;647;707
Listener:Sent_pong;707;2EDF
Dispatcher:2EDF;360010;29202;256;0;2;201;249;646;707
Listener:Sent_pong;707;FCED
Dispatcher:FCED;360045;28708;256;0;2;210;253;655;707
Listener:Sent_pong;706;CE13
Dispatcher:CE13;360103;36937;256;0;2;192;249;654;706
Listener:Sent_pong;707;904F
Dispatcher:904F;360141;22164;256;0;2;193;255;675;707
Listener:Sent_pong;707;C323
Dispatcher:C323;360165;25320;256;0;2;204;249;666;707
Listener:Sent_pong;707;E934
Dispatcher:E934;360205;24390;256;0;2;201;249;664;707
Listener:Sent_pong;707;9375
Dispatcher:9375;360232;24696;256;0;2;207;255;661;707
Listener:Sent_pong;708;A7E4
Dispatcher:A7E4;360328;26942;256;0;2;207;255;665;708
Listener:Sent_pong;707;A78F
Dispatcher:A78F;360333;24699;256;0;2;201;249;651;707
Listener:Sent_pong;707;8D93
Dispatcher:8D93;360388;24076;256;0;2;205;255;642;707
Listener:Sent_pong;707;67E2
Dispatcher:67E2;360429;45072;256;0;2;204;249;655;707
Listener:Sent_pong;708;F010
Dispatcher:F010;360486;36095;256;0;2;198;249;648;708
Listener:Sent_pong;708;2EDF
Dispatcher:2EDF;360518;28876;256;0;2;201;249;647;708
Listener:Sent_pong;708;FCED
Dispatcher:FCED;360552;28708;256;0;2;210;253;655;708
Listener:Sent_pong;708;0002
Dispatcher:0002;360600;26001;256;0;2;189;249;672;708
Listener:Sent_pong;707;CE13
Dispatcher:CE13;360611;34445;256;0;2;192;249;655;707
Listener:Sent_pong;708;904F
Dispatcher:904F;360648;25678;256;0;2;193;255;676;708
Listener:Sent_pong;708;C323
Dispatcher:C323;360672;27236;256;0;2;204;249;667;708
Listener:Sent_pong;708;E934
Dispatcher:E934;360711;25364;256;0;2;201;249;665;708
Listener:Sent_pong;708;9375
Dispatcher:9375;360740;26930;256;0;2;207;255;662;708
Listener:Sent_pong;709;A7E4
Dispatcher:A7E4;360835;25331;256;0;2;207;255;666;709
Listener:Sent_pong;708;A78F
Dispatcher:A78F;360841;28893;256;0;2;201;249;652;708
Listener:Sent_pong;708;8D93
Dispatcher:8D93;360903;34489;256;0;2;205;255;643;708
Listener:Sent_pong;708;67E2
Dispatcher:67E2;360936;27582;256;0;2;204;249;656;708
Listener:Sent_pong;709;F010
Dispatcher:F010;360993;31219;256;0;2;198;249;649;709
Listener:Sent_pong;709;2EDF
Dispatcher:2EDF;361027;27618;256;0;2;201;249;648;709
Listener:Sent_pong;709;FCED
Dispatcher:FCED;361060;27577;256;0;2;210;253;656;709
Listener:Sent_pong;709;0002
Dispatcher:0002;361111;27427;256;0;2;189;249;673;709
Listener:Sent_pong;709;904F
Dispatcher:904F;361157;27514;256;0;2;193;255;677;709
Listener:Sent_pong;709;C323
Dispatcher:C323;361180;24426;256;0;2;204;249;668;709
Listener:Sent_pong;709;E934
Dispatcher:E934;361219;25028;256;0;2;201;249;666;709
Listener:Sent_pong;709;9375
Dispatcher:9375;361252;27592;256;0;2;207;255;663;709
Listener:Sent_pong;709;A78F
Dispatcher:A78F;361350;28591;256;0;2;201;249;653;709
Listener:Sent_pong;709;8D93
Dispatcher:8D93;361411;45060;256;0;2;205;255;644;709
Listener:Sent_pong;709;67E2
Dispatcher:67E2;361455;37436;256;0;2;204;249;657;709
Listener:Sent_pong;710;F010
Dispatcher:F010;361499;23469;256;0;2;198;249;650;710
Listener:Sent_pong;710;2EDF
Dispatcher:2EDF;361534;23432;256;0;2;201;249;649;710
Listener:Sent_pong;710;FCED
Dispatcher:FCED;361567;26331;256;0;2;210;253;657;710
Listener:Sent_pong;710;0002
Dispatcher:0002;361617;49037;256;0;2;189;249;674;710
Listener:Sent_pong;710;904F
Dispatcher:904F;361665;52848;256;0;2;193;255;678;710
Listener:Sent_pong;710;C323
Dispatcher:C323;361710;24426;256;0;2;204;249;668;710
Listener:Sent_pong;710;E934
Dispatcher:E934;361746;69916;256;0;2;201;249;667;710
Listener:Sent_pong;710;9375
Dispatcher:9375;361791;59155;256;0;2;207;255;664;710
Listener:Sent_pong;710;A78F
Dispatcher:A78F;361858;27923;256;0;2;201;249;654;710
Listener:Sent_pong;710;8D93
Dispatcher:8D93;361918;23764;256;0;2;205;255;645;710
Listener:Sent_pong;710;67E2
Dispatcher:67E2;361963;27262;256;0;2;204;249;658;710
Listener:Sent_pong;711;F010
Dispatcher:F010;362006;31037;256;0;2;198;249;651;711
Listener:Sent_pong;711;2EDF
Dispatcher:2EDF;362041;39904;256;0;2;201;249;650;711
Listener:Sent_pong;711;FCED
Dispatcher:FCED;362075;26246;256;0;2;210;253;658;711
Listener:Sent_pong;711;0002
Dispatcher:0002;362124;27281;256;0;2;189;249;675;711
Listener:Sent_pong;711;904F
Dispatcher:904F;362173;47572;256;0;2;193;255;679;711
Listener:Sent_pong;711;C323
Dispatcher:C323;362217;24416;256;0;2;204;249;669;711
Listener:Sent_pong;710;CE13
Dispatcher:CE13;362219;42429;256;0;2;192;249;656;710
Listener:Sent_pong;711;E934
Dispatcher:E934;362259;31832;256;0;2;201;249;668;711
Listener:Sent_pong;711;9375
Dispatcher:9375;362298;56594;256;0;2;207;255;665;711
Listener:Sent_pong;712;A7E4
Dispatcher:A7E4;362370;27538;256;0;2;207;255;667;712
Listener:Sent_pong;711;A78F
Dispatcher:A78F;362369;29339;256;0;2;201;249;655;711
Listener:Sent_pong;711;8D93
Dispatcher:8D93;362427;27606;256;0;2;205;255;646;711
Listener:Sent_pong;711;67E2
Dispatcher:67E2;362472;26312;256;0;2;204;249;659;711
Listener:Sent_pong;712;F010
Dispatcher:F010;362513;26631;256;0;2;198;249;652;712
Listener:Sent_pong;712;2EDF
Dispatcher:2EDF;362549;40998;256;0;2;201;249;651;712
Listener:Sent_pong;712;FCED
Dispatcher:FCED;362583;26400;256;0;2;210;253;659;712
Listener:Sent_pong;712;0002
Dispatcher:0002;362632;26623;256;0;2;189;249;676;712
Listener:Sent_pong;712;904F
Dispatcher:904F;362680;26642;256;0;2;193;255;680;712
Listener:Sent_pong;711;CE13
Dispatcher:CE13;362728;42429;256;0;2;192;249;656;711
Listener:Sent_pong;712;E934
Dispatcher:E934;362781;40358;256;0;2;201;249;669;712
Listener:Sent_pong;712;9375
Dispatcher:9375;362805;26314;256;0;2;207;255;666;712
Listener:Sent_pong;713;A7E4
Dispatcher:A7E4;362878;23767;256;0;2;207;255;668;713
Listener:Sent_pong;712;A78F
Dispatcher:A78F;362877;28741;256;0;2;201;249;656;712
Listener:Sent_pong;712;8D93
Dispatcher:8D93;362936;27936;256;0;2;205;255;647;712
Listener:Sent_pong;712;67E2
Dispatcher:67E2;362980;28626;256;0;2;204;249;660;712
Listener:Sent_pong;713;F010
Dispatcher:F010;363022;27563;256;0;2;198;249;653;713
Listener:Sent_pong;713;2EDF
Dispatcher:2EDF;363058;28910;256;0;2;201;249;652;713
Listener:Sent_pong;713;FCED
Dispatcher:FCED;363096;31552;256;0;2;210;253;660;713
Listener:Sent_pong;713;0002
Dispatcher:0002;363140;26289;256;0;2;189;249;677;713
Listener:Sent_pong;713;904F
Dispatcher:904F;363188;33620;256;0;2;193;255;681;713
Listener:Sent_pong;712;CE13
Dispatcher:CE13;363237;34693;256;0;2;192;249;657;712
Listener:Sent_pong;713;E934
Dispatcher:E934;363288;34290;256;0;2;201;249;670;713
Listener:Sent_pong;713;9375
Dispatcher:9375;363315;29594;256;0;2;207;255;667;713
Listener:Sent_pong;714;A7E4
Dispatcher:A7E4;363385;22173;256;0;2;207;255;669;714
Listener:Sent_pong;713;A78F
Dispatcher:A78F;363385;24087;256;0;2;201;249;657;713
Listener:Sent_pong;713;8D93
Dispatcher:8D93;363445;26979;256;0;2;205;255;648;713
Listener:Sent_pong;713;67E2
Dispatcher:67E2;363488;35962;256;0;2;204;249;661;713
Listener:Sent_pong;714;F010
Dispatcher:F010;363528;22469;256;0;2;198;249;654;714
Listener:Sent_pong;714;2EDF
Dispatcher:2EDF;363567;28898;256;0;2;201;249;653;714
Listener:Sent_pong;714;FCED
Dispatcher:FCED;363605;30462;256;0;2;210;253;661;714
Listener:Sent_pong;714;0002
Dispatcher:0002;363648;30605;256;0;2;189;249;678;714
Listener:Sent_pong;714;904F
Dispatcher:904F;363696;26622;256;0;2;193;255;682;714
Listener:Sent_pong;713;CE13
Dispatcher:CE13;363745;26039;256;0;2;192;249;658;713
Listener:Sent_pong;714;C323
Dispatcher:C323;363749;28254;256;0;2;204;249;670;714
Listener:Sent_pong;714;E934
Dispatcher:E934;363795;26324;256;0;2;201;249;671;714
Listener:Sent_pong;714;9375
Dispatcher:9375;363822;29636;256;0;2;207;255;668;714
Listener:Sent_pong;715;A7E4
Dispatcher:A7E4;363892;23751;256;0;2;207;255;670;715
Listener:Sent_pong;714;8D93
Dispatcher:8D93;363952;24407;256;0;2;205;255;649;714
Listener:Sent_pong;714;67E2
Dispatcher:67E2;363995;23430;256;0;2;204;249;662;714
Listener:Sent_pong;715;F010
Dispatcher:F010;364036;29335;256;0;2;198;249;655;715
Listener:Sent_pong;715;2EDF
Dispatcher:2EDF;364075;28236;256;0;2;201;249;654;715
Listener:Sent_pong;715;FCED
Dispatcher:FCED;364113;28557;256;0;2;210;253;662;715
Listener:Sent_pong;715;0002
Dispatcher:0002;364154;24045;256;0;2;189;249;679;715
Listener:Sent_pong;715;904F
Dispatcher:904F;364203;26962;256;0;2;193;255;683;715
Listener:Sent_pong;715;C323
Dispatcher:C323;364272;38576;256;0;2;204;249;671;715
Listener:Sent_pong;715;E934
Dispatcher:E934;364302;32000;256;0;2;201;249;672;715
Listener:Sent_pong;715;9375
Dispatcher:9375;364331;29636;256;0;2;207;255;668;715
Listener:Sent_pong;716;A7E4
Dispatcher:A7E4;364424;23751;256;0;2;207;255;670;716
Listener:Sent_pong;715;A78F
Dispatcher:A78F;364424;27593;256;0;2;201;249;658;715
Listener:Sent_pong;715;8D93
Dispatcher:8D93;364460;30012;256;0;2;205;255;650;715
Listener:Sent_pong;715;67E2
Dispatcher:67E2;364502;27288;256;0;2;204;249;663;715
Listener:Sent_pong;716;F010
Dispatcher:F010;364544;26963;256;0;2;198;249;656;716
Listener:Sent_pong;716;2EDF
Dispatcher:2EDF;364582;27286;256;0;2;201;249;655;716
Listener:Sent_pong;716;FCED
Dispatcher:FCED;364621;28228;256;0;2;210;253;663;716
Listener:Sent_pong;716;0002
Dispatcher:0002;364662;26303;256;0;2;189;249;680;716
Listener:Sent_pong;716;904F
Dispatcher:904F;364710;26328;256;0;2;193;255;684;716
Listener:Sent_pong;715;CE13
Dispatcher:CE13;364759;28109;256;0;2;192;249;659;715
Listener:Sent_pong;716;C323
Dispatcher:C323;364779;28548;256;0;2;204;249;672;716
Listener:Sent_pong;716;E934
Dispatcher:E934;364810;25986;256;0;2;201;249;673;716
Listener:Sent_pong;716;9375
Dispatcher:9375;364838;24734;256;0;2;207;255;669;716
Listener:Sent_pong;717;A7E4
Dispatcher:A7E4;364931;26623;256;0;2;207;255;671;717
Listener:Sent_pong;716;A78F
Dispatcher:A78F;364933;27933;256;0;2;201;249;659;716
Listener:Sent_pong;716;8D93
Dispatcher:8D93;364975;33191;256;0;2;205;255;651;716
Listener:Sent_pong;716;67E2
Dispatcher:67E2;365010;25026;256;0;2;204;249;664;716
Listener:Sent_pong;717;F010
Dispatcher:F010;365052;30761;256;0;2;198;249;657;717
Listener:Sent_pong;717;2EDF
Dispatcher:2EDF;365090;27282;256;0;2;201;249;656;717
Listener:Sent_pong;717;FCED
Dispatcher:FCED;365130;29850;256;0;2;210;253;664;717
Listener:Sent_pong;717;0002
Dispatcher:0002;365169;29659;256;0;2;189;249;681;717
Listener:Sent_pong;717;904F
Dispatcher:904F;365218;25676;256;0;2;193;255;685;717
Listener:Sent_pong;716;CE13
Dispatcher:CE13;365268;36103;256;0;2;192;249;660;716
Listener:Sent_pong;717;C323
Dispatcher:C323;365294;34468;256;0;2;204;249;673;717
Listener:Sent_pong;717;E934
Dispatcher:E934;365330;38450;256;0;2;201;249;674;717
Listener:Sent_pong;717;9375
Dispatcher:9375;365349;28434;256;0;2;207;255;670;717
Listener:Sent_pong;718;A7E4
Dispatcher:A7E4;365438;24400;256;0;2;207;255;672;718
Listener:Sent_pong;717;A78F
Dispatcher:A78F;365441;23477;256;0;2;201;249;660;717
Listener:Sent_pong;717;8D93
Dispatcher:8D93;365481;30303;256;0;2;205;255;652;717
Listener:Sent_pong;717;67E2
Dispatcher:67E2;365517;25344;256;0;2;204;249;665;717
Listener:Sent_pong;718;F010
Dispatcher:F010;365561;25375;256;0;2;198;249;658;718
Listener:Sent_pong;718;2EDF
Dispatcher:2EDF;365603;31002;256;0;2;201;249;657;718
Listener:Sent_pong;718;FCED
Dispatcher:FCED;365639;25336;256;0;2;210;253;665;718
Listener:Sent_pong;718;0002
Dispatcher:0002;365677;26637;256;0;2;189;249;682;718
Listener:Sent_pong;718;904F
Dispatcher:904F;365725;23452;256;0;2;193;255;686;718
Listener:Sent_pong;717;CE13
Dispatcher:CE13;365777;24759;256;0;2;192;249;661;717
Listener:Sent_pong;718;C323
Dispatcher:C323;365809;31824;256;0;2;204;249;674;718
Listener:Sent_pong;718;9375
Dispatcher:9375;365856;22520;256;0;2;207;255;671;718
Listener:Sent_pong;719;A7E4
Dispatcher:A7E4;365947;27092;256;0;2;207;255;673;719
Listener:Sent_pong;718;A78F
Dispatcher:A78F;365948;22183;256;0;2;201;249;661;718
Listener:Sent_pong;718;8D93
Dispatcher:8D93;365989;26325;256;0;2;205;255;653;718
Listener:Sent_pong;718;67E2
Dispatcher:67E2;366026;28546;256;0;2;204;249;666;718
Listener:Sent_pong;719;F010
Dispatcher:F010;366068;25375;256;0;2;198;249;659;719
Listener:Sent_pong;719;2EDF
Dispatcher:2EDF;366111;27952;256;0;2;201;249;658;719
Listener:Sent_pong;719;FCED
Dispatcher:FCED;366147;25983;256;0;2;210;253;666;719
Listener:Sent_pong;719;0002
Dispatcher:0002;366184;25965;256;0;2;189;249;683;719
Listener:Sent_pong;719;904F
Dispatcher:904F;366232;22176;256;0;2;193;255;687;719
Listener:Sent_pong;718;CE13
Dispatcher:CE13;366285;25713;256;0;2;192;249;662;718
Listener:Sent_pong;719;C323
Dispatcher:C323;366318;31712;256;0;2;204;249;675;719
Listener:Sent_pong;719;E934
Dispatcher:E934;366371;26358;256;0;2;201;249;675;719
Listener:Sent_pong;719;9375
Dispatcher:9375;366379;42060;256;0;2;207;255;672;719
Listener:Sent_pong;720;A7E4
Dispatcher:A7E4;366455;28324;256;0;2;207;255;674;720
Listener:Sent_pong;719;A78F
Dispatcher:A78F;366454;25689;256;0;2;201;249;662;719
Listener:Sent_pong;719;8D93
Dispatcher:8D93;366498;26332;256;0;2;205;255;654;719
Listener:Sent_pong;719;67E2
Dispatcher:67E2;366534;27534;256;0;2;204;249;667;719
Listener:Sent_pong;720;F010
Dispatcher:F010;366576;25025;256;0;2;198;249;660;720
Listener:Sent_pong;720;2EDF
Dispatcher:2EDF;366619;28588;256;0;2;201;249;659;720
Listener:Sent_pong;720;FCED
Dispatcher:FCED;366655;26660;256;0;2;210;253;667;720
Listener:Sent_pong;720;0002
Dispatcher:0002;366691;26637;256;0;2;189;249;684;720
Listener:Sent_pong;720;904F
Dispatcher:904F;366739;32006;256;0;2;193;255;688;720
Listener:Sent_pong;719;CE13
Dispatcher:CE13;366793;32951;256;0;2;192;249;663;719
Listener:Sent_pong;720;C323
Dispatcher:C323;366827;32546;256;0;2;204;249;676;720
Listener:Sent_pong;720;E934
Dispatcher:E934;366878;24420;256;0;2;201;249;676;720
Listener:Sent_pong;720;9375
Dispatcher:9375;366896;34678;256;0;2;207;255;673;720
Listener:Sent_pong;721;A7E4
Dispatcher:A7E4;366963;24683;256;0;2;207;255;675;721
Listener:Sent_pong;720;A78F
Dispatcher:A78F;366962;26295;256;0;2;201;249;663;720
Listener:Sent_pong;720;8D93
Dispatcher:8D93;367005;24398;256;0;2;205;255;655;720
Listener:Sent_pong;720;67E2
Dispatcher:67E2;367042;33986;256;0;2;204;249;668;720
Listener:Sent_pong;721;F010
Dispatcher:F010;367083;25361;256;0;2;198;249;661;721
Listener:Sent_pong;721;2EDF
Dispatcher:2EDF;367127;25362;256;0;2;201;249;660;721
Listener:Sent_pong;721;FCED
Dispatcher:FCED;367162;26436;256;0;2;210;253;668;721
Listener:Sent_pong;721;0002
Dispatcher:0002;367199;25339;256;0;2;189;249;685;721
Listener:Sent_pong;721;904F
Dispatcher:904F;367247;24702;256;0;2;193;255;689;721
Listener:Sent_pong;720;CE13
Dispatcher:CE13;367302;27919;256;0;2;192;249;664;720
Listener:Sent_pong;721;C323
Dispatcher:C323;367334;26648;256;0;2;204;249;677;721
Listener:Sent_pong;721;E934
Dispatcher:E934;367384;25398;256;0;2;201;249;677;721
Listener:Sent_pong;721;9375
Dispatcher:9375;367403;25365;256;0;2;207;255;674;721
Listener:Sent_pong;721;8D93
Dispatcher:8D93;367513;24405;256;0;2;205;255;656;721
Listener:Sent_pong;721;67E2
Dispatcher:67E2;367550;26292;256;0;2;204;249;669;721
Listener:Sent_pong;722;F010
Dispatcher:F010;367590;24049;256;0;2;198;249;662;722
Listener:Sent_pong;722;2EDF
Dispatcher:2EDF;367635;27936;256;0;2;201;249;661;722
Listener:Sent_pong;722;FCED
Dispatcher:FCED;367669;28244;256;0;2;210;253;669;722
Listener:Sent_pong;722;0002
Dispatcher:0002;367706;23781;256;0;2;189;249;686;722
Listener:Sent_pong;722;904F
Dispatcher:904F;367755;25700;256;0;2;193;255;690;722
Listener:Sent_pong;721;CE13
Dispatcher:CE13;367809;29663;256;0;2;192;249;665;721
Listener:Sent_pong;722;C323
Dispatcher:C323;367841;25666;256;0;2;204;249;678;722
Listener:Sent_pong;722;E934
Dispatcher:E934;367892;46630;256;0;2;201;249;678;722
Listener:Sent_pong;722;9375
Dispatcher:9375;367930;113214;256;0;2;207;255;675;722
Listener:Sent_pong;723;A7E4
Dispatcher:A7E4;367999;26305;256;0;2;207;255;676;723
Listener:Sent_pong;722;A78F
Dispatcher:A78F;368009;42559;256;0;2;201;249;664;722
Listener:Sent_pong;722;8D93
Dispatcher:8D93;368025;31247;256;0;2;205;255;657;722
Listener:Sent_pong;722;67E2
Dispatcher:67E2;368057;24380;256;0;2;204;249;670;722
Listener:Sent_pong;723;F010
Dispatcher:F010;368097;35463;256;0;2;198;249;663;723
Listener:Sent_pong;723;2EDF
Dispatcher:2EDF;368144;29836;256;0;2;201;249;662;723
Listener:Sent_pong;723;FCED
Dispatcher:FCED;368176;24726;256;0;2;210;253;670;723
Listener:Sent_pong;723;0002
Dispatcher:0002;368213;25337;256;0;2;189;249;687;723
Listener:Sent_pong;723;904F
Dispatcher:904F;368262;28114;256;0;2;193;255;691;723
Listener:Sent_pong;722;CE13
Dispatcher:CE13;368319;28693;256;0;2;192;249;666;722
Listener:Sent_pong;723;C323
Dispatcher:C323;368348;24716;256;0;2;204;249;679;723
Listener:Sent_pong;723;E934
Dispatcher:E934;368399;31914;256;0;2;201;249;679;723
Listener:Sent_pong;723;9375
Dispatcher:9375;368439;27272;256;0;2;207;255;676;723
Listener:Sent_pong;724;A7E4
Dispatcher:A7E4;368505;24080;256;0;2;207;255;677;724
Listener:Sent_pong;723;A78F
Dispatcher:A78F;368516;28809;256;0;2;201;249;665;723
Listener:Sent_pong;723;8D93
Dispatcher:8D93;368545;37771;256;0;2;205;255;658;723
Listener:Sent_pong;723;67E2
Dispatcher:67E2;368568;30450;256;0;2;204;249;671;723
Listener:Sent_pong;724;F010
Dispatcher:F010;368606;29833;256;0;2;198;249;664;724
Listener:Sent_pong;724;FCED
Dispatcher:FCED;368683;24077;256;0;2;210;253;671;724
Listener:Sent_pong;724;0002
Dispatcher:0002;368720;28357;256;0;2;189;249;688;724
Listener:Sent_pong;724;904F
Dispatcher:904F;368777;34680;256;0;2;193;255;692;724
Listener:Sent_pong;723;CE13
Dispatcher:CE13;368825;32271;256;0;2;192;249;667;723
Listener:Sent_pong;724;C323
Dispatcher:C323;368856;26970;256;0;2;204;249;680;724
Listener:Sent_pong;724;E934
Dispatcher:E934;368906;25382;256;0;2;201;249;680;724
Listener:Sent_pong;724;9375
Dispatcher:9375;368947;25324;256;0;2;207;255;677;724
Listener:Sent_pong;725;A7E4
Dispatcher:A7E4;369012;25657;256;0;2;207;255;678;725
Listener:Sent_pong;724;A78F
Dispatcher:A78F;369023;26647;256;0;2;201;249;666;724
Listener:Sent_pong;724;8D93
Dispatcher:8D93;369054;27483;256;0;2;205;255;659;724
Listener:Sent_pong;725;F010
Dispatcher:F010;369113;27913;256;0;2;198;249;665;725
Listener:Sent_pong;725;2EDF
Dispatcher:2EDF;369159;26352;256;0;2;201;249;663;725
Listener:Sent_pong;725;FCED
Dispatcher:FCED;369191;25362;256;0;2;210;253;672;725
Listener:Sent_pong;725;0002
Dispatcher:0002;369229;27915;256;0;2;189;249;689;725
Listener:Sent_pong;725;904F
Dispatcher:904F;369285;25986;256;0;2;193;255;693;725
Listener:Sent_pong;724;CE13
Dispatcher:CE13;369333;27607;256;0;2;192;249;668;724
Listener:Sent_pong;725;C323
Dispatcher:C323;369363;28552;256;0;2;204;249;681;725
Listener:Sent_pong;725;E934
Dispatcher:E934;369413;25656;256;0;2;201;249;681;725
Listener:Sent_pong;725;9375
Dispatcher:9375;369463;32272;256;0;2;207;255;678;725
Listener:Sent_pong;725;A78F
Dispatcher:A78F;369531;26315;256;0;2;201;249;667;725
Listener:Sent_pong;725;67E2
Dispatcher:67E2;369617;27636;256;0;2;204;249;672;725
Listener:Sent_pong;726;F010
Dispatcher:F010;369658;67721;256;0;2;198;249;666;726
Listener:Sent_pong;726;2EDF
Dispatcher:2EDF;369687;47844;256;0;2;201;249;664;726
Listener:Sent_pong;726;FCED
Dispatcher:FCED;369708;34706;256;0;2;210;253;673;726
Listener:Sent_pong;726;904F
Dispatcher:904F;369793;25380;256;0;2;193;255;694;726
Listener:Sent_pong;725;CE13
Dispatcher:CE13;369841;27599;256;0;2;192;249;669;725
Listener:Sent_pong;726;C323
Dispatcher:C323;369870;29464;256;0;2;204;249;682;726
Listener:Sent_pong;726;E934
Dispatcher:E934;369921;28890;256;0;2;201;249;682;726
Listener:Sent_pong;726;9375
Dispatcher:9375;369971;32272;256;0;2;207;255;678;726
Listener:Sent_pong;727;A7E4
Dispatcher:A7E4;370064;27935;256;0;2;207;255;679;727
Listener:Sent_pong;726;A78F
Dispatcher:A78F;370060;51715;256;0;2;201;249;668;726
Listener:Sent_pong;726;67E2
Dispatcher:67E2;370124;26320;256;0;2;204;249;673;726
Listener:Sent_pong;727;F010
Dispatcher:F010;370165;25359;256;0;2;198;249;667;727
Listener:Sent_pong;727;2EDF
Dispatcher:2EDF;370204;51722;256;0;2;201;249;665;727
Listener:Sent_pong;727;0002
Dispatcher:0002;370240;25381;256;0;2;189;249;690;727
Listener:Sent_pong;727;FCED
Dispatcher:FCED;370241;76350;256;0;2;210;253;674;727
Listener:Sent_pong;727;904F
Dispatcher:904F;370303;30238;256;0;2;193;255;695;727
Listener:Sent_pong;726;CE13
Dispatcher:CE13;370348;25711;256;0;2;192;249;670;726
Listener:Sent_pong;727;C323
Dispatcher:C323;370377;26652;256;0;2;204;249;683;727
Listener:Sent_pong;727;E934
Dispatcher:E934;370429;27590;256;0;2;201;249;683;727
Listener:Sent_pong;727;9375
Dispatcher:9375;370478;26338;256;0;2;207;255;679;727
Listener:Sent_pong;728;A7E4
Dispatcher:A7E4;370572;26658;256;0;2;207;255;680;728
Listener:Sent_pong;727;A78F
Dispatcher:A78F;370567;28691;256;0;2;201;249;669;727
Listener:Sent_pong;727;67E2
Dispatcher:67E2;370631;26644;256;0;2;204;249;674;727
Listener:Sent_pong;728;F010
Dispatcher:F010;370673;25069;256;0;2;198;249;668;728
Listener:Sent_pong;728;2EDF
Dispatcher:2EDF;370713;32528;256;0;2;201;249;666;728
Listener:Sent_pong;728;0002
Dispatcher:0002;370747;26629;256;0;2;189;249;691;728
Listener:Sent_pong;728;FCED
Dispatcher:FCED;370775;52559;256;0;2;210;253;675;728
Listener:Sent_pong;728;904F
Dispatcher:904F;370811;36166;256;0;2;193;255;696;728
Listener:Sent_pong;727;CE13
Dispatcher:CE13;370857;30797;256;0;2;192;249;671;727
Listener:Sent_pong;728;C323
Dispatcher:C323;370885;27594;256;0;2;204;249;684;728
Listener:Sent_pong;728;E934
Dispatcher:E934;370936;26306;256;0;2;201;249;684;728
Listener:Sent_pong;728;9375
Dispatcher:9375;370987;30496;256;0;2;207;255;680;728
Listener:Sent_pong;729;A7E4
Dispatcher:A7E4;371081;26970;256;0;2;207;255;681;729
Listener:Sent_pong;728;A78F
Dispatcher:A78F;371074;28691;256;0;2;201;249;669;728
Listener:Sent_pong;728;8D93
Dispatcher:8D93;371111;27483;256;0;2;205;255;659;728
Listener:Sent_pong;728;67E2
Dispatcher:67E2;371139;26312;256;0;2;204;249;675;728
Listener:Sent_pong;729;F010
Dispatcher:F010;371180;23757;256;0;2;198;249;669;729
Listener:Sent_pong;729;2EDF
Dispatcher:2EDF;371221;33834;256;0;2;201;249;667;729
Listener:Sent_pong;729;0002
Dispatcher:0002;371256;34813;256;0;2;189;249;692;729
Listener:Sent_pong;729;FCED
Dispatcher:FCED;371285;29037;256;0;2;210;253;676;729
Listener:Sent_pong;729;904F
Dispatcher:904F;371319;26970;256;0;2;193;255;697;729
Listener:Sent_pong;728;CE13
Dispatcher:CE13;371366;38491;256;0;2;192;249;672;728
Listener:Sent_pong;729;C323
Dispatcher:C323;371395;26893;256;0;2;204;249;685;729
Listener:Sent_pong;729;E934
Dispatcher:E934;371444;28334;256;0;2;201;249;685;729
Listener:Sent_pong;729;9375
Dispatcher:9375;371496;25986;256;0;2;207;255;681;729
Listener:Sent_pong;730;A7E4
Dispatcher:A7E4;371588;28546;256;0;2;207;255;682;730
Listener:Sent_pong;729;A78F
Dispatcher:A78F;371583;26473;256;0;2;201;249;670;729
Listener:Sent_pong;729;8D93
Dispatcher:8D93;371619;25708;256;0;2;205;255;660;729
Listener:Sent_pong;729;67E2
Dispatcher:67E2;371646;26630;256;0;2;204;249;676;729
Listener:Sent_pong;730;F010
Dispatcher:F010;371689;28229;256;0;2;198;249;670;730
Listener:Sent_pong;730;2EDF
Dispatcher:2EDF;371728;26962;256;0;2;201;249;668;730
Listener:Sent_pong;730;0002
Dispatcher:0002;371766;31557;256;0;2;189;249;693;730
Listener:Sent_pong;730;FCED
Dispatcher:FCED;371792;23451;256;0;2;210;253;677;730
Listener:Sent_pong;730;904F
Dispatcher:904F;371828;25036;256;0;2;193;255;698;730
Listener:Sent_pong;730;C323
Dispatcher:C323;371903;25998;256;0;2;204;249;686;730
Listener:Sent_pong;730;9375
Dispatcher:9375;372005;28204;256;0;2;207;255;682;730
Listener:Sent_pong;731;A7E4
Dispatcher:A7E4;372096;34838;256;0;2;207;255;683;731
Listener:Sent_pong;730;A78F
Dispatcher:A78F;372102;39135;256;0;2;201;249;671;730
Listener:Sent_pong;730;8D93
Dispatcher:8D93;372126;23462;256;0;2;205;255;661;730
Listener:Sent_pong;730;67E2
Dispatcher:67E2;372154;28534;256;0;2;204;249;677;730
Listener:Sent_pong;731;F010
Dispatcher:F010;372195;26641;256;0;2;198;249;671;731
Listener:Sent_pong;731;2EDF
Dispatcher:2EDF;372236;26654;256;0;2;201;249;669;731
Listener:Sent_pong;731;0002
Dispatcher:0002;372274;58613;256;0;2;189;249;694;731
Listener:Sent_pong;731;FCED
Dispatcher:FCED;372335;73180;256;0;2;210;253;678;731
Listener:Sent_pong;731;904F
Dispatcher:904F;372366;85052;256;0;2;193;255;699;731
Listener:Sent_pong;730;CE13
Dispatcher:CE13;372423;29509;256;0;2;192;249;673;730
Listener:Sent_pong;731;C323
Dispatcher:C323;372451;71370;256;0;2;204;249;687;731
Listener:Sent_pong;731;9375
Dispatcher:9375;372513;30148;256;0;2;207;255;683;731
Listener:Sent_pong;732;A7E4
Dispatcher:A7E4;372604;27596;256;0;2;207;255;684;732
Listener:Sent_pong;731;A78F
Dispatcher:A78F;372609;22463;256;0;2;201;249;672;731
Listener:Sent_pong;731;8D93
Dispatcher:8D93;372635;26020;256;0;2;205;255;662;731
Listener:Sent_pong;731;67E2
Dispatcher:67E2;372662;29846;256;0;2;204;249;678;731
Listener:Sent_pong;732;F010
Dispatcher:F010;372705;29021;256;0;2;198;249;672;732
Listener:Sent_pong;732;2EDF
Dispatcher:2EDF;372743;26010;256;0;2;201;249;670;732
Listener:Sent_pong;732;0002
Dispatcher:0002;372783;27287;256;0;2;189;249;695;732
Listener:Sent_pong;732;FCED
Dispatcher:FCED;372843;27934;256;0;2;210;253;679;732
Listener:Sent_pong;732;904F
Dispatcher:904F;372874;27938;256;0;2;193;255;700;732
Listener:Sent_pong;731;CE13
Dispatcher:CE13;372930;29553;256;0;2;192;249;674;731
Listener:Sent_pong;732;C323
Dispatcher:C323;372959;52382;256;0;2;204;249;688;732
Listener:Sent_pong;732;E934
Dispatcher:E934;372976;29340;256;0;2;201;249;686;732
Listener:Sent_pong;732;9375
Dispatcher:9375;373021;26948;256;0;2;207;255;684;732
Listener:Sent_pong;733;A7E4
Dispatcher:A7E4;373113;24383;256;0;2;207;255;685;733
Listener:Sent_pong;732;A78F
Dispatcher:A78F;373124;31461;256;0;2;201;249;673;732
Listener:Sent_pong;732;8D93
Dispatcher:8D93;373146;28466;256;0;2;205;255;663;732
Listener:Sent_pong;732;67E2
Dispatcher:67E2;373170;26956;256;0;2;204;249;679;732
Listener:Sent_pong;733;F010
Dispatcher:F010;373214;27243;256;0;2;198;249;673;733
Listener:Sent_pong;733;2EDF
Dispatcher:2EDF;373251;24740;256;0;2;201;249;671;733
Listener:Sent_pong;733;0002
Dispatcher:0002;373290;25379;256;0;2;189;249;696;733
Listener:Sent_pong;733;FCED
Dispatcher:FCED;373350;25665;256;0;2;210;253;680;733
Listener:Sent_pong;733;904F
Dispatcher:904F;373381;26034;256;0;2;193;255;701;733
Listener:Sent_pong;732;CE13
Dispatcher:CE13;373438;25689;256;0;2;192;249;675;732
Listener:Sent_pong;733;C323
Dispatcher:C323;373466;30708;256;0;2;204;249;689;733
Listener:Sent_pong;733;E934
Dispatcher:E934;373500;43916;256;0;2;201;249;687;733
Listener:Sent_pong;733;9375
Dispatcher:9375;373537;32890;256;0;2;207;255;685;733
Listener:Sent_pong;734;A7E4
Dispatcher:A7E4;373621;25655;256;0;2;207;255;686;734
Listener:Sent_pong;733;A78F
Dispatcher:A78F;373630;25035;256;0;2;201;249;674;733
Listener:Sent_pong;733;8D93
Dispatcher:8D93;373654;29931;256;0;2;205;255;664;733
Listener:Sent_pong;733;67E2
Dispatcher:67E2;373679;29578;256;0;2;204;249;680;733
Listener:Sent_pong;734;F010
Dispatcher:F010;373727;34431;256;0;2;198;249;674;734
Listener:Sent_pong;734;2EDF
Dispatcher:2EDF;373761;27862;256;0;2;201;249;672;734
Listener:Sent_pong;734;0002
Dispatcher:0002;373798;24415;256;0;2;189;249;697;734
Listener:Sent_pong;734;FCED
Dispatcher:FCED;373859;27595;256;0;2;210;253;681;734
Listener:Sent_pong;734;904F
Dispatcher:904F;373888;26008;256;0;2;193;255;702;734
Listener:Sent_pong;733;CE13
Dispatcher:CE13;373946;33921;256;0;2;192;249;676;733
Listener:Sent_pong;734;C323
Dispatcher:C323;373973;24080;256;0;2;204;249;690;734
Listener:Sent_pong;734;E934
Dispatcher:E934;374008;24730;256;0;2;201;249;688;734
Listener:Sent_pong;734;9375
Dispatcher:9375;374045;42912;256;0;2;207;255;686;734
Listener:Sent_pong;735;A7E4
Dispatcher:A7E4;374128;24381;256;0;2;207;255;687;735
Listener:Sent_pong;734;A78F
Dispatcher:A78F;374138;26617;256;0;2;201;249;675;734
Listener:Sent_pong;734;8D93
Dispatcher:8D93;374167;33238;256;0;2;205;255;665;734
Listener:Sent_pong;734;67E2
Dispatcher:67E2;374190;27636;256;0;2;204;249;681;734
Listener:Sent_pong;735;F010
Dispatcher:F010;374236;25983;256;0;2;198;249;675;735
Listener:Sent_pong;735;2EDF
Dispatcher:2EDF;374274;34352;256;0;2;201;249;673;735
Listener:Sent_pong;735;0002
Dispatcher:0002;374304;25327;256;0;2;189;249;698;735
Listener:Sent_pong;735;FCED
Dispatcher:FCED;374367;28882;256;0;2;210;253;682;735
Listener:Sent_pong;735;904F
Dispatcher:904F;374402;32848;256;0;2;193;255;703;735
Listener:Sent_pong;734;CE13
Dispatcher:CE13;374454;26985;256;0;2;192;249;677;734
Listener:Sent_pong;735;C323
Dispatcher:C323;374480;26974;256;0;2;204;249;691;735
Listener:Sent_pong;735;E934
Dispatcher:E934;374515;25354;256;0;2;201;249;689;735
Listener:Sent_pong;735;9375
Dispatcher:9375;374553;26012;256;0;2;207;255;687;735
Listener:Sent_pong;736;A7E4
Dispatcher:A7E4;374636;27885;256;0;2;207;255;688;736
Listener:Sent_pong;735;A78F
Dispatcher:A78F;374646;27911;256;0;2;201;249;676;735
Listener:Sent_pong;735;8D93
Dispatcher:8D93;374675;27114;256;0;2;205;255;666;735
Listener:Sent_pong;735;67E2
Dispatcher:67E2;374698;27910;256;0;2;204;249;682;735
Listener:Sent_pong;736;F010
Dispatcher:F010;374744;28531;256;0;2;198;249;676;736
Listener:Sent_pong;736;2EDF
Dispatcher:2EDF;374782;27740;256;0;2;201;249;674;736
Listener:Sent_pong;736;0002
Dispatcher:0002;374812;24713;256;0;2;189;249;699;736
Listener:Sent_pong;736;FCED
Dispatcher:FCED;374875;30931;256;0;2;210;253;683;736
Listener:Sent_pong;736;904F
Dispatcher:904F;374909;26338;256;0;2;193;255;704;736
Listener:Sent_pong;735;CE13
Dispatcher:CE13;374962;28545;256;0;2;192;249;678;735
Listener:Sent_pong;736;C323
Dispatcher:C323;374989;28388;256;0;2;204;249;692;736
Listener:Sent_pong;736;E934
Dispatcher:E934;375022;27580;256;0;2;201;249;690;736
Listener:Sent_pong;736;9375
Dispatcher:9375;375060;26002;256;0;2;207;255;688;736
Listener:Sent_pong;737;A7E4
Dispatcher:A7E4;375144;25648;256;0;2;207;255;689;737
Listener:Sent_pong;736;A78F
Dispatcher:A78F;375154;28243;256;0;2;201;249;677;736
Listener:Sent_pong;736;8D93
Dispatcher:8D93;375182;27592;256;0;2;205;255;667;736
Listener:Sent_pong;736;67E2
Dispatcher:67E2;375210;33276;256;0;2;204;249;683;736
Listener:Sent_pong;737;F010
Dispatcher:F010;375253;27097;256;0;2;198;249;677;737
Listener:Sent_pong;737;2EDF
Dispatcher:2EDF;375289;25690;256;0;2;201;249;675;737
Listener:Sent_pong;737;0002
Dispatcher:0002;375319;31241;256;0;2;189;249;700;737
Listener:Sent_pong;737;FCED
Dispatcher:FCED;375383;28235;256;0;2;210;253;684;737
Listener:Sent_pong;737;904F
Dispatcher:904F;375423;31180;256;0;2;193;255;705;737
Listener:Sent_pong;736;CE13
Dispatcher:CE13;375471;28873;256;0;2;192;249;679;736
Listener:Sent_pong;737;C323
Dispatcher:C323;375496;25666;256;0;2;204;249;693;737
Listener:Sent_pong;737;E934
Dispatcher:E934;375531;27882;256;0;2;201;249;691;737
Listener:Sent_pong;737;9375
Dispatcher:9375;375568;29488;256;0;2;207;255;689;737
Listener:Sent_pong;738;A7E4
Dispatcher:A7E4;375651;30721;256;0;2;207;255;690;738
Listener:Sent_pong;737;A78F
Dispatcher:A78F;375663;27281;256;0;2;201;249;678;737
Listener:Sent_pong;737;8D93
Dispatcher:8D93;375691;26653;256;0;2;205;255;668;737
Listener:Sent_pong;737;67E2
Dispatcher:67E2;375718;27592;256;0;2;204;249;684;737
Listener:Sent_pong;738;F010
Dispatcher:F010;375761;25363;256;0;2;198;249;678;738
Listener:Sent_pong;738;2EDF
Dispatcher:2EDF;375798;28570;256;0;2;201;249;676;738
Listener:Sent_pong;738;0002
Dispatcher:0002;375826;50067;256;0;2;189;249;701;738
Listener:Sent_pong;738;FCED
Dispatcher:FCED;375892;28545;256;0;2;210;253;685;738
Listener:Sent_pong;738;904F
Dispatcher:904F;375942;40002;256;0;2;193;255;706;738
Listener:Sent_pong;737;CE13
Dispatcher:CE13;375980;29181;256;0;2;192;249;680;737
Listener:Sent_pong;738;C323
Dispatcher:C323;376003;25356;256;0;2;204;249;694;738
Listener:Sent_pong;738;E934
Dispatcher:E934;376038;28780;256;0;2;201;249;692;738
Listener:Sent_pong;738;9375
Dispatcher:9375;376076;27252;256;0;2;207;255;690;738
Listener:Sent_pong;739;A7E4
Dispatcher:A7E4;376159;26606;256;0;2;207;255;691;739
Listener:Sent_pong;738;A78F
Dispatcher:A78F;376171;28239;256;0;2;201;249;679;738
Listener:Sent_pong;738;8D93
Dispatcher:8D93;376203;31599;256;0;2;205;255;669;738
Listener:Sent_pong;738;67E2
Dispatcher:67E2;376226;26472;256;0;2;204;249;685;738
Listener:Sent_pong;739;F010
Dispatcher:F010;376268;24721;256;0;2;198;249;679;739
Listener:Sent_pong;739;2EDF
Dispatcher:2EDF;376305;25666;256;0;2;201;249;677;739
Listener:Sent_pong;739;0002
Dispatcher:0002;376334;26323;256;0;2;189;249;702;739
Listener:Sent_pong;739;FCED
Dispatcher:FCED;376399;25362;256;0;2;210;253;686;739
Listener:Sent_pong;739;904F
Dispatcher:904F;376449;29026;256;0;2;193;255;707;739
Listener:Sent_pong;738;CE13
Dispatcher:CE13;376488;26621;256;0;2;192;249;681;738
Listener:Sent_pong;739;C323
Dispatcher:C323;376510;23430;256;0;2;204;249;695;739
Listener:Sent_pong;739;E934
Dispatcher:E934;376546;23744;256;0;2;201;249;693;739
Listener:Sent_pong;739;9375
Dispatcher:9375;376583;26648;256;0;2;207;255;691;739
Listener:Sent_pong;740;A7E4
Dispatcher:A7E4;376667;26628;256;0;2;207;255;692;740
Listener:Sent_pong;739;A78F
Dispatcher:A78F;376680;26635;256;0;2;201;249;680;739
Listener:Sent_pong;739;8D93
Dispatcher:8D93;376710;24746;256;0;2;205;255;670;739
Listener:Sent_pong;739;67E2
Dispatcher:67E2;376734;23754;256;0;2;204;249;686;739
Listener:Sent_pong;740;F010
Dispatcher:F010;376783;34671;256;0;2;198;249;680;740
Listener:Sent_pong;740;2EDF
Dispatcher:2EDF;376814;31138;256;0;2;201;249;678;740
Listener:Sent_pong;740;0002
Dispatcher:0002;376841;26645;256;0;2;189;249;703;740
Listener:Sent_pong;740;FCED
Dispatcher:FCED;376907;26618;256;0;2;210;253;687;740
Listener:Sent_pong;740;904F
Dispatcher:904F;376957;26346;256;0;2;193;255;708;740
Listener:Sent_pong;739;CE13
Dispatcher:CE13;376997;29815;256;0;2;192;249;682;739
Listener:Sent_pong;740;C323
Dispatcher:C323;377019;27104;256;0;2;204;249;696;740
Listener:Sent_pong;740;E934
Dispatcher:E934;377053;26000;256;0;2;201;249;694;740
Listener:Sent_pong;740;9375
Dispatcher:9375;377092;26608;256;0;2;207;255;692;740
Listener:Sent_pong;741;A7E4
Dispatcher:A7E4;377174;27581;256;0;2;207;255;693;741
Listener:Sent_pong;740;A78F
Dispatcher:A78F;377187;31881;256;0;2;201;249;681;740
Listener:Sent_pong;740;8D93
Dispatcher:8D93;377219;28963;256;0;2;205;255;671;740
Listener:Sent_pong;740;67E2
Dispatcher:67E2;377241;26512;256;0;2;204;249;687;740
Listener:Sent_pong;741;F010
Dispatcher:F010;377290;26325;256;0;2;198;249;681;741
Listener:Sent_pong;741;2EDF
Dispatcher:2EDF;377323;27914;256;0;2;201;249;679;741
Listener:Sent_pong;741;0002
Dispatcher:0002;377349;24419;256;0;2;189;249;704;741
Listener:Sent_pong;741;FCED
Dispatcher:FCED;377416;27935;256;0;2;210;253;688;741
Listener:Sent_pong;741;904F
Dispatcher:904F;377466;25358;256;0;2;193;255;709;741
Listener:Sent_pong;740;CE13
Dispatcher:CE13;377513;33083;256;0;2;192;249;683;740
Listener:Sent_pong;741;C323
Dispatcher:C323;377531;31581;256;0;2;204;249;697;741
Listener:Sent_pong;741;9375
Dispatcher:9375;377599;26608;256;0;2;207;255;692;741
Listener:Sent_pong;742;A7E4
Dispatcher:A7E4;377695;36438;256;0;2;207;255;694;742
Listener:Sent_pong;741;A78F
Dispatcher:A78F;377695;23793;256;0;2;201;249;682;741
Listener:Sent_pong;741;8D93
Dispatcher:8D93;377727;29822;256;0;2;205;255;672;741
Listener:Sent_pong;741;67E2
Dispatcher:67E2;377752;31736;256;0;2;204;249;688;741
Listener:Sent_pong;742;F010
Dispatcher:F010;377796;24709;256;0;2;198;249;682;742
Listener:Sent_pong;742;2EDF
Dispatcher:2EDF;377831;26016;256;0;2;201;249;680;742
Listener:Sent_pong;742;0002
Dispatcher:0002;377856;25975;256;0;2;189;249;705;742
Listener:Sent_pong;742;FCED
Dispatcher:FCED;377924;30625;256;0;2;210;253;689;742
Listener:Sent_pong;742;904F
Dispatcher:904F;377974;25684;256;0;2;193;255;710;742
Listener:Sent_pong;741;CE13
Dispatcher:CE13;378025;36535;256;0;2;192;249;684;741
Listener:Sent_pong;742;C323
Dispatcher:C323;378051;69236;256;0;2;204;249;698;742
Listener:Sent_pong;742;E934
Dispatcher:E934;378095;26122;256;0;2;201;249;695;742
Listener:Sent_pong;742;9375
Dispatcher:9375;378110;40400;256;0;2;207;255;693;742
Listener:Sent_pong;743;A7E4
Dispatcher:A7E4;378202;26301;256;0;2;207;255;695;743
Listener:Sent_pong;742;A78F
Dispatcher:A78F;378202;25347;256;0;2;201;249;683;742
Listener:Sent_pong;742;8D93
Dispatcher:8D93;378241;33385;256;0;2;205;255;673;742
Listener:Sent_pong;743;F010
Dispatcher:F010;378305;25671;256;0;2;198;249;683;743
Listener:Sent_pong;743;2EDF
Dispatcher:2EDF;378339;28574;256;0;2;201;249;681;743
Listener:Sent_pong;743;FCED
Dispatcher:FCED;378433;28814;256;0;2;210;253;690;743
Listener:Sent_pong;743;904F
Dispatcher:904F;378482;24728;256;0;2;193;255;711;743
Listener:Sent_pong;742;CE13
Dispatcher:CE13;378533;30955;256;0;2;192;249;685;742
Listener:Sent_pong;743;C323
Dispatcher:C323;378559;27276;256;0;2;204;249;699;743
Listener:Sent_pong;743;E934
Dispatcher:E934;378603;25704;256;0;2;201;249;696;743
Listener:Sent_pong;743;9375
Dispatcher:9375;378621;30712;256;0;2;207;255;694;743
Listener:Sent_pong;744;A7E4
Dispatcher:A7E4;378711;28552;256;0;2;207;255;696;744
Listener:Sent_pong;743;A78F
Dispatcher:A78F;378710;27603;256;0;2;201;249;684;743
Listener:Sent_pong;743;8D93
Dispatcher:8D93;378750;33385;256;0;2;205;255;673;743
Listener:Sent_pong;743;67E2
Dispatcher:67E2;378781;31868;256;0;2;204;249;689;743
Listener:Sent_pong;744;F010
Dispatcher:F010;378837;58845;256;0;2;198;249;684;744
Listener:Sent_pong;744;2EDF
Dispatcher:2EDF;378878;66030;256;0;2;201;249;682;744
Listener:Sent_pong;744;FCED
Dispatcher:FCED;378941;28239;256;0;2;210;253;691;744
Listener:Sent_pong;744;904F
Dispatcher:904F;378989;30866;256;0;2;193;255;712;744
Listener:Sent_pong;743;CE13
Dispatcher:CE13;379041;26015;256;0;2;192;249;686;743
Listener:Sent_pong;744;C323
Dispatcher:C323;379075;35020;256;0;2;204;249;700;744
Listener:Sent_pong;744;E934
Dispatcher:E934;379109;25754;256;0;2;201;249;697;744
Listener:Sent_pong;744;9375
Dispatcher:9375;379127;23496;256;0;2;207;255;695;744
Listener:Sent_pong;745;A7E4
Dispatcher:A7E4;379219;28206;256;0;2;207;255;697;745
Listener:Sent_pong;744;A78F
Dispatcher:A78F;379218;25387;256;0;2;201;249;685;744
Listener:Sent_pong;744;8D93
Dispatcher:8D93;379257;26361;256;0;2;205;255;674;744
Listener:Sent_pong;744;67E2
Dispatcher:67E2;379289;28220;256;0;2;204;249;690;744
Listener:Sent_pong;745;F010
Dispatcher:F010;379344;29811;256;0;2;198;249;685;745
Listener:Sent_pong;745;2EDF
Dispatcher:2EDF;379392;55306;256;0;2;201;249;683;745
Listener:Sent_pong;745;0002
Dispatcher:0002;379427;27729;256;0;2;189;249;706;745
Listener:Sent_pong;745;FCED
Dispatcher:FCED;379448;24108;256;0;2;210;253;692;745
Listener:Sent_pong;745;904F
Dispatcher:904F;379504;32792;256;0;2;193;255;713;745
Listener:Sent_pong;744;CE13
Dispatcher:CE13;379549;28235;256;0;2;192;249;687;744
Listener:Sent_pong;745;C323
Dispatcher:C323;379583;32360;256;0;2;204;249;701;745
Listener:Sent_pong;745;E934
Dispatcher:E934;379618;28436;256;0;2;201;249;698;745
Listener:Sent_pong;745;9375
Dispatcher:9375;379636;26740;256;0;2;207;255;696;745
Listener:Sent_pong;746;A7E4
Dispatcher:A7E4;379734;34422;256;0;2;207;255;698;746
Listener:Sent_pong;745;8D93
Dispatcher:8D93;379766;26966;256;0;2;205;255;675;745
Listener:Sent_pong;745;67E2
Dispatcher:67E2;379797;28254;256;0;2;204;249;691;745
Listener:Sent_pong;746;F010
Dispatcher:F010;379853;31077;256;0;2;198;249;686;746
Listener:Sent_pong;746;2EDF
Dispatcher:2EDF;379900;28264;256;0;2;201;249;684;746
Listener:Sent_pong;746;0002
Dispatcher:0002;379933;26363;256;0;2;189;249;707;746
Listener:Sent_pong;746;FCED
Dispatcher:FCED;379956;25227;256;0;2;210;253;693;746
Listener:Sent_pong;746;904F
Dispatcher:904F;380016;30370;256;0;2;193;255;714;746
Listener:Sent_pong;745;CE13
Dispatcher:CE13;380056;24089;256;0;2;192;249;688;745
Listener:Sent_pong;746;C323
Dispatcher:C323;380091;24726;256;0;2;204;249;702;746
Listener:Sent_pong;746;E934
Dispatcher:E934;380126;24718;256;0;2;201;249;699;746
Listener:Sent_pong;746;9375
Dispatcher:9375;380145;28536;256;0;2;207;255;697;746
Listener:Sent_pong;747;A7E4
Dispatcher:A7E4;380259;60382;256;0;2;207;255;699;747
Listener:Sent_pong;746;A78F
Dispatcher:A78F;380239;26085;256;0;2;201;249;686;746
Listener:Sent_pong;746;8D93
Dispatcher:8D93;380290;42920;256;0;2;205;255;676;746
Listener:Sent_pong;746;67E2
Dispatcher:67E2;380330;52196;256;0;2;204;249;692;746
Listener:Sent_pong;747;F010
Dispatcher:F010;380362;28207;256;0;2;198;249;687;747
Listener:Sent_pong;747;2EDF
Dispatcher:2EDF;380407;26000;256;0;2;201;249;685;747
Listener:Sent_pong;747;0002
Dispatcher:0002;380440;24749;256;0;2;189;249;708;747
Listener:Sent_pong;747;FCED
Dispatcher:FCED;380464;27577;256;0;2;210;253;694;747
Listener:Sent_pong;747;904F
Dispatcher:904F;380524;29954;256;0;2;193;255;715;747
Listener:Sent_pong;746;CE13
Dispatcher:CE13;380563;25377;256;0;2;192;249;689;746
Listener:Sent_pong;747;C323
Dispatcher:C323;380600;29220;256;0;2;204;249;703;747
Listener:Sent_pong;747;E934
Dispatcher:E934;380632;31674;256;0;2;201;249;700;747
Listener:Sent_pong;747;9375
Dispatcher:9375;380656;29930;256;0;2;207;255;698;747
Listener:Sent_pong;748;A7E4
Dispatcher:A7E4;380767;37452;256;0;2;207;255;700;748
Listener:Sent_pong;747;A78F
Dispatcher:A78F;380772;52593;256;0;2;201;249;687;747
Listener:Sent_pong;747;8D93
Dispatcher:8D93;380799;28863;256;0;2;205;255;677;747
Listener:Sent_pong;747;67E2
Dispatcher:67E2;380837;27586;256;0;2;204;249;693;747
Listener:Sent_pong;748;F010
Dispatcher:F010;380870;25979;256;0;2;198;249;688;748
Listener:Sent_pong;748;2EDF
Dispatcher:2EDF;380915;24730;256;0;2;201;249;686;748
Listener:Sent_pong;748;0002
Dispatcher:0002;380949;28495;256;0;2;189;249;709;748
Listener:Sent_pong;748;FCED
Dispatcher:FCED;380973;25537;256;0;2;210;253;695;748
Listener:Sent_pong;748;904F
Dispatcher:904F;381032;25686;256;0;2;193;255;716;748
Listener:Sent_pong;747;CE13
Dispatcher:CE13;381071;27609;256;0;2;192;249;690;747
Listener:Sent_pong;748;C323
Dispatcher:C323;381109;27916;256;0;2;204;249;704;748
Listener:Sent_pong;748;E934
Dispatcher:E934;381140;28376;256;0;2;201;249;701;748
Listener:Sent_pong;748;9375
Dispatcher:9375;381168;28368;256;0;2;207;255;699;748
Listener:Sent_pong;749;A7E4
Dispatcher:A7E4;381274;22778;256;0;2;207;255;701;749
Listener:Sent_pong;748;A78F
Dispatcher:A78F;381279;27267;256;0;2;201;249;688;748
Listener:Sent_pong;748;8D93
Dispatcher:8D93;381308;27265;256;0;2;205;255;678;748
Listener:Sent_pong;748;67E2
Dispatcher:67E2;381346;28560;256;0;2;204;249;694;748
Listener:Sent_pong;749;F010
Dispatcher:F010;381391;39943;256;0;2;198;249;689;749
Listener:Sent_pong;749;2EDF
Dispatcher:2EDF;381422;26952;256;0;2;201;249;687;749
Listener:Sent_pong;749;0002
Dispatcher:0002;381458;36335;256;0;2;189;249;710;749
Listener:Sent_pong;749;FCED
Dispatcher:FCED;381490;34857;256;0;2;210;253;696;749
Listener:Sent_pong;749;904F
Dispatcher:904F;381541;29520;256;0;2;193;255;717;749
Listener:Sent_pong;748;CE13
Dispatcher:CE13;381587;37577;256;0;2;192;249;691;748
Listener:Sent_pong;749;C323
Dispatcher:C323;381617;27300;256;0;2;204;249;705;749
Listener:Sent_pong;749;E934
Dispatcher:E934;381650;28040;256;0;2;201;249;702;749
Listener:Sent_pong;749;9375
Dispatcher:9375;381685;35428;256;0;2;207;255;700;749
Listener:Sent_pong;750;A7E4
Dispatcher:A7E4;381781;27577;256;0;2;207;255;702;750
Listener:Sent_pong;749;A78F
Dispatcher:A78F;381793;32193;256;0;2;201;249;689;749
Listener:Sent_pong;749;8D93
Dispatcher:8D93;381817;25879;256;0;2;205;255;679;749
Listener:Sent_pong;749;67E2
Dispatcher:67E2;381855;27274;256;0;2;204;249;695;749
Listener:Sent_pong;750;F010
Dispatcher:F010;381898;25679;256;0;2;198;249;690;750
Listener:Sent_pong;750;2EDF
Dispatcher:2EDF;381929;24386;256;0;2;201;249;688;750
Listener:Sent_pong;750;0002
Dispatcher:0002;381966;27087;256;0;2;189;249;711;750
Listener:Sent_pong;750;FCED
Dispatcher:FCED;381999;28063;256;0;2;210;253;697;750
Listener:Sent_pong;750;904F
Dispatcher:904F;382049;26640;256;0;2;193;255;718;750
Listener:Sent_pong;749;CE13
Dispatcher:CE13;382096;32333;256;0;2;192;249;692;749
Listener:Sent_pong;750;C323
Dispatcher:C323;382125;28562;256;0;2;204;249;706;750
Listener:Sent_pong;750;E934
Dispatcher:E934;382159;29842;256;0;2;201;249;703;750
Listener:Sent_pong;750;9375
Dispatcher:9375;382193;57152;256;0;2;207;255;701;750
Listener:Sent_pong;751;A7E4
Dispatcher:A7E4;382289;26640;256;0;2;207;255;703;751
Listener:Sent_pong;750;A78F
Dispatcher:A78F;382300;32193;256;0;2;201;249;689;750
Listener:Sent_pong;750;8D93
Dispatcher:8D93;382325;26686;256;0;2;205;255;680;750
Listener:Sent_pong;750;67E2
Dispatcher:67E2;382363;26324;256;0;2;204;249;696;750
Listener:Sent_pong;751;F010
Dispatcher:F010;382405;32209;256;0;2;198;249;691;751
Listener:Sent_pong;751;2EDF
Dispatcher:2EDF;382437;29600;256;0;2;201;249;689;751
Listener:Sent_pong;751;0002
Dispatcher:0002;382473;31053;256;0;2;189;249;712;751
Listener:Sent_pong;751;FCED
Dispatcher:FCED;382506;23697;256;0;2;210;253;698;751
Listener:Sent_pong;751;904F
Dispatcher:904F;382556;27622;256;0;2;193;255;719;751
Listener:Sent_pong;750;CE13
Dispatcher:CE13;382604;25989;256;0;2;192;249;693;750
Listener:Sent_pong;751;C323
Dispatcher:C323;382632;26328;256;0;2;204;249;707;751
Listener:Sent_pong;751;E934
Dispatcher:E934;382666;23462;256;0;2;201;249;704;751
Listener:Sent_pong;751;9375
Dispatcher:9375;382701;27602;256;0;2;207;255;702;751
Listener:Sent_pong;752;A7E4
Dispatcher:A7E4;382798;31118;256;0;2;207;255;704;752
Listener:Sent_pong;751;A78F
Dispatcher:A78F;382807;27627;256;0;2;201;249;690;751
Listener:Sent_pong;751;8D93
Dispatcher:8D93;382838;34290;256;0;2;205;255;681;751
Listener:Sent_pong;751;67E2
Dispatcher:67E2;382872;27266;256;0;2;204;249;697;751
Listener:Sent_pong;752;F010
Dispatcher:F010;382913;27587;256;0;2;198;249;692;752
Listener:Sent_pong;752;2EDF
Dispatcher:2EDF;382945;26686;256;0;2;201;249;690;752
Listener:Sent_pong;752;0002
Dispatcher:0002;382982;26325;256;0;2;189;249;713;752
Listener:Sent_pong;752;FCED
Dispatcher:FCED;383013;24083;256;0;2;210;253;699;752
Listener:Sent_pong;752;904F
Dispatcher:904F;383064;27932;256;0;2;193;255;720;752
Listener:Sent_pong;751;CE13
Dispatcher:CE13;383113;29519;256;0;2;192;249;694;751
Listener:Sent_pong;752;C323
Dispatcher:C323;383146;30856;256;0;2;204;249;708;752
Listener:Sent_pong;752;E934
Dispatcher:E934;383174;25184;256;0;2;201;249;705;752
Listener:Sent_pong;752;9375
Dispatcher:9375;383209;26664;256;0;2;207;255;703;752
Listener:Sent_pong;753;A7E4
Dispatcher:A7E4;383306;26288;256;0;2;207;255;705;753
Listener:Sent_pong;752;A78F
Dispatcher:A78F;383315;26971;256;0;2;201;249;691;752
Listener:Sent_pong;752;8D93
Dispatcher:8D93;383345;51697;256;0;2;205;255;682;752
Listener:Sent_pong;752;67E2
Dispatcher:67E2;383393;38552;256;0;2;204;249;698;752
Listener:Sent_pong;753;F010
Dispatcher:F010;383421;28245;256;0;2;198;249;693;753
Listener:Sent_pong;753;2EDF
Dispatcher:2EDF;383466;39636;256;0;2;201;249;691;753
Listener:Sent_pong;753;0002
Dispatcher:0002;383490;25027;256;0;2;189;249;714;753
Listener:Sent_pong;753;FCED
Dispatcher:FCED;383521;28879;256;0;2;210;253;700;753
Listener:Sent_pong;753;904F
Dispatcher:904F;383573;29540;256;0;2;193;255;721;753
Listener:Sent_pong;752;CE13
Dispatcher:CE13;383619;23755;256;0;2;192;249;695;752
Listener:Sent_pong;753;C323
Dispatcher:C323;383654;27586;256;0;2;204;249;709;753
Listener:Sent_pong;753;E934
Dispatcher:E934;383685;32466;256;0;2;201;249;706;753
Listener:Sent_pong;753;9375
Dispatcher:9375;383718;26638;256;0;2;207;255;704;753
Listener:Sent_pong;754;A7E4
Dispatcher:A7E4;383813;24371;256;0;2;207;255;706;754
Listener:Sent_pong;753;A78F
Dispatcher:A78F;383823;28235;256;0;2;201;249;692;753
Listener:Sent_pong;753;8D93
Dispatcher:8D93;383853;27629;256;0;2;205;255;683;753
Listener:Sent_pong;753;67E2
Dispatcher:67E2;383900;27920;256;0;2;204;249;699;753
Listener:Sent_pong;754;F010
Dispatcher:F010;383931;30779;256;0;2;198;249;694;754
Listener:Sent_pong;754;2EDF
Dispatcher:2EDF;383974;26342;256;0;2;201;249;692;754
Listener:Sent_pong;754;0002
Dispatcher:0002;383998;28535;256;0;2;189;249;715;754
Listener:Sent_pong;754;FCED
Dispatcher:FCED;384029;29190;256;0;2;210;253;701;754
Listener:Sent_pong;754;904F
Dispatcher:904F;384080;33602;256;0;2;193;255;722;754
Listener:Sent_pong;753;CE13
Dispatcher:CE13;384127;26323;256;0;2;192;249;696;753
Listener:Sent_pong;754;C323
Dispatcher:C323;384163;29182;256;0;2;204;249;710;754
Listener:Sent_pong;754;E934
Dispatcher:E934;384204;37210;256;0;2;201;249;707;754
Listener:Sent_pong;754;9375
Dispatcher:9375;384225;23104;256;0;2;207;255;705;754
Listener:Sent_pong;755;A7E4
Dispatcher:A7E4;384322;29305;256;0;2;207;255;707;755
Listener:Sent_pong;754;A78F
Dispatcher:A78F;384330;26309;256;0;2;201;249;693;754
Listener:Sent_pong;754;8D93
Dispatcher:8D93;384361;26326;256;0;2;205;255;684;754
Listener:Sent_pong;754;67E2
Dispatcher:67E2;384408;27908;256;0;2;204;249;700;754
Listener:Sent_pong;755;F010
Dispatcher:F010;384439;25667;256;0;2;198;249;695;755
Listener:Sent_pong;755;2EDF
Dispatcher:2EDF;384483;25680;256;0;2;201;249;693;755
Listener:Sent_pong;755;0002
Dispatcher:0002;384510;30593;256;0;2;189;249;716;755
Listener:Sent_pong;755;FCED
Dispatcher:FCED;384538;29530;256;0;2;210;253;702;755
Listener:Sent_pong;755;904F
Dispatcher:904F;384588;42076;256;0;2;193;255;723;755
Listener:Sent_pong;754;CE13
Dispatcher:CE13;384635;25029;256;0;2;192;249;697;754
Listener:Sent_pong;755;C323
Dispatcher:C323;384672;28552;256;0;2;204;249;711;755
Listener:Sent_pong;755;E934
Dispatcher:E934;384719;38638;256;0;2;201;249;708;755
Listener:Sent_pong;755;9375
Dispatcher:9375;384741;34036;256;0;2;207;255;706;755
Listener:Sent_pong;756;A7E4
Dispatcher:A7E4;384830;26611;256;0;2;207;255;708;756
Listener:Sent_pong;755;A78F
Dispatcher:A78F;384838;25375;256;0;2;201;249;694;755
Listener:Sent_pong;755;8D93
Dispatcher:8D93;384869;26626;256;0;2;205;255;685;755
Listener:Sent_pong;755;67E2
Dispatcher:67E2;384915;27280;256;0;2;204;249;701;755
Listener:Sent_pong;756;F010
Dispatcher:F010;384947;28995;256;0;2;198;249;696;756
Listener:Sent_pong;756;0002
Dispatcher:0002;385018;32945;256;0;2;189;249;717;756
Listener:Sent_pong;756;FCED
Dispatcher:FCED;385047;26332;256;0;2;210;253;703;756
Listener:Sent_pong;756;904F
Dispatcher:904F;385096;32648;256;0;2;193;255;724;756
Listener:Sent_pong;755;CE13
Dispatcher:CE13;385142;25369;256;0;2;192;249;698;755
Listener:Sent_pong;756;C323
Dispatcher:C323;385180;25036;256;0;2;204;249;712;756
Listener:Sent_pong;756;E934
Dispatcher:E934;385226;27588;256;0;2;201;249;709;756
Listener:Sent_pong;756;9375
Dispatcher:9375;385248;26930;256;0;2;207;255;707;756
Listener:Sent_pong;757;A7E4
Dispatcher:A7E4;385337;26617;256;0;2;207;255;709;757
Listener:Sent_pong;756;A78F
Dispatcher:A78F;385346;25035;256;0;2;201;249;695;756
Listener:Sent_pong;756;8D93
Dispatcher:8D93;385377;26019;256;0;2;205;255;686;756
Listener:Sent_pong;756;67E2
Dispatcher:67E2;385423;27280;256;0;2;204;249;701;756
Listener:Sent_pong;757;F010
Dispatcher:F010;385478;72117;256;0;2;198;249;697;757
Listener:Sent_pong;757;2EDF
Dispatcher:2EDF;385515;26652;256;0;2;201;249;694;757
Listener:Sent_pong;757;0002
Dispatcher:0002;385538;44113;256;0;2;189;249;718;757
Listener:Sent_pong;757;FCED
Dispatcher:FCED;385565;37476;256;0;2;210;253;704;757
Listener:Sent_pong;757;904F
Dispatcher:904F;385603;28884;256;0;2;193;255;725;757
Listener:Sent_pong;756;CE13
Dispatcher:CE13;385651;28563;256;0;2;192;249;699;756
Listener:Sent_pong;757;C323
Dispatcher:C323;385689;28248;256;0;2;204;249;713;757
Listener:Sent_pong;757;E934
Dispatcher:E934;385734;47882;256;0;2;201;249;710;757
Listener:Sent_pong;757;9375
Dispatcher:9375;385774;42226;256;0;2;207;255;708;757
Listener:Sent_pong;758;A7E4
Dispatcher:A7E4;385846;29206;256;0;2;207;255;710;758
Listener:Sent_pong;757;A78F
Dispatcher:A78F;385852;27719;256;0;2;201;249;696;757
Listener:Sent_pong;757;8D93
Dispatcher:8D93;385884;26680;256;0;2;205;255;687;757
Listener:Sent_pong;757;67E2
Dispatcher:67E2;385931;28572;256;0;2;204;249;702;757
Listener:Sent_pong;758;F010
Dispatcher:F010;385987;29507;256;0;2;198;249;698;758
Listener:Sent_pong;758;2EDF
Dispatcher:2EDF;386022;27612;256;0;2;201;249;695;758
Listener:Sent_pong;758;0002
Dispatcher:0002;386046;29433;256;0;2;189;249;719;758
Listener:Sent_pong;758;FCED
Dispatcher:FCED;386073;28046;256;0;2;210;253;705;758
Listener:Sent_pong;758;904F
Dispatcher:904F;386112;26646;256;0;2;193;255;726;758
Listener:Sent_pong;757;CE13
Dispatcher:CE13;386159;25683;256;0;2;192;249;700;757
Listener:Sent_pong;758;C323
Dispatcher:C323;386196;29036;256;0;2;204;249;714;758
Listener:Sent_pong;758;E934
Dispatcher:E934;386243;28546;256;0;2;201;249;711;758
Listener:Sent_pong;758;9375
Dispatcher:9375;386281;25666;256;0;2;207;255;709;758
Listener:Sent_pong;759;A7E4
Dispatcher:A7E4;386354;25013;256;0;2;207;255;711;759
Listener:Sent_pong;758;A78F
Dispatcher:A78F;386360;29485;256;0;2;201;249;697;758
Listener:Sent_pong;758;8D93
Dispatcher:8D93;386395;26743;256;0;2;205;255;688;758
Listener:Sent_pong;758;67E2
Dispatcher:67E2;386439;25700;256;0;2;204;249;703;758
Listener:Sent_pong;759;F010
Dispatcher:F010;386495;27265;256;0;2;198;249;699;759
Listener:Sent_pong;759;2EDF
Dispatcher:2EDF;386530;26966;256;0;2;201;249;696;759
Listener:Sent_pong;759;904F
Dispatcher:904F;386621;25994;256;0;2;193;255;727;759
Listener:Sent_pong;759;C323
Dispatcher:C323;386703;26312;256;0;2;204;249;715;759
Listener:Sent_pong;759;E934
Dispatcher:E934;386751;28878;256;0;2;201;249;712;759
Listener:Sent_pong;759;9375
Dispatcher:9375;386789;25666;256;0;2;207;255;709;759
Listener:Sent_pong;760;A7E4
Dispatcher:A7E4;386898;62708;256;0;2;207;255;712;760
Listener:Sent_pong;759;A78F
Dispatcher:A78F;386894;56659;256;0;2;201;249;698;759
Listener:Sent_pong;759;8D93
Dispatcher:8D93;386923;46419;256;0;2;205;255;689;759
Listener:Sent_pong;759;67E2
Dispatcher:67E2;386946;23420;256;0;2;204;249;704;759
Listener:Sent_pong;760;F010
Dispatcher:F010;387003;75063;256;0;2;198;249;700;760
Listener:Sent_pong;760;2EDF
Dispatcher:2EDF;387081;26966;256;0;2;201;249;696;760
Listener:Sent_pong;760;FCED
Dispatcher:FCED;387125;27734;256;0;2;210;253;706;760
Listener:Sent_pong;760;904F
Dispatcher:904F;387162;67512;256;0;2;193;255;728;760
Listener:Sent_pong;760;C323
Dispatcher:C323;387211;28398;256;0;2;204;249;716;760
Listener:Sent_pong;760;E934
Dispatcher:E934;387260;27884;256;0;2;201;249;713;760
Listener:Sent_pong;760;9375
Dispatcher:9375;387296;25680;256;0;2;207;255;710;760
Listener:Sent_pong;761;A7E4
Dispatcher:A7E4;387407;28205;256;0;2;207;255;713;761
Listener:Sent_pong;760;A78F
Dispatcher:A78F;387401;24419;256;0;2;201;249;699;760
Listener:Sent_pong;760;8D93
Dispatcher:8D93;387432;24746;256;0;2;205;255;690;760
Listener:Sent_pong;760;67E2
Dispatcher:67E2;387453;25322;256;0;2;204;249;705;760
Listener:Sent_pong;761;F010
Dispatcher:F010;387510;23787;256;0;2;198;249;701;761
Listener:Sent_pong;761;2EDF
Dispatcher:2EDF;387589;54214;256;0;2;201;249;697;761
Listener:Sent_pong;761;FCED
Dispatcher:FCED;387647;52763;256;0;2;210;253;707;761
Listener:Sent_pong;760;CE13
Dispatcher:CE13;387707;27915;256;0;2;192;249;701;760
Listener:Sent_pong;761;E934
Dispatcher:E934;387770;25834;256;0;2;201;249;714;761
Listener:Sent_pong;761;9375
Dispatcher:9375;387804;26938;256;0;2;207;255;711;761
Listener:Sent_pong;762;A7E4
Dispatcher:A7E4;387915;28229;256;0;2;207;255;714;762
Listener:Sent_pong;761;A78F
Dispatcher:A78F;387909;28965;256;0;2;201;249;700;761
Listener:Sent_pong;761;8D93
Dispatcher:8D93;387940;26680;256;0;2;205;255;691;761
Listener:Sent_pong;761;67E2
Dispatcher:67E2;387961;25668;256;0;2;204;249;706;761
Listener:Sent_pong;762;F010
Dispatcher:F010;388017;28245;256;0;2;198;249;702;762
Listener:Sent_pong;762;0002
Dispatcher:0002;388091;29505;256;0;2;189;249;720;762
Listener:Sent_pong;762;2EDF
Dispatcher:2EDF;388098;37300;256;0;2;201;249;698;762
Listener:Sent_pong;762;FCED
Dispatcher:FCED;388155;26918;256;0;2;210;253;708;762
Listener:Sent_pong;761;CE13
Dispatcher:CE13;388215;49645;256;0;2;192;249;702;761
Listener:Sent_pong;762;904F
Dispatcher:904F;388228;66290;256;0;2;193;255;729;762
Listener:Sent_pong;762;C323
Dispatcher:C323;388270;48058;256;0;2;204;249;717;762
Listener:Sent_pong;762;E934
Dispatcher:E934;388299;64000;256;0;2;201;249;715;762
Listener:Sent_pong;762;9375
Dispatcher:9375;388337;51496;256;0;2;207;255;712;762
Listener:Sent_pong;763;A7E4
Dispatcher:A7E4;388423;27238;256;0;2;207;255;715;763
Listener:Sent_pong;762;A78F
Dispatcher:A78F;388417;27669;256;0;2;201;249;701;762
Listener:Sent_pong;762;8D93
Dispatcher:8D93;388449;28906;256;0;2;205;255;692;762
Listener:Sent_pong;762;67E2
Dispatcher:67E2;388483;39336;256;0;2;204;249;707;762
Listener:Sent_pong;763;F010
Dispatcher:F010;388526;26325;256;0;2;198;249;703;763
Listener:Sent_pong;763;0002
Dispatcher:0002;388599;44637;256;0;2;189;249;721;763
Listener:Sent_pong;763;2EDF
Dispatcher:2EDF;388612;54386;256;0;2;201;249;699;763
Listener:Sent_pong;763;FCED
Dispatcher:FCED;388664;29493;256;0;2;210;253;709;763
Listener:Sent_pong;762;CE13
Dispatcher:CE13;388730;42331;256;0;2;192;249;703;762
Listener:Sent_pong;763;904F
Dispatcher:904F;388765;66290;256;0;2;193;255;729;763
Listener:Sent_pong;763;C323
Dispatcher:C323;388800;48258;256;0;2;204;249;718;763
Listener:Sent_pong;763;E934
Dispatcher:E934;388831;52336;256;0;2;201;249;716;763
Listener:Sent_pong;763;9375
Dispatcher:9375;388851;31558;256;0;2;207;255;713;763
Listener:Sent_pong;764;A7E4
Dispatcher:A7E4;388930;27276;256;0;2;207;255;716;764
Listener:Sent_pong;763;A78F
Dispatcher:A78F;388923;24707;256;0;2;201;249;702;763
Listener:Sent_pong;763;8D93
Dispatcher:8D93;388958;29186;256;0;2;205;255;693;763
Listener:Sent_pong;763;67E2
Dispatcher:67E2;388990;29310;256;0;2;204;249;708;763
Listener:Sent_pong;764;F010
Dispatcher:F010;389033;27273;256;0;2;198;249;704;764
Listener:Sent_pong;764;0002
Dispatcher:0002;389108;32533;256;0;2;189;249;722;764
Listener:Sent_pong;764;2EDF
Dispatcher:2EDF;389139;44226;256;0;2;201;249;700;764
Listener:Sent_pong;764;FCED
Dispatcher:FCED;389172;27588;256;0;2;210;253;710;764
Listener:Sent_pong;763;CE13
Dispatcher:CE13;389238;25677;256;0;2;192;249;704;763
Listener:Sent_pong;764;904F
Dispatcher:904F;389273;26320;256;0;2;193;255;730;764
Listener:Sent_pong;764;C323
Dispatcher:C323;389308;24736;256;0;2;204;249;719;764
Listener:Sent_pong;764;E934
Dispatcher:E934;389339;25688;256;0;2;201;249;717;764
Listener:Sent_pong;764;9375
Dispatcher:9375;389357;24704;256;0;2;207;255;714;764
Listener:Sent_pong;765;A7E4
Dispatcher:A7E4;389438;32639;256;0;2;207;255;717;765
Listener:Sent_pong;764;A78F
Dispatcher:A78F;389435;29953;256;0;2;201;249;703;764
Listener:Sent_pong;764;8D93
Dispatcher:8D93;389467;28564;256;0;2;205;255;694;764
Listener:Sent_pong;764;67E2
Dispatcher:67E2;389498;27782;256;0;2;204;249;709;764
Listener:Sent_pong;765;F010
Dispatcher:F010;389541;28571;256;0;2;198;249;705;765
Listener:Sent_pong;765;0002
Dispatcher:0002;389616;30101;256;0;2;189;249;723;765
Listener:Sent_pong;765;2EDF
Dispatcher:2EDF;389647;25064;256;0;2;201;249;701;765
Listener:Sent_pong;765;FCED
Dispatcher:FCED;389680;25657;256;0;2;210;253;711;765
Listener:Sent_pong;764;CE13
Dispatcher:CE13;389747;28227;256;0;2;192;249;705;764
Listener:Sent_pong;765;904F
Dispatcher:904F;389780;32504;256;0;2;193;255;731;765
Listener:Sent_pong;765;C323
Dispatcher:C323;389816;26308;256;0;2;204;249;720;765
Listener:Sent_pong;765;E934
Dispatcher:E934;389845;22786;256;0;2;201;249;718;765
Listener:Sent_pong;765;9375
Dispatcher:9375;389865;28556;256;0;2;207;255;715;765
Listener:Sent_pong;766;A7E4
Dispatcher:A7E4;389946;28877;256;0;2;207;255;718;766
Listener:Sent_pong;765;A78F
Dispatcher:A78F;389955;38075;256;0;2;201;249;704;765
Listener:Sent_pong;765;8D93
Dispatcher:8D93;389977;29148;256;0;2;205;255;695;765
Listener:Sent_pong;765;67E2
Dispatcher:67E2;390007;28846;256;0;2;204;249;710;765
Listener:Sent_pong;766;F010
Dispatcher:F010;390049;26941;256;0;2;198;249;706;766
Listener:Sent_pong;766;0002
Dispatcher:0002;390124;25981;256;0;2;189;249;724;766
Listener:Sent_pong;766;2EDF
Dispatcher:2EDF;390157;31296;256;0;2;201;249;702;766
Listener:Sent_pong;766;FCED
Dispatcher:FCED;390188;28898;256;0;2;210;253;712;766
Listener:Sent_pong;765;CE13
Dispatcher:CE13;390254;22493;256;0;2;192;249;706;765
Listener:Sent_pong;766;904F
Dispatcher:904F;390289;25992;256;0;2;193;255;732;766
Listener:Sent_pong;766;C323
Dispatcher:C323;390324;26684;256;0;2;204;249;721;766
Listener:Sent_pong;766;E934
Dispatcher:E934;390360;36060;256;0;2;201;249;719;766
Listener:Sent_pong;766;9375
Dispatcher:9375;390382;36878;256;0;2;207;255;716;766
Listener:Sent_pong;767;A7E4
Dispatcher:A7E4;390455;25971;256;0;2;207;255;719;767
Listener:Sent_pong;766;A78F
Dispatcher:A78F;390462;25339;256;0;2;201;249;705;766
Listener:Sent_pong;766;67E2
Dispatcher:67E2;390515;28550;256;0;2;204;249;711;766
Listener:Sent_pong;767;F010
Dispatcher:F010;390558;33487;256;0;2;198;249;707;767
Listener:Sent_pong;767;0002
Dispatcher:0002;390631;24729;256;0;2;189;249;725;767
Listener:Sent_pong;767;2EDF
Dispatcher:2EDF;390675;34850;256;0;2;201;249;703;767
Listener:Sent_pong;767;FCED
Dispatcher:FCED;390696;25348;256;0;2;210;253;713;767
Listener:Sent_pong;766;CE13
Dispatcher:CE13;390761;27715;256;0;2;192;249;707;766
Listener:Sent_pong;767;904F
Dispatcher:904F;390797;25996;256;0;2;193;255;733;767
Listener:Sent_pong;767;C323
Dispatcher:C323;390833;26300;256;0;2;204;249;722;767
Listener:Sent_pong;767;E934
Dispatcher:E934;390868;32954;256;0;2;201;249;720;767
Listener:Sent_pong;767;9375
Dispatcher:9375;390893;29595;256;0;2;207;255;717;767
Listener:Sent_pong;768;A7E4
Dispatcher:A7E4;390973;41341;256;0;2;207;255;720;768
Listener:Sent_pong;767;A78F
Dispatcher:A78F;390970;25339;256;0;2;201;249;705;767
Listener:Sent_pong;767;8D93
Dispatcher:8D93;391013;25822;256;0;2;205;255;696;767
Listener:Sent_pong;768;F010
Dispatcher:F010;391067;33489;256;0;2;198;249;708;768
Listener:Sent_pong;768;0002
Dispatcher:0002;391138;27595;256;0;2;189;249;726;768
Listener:Sent_pong;768;2EDF
Dispatcher:2EDF;391182;54026;256;0;2;201;249;704;768
Listener:Sent_pong;768;FCED
Dispatcher:FCED;391230;53429;256;0;2;210;253;714;768
Listener:Sent_pong;767;CE13
Dispatcher:CE13;391270;28527;256;0;2;192;249;708;767
Listener:Sent_pong;768;904F
Dispatcher:904F;391304;23130;256;0;2;193;255;734;768
Listener:Sent_pong;768;C323
Dispatcher:C323;391340;23424;256;0;2;204;249;723;768
Listener:Sent_pong;768;E934
Dispatcher:E934;391377;27932;256;0;2;201;249;721;768
Listener:Sent_pong;768;9375
Dispatcher:9375;391402;28520;256;0;2;207;255;718;768
Listener:Sent_pong;769;A7E4
Dispatcher:A7E4;391480;24383;256;0;2;207;255;721;769
Listener:Sent_pong;768;A78F
Dispatcher:A78F;391478;25669;256;0;2;201;249;706;768
Listener:Sent_pong;768;8D93
Dispatcher:8D93;391520;56122;256;0;2;205;255;697;768
Listener:Sent_pong;768;67E2
Dispatcher:67E2;391552;26638;256;0;2;204;249;712;768
Listener:Sent_pong;769;0002
Dispatcher:0002;391646;26925;256;0;2;189;249;727;769
Listener:Sent_pong;769;2EDF
Dispatcher:2EDF;391691;28602;256;0;2;201;249;705;769
Listener:Sent_pong;769;FCED
Dispatcher:FCED;391738;26956;256;0;2;210;253;715;769
Listener:Sent_pong;768;CE13
Dispatcher:CE13;391779;28223;256;0;2;192;249;709;768
Listener:Sent_pong;769;904F
Dispatcher:904F;391812;30444;256;0;2;193;255;735;769
Listener:Sent_pong;769;C323
Dispatcher:C323;391848;26960;256;0;2;204;249;724;769
Listener:Sent_pong;769;E934
Dispatcher:E934;391884;26008;256;0;2;201;249;722;769
Listener:Sent_pong;769;9375
Dispatcher:9375;391910;30310;256;0;2;207;255;719;769
Listener:Sent_pong;770;A7E4
Dispatcher:A7E4;391987;25336;256;0;2;207;255;722;770
Listener:Sent_pong;769;A78F
Dispatcher:A78F;391987;28245;256;0;2;201;249;707;769
Listener:Sent_pong;769;8D93
Dispatcher:8D93;392028;28577;256;0;2;205;255;698;769
Listener:Sent_pong;769;67E2
Dispatcher:67E2;392061;52684;256;0;2;204;249;713;769
Listener:Sent_pong;770;F010
Dispatcher:F010;392109;51707;256;0;2;198;249;709;770
Listener:Sent_pong;770;0002
Dispatcher:0002;392155;27273;256;0;2;189;249;728;770
Listener:Sent_pong;770;2EDF
Dispatcher:2EDF;392199;26342;256;0;2;201;249;706;770
Listener:Sent_pong;770;FCED
Dispatcher:FCED;392247;26655;256;0;2;210;253;716;770
Listener:Sent_pong;769;CE13
Dispatcher:CE13;392287;25999;256;0;2;192;249;710;769
Listener:Sent_pong;770;904F
Dispatcher:904F;392319;25686;256;0;2;193;255;736;770
Listener:Sent_pong;770;C323
Dispatcher:C323;392357;28556;256;0;2;204;249;725;770
Listener:Sent_pong;770;E934
Dispatcher:E934;392392;25044;256;0;2;201;249;723;770
Listener:Sent_pong;770;9375
Dispatcher:9375;392417;24718;256;0;2;207;255;720;770
Listener:Sent_pong;771;A7E4
Dispatcher:A7E4;392495;28546;256;0;2;207;255;723;771
Listener:Sent_pong;770;A78F
Dispatcher:A78F;392494;26959;256;0;2;201;249;708;770
Listener:Sent_pong;770;8D93
Dispatcher:8D93;392535;27731;256;0;2;205;255;699;770
Listener:Sent_pong;770;67E2
Dispatcher:67E2;392568;25346;256;0;2;204;249;714;770
Listener:Sent_pong;771;F010
Dispatcher:F010;392617;26341;256;0;2;198;249;710;771
Listener:Sent_pong;771;0002
Dispatcher:0002;392662;27271;256;0;2;189;249;729;771
Listener:Sent_pong;771;2EDF
Dispatcher:2EDF;392707;28260;256;0;2;201;249;707;771
Listener:Sent_pong;771;FCED
Dispatcher:FCED;392759;32520;256;0;2;210;253;717;771
Listener:Sent_pong;770;CE13
Dispatcher:CE13;392795;28247;256;0;2;192;249;711;770
Listener:Sent_pong;771;904F
Dispatcher:904F;392826;26638;256;0;2;193;255;737;771
Listener:Sent_pong;771;C323
Dispatcher:C323;392865;27894;256;0;2;204;249;726;771
Listener:Sent_pong;771;E934
Dispatcher:E934;392898;22478;256;0;2;201;249;724;771
Listener:Sent_pong;771;9375
Dispatcher:9375;392924;24724;256;0;2;207;255;721;771
Listener:Sent_pong;772;A7E4
Dispatcher:A7E4;393002;27575;256;0;2;207;255;724;772
Listener:Sent_pong;771;A78F
Dispatcher:A78F;393003;27581;256;0;2;201;249;709;771
Listener:Sent_pong;771;8D93
Dispatcher:8D93;393044;29511;256;0;2;205;255;700;771
Listener:Sent_pong;771;67E2
Dispatcher:67E2;393076;26264;256;0;2;204;249;715;771
Listener:Sent_pong;772;F010
Dispatcher:F010;393126;26649;256;0;2;198;249;711;772
Listener:Sent_pong;772;0002
Dispatcher:0002;393169;24829;256;0;2;189;249;730;772
Listener:Sent_pong;772;2EDF
Dispatcher:2EDF;393214;28252;256;0;2;201;249;708;772
Listener:Sent_pong;772;FCED
Dispatcher:FCED;393266;29006;256;0;2;210;253;718;772
Listener:Sent_pong;771;CE13
Dispatcher:CE13;393304;27625;256;0;2;192;249;712;771
Listener:Sent_pong;772;904F
Dispatcher:904F;393335;27298;256;0;2;193;255;738;772
Listener:Sent_pong;772;C323
Dispatcher:C323;393374;29216;256;0;2;204;249;727;772
Listener:Sent_pong;772;E934
Dispatcher:E934;393406;26626;256;0;2;201;249;725;772
Listener:Sent_pong;772;9375
Dispatcher:9375;393432;26320;256;0;2;207;255;722;772
Listener:Sent_pong;773;A7E4
Dispatcher:A7E4;393511;31137;256;0;2;207;255;725;773
Listener:Sent_pong;772;A78F
Dispatcher:A78F;393510;25379;256;0;2;201;249;710;772
Listener:Sent_pong;772;8D93
Dispatcher:8D93;393553;30506;256;0;2;205;255;701;772
Listener:Sent_pong;772;67E2
Dispatcher:67E2;393584;27726;256;0;2;204;249;716;772
Listener:Sent_pong;773;F010
Dispatcher:F010;393633;25353;256;0;2;198;249;712;773
Listener:Sent_pong;773;0002
Dispatcher:0002;393676;24385;256;0;2;189;249;731;773
Listener:Sent_pong;773;2EDF
Dispatcher:2EDF;393723;26004;256;0;2;201;249;709;773
Listener:Sent_pong;773;FCED
Dispatcher:FCED;393773;25669;256;0;2;210;253;719;773
Listener:Sent_pong;772;CE13
Dispatcher:CE13;393811;25983;256;0;2;192;249;713;772
Listener:Sent_pong;773;904F
Dispatcher:904F;393843;28248;256;0;2;193;255;739;773
Listener:Sent_pong;773;C323
Dispatcher:C323;393882;41554;256;0;2;204;249;728;773
Listener:Sent_pong;773;E934
Dispatcher:E934;393927;51680;256;0;2;201;249;726;773
Listener:Sent_pong;773;9375
Dispatcher:9375;393958;44834;256;0;2;207;255;723;773
Listener:Sent_pong;774;A7E4
Dispatcher:A7E4;394020;23942;256;0;2;207;255;726;774
Listener:Sent_pong;773;A78F
Dispatcher:A78F;394017;23758;256;0;2;201;249;711;773
Listener:Sent_pong;773;8D93
Dispatcher:8D93;394061;25353;256;0;2;205;255;702;773
Listener:Sent_pong;773;67E2
Dispatcher:67E2;394092;25034;256;0;2;204;249;717;773
Listener:Sent_pong;774;F010
Dispatcher:F010;394142;26619;256;0;2;198;249;713;774
Listener:Sent_pong;774;0002
Dispatcher:0002;394185;26659;256;0;2;189;249;732;774
Listener:Sent_pong;774;2EDF
Dispatcher:2EDF;394231;26350;256;0;2;201;249;710;774
Listener:Sent_pong;774;FCED
Dispatcher:FCED;394280;25022;256;0;2;210;253;720;774
Listener:Sent_pong;773;CE13
Dispatcher:CE13;394318;32029;256;0;2;192;249;714;773
Listener:Sent_pong;774;904F
Dispatcher:904F;394356;31166;256;0;2;193;255;740;774
Listener:Sent_pong;774;C323
Dispatcher:C323;394391;26672;256;0;2;204;249;729;774
Listener:Sent_pong;774;E934
Dispatcher:E934;394434;25388;256;0;2;201;249;727;774
Listener:Sent_pong;774;9375
Dispatcher:9375;394466;27666;256;0;2;207;255;724;774
Listener:Sent_pong;775;A7E4
Dispatcher:A7E4;394527;23576;256;0;2;207;255;727;775
Listener:Sent_pong;774;A78F
Dispatcher:A78F;394525;29327;256;0;2;201;249;712;774
Listener:Sent_pong;774;8D93
Dispatcher:8D93;394568;25679;256;0;2;205;255;703;774
Listener:Sent_pong;774;67E2
Dispatcher:67E2;394600;26618;256;0;2;204;249;718;774
Listener:Sent_pong;775;F010
Dispatcher:F010;394649;27597;256;0;2;198;249;714;775
Listener:Sent_pong;775;0002
Dispatcher:0002;394693;25025;256;0;2;189;249;733;775
Listener:Sent_pong;775;2EDF
Dispatcher:2EDF;394745;33224;256;0;2;201;249;711;775
Listener:Sent_pong;775;FCED
Dispatcher:FCED;394787;25043;256;0;2;210;253;721;775
Listener:Sent_pong;774;CE13
Dispatcher:CE13;394827;27609;256;0;2;192;249;715;774
Listener:Sent_pong;775;904F
Dispatcher:904F;394864;28896;256;0;2;193;255;741;775
Listener:Sent_pong;775;C323
Dispatcher:C323;394898;25352;256;0;2;204;249;730;775
Listener:Sent_pong;775;E934
Dispatcher:E934;394941;25996;256;0;2;201;249;728;775
Listener:Sent_pong;775;9375
Dispatcher:9375;394974;26314;256;0;2;207;255;725;775
Listener:Sent_pong;776;A7E4
Dispatcher:A7E4;395036;29176;256;0;2;207;255;728;776
Listener:Sent_pong;775;A78F
Dispatcher:A78F;395033;27919;256;0;2;201;249;713;775
Listener:Sent_pong;775;8D93
Dispatcher:8D93;395077;29834;256;0;2;205;255;704;775
Listener:Sent_pong;775;67E2
Dispatcher:67E2;395107;25346;256;0;2;204;249;719;775
Listener:Sent_pong;776;F010
Dispatcher:F010;395165;34495;256;0;2;198;249;715;776
Listener:Sent_pong;776;0002
Dispatcher:0002;395201;28533;256;0;2;189;249;734;776
Listener:Sent_pong;776;2EDF
Dispatcher:2EDF;395254;29502;256;0;2;201;249;712;776
Listener:Sent_pong;776;FCED
Dispatcher:FCED;395296;28556;256;0;2;210;253;722;776
Listener:Sent_pong;775;CE13
Dispatcher:CE13;395334;26637;256;0;2;192;249;716;775
Listener:Sent_pong;776;904F
Dispatcher:904F;395373;30776;256;0;2;193;255;742;776
Listener:Sent_pong;776;C323
Dispatcher:C323;395407;27928;256;0;2;204;249;731;776
Listener:Sent_pong;776;E934
Dispatcher:E934;395449;26010;256;0;2;201;249;729;776
Listener:Sent_pong;776;9375
Dispatcher:9375;395482;28212;256;0;2;207;255;726;776
Listener:Sent_pong;777;A7E4
Dispatcher:A7E4;395546;31942;256;0;2;207;255;729;777
Listener:Sent_pong;776;A78F
Dispatcher:A78F;395542;27169;256;0;2;201;249;714;776
Listener:Sent_pong;776;8D93
Dispatcher:8D93;395585;25399;256;0;2;205;255;705;776
Listener:Sent_pong;776;67E2
Dispatcher:67E2;395615;25648;256;0;2;204;249;720;776
Listener:Sent_pong;777;F010
Dispatcher:F010;395674;56947;256;0;2;198;249;716;777
Listener:Sent_pong;777;0002
Dispatcher:0002;395730;47283;256;0;2;189;249;735;777
Listener:Sent_pong;777;2EDF
Dispatcher:2EDF;395762;26018;256;0;2;201;249;713;777
Listener:Sent_pong;777;FCED
Dispatcher:FCED;395802;26317;256;0;2;210;253;723;777
Listener:Sent_pong;776;CE13
Dispatcher:CE13;395843;27937;256;0;2;192;249;717;776
Listener:Sent_pong;777;904F
Dispatcher:904F;395881;32670;256;0;2;193;255;743;777
Listener:Sent_pong;777;C323
Dispatcher:C323;395915;24428;256;0;2;204;249;732;777
Listener:Sent_pong;777;E934
Dispatcher:E934;395956;25368;256;0;2;201;249;730;777
Listener:Sent_pong;777;9375
Dispatcher:9375;395993;30918;256;0;2;207;255;727;777
Listener:Sent_pong;778;A7E4
Dispatcher:A7E4;396056;27424;256;0;2;207;255;730;778
Listener:Sent_pong;777;A78F
Dispatcher:A78F;396049;25367;256;0;2;201;249;715;777
Listener:Sent_pong;777;8D93
Dispatcher:8D93;396092;25817;256;0;2;205;255;706;777
Listener:Sent_pong;777;67E2
Dispatcher:67E2;396122;24378;256;0;2;204;249;721;777
Listener:Sent_pong;778;F010
Dispatcher:F010;396182;23791;256;0;2;198;249;717;778
Listener:Sent_pong;778;0002
Dispatcher:0002;396238;28241;256;0;2;189;249;736;778
Listener:Sent_pong;778;2EDF
Dispatcher:2EDF;396269;24732;256;0;2;201;249;714;778
Listener:Sent_pong;778;FCED
Dispatcher:FCED;396309;27071;256;0;2;210;253;724;778
Listener:Sent_pong;777;CE13
Dispatcher:CE13;396351;26307;256;0;2;192;249;718;777
Listener:Sent_pong;778;904F
Dispatcher:904F;396390;28234;256;0;2;193;255;744;778
Listener:Sent_pong;778;C323
Dispatcher:C323;396423;27918;256;0;2;204;249;733;778
Listener:Sent_pong;778;E934
Dispatcher:E934;396464;24086;256;0;2;201;249;731;778
Listener:Sent_pong;778;9375
Dispatcher:9375;396501;25420;256;0;2;207;255;728;778
Listener:Sent_pong;779;A7E4
Dispatcher:A7E4;396564;26294;256;0;2;207;255;731;779
Listener:Sent_pong;778;A78F
Dispatcher:A78F;396558;29499;256;0;2;201;249;716;778
Listener:Sent_pong;778;8D93
Dispatcher:8D93;396601;24722;256;0;2;205;255;707;778
Listener:Sent_pong;778;67E2
Dispatcher:67E2;396629;26648;256;0;2;204;249;722;778
Listener:Sent_pong;779;F010
Dispatcher:F010;396689;27255;256;0;2;198;249;718;779
Listener:Sent_pong;779;0002
Dispatcher:0002;396747;27613;256;0;2;189;249;737;779
Listener:Sent_pong;779;2EDF
Dispatcher:2EDF;396776;26314;256;0;2;201;249;715;779
Listener:Sent_pong;779;FCED
Dispatcher:FCED;396817;27932;256;0;2;210;253;725;779
Listener:Sent_pong;778;CE13
Dispatcher:CE13;396858;27595;256;0;2;192;249;719;778
Listener:Sent_pong;779;904F
Dispatcher:904F;396897;27598;256;0;2;193;255;745;779
Listener:Sent_pong;779;C323
Dispatcher:C323;396932;30186;256;0;2;204;249;734;779
Listener:Sent_pong;779;E934
Dispatcher:E934;396971;30828;256;0;2;201;249;732;779
Listener:Sent_pong;779;9375
Dispatcher:9375;397008;25640;256;0;2;207;255;729;779
Listener:Sent_pong;780;A7E4
Dispatcher:A7E4;397076;30086;256;0;2;207;255;732;780
Listener:Sent_pong;779;A78F
Dispatcher:A78F;397067;27757;256;0;2;201;249;717;779
Listener:Sent_pong;779;8D93
Dispatcher:8D93;397109;27293;256;0;2;205;255;708;779
Listener:Sent_pong;779;67E2
Dispatcher:67E2;397138;32198;256;0;2;204;249;723;779
Listener:Sent_pong;780;F010
Dispatcher:F010;397197;26007;256;0;2;198;249;719;780
Listener:Sent_pong;780;0002
Dispatcher:0002;397255;25031;256;0;2;189;249;738;780
Listener:Sent_pong;780;2EDF
Dispatcher:2EDF;397285;28582;256;0;2;201;249;716;780
Listener:Sent_pong;780;FCED
Dispatcher:FCED;397326;31110;256;0;2;210;253;726;780
Listener:Sent_pong;779;CE13
Dispatcher:CE13;397366;30177;256;0;2;192;249;720;779
Listener:Sent_pong;780;904F
Dispatcher:904F;397405;26948;256;0;2;193;255;746;780
Listener:Sent_pong;780;C323
Dispatcher:C323;397441;28700;256;0;2;204;249;735;780
Listener:Sent_pong;780;E934
Dispatcher:E934;397480;26966;256;0;2;201;249;733;780
Listener:Sent_pong;780;9375
Dispatcher:9375;397517;26640;256;0;2;207;255;730;780
Listener:Sent_pong;781;A7E4
Dispatcher:A7E4;397584;25683;256;0;2;207;255;733;781
Listener:Sent_pong;780;A78F
Dispatcher:A78F;397574;27973;256;0;2;201;249;718;780
Listener:Sent_pong;780;8D93
Dispatcher:8D93;397617;29539;256;0;2;205;255;709;780
Listener:Sent_pong;780;67E2
Dispatcher:67E2;397647;32512;256;0;2;204;249;724;780
Listener:Sent_pong;781;F010
Dispatcher:F010;397705;26969;256;0;2;198;249;720;781
Listener:Sent_pong;781;0002
Dispatcher:0002;397764;33773;256;0;2;189;249;739;781
Listener:Sent_pong;781;2EDF
Dispatcher:2EDF;397804;35412;256;0;2;201;249;717;781
Listener:Sent_pong;781;FCED
Dispatcher:FCED;397834;28229;256;0;2;210;253;727;781
Listener:Sent_pong;780;CE13
Dispatcher:CE13;397881;32773;256;0;2;192;249;721;780
Listener:Sent_pong;781;904F
Dispatcher:904F;397913;28874;256;0;2;193;255;747;781
Listener:Sent_pong;781;C323
Dispatcher:C323;397948;25368;256;0;2;204;249;736;781
Listener:Sent_pong;781;E934
Dispatcher:E934;397987;26322;256;0;2;201;249;734;781
Listener:Sent_pong;781;9375
Dispatcher:9375;398025;29498;256;0;2;207;255;731;781
Listener:Sent_pong;782;A7E4
Dispatcher:A7E4;398092;25974;256;0;2;207;255;734;782
Listener:Sent_pong;781;A78F
Dispatcher:A78F;398089;34215;256;0;2;201;249;719;781
Listener:Sent_pong;781;8D93
Dispatcher:8D93;398126;27929;256;0;2;205;255;710;781
Listener:Sent_pong;781;67E2
Dispatcher:67E2;398155;29838;256;0;2;204;249;725;781
Listener:Sent_pong;782;F010
Dispatcher:F010;398213;27581;256;0;2;198;249;721;782
Listener:Sent_pong;782;0002
Dispatcher:0002;398272;26631;256;0;2;189;249;740;782
Listener:Sent_pong;782;2EDF
Dispatcher:2EDF;398312;28254;256;0;2;201;249;718;782
Listener:Sent_pong;782;FCED
Dispatcher:FCED;398341;24068;256;0;2;210;253;728;782
Listener:Sent_pong;781;CE13
Dispatcher:CE13;398389;25361;256;0;2;192;249;722;781
Listener:Sent_pong;782;904F
Dispatcher:904F;398420;27596;256;0;2;193;255;748;782
Listener:Sent_pong;782;C323
Dispatcher:C323;398455;25698;256;0;2;204;249;737;782
Listener:Sent_pong;782;E934
Dispatcher:E934;398495;31370;256;0;2;201;249;735;782
Listener:Sent_pong;782;9375
Dispatcher:9375;398532;25660;256;0;2;207;255;732;782
Listener:Sent_pong;783;A7E4
Dispatcher:A7E4;398600;28209;256;0;2;207;255;735;783
Listener:Sent_pong;782;A78F
Dispatcher:A78F;398598;34571;256;0;2;201;249;720;782
Listener:Sent_pong;782;8D93
Dispatcher:8D93;398635;28541;256;0;2;205;255;711;782
Listener:Sent_pong;782;67E2
Dispatcher:67E2;398663;27284;256;0;2;204;249;726;782
Listener:Sent_pong;783;F010
Dispatcher:F010;398722;27903;256;0;2;198;249;722;783
Listener:Sent_pong;783;0002
Dispatcher:0002;398780;25975;256;0;2;189;249;741;783
Listener:Sent_pong;783;2EDF
Dispatcher:2EDF;398820;26646;256;0;2;201;249;719;783
Listener:Sent_pong;783;FCED
Dispatcher:FCED;398849;23769;256;0;2;210;253;729;783
Listener:Sent_pong;782;CE13
Dispatcher:CE13;398896;25365;256;0;2;192;249;723;782
Listener:Sent_pong;783;904F
Dispatcher:904F;398928;24428;256;0;2;193;255;749;783
Listener:Sent_pong;783;C323
Dispatcher:C323;398962;23100;256;0;2;204;249;738;783
Listener:Sent_pong;783;E934
Dispatcher:E934;399003;26334;256;0;2;201;249;736;783
Listener:Sent_pong;783;9375
Dispatcher:9375;399039;23438;256;0;2;207;255;733;783
Listener:Sent_pong;784;A7E4
Dispatcher:A7E4;399108;24722;256;0;2;207;255;736;784
Listener:Sent_pong;783;A78F
Dispatcher:A78F;399106;25993;256;0;2;201;249;721;783
Listener:Sent_pong;783;8D93
Dispatcher:8D93;399143;26668;256;0;2;205;255;712;783
Listener:Sent_pong;783;67E2
Dispatcher:67E2;399171;24382;256;0;2;204;249;727;783
Listener:Sent_pong;784;F010
Dispatcher:F010;399229;27111;256;0;2;198;249;723;784
Listener:Sent_pong;784;0002
Dispatcher:0002;399287;30397;256;0;2;189;249;742;784
Listener:Sent_pong;784;2EDF
Dispatcher:2EDF;399329;26646;256;0;2;201;249;719;784
Listener:Sent_pong;784;FCED
Dispatcher:FCED;399402;71852;256;0;2;210;253;730;784
Listener:Sent_pong;783;CE13
Dispatcher:CE13;399432;53919;256;0;2;192;249;724;783
Listener:Sent_pong;784;904F
Dispatcher:904F;399462;52142;256;0;2;193;255;750;784
Listener:Sent_pong;784;E934
Dispatcher:E934;399518;40536;256;0;2;201;249;737;784
Listener:Sent_pong;784;9375
Dispatcher:9375;399550;33866;256;0;2;207;255;734;784
Listener:Sent_pong;785;A7E4
Dispatcher:A7E4;399616;23431;256;0;2;207;255;737;785
Listener:Sent_pong;784;A78F
Dispatcher:A78F;399614;25351;256;0;2;201;249;722;784
Listener:Sent_pong;784;8D93
Dispatcher:8D93;399652;32532;256;0;2;205;255;713;784
Listener:Sent_pong;784;67E2
Dispatcher:67E2;399680;27732;256;0;2;204;249;728;784
Listener:Sent_pong;785;F010
Dispatcher:F010;399736;25985;256;0;2;198;249;724;785
Listener:Sent_pong;785;0002
Dispatcher:0002;399796;25695;256;0;2;189;249;743;785
Listener:Sent_pong;785;2EDF
Dispatcher:2EDF;399836;27642;256;0;2;201;249;720;785
Listener:Sent_pong;785;FCED
Dispatcher:FCED;399910;27893;256;0;2;210;253;731;785
Listener:Sent_pong;784;CE13
Dispatcher:CE13;399955;45265;256;0;2;192;249;725;784
Listener:Sent_pong;785;904F
Dispatcher:904F;399982;52142;256;0;2;193;255;750;785
Listener:Sent_pong;785;C323
Dispatcher:C323;400024;43740;256;0;2;204;249;739;785
Listener:Sent_pong;785;E934
Dispatcher:E934;400042;42734;256;0;2;201;249;738;785
Listener:Sent_pong;785;9375
Dispatcher:9375;400067;35278;256;0;2;207;255;735;785
Listener:Sent_pong;786;A7E4
Dispatcher:A7E4;400141;45991;256;0;2;207;255;738;786
Listener:Sent_pong;785;A78F
Dispatcher:A78F;400136;40285;256;0;2;201;249;723;785
Listener:Sent_pong;785;8D93
Dispatcher:8D93;400160;27989;256;0;2;205;255;714;785
Listener:Sent_pong;785;67E2
Dispatcher:67E2;400189;29857;256;0;2;204;249;729;785
Listener:Sent_pong;786;F010
Dispatcher:F010;400245;26305;256;0;2;198;249;725;786
Listener:Sent_pong;786;0002
Dispatcher:0002;400304;25675;256;0;2;189;249;744;786
Listener:Sent_pong;786;2EDF
Dispatcher:2EDF;400343;23472;256;0;2;201;249;721;786
Listener:Sent_pong;786;FCED
Dispatcher:FCED;400418;28386;256;0;2;210;253;732;786
Listener:Sent_pong;785;CE13
Dispatcher:CE13;400463;31253;256;0;2;192;249;726;785
Listener:Sent_pong;786;904F
Dispatcher:904F;400506;41700;256;0;2;193;255;751;786
Listener:Sent_pong;786;C323
Dispatcher:C323;400533;31408;256;0;2;204;249;740;786
Listener:Sent_pong;786;E934
Dispatcher:E934;400569;44266;256;0;2;201;249;739;786
Listener:Sent_pong;786;9375
Dispatcher:9375;400590;43672;256;0;2;207;255;736;786
Listener:Sent_pong;786;8D93
Dispatcher:8D93;400669;26242;256;0;2;205;255;715;786
Listener:Sent_pong;786;67E2
Dispatcher:67E2;400698;27920;256;0;2;204;249;730;786
Listener:Sent_pong;787;F010
Dispatcher:F010;400752;28213;256;0;2;198;249;726;787
Listener:Sent_pong;787;0002
Dispatcher:0002;400813;27915;256;0;2;189;249;745;787
Listener:Sent_pong;787;2EDF
Dispatcher:2EDF;400849;24446;256;0;2;201;249;722;787
Listener:Sent_pong;787;FCED
Dispatcher:FCED;400926;27582;256;0;2;210;253;733;787
Listener:Sent_pong;786;CE13
Dispatcher:CE13;400970;26667;256;0;2;192;249;727;786
Listener:Sent_pong;787;904F
Dispatcher:904F;401013;25678;256;0;2;193;255;752;787
Listener:Sent_pong;787;C323
Dispatcher:C323;401041;29576;256;0;2;204;249;741;787
Listener:Sent_pong;787;E934
Dispatcher:E934;401077;26330;256;0;2;201;249;740;787
Listener:Sent_pong;788;A7E4
Dispatcher:A7E4;401194;31679;256;0;2;207;255;739;788
Listener:Sent_pong;787;8D93
Dispatcher:8D93;401181;39421;256;0;2;205;255;716;787
Listener:Sent_pong;787;67E2
Dispatcher:67E2;401211;33194;256;0;2;204;249;731;787
Listener:Sent_pong;788;F010
Dispatcher:F010;401259;25649;256;0;2;198;249;727;788
Listener:Sent_pong;788;0002
Dispatcher:0002;401326;31815;256;0;2;189;249;746;788
Listener:Sent_pong;788;2EDF
Dispatcher:2EDF;401356;26636;256;0;2;201;249;723;788
Listener:Sent_pong;788;FCED
Dispatcher:FCED;401433;27909;256;0;2;210;253;734;788
Listener:Sent_pong;787;CE13
Dispatcher:CE13;401478;26963;256;0;2;192;249;728;787
Listener:Sent_pong;788;904F
Dispatcher:904F;401521;32332;256;0;2;193;255;753;788
Listener:Sent_pong;788;C323
Dispatcher:C323;401549;30408;256;0;2;204;249;742;788
Listener:Sent_pong;788;E934
Dispatcher:E934;401586;40864;256;0;2;201;249;741;788
Listener:Sent_pong;788;9375
Dispatcher:9375;401608;43672;256;0;2;207;255;736;788
Listener:Sent_pong;789;A7E4
Dispatcher:A7E4;401701;25076;256;0;2;207;255;740;789
Listener:Sent_pong;788;A78F
Dispatcher:A78F;401697;27987;256;0;2;201;249;724;788
Listener:Sent_pong;788;67E2
Dispatcher:67E2;401722;35632;256;0;2;204;249;732;788
Listener:Sent_pong;789;F010
Dispatcher:F010;401767;27283;256;0;2;198;249;728;789
Listener:Sent_pong;789;0002
Dispatcher:0002;401833;24993;256;0;2;189;249;747;789
Listener:Sent_pong;789;2EDF
Dispatcher:2EDF;401864;26008;256;0;2;201;249;724;789
Listener:Sent_pong;789;FCED
Dispatcher:FCED;401941;28982;256;0;2;210;253;735;789
Listener:Sent_pong;788;CE13
Dispatcher:CE13;401986;26645;256;0;2;192;249;729;788
Listener:Sent_pong;789;904F
Dispatcher:904F;402030;29816;256;0;2;193;255;754;789
Listener:Sent_pong;789;C323
Dispatcher:C323;402059;27244;256;0;2;204;249;743;789
Listener:Sent_pong;789;E934
Dispatcher:E934;402095;26638;256;0;2;201;249;742;789
Listener:Sent_pong;789;9375
Dispatcher:9375;402116;27914;256;0;2;207;255;737;789
Listener:Sent_pong;790;A7E4
Dispatcher:A7E4;402209;27282;256;0;2;207;255;741;790
Listener:Sent_pong;789;8D93
Dispatcher:8D93;402200;39421;256;0;2;205;255;716;789
Listener:Sent_pong;789;A78F
Dispatcher:A78F;402212;39919;256;0;2;201;249;725;789
Listener:Sent_pong;789;67E2
Dispatcher:67E2;402242;56832;256;0;2;204;249;733;789
Listener:Sent_pong;790;F010
Dispatcher:F010;402288;40527;256;0;2;198;249;729;790
Listener:Sent_pong;790;0002
Dispatcher:0002;402340;26761;256;0;2;189;249;748;790
Listener:Sent_pong;790;2EDF
Dispatcher:2EDF;402372;26672;256;0;2;201;249;725;790
Listener:Sent_pong;790;FCED
Dispatcher:FCED;402449;32512;256;0;2;210;253;736;790
Listener:Sent_pong;789;CE13
Dispatcher:CE13;402495;27945;256;0;2;192;249;730;789
Listener:Sent_pong;790;904F
Dispatcher:904F;402538;23774;256;0;2;193;255;755;790
Listener:Sent_pong;790;C323
Dispatcher:C323;402566;27114;256;0;2;204;249;744;790
Listener:Sent_pong;790;E934
Dispatcher:E934;402601;24068;256;0;2;201;249;743;790
Listener:Sent_pong;790;9375
Dispatcher:9375;402623;23480;256;0;2;207;255;738;790
Listener:Sent_pong;791;A7E4
Dispatcher:A7E4;402716;28246;256;0;2;207;255;742;791
Listener:Sent_pong;790;8D93
Dispatcher:8D93;402709;27414;256;0;2;205;255;717;790
Listener:Sent_pong;790;A78F
Dispatcher:A78F;402734;39079;256;0;2;201;249;726;790
Listener:Sent_pong;790;67E2
Dispatcher:67E2;402752;31418;256;0;2;204;249;734;790
Listener:Sent_pong;791;F010
Dispatcher:F010;402796;28215;256;0;2;198;249;730;791
Listener:Sent_pong;791;0002
Dispatcher:0002;402847;26653;256;0;2;189;249;749;791
Listener:Sent_pong;791;2EDF
Dispatcher:2EDF;402878;30026;256;0;2;201;249;726;791
Listener:Sent_pong;791;FCED
Dispatcher:FCED;402956;25332;256;0;2;210;253;737;791
Listener:Sent_pong;790;CE13
Dispatcher:CE13;403004;26957;256;0;2;192;249;731;790
Listener:Sent_pong;791;904F
Dispatcher:904F;403045;27284;256;0;2;193;255;756;791
Listener:Sent_pong;791;C323
Dispatcher:C323;403073;30620;256;0;2;204;249;745;791
Listener:Sent_pong;791;E934
Dispatcher:E934;403108;25682;256;0;2;201;249;744;791
Listener:Sent_pong;791;9375
Dispatcher:9375;403130;25354;256;0;2;207;255;739;791
Listener:Sent_pong;792;A7E4
Dispatcher:A7E4;403224;26318;256;0;2;207;255;743;792
Listener:Sent_pong;791;8D93
Dispatcher:8D93;403218;27703;256;0;2;205;255;718;791
Listener:Sent_pong;791;A78F
Dispatcher:A78F;403243;27695;256;0;2;201;249;727;791
Listener:Sent_pong;791;67E2
Dispatcher:67E2;403266;34748;256;0;2;204;249;735;791
Listener:Sent_pong;792;F010
Dispatcher:F010;403311;31787;256;0;2;198;249;731;792
Listener:Sent_pong;792;0002
Dispatcher:0002;403356;28225;256;0;2;189;249;750;792
Listener:Sent_pong;792;2EDF
Dispatcher:2EDF;403385;23794;256;0;2;201;249;727;792
Listener:Sent_pong;792;FCED
Dispatcher:FCED;403465;27566;256;0;2;210;253;738;792
Listener:Sent_pong;791;CE13
Dispatcher:CE13;403520;37899;256;0;2;192;249;732;791
Listener:Sent_pong;792;904F
Dispatcher:904F;403552;25670;256;0;2;193;255;757;792
Listener:Sent_pong;792;C323
Dispatcher:C323;403582;30814;256;0;2;204;249;746;792
Listener:Sent_pong;792;E934
Dispatcher:E934;403615;31093;256;0;2;201;249;745;792
Listener:Sent_pong;792;9375
Dispatcher:9375;403639;28244;256;0;2;207;255;740;792
Listener:Sent_pong;793;A7E4
Dispatcher:A7E4;403731;24709;256;0;2;207;255;744;793
Listener:Sent_pong;792;8D93
Dispatcher:8D93;403725;24753;256;0;2;205;255;719;792
Listener:Sent_pong;792;A78F
Dispatcher:A78F;403756;31891;256;0;2;201;249;728;792
Listener:Sent_pong;792;67E2
Dispatcher:67E2;403779;32842;256;0;2;204;249;736;792
Listener:Sent_pong;793;F010
Dispatcher:F010;403818;27713;256;0;2;198;249;732;793
Listener:Sent_pong;793;0002
Dispatcher:0002;403863;22181;256;0;2;189;249;751;793
Listener:Sent_pong;793;2EDF
Dispatcher:2EDF;403892;25682;256;0;2;201;249;728;793
Listener:Sent_pong;793;FCED
Dispatcher:FCED;403973;27920;256;0;2;210;253;739;793
Listener:Sent_pong;792;CE13
Dispatcher:CE13;404029;28047;256;0;2;192;249;733;792
Listener:Sent_pong;793;904F
Dispatcher:904F;404060;26634;256;0;2;193;255;758;793
Listener:Sent_pong;793;C323
Dispatcher:C323;404091;26016;256;0;2;204;249;747;793
Listener:Sent_pong;793;E934
Dispatcher:E934;404123;36628;256;0;2;201;249;746;793
Listener:Sent_pong;793;9375
Dispatcher:9375;404152;33132;256;0;2;207;255;741;793
Listener:Sent_pong;794;A7E4
Dispatcher:A7E4;404239;26943;256;0;2;207;255;745;794
Listener:Sent_pong;793;8D93
Dispatcher:8D93;404233;29840;256;0;2;205;255;720;793
Listener:Sent_pong;793;A78F
Dispatcher:A78F;404263;26659;256;0;2;201;249;729;793
Listener:Sent_pong;793;67E2
Dispatcher:67E2;404287;25334;256;0;2;204;249;737;793
Listener:Sent_pong;794;F010
Dispatcher:F010;404326;26661;256;0;2;198;249;733;794
Listener:Sent_pong;794;0002
Dispatcher:0002;404370;25355;256;0;2;189;249;752;794
Listener:Sent_pong;794;2EDF
Dispatcher:2EDF;404400;26654;256;0;2;201;249;729;794
Listener:Sent_pong;794;FCED
Dispatcher:FCED;404482;29510;256;0;2;210;253;740;794
Listener:Sent_pong;793;CE13
Dispatcher:CE13;404537;25049;256;0;2;192;249;734;793
Listener:Sent_pong;794;904F
Dispatcher:904F;404567;25358;256;0;2;193;255;759;794
Listener:Sent_pong;794;C323
Dispatcher:C323;404599;25994;256;0;2;204;249;748;794
Listener:Sent_pong;794;E934
Dispatcher:E934;404631;26632;256;0;2;201;249;747;794
Listener:Sent_pong;794;9375
Dispatcher:9375;404663;30928;256;0;2;207;255;742;794
Listener:Sent_pong;795;A7E4
Dispatcher:A7E4;404746;29482;256;0;2;207;255;746;795
Listener:Sent_pong;794;8D93
Dispatcher:8D93;404741;28043;256;0;2;205;255;721;794
Listener:Sent_pong;794;A78F
Dispatcher:A78F;404772;27925;256;0;2;201;249;730;794
Listener:Sent_pong;794;67E2
Dispatcher:67E2;404796;29480;256;0;2;204;249;738;794
Listener:Sent_pong;795;F010
Dispatcher:F010;404834;25351;256;0;2;198;249;734;795
Listener:Sent_pong;795;0002
Dispatcher:0002;404878;31777;256;0;2;189;249;753;795
Listener:Sent_pong;795;2EDF
Dispatcher:2EDF;404910;26634;256;0;2;201;249;730;795
Listener:Sent_pong;795;FCED
Dispatcher:FCED;404991;28873;256;0;2;210;253;741;795
Listener:Sent_pong;794;CE13
Dispatcher:CE13;405044;25359;256;0;2;192;249;735;794
Listener:Sent_pong;795;904F
Dispatcher:904F;405076;31572;256;0;2;193;255;760;795
Listener:Sent_pong;795;C323
Dispatcher:C323;405107;26628;256;0;2;204;249;749;795
Listener:Sent_pong;795;E934
Dispatcher:E934;405137;25042;256;0;2;201;249;748;795
Listener:Sent_pong;795;9375
Dispatcher:9375;405170;27580;256;0;2;207;255;743;795
Listener:Sent_pong;796;A7E4
Dispatcher:A7E4;405255;29809;256;0;2;207;255;747;796
Listener:Sent_pong;795;8D93
Dispatcher:8D93;405249;27671;256;0;2;205;255;722;795
Listener:Sent_pong;795;A78F
Dispatcher:A78F;405279;28775;256;0;2;201;249;731;795
Listener:Sent_pong;795;67E2
Dispatcher:67E2;405304;25736;256;0;2;204;249;739;795
Listener:Sent_pong;796;F010
Dispatcher:F010;405343;29515;256;0;2;198;249;735;796
Listener:Sent_pong;796;0002
Dispatcher:0002;405387;34873;256;0;2;189;249;754;796
Listener:Sent_pong;796;FCED
Dispatcher:FCED;405501;29961;256;0;2;210;253;742;796
Listener:Sent_pong;795;CE13
Dispatcher:CE13;405550;22495;256;0;2;192;249;736;795
Listener:Sent_pong;796;904F
Dispatcher:904F;405584;33178;256;0;2;193;255;761;796
Listener:Sent_pong;796;C323
Dispatcher:C323;405615;29226;256;0;2;204;249;750;796
Listener:Sent_pong;796;E934
Dispatcher:E934;405646;28488;256;0;2;201;249;749;796
Listener:Sent_pong;796;9375
Dispatcher:9375;405677;26946;256;0;2;207;255;744;796
Listener:Sent_pong;797;A7E4
Dispatcher:A7E4;405764;28243;256;0;2;207;255;748;797
Listener:Sent_pong;796;8D93
Dispatcher:8D93;405757;26383;256;0;2;205;255;723;796
Listener:Sent_pong;796;A78F
Dispatcher:A78F;405787;26623;256;0;2;201;249;732;796
Listener:Sent_pong;796;67E2
Dispatcher:67E2;405812;27552;256;0;2;204;249;740;796
Listener:Sent_pong;797;F010
Dispatcher:F010;405852;30141;256;0;2;198;249;736;797
Listener:Sent_pong;797;0002
Dispatcher:0002;405896;28569;256;0;2;189;249;755;797
Listener:Sent_pong;797;2EDF
Dispatcher:2EDF;405946;29892;256;0;2;201;249;731;797
Listener:Sent_pong;797;FCED
Dispatcher:FCED;406008;29014;256;0;2;210;253;743;797
Listener:Sent_pong;796;CE13
Dispatcher:CE13;406058;25397;256;0;2;192;249;737;796
Listener:Sent_pong;797;904F
Dispatcher:904F;406092;26334;256;0;2;193;255;762;797
Listener:Sent_pong;797;C323
Dispatcher:C323;406126;30020;256;0;2;204;249;751;797
Listener:Sent_pong;797;E934
Dispatcher:E934;406155;31034;256;0;2;201;249;750;797
Listener:Sent_pong;797;9375
Dispatcher:9375;406186;28524;256;0;2;207;255;745;797
Listener:Sent_pong;798;A7E4
Dispatcher:A7E4;406271;23121;256;0;2;207;255;749;798
Listener:Sent_pong;797;8D93
Dispatcher:8D93;406265;25997;256;0;2;205;255;724;797
Listener:Sent_pong;797;A78F
Dispatcher:A78F;406295;29555;256;0;2;201;249;733;797
Listener:Sent_pong;797;67E2
Dispatcher:67E2;406319;29300;256;0;2;204;249;741;797
Listener:Sent_pong;798;F010
Dispatcher:F010;406360;29805;256;0;2;198;249;737;798
Listener:Sent_pong;798;0002
Dispatcher:0002;406403;24389;256;0;2;189;249;756;798
Listener:Sent_pong;798;2EDF
Dispatcher:2EDF;406455;28904;256;0;2;201;249;732;798
Listener:Sent_pong;798;FCED
Dispatcher:FCED;406515;27265;256;0;2;210;253;744;798
Listener:Sent_pong;797;CE13
Dispatcher:CE13;406566;28227;256;0;2;192;249;738;797
Listener:Sent_pong;798;904F
Dispatcher:904F;406601;29192;256;0;2;193;255;763;798
Listener:Sent_pong;798;C323
Dispatcher:C323;406634;39802;256;0;2;204;249;752;798
Listener:Sent_pong;798;E934
Dispatcher:E934;406679;42622;256;0;2;201;249;751;798
Listener:Sent_pong;798;9375
Dispatcher:9375;406699;31214;256;0;2;207;255;746;798
Listener:Sent_pong;799;A7E4
Dispatcher:A7E4;406779;28791;256;0;2;207;255;750;799
Listener:Sent_pong;798;8D93
Dispatcher:8D93;406774;25727;256;0;2;205;255;725;798
Listener:Sent_pong;798;A78F
Dispatcher:A78F;406804;27581;256;0;2;201;249;734;798
Listener:Sent_pong;798;67E2
Dispatcher:67E2;406826;25040;256;0;2;204;249;742;798
Listener:Sent_pong;799;0002
Dispatcher:0002;406911;23763;256;0;2;189;249;757;799
Listener:Sent_pong;799;2EDF
Dispatcher:2EDF;406969;31020;256;0;2;201;249;733;799
Listener:Sent_pong;799;FCED
Dispatcher:FCED;407022;25364;256;0;2;210;253;745;799
Listener:Sent_pong;798;CE13
Dispatcher:CE13;407073;26949;256;0;2;192;249;739;798
Listener:Sent_pong;799;904F
Dispatcher:904F;407110;27930;256;0;2;193;255;764;799
Listener:Sent_pong;799;C323
Dispatcher:C323;407141;23792;256;0;2;204;249;753;799
Listener:Sent_pong;799;E934
Dispatcher:E934;407186;24056;256;0;2;201;249;752;799
Listener:Sent_pong;799;9375
Dispatcher:9375;407206;26950;256;0;2;207;255;747;799
Listener:Sent_pong;800;A7E4
Dispatcher:A7E4;407287;26327;256;0;2;207;255;751;800
Listener:Sent_pong;799;8D93
Dispatcher:8D93;407296;40734;256;0;2;205;255;726;799
Listener:Sent_pong;799;A78F
Dispatcher:A78F;407328;64915;256;0;2;201;249;735;799
Listener:Sent_pong;800;F010
Dispatcher:F010;407382;27593;256;0;2;198;249;738;800
Listener:Sent_pong;800;0002
Dispatcher:0002;407419;25349;256;0;2;189;249;758;800
Listener:Sent_pong;800;2EDF
Dispatcher:2EDF;407477;31020;256;0;2;201;249;733;800
Listener:Sent_pong;800;FCED
Dispatcher:FCED;407533;29215;256;0;2;210;253;746;800
Listener:Sent_pong;799;CE13
Dispatcher:CE13;407580;24575;256;0;2;192;249;740;799
Listener:Sent_pong;800;904F
Dispatcher:904F;407617;27598;256;0;2;193;255;765;800
Listener:Sent_pong;800;C323
Dispatcher:C323;407649;29524;256;0;2;204;249;754;800
Listener:Sent_pong;800;E934
Dispatcher:E934;407699;32768;256;0;2;201;249;753;800
Listener:Sent_pong;800;9375
Dispatcher:9375;407720;31884;256;0;2;207;255;748;800
Listener:Sent_pong;801;A7E4
Dispatcher:A7E4;407794;26607;256;0;2;207;255;752;801
Listener:Sent_pong;800;8D93
Dispatcher:8D93;407805;28878;256;0;2;205;255;727;800
Listener:Sent_pong;800;A78F
Dispatcher:A78F;407836;26025;256;0;2;201;249;736;800
Listener:Sent_pong;800;67E2
Dispatcher:67E2;407880;82134;256;0;2;204;249;743;800
Listener:Sent_pong;801;F010
Dispatcher:F010;407891;53209;256;0;2;198;249;739;801
Listener:Sent_pong;801;0002
Dispatcher:0002;407942;43751;256;0;2;189;249;759;801
Listener:Sent_pong;801;2EDF
Dispatcher:2EDF;407984;25402;256;0;2;201;249;734;801
Listener:Sent_pong;801;FCED
Dispatcher:FCED;408041;26976;256;0;2;210;253;747;801
Listener:Sent_pong;800;CE13
Dispatcher:CE13;408086;25341;256;0;2;192;249;741;800
Listener:Sent_pong;801;904F
Dispatcher:904F;408125;27602;256;0;2;193;255;766;801
Listener:Sent_pong;801;C323
Dispatcher:C323;408157;26970;256;0;2;204;249;755;801
Listener:Sent_pong;801;E934
Dispatcher:E934;408207;25686;256;0;2;201;249;754;801
Listener:Sent_pong;801;9375
Dispatcher:9375;408229;27592;256;0;2;207;255;749;801
Listener:Sent_pong;802;A7E4
Dispatcher:A7E4;408303;29195;256;0;2;207;255;753;802
Listener:Sent_pong;801;8D93
Dispatcher:8D93;408312;31584;256;0;2;205;255;728;801
Listener:Sent_pong;801;A78F
Dispatcher:A78F;408344;27273;256;0;2;201;249;737;801
Listener:Sent_pong;801;67E2
Dispatcher:67E2;408386;82134;256;0;2;204;249;743;801
Listener:Sent_pong;802;F010
Dispatcher:F010;408415;50585;256;0;2;198;249;740;802
Listener:Sent_pong;802;0002
Dispatcher:0002;408450;28249;256;0;2;189;249;760;802
Listener:Sent_pong;802;2EDF
Dispatcher:2EDF;408491;23478;256;0;2;201;249;735;802
Listener:Sent_pong;802;FCED
Dispatcher:FCED;408547;25686;256;0;2;210;253;748;802
Listener:Sent_pong;801;CE13
Dispatcher:CE13;408594;27909;256;0;2;192;249;742;801
Listener:Sent_pong;802;904F
Dispatcher:904F;408638;31194;256;0;2;193;255;767;802
Listener:Sent_pong;802;C323
Dispatcher:C323;408664;26324;256;0;2;204;249;756;802
Listener:Sent_pong;802;E934
Dispatcher:E934;408714;25988;256;0;2;201;249;755;802
Listener:Sent_pong;802;9375
Dispatcher:9375;408736;35562;256;0;2;207;255;750;802
Listener:Sent_pong;803;A7E4
Dispatcher:A7E4;408822;37454;256;0;2;207;255;754;803
Listener:Sent_pong;802;8D93
Dispatcher:8D93;408821;31952;256;0;2;205;255;729;802
Listener:Sent_pong;802;A78F
Dispatcher:A78F;408850;25411;256;0;2;201;249;738;802
Listener:Sent_pong;802;67E2
Dispatcher:67E2;408894;25030;256;0;2;204;249;744;802
Listener:Sent_pong;803;F010
Dispatcher:F010;408923;26969;256;0;2;198;249;741;803
Listener:Sent_pong;803;0002
Dispatcher:0002;408958;28539;256;0;2;189;249;761;803
Listener:Sent_pong;803;2EDF
Dispatcher:2EDF;408999;26006;256;0;2;201;249;736;803
Listener:Sent_pong;803;FCED
Dispatcher:FCED;409055;29521;256;0;2;210;253;749;803
Listener:Sent_pong;802;CE13
Dispatcher:CE13;409102;34233;256;0;2;192;249;743;802
Listener:Sent_pong;803;904F
Dispatcher:904F;409146;25996;256;0;2;193;255;768;803
Listener:Sent_pong;803;C323
Dispatcher:C323;409173;28562;256;0;2;204;249;757;803
Listener:Sent_pong;803;E934
Dispatcher:E934;409223;28536;256;0;2;201;249;756;803
Listener:Sent_pong;803;9375
Dispatcher:9375;409243;28366;256;0;2;207;255;751;803
Listener:Sent_pong;804;A7E4
Dispatcher:A7E4;409330;28541;256;0;2;207;255;755;804
Listener:Sent_pong;803;8D93
Dispatcher:8D93;409330;27935;256;0;2;205;255;730;803
Listener:Sent_pong;803;A78F
Dispatcher:A78F;409357;27793;256;0;2;201;249;739;803
Listener:Sent_pong;803;67E2
Dispatcher:67E2;409400;23748;256;0;2;204;249;745;803
Listener:Sent_pong;804;F010
Dispatcher:F010;409430;29199;256;0;2;198;249;742;804
Listener:Sent_pong;804;0002
Dispatcher:0002;409472;34381;256;0;2;189;249;762;804
Listener:Sent_pong;804;2EDF
Dispatcher:2EDF;409505;25696;256;0;2;201;249;737;804
Listener:Sent_pong;804;FCED
Dispatcher:FCED;409563;24096;256;0;2;210;253;750;804
Listener:Sent_pong;803;CE13
Dispatcher:CE13;409609;26961;256;0;2;192;249;744;803
Listener:Sent_pong;804;904F
Dispatcher:904F;409654;25710;256;0;2;193;255;769;804
Listener:Sent_pong;804;C323
Dispatcher:C323;409681;27290;256;0;2;204;249;758;804
Listener:Sent_pong;804;E934
Dispatcher:E934;409732;28868;256;0;2;201;249;757;804
Listener:Sent_pong;804;9375
Dispatcher:9375;409752;27014;256;0;2;207;255;752;804
Listener:Sent_pong;805;A7E4
Dispatcher:A7E4;409837;29188;256;0;2;207;255;756;805
Listener:Sent_pong;804;8D93
Dispatcher:8D93;409839;26657;256;0;2;205;255;731;804
Listener:Sent_pong;804;A78F
Dispatcher:A78F;409865;24737;256;0;2;201;249;740;804
Listener:Sent_pong;804;67E2
Dispatcher:67E2;409908;27576;256;0;2;204;249;746;804
Listener:Sent_pong;805;F010
Dispatcher:F010;409939;27017;256;0;2;198;249;743;805
Listener:Sent_pong;805;0002
Dispatcher:0002;409981;31557;256;0;2;189;249;763;805
Listener:Sent_pong;805;2EDF
Dispatcher:2EDF;410019;31396;256;0;2;201;249;738;805
Listener:Sent_pong;805;FCED
Dispatcher:FCED;410070;25337;256;0;2;210;253;751;805
Listener:Sent_pong;804;CE13
Dispatcher:CE13;410116;22481;256;0;2;192;249;745;804
Listener:Sent_pong;805;904F
Dispatcher:904F;410161;31818;256;0;2;193;255;770;805
Listener:Sent_pong;805;C323
Dispatcher:C323;410190;32852;256;0;2;204;249;759;805
Listener:Sent_pong;805;E934
Dispatcher:E934;410240;27628;256;0;2;201;249;758;805
Listener:Sent_pong;805;9375
Dispatcher:9375;410258;22490;256;0;2;207;255;753;805
Listener:Sent_pong;806;A7E4
Dispatcher:A7E4;410346;25668;256;0;2;207;255;757;806
Listener:Sent_pong;805;8D93
Dispatcher:8D93;410346;27614;256;0;2;205;255;732;805
Listener:Sent_pong;805;A78F
Dispatcher:A78F;410372;28243;256;0;2;201;249;741;805
Listener:Sent_pong;805;67E2
Dispatcher:67E2;410416;27572;256;0;2;204;249;747;805
Listener:Sent_pong;806;F010
Dispatcher:F010;410447;25099;256;0;2;198;249;744;806
Listener:Sent_pong;806;0002
Dispatcher:0002;410489;27605;256;0;2;189;249;764;806
Listener:Sent_pong;806;2EDF
Dispatcher:2EDF;410526;25692;256;0;2;201;249;739;806
Listener:Sent_pong;806;FCED
Dispatcher:FCED;410579;26319;256;0;2;210;253;752;806
Listener:Sent_pong;805;CE13
Dispatcher:CE13;410623;25659;256;0;2;192;249;746;805
Listener:Sent_pong;806;904F
Dispatcher:904F;410670;29520;256;0;2;193;255;771;806
Listener:Sent_pong;806;C323
Dispatcher:C323;410699;33822;256;0;2;204;249;760;806
Listener:Sent_pong;806;E934
Dispatcher:E934;410748;26642;256;0;2;201;249;759;806
Listener:Sent_pong;806;9375
Dispatcher:9375;410766;27594;256;0;2;207;255;754;806
Listener:Sent_pong;807;A7E4
Dispatcher:A7E4;410854;30908;256;0;2;207;255;758;807
Listener:Sent_pong;806;8D93
Dispatcher:8D93;410854;25708;256;0;2;205;255;733;806
Listener:Sent_pong;806;A78F
Dispatcher:A78F;410879;23147;256;0;2;201;249;742;806
Listener:Sent_pong;806;67E2
Dispatcher:67E2;410923;26132;256;0;2;204;249;748;806
Listener:Sent_pong;807;F010
Dispatcher:F010;410954;24065;256;0;2;198;249;745;807
Listener:Sent_pong;807;0002
Dispatcher:0002;410998;27893;256;0;2;189;249;765;807
Listener:Sent_pong;807;2EDF
Dispatcher:2EDF;411043;36734;256;0;2;201;249;740;807
Listener:Sent_pong;807;FCED
Dispatcher:FCED;411086;25698;256;0;2;210;253;753;807
Listener:Sent_pong;806;CE13
Dispatcher:CE13;411130;26457;256;0;2;192;249;747;806
Listener:Sent_pong;807;904F
Dispatcher:904F;411178;26348;256;0;2;193;255;772;807
Listener:Sent_pong;807;C323
Dispatcher:C323;411207;28582;256;0;2;204;249;761;807
Listener:Sent_pong;807;E934
Dispatcher:E934;411255;26314;256;0;2;201;249;760;807
Listener:Sent_pong;807;9375
Dispatcher:9375;411274;23800;256;0;2;207;255;755;807
Listener:Sent_pong;808;A7E4
Dispatcher:A7E4;411362;23725;256;0;2;207;255;759;808
Listener:Sent_pong;807;8D93
Dispatcher:8D93;411362;28948;256;0;2;205;255;734;807
Listener:Sent_pong;807;A78F
Dispatcher:A78F;411389;29100;256;0;2;201;249;743;807
Listener:Sent_pong;807;67E2
Dispatcher:67E2;411431;24420;256;0;2;204;249;749;807
Listener:Sent_pong;808;F010
Dispatcher:F010;411464;29573;256;0;2;198;249;746;808
Listener:Sent_pong;808;0002
Dispatcher:0002;411505;22795;256;0;2;189;249;766;808
Listener:Sent_pong;808;2EDF
Dispatcher:2EDF;411552;60600;256;0;2;201;249;741;808
Listener:Sent_pong;808;FCED
Dispatcher:FCED;411607;42761;256;0;2;210;253;754;808
Listener:Sent_pong;807;CE13
Dispatcher:CE13;411639;28737;256;0;2;192;249;748;807
Listener:Sent_pong;808;904F
Dispatcher:904F;411687;31098;256;0;2;193;255;773;808
Listener:Sent_pong;808;C323
Dispatcher:C323;411715;27598;256;0;2;204;249;762;808
Listener:Sent_pong;808;E934
Dispatcher:E934;411770;31484;256;0;2;201;249;761;808
Listener:Sent_pong;808;9375
Dispatcher:9375;411787;31348;256;0;2;207;255;756;808
Listener:Sent_pong;809;A7E4
Dispatcher:A7E4;411869;24710;256;0;2;207;255;760;809
Listener:Sent_pong;808;8D93
Dispatcher:8D93;411873;27735;256;0;2;205;255;735;808
Listener:Sent_pong;808;A78F
Dispatcher:A78F;411897;28025;256;0;2;201;249;744;808
Listener:Sent_pong;809;F010
Dispatcher:F010;411972;38077;256;0;2;198;249;747;809
Listener:Sent_pong;809;0002
Dispatcher:0002;412012;32743;256;0;2;189;249;767;809
Listener:Sent_pong;809;2EDF
Dispatcher:2EDF;412061;33542;256;0;2;201;249;742;809
Listener:Sent_pong;809;FCED
Dispatcher:FCED;412116;29201;256;0;2;210;253;755;809
Listener:Sent_pong;808;CE13
Dispatcher:CE13;412152;32129;256;0;2;192;249;749;808
Listener:Sent_pong;809;904F
Dispatcher:904F;412195;28232;256;0;2;193;255;774;809
Listener:Sent_pong;809;C323
Dispatcher:C323;412222;28266;256;0;2;204;249;763;809
Listener:Sent_pong;809;E934
Dispatcher:E934;412277;34594;256;0;2;201;249;762;809
Listener:Sent_pong;809;9375
Dispatcher:9375;412307;38536;256;0;2;207;255;757;809
Listener:Sent_pong;810;A7E4
Dispatcher:A7E4;412378;27263;256;0;2;207;255;761;810
Listener:Sent_pong;809;8D93
Dispatcher:8D93;412382;56583;256;0;2;205;255;736;809
Listener:Sent_pong;809;A78F
Dispatcher:A78F;412440;73359;256;0;2;201;249;745;809
Listener:Sent_pong;810;F010
Dispatcher:F010;412479;30403;256;0;2;198;249;748;810
Listener:Sent_pong;809;67E2
Dispatcher:67E2;412483;28214;256;0;2;204;249;750;809
Listener:Sent_pong;810;0002
Dispatcher:0002;412520;23757;256;0;2;189;249;768;810
Listener:Sent_pong;810;2EDF
Dispatcher:2EDF;412569;26670;256;0;2;201;249;743;810
Listener:Sent_pong;810;FCED
Dispatcher:FCED;412624;33463;256;0;2;210;253;756;810
Listener:Sent_pong;809;CE13
Dispatcher:CE13;412660;24721;256;0;2;192;249;750;809
Listener:Sent_pong;810;904F
Dispatcher:904F;412703;28374;256;0;2;193;255;775;810
Listener:Sent_pong;810;C323
Dispatcher:C323;412729;26004;256;0;2;204;249;764;810
Listener:Sent_pong;810;E934
Dispatcher:E934;412786;32320;256;0;2;201;249;763;810
Listener:Sent_pong;810;9375
Dispatcher:9375;412816;27878;256;0;2;207;255;758;810
Listener:Sent_pong;811;A7E4
Dispatcher:A7E4;412884;24064;256;0;2;207;255;762;811
Listener:Sent_pong;810;8D93
Dispatcher:8D93;412890;28604;256;0;2;205;255;737;810
Listener:Sent_pong;810;A78F
Dispatcher:A78F;412948;28229;256;0;2;201;249;746;810
Listener:Sent_pong;811;F010
Dispatcher:F010;412986;30647;256;0;2;198;249;749;811
Listener:Sent_pong;810;67E2
Dispatcher:67E2;413010;57798;256;0;2;204;249;751;810
Listener:Sent_pong;811;0002
Dispatcher:0002;413050;46093;256;0;2;189;249;769;811
Listener:Sent_pong;811;2EDF
Dispatcher:2EDF;413076;24728;256;0;2;201;249;744;811
Listener:Sent_pong;811;FCED
Dispatcher:FCED;413133;30812;256;0;2;210;253;757;811
Listener:Sent_pong;810;CE13
Dispatcher:CE13;413167;28875;256;0;2;192;249;751;810
Listener:Sent_pong;811;904F
Dispatcher:904F;413211;30928;256;0;2;193;255;776;811
Listener:Sent_pong;811;C323
Dispatcher:C323;413238;26014;256;0;2;204;249;765;811
Listener:Sent_pong;811;E934
Dispatcher:E934;413293;25696;256;0;2;201;249;764;811
Listener:Sent_pong;811;9375
Dispatcher:9375;413323;26906;256;0;2;207;255;759;811
Listener:Sent_pong;812;A7E4
Dispatcher:A7E4;413392;27913;256;0;2;207;255;763;812
Listener:Sent_pong;811;8D93
Dispatcher:8D93;413399;30157;256;0;2;205;255;738;811
Listener:Sent_pong;811;A78F
Dispatcher:A78F;413455;29507;256;0;2;201;249;747;811
Listener:Sent_pong;812;F010
Dispatcher:F010;413494;29829;256;0;2;198;249;750;812
Listener:Sent_pong;811;67E2
Dispatcher:67E2;413518;26696;256;0;2;204;249;752;811
Listener:Sent_pong;812;0002
Dispatcher:0002;413559;26655;256;0;2;189;249;770;812
Listener:Sent_pong;812;2EDF
Dispatcher:2EDF;413585;26844;256;0;2;201;249;745;812
Listener:Sent_pong;812;FCED
Dispatcher:FCED;413641;27825;256;0;2;210;253;758;812
Listener:Sent_pong;811;CE13
Dispatcher:CE13;413676;30787;256;0;2;192;249;752;811
Listener:Sent_pong;812;904F
Dispatcher:904F;413718;25378;256;0;2;193;255;777;812
Listener:Sent_pong;812;C323
Dispatcher:C323;413753;31822;256;0;2;204;249;766;812
Listener:Sent_pong;812;E934
Dispatcher:E934;413801;25662;256;0;2;201;249;765;812
Listener:Sent_pong;812;9375
Dispatcher:9375;413832;32496;256;0;2;207;255;760;812
Listener:Sent_pong;813;A7E4
Dispatcher:A7E4;413901;27568;256;0;2;207;255;764;813
Listener:Sent_pong;812;8D93
Dispatcher:8D93;413907;25987;256;0;2;205;255;739;812
Listener:Sent_pong;812;A78F
Dispatcher:A78F;413963;25371;256;0;2;201;249;748;812
Listener:Sent_pong;813;F010
Dispatcher:F010;414003;29815;256;0;2;198;249;751;813
Listener:Sent_pong;812;67E2
Dispatcher:67E2;414024;26640;256;0;2;204;249;753;812
Listener:Sent_pong;813;0002
Dispatcher:0002;414068;26965;256;0;2;189;249;771;813
Listener:Sent_pong;813;2EDF
Dispatcher:2EDF;414094;29336;256;0;2;201;249;746;813
Listener:Sent_pong;813;FCED
Dispatcher:FCED;414148;31875;256;0;2;210;253;759;813
Listener:Sent_pong;812;CE13
Dispatcher:CE13;414185;28885;256;0;2;192;249;753;812
Listener:Sent_pong;813;904F
Dispatcher:904F;414226;29214;256;0;2;193;255;778;813
Listener:Sent_pong;813;C323
Dispatcher:C323;414259;47592;256;0;2;204;249;767;813
Listener:Sent_pong;813;E934
Dispatcher:E934;414312;30622;256;0;2;201;249;766;813
Listener:Sent_pong;813;9375
Dispatcher:9375;414338;24384;256;0;2;207;255;761;813
Listener:Sent_pong;814;A7E4
Dispatcher:A7E4;414416;33080;256;0;2;207;255;765;814
Listener:Sent_pong;813;8D93
Dispatcher:8D93;414415;25381;256;0;2;205;255;740;813
Listener:Sent_pong;813;A78F
Dispatcher:A78F;414471;25371;256;0;2;201;249;748;813
Listener:Sent_pong;814;F010
Dispatcher:F010;414512;28531;256;0;2;198;249;752;814
Listener:Sent_pong;813;67E2
Dispatcher:67E2;414533;28954;256;0;2;204;249;754;813
Listener:Sent_pong;814;0002
Dispatcher:0002;414576;26301;256;0;2;189;249;772;814
Listener:Sent_pong;814;2EDF
Dispatcher:2EDF;414602;25494;256;0;2;201;249;747;814
Listener:Sent_pong;814;FCED
Dispatcher:FCED;414655;25366;256;0;2;210;253;760;814
Listener:Sent_pong;813;CE13
Dispatcher:CE13;414696;26129;256;0;2;192;249;754;813
Listener:Sent_pong;814;904F
Dispatcher:904F;414735;25694;256;0;2;193;255;779;814
Listener:Sent_pong;814;C323
Dispatcher:C323;414768;27294;256;0;2;204;249;768;814
Listener:Sent_pong;814;E934
Dispatcher:E934;414820;26304;256;0;2;201;249;767;814
Listener:Sent_pong;814;9375
Dispatcher:9375;414846;27290;256;0;2;207;255;762;814
Listener:Sent_pong;815;A7E4
Dispatcher:A7E4;414925;32321;256;0;2;207;255;766;815
Listener:Sent_pong;814;8D93
Dispatcher:8D93;414922;24395;256;0;2;205;255;741;814
Listener:Sent_pong;814;A78F
Dispatcher:A78F;414978;26985;256;0;2;201;249;749;814
Listener:Sent_pong;815;F010
Dispatcher:F010;415019;26639;256;0;2;198;249;753;815
Listener:Sent_pong;814;67E2
Dispatcher:67E2;415042;26614;256;0;2;204;249;755;814
Listener:Sent_pong;815;0002
Dispatcher:0002;415084;26621;256;0;2;189;249;773;815
Listener:Sent_pong;815;2EDF
Dispatcher:2EDF;415118;33734;256;0;2;201;249;748;815
Listener:Sent_pong;815;FCED
Dispatcher:FCED;415163;26623;256;0;2;210;253;761;815
Listener:Sent_pong;814;CE13
Dispatcher:CE13;415203;31539;256;0;2;192;249;755;814
Listener:Sent_pong;815;904F
Dispatcher:904F;415242;24080;256;0;2;193;255;780;815
Listener:Sent_pong;815;C323
Dispatcher:C323;415275;23770;256;0;2;204;249;769;815
Listener:Sent_pong;815;E934
Dispatcher:E934;415329;29522;256;0;2;201;249;768;815
Listener:Sent_pong;815;9375
Dispatcher:9375;415354;28228;256;0;2;207;255;763;815
Listener:Sent_pong;816;A7E4
Dispatcher:A7E4;415433;27567;256;0;2;207;255;767;816
Listener:Sent_pong;815;8D93
Dispatcher:8D93;415433;30657;256;0;2;205;255;742;815
Listener:Sent_pong;815;A78F
Dispatcher:A78F;415486;27593;256;0;2;201;249;750;815
Listener:Sent_pong;816;F010
Dispatcher:F010;415534;31461;256;0;2;198;249;754;816
Listener:Sent_pong;815;67E2
Dispatcher:67E2;415552;28928;256;0;2;204;249;756;815
Listener:Sent_pong;816;0002
Dispatcher:0002;415592;25965;256;0;2;189;249;774;816
Listener:Sent_pong;816;2EDF
Dispatcher:2EDF;415627;33502;256;0;2;201;249;749;816
Listener:Sent_pong;816;FCED
Dispatcher:FCED;415670;24690;256;0;2;210;253;762;816
Listener:Sent_pong;815;CE13
Dispatcher:CE13;415711;26647;256;0;2;192;249;756;815
Listener:Sent_pong;816;904F
Dispatcher:904F;415749;34582;256;0;2;193;255;781;816
Listener:Sent_pong;816;C323
Dispatcher:C323;415784;31126;256;0;2;204;249;770;816
Listener:Sent_pong;816;E934
Dispatcher:E934;415837;31274;256;0;2;201;249;769;816
Listener:Sent_pong;816;9375
Dispatcher:9375;415863;29834;256;0;2;207;255;764;816
Listener:Sent_pong;817;A7E4
Dispatcher:A7E4;415941;25684;256;0;2;207;255;768;817
Listener:Sent_pong;816;8D93
Dispatcher:8D93;415947;30560;256;0;2;205;255;743;816
Listener:Sent_pong;816;A78F
Dispatcher:A78F;415994;26627;256;0;2;201;249;751;816
Listener:Sent_pong;817;F010
Dispatcher:F010;416040;26071;256;0;2;198;249;755;817
Listener:Sent_pong;816;67E2
Dispatcher:67E2;416061;27644;256;0;2;204;249;757;816
Listener:Sent_pong;817;0002
Dispatcher:0002;416101;23751;256;0;2;189;249;775;817
Listener:Sent_pong;817;2EDF
Dispatcher:2EDF;416134;25058;256;0;2;201;249;750;817
Listener:Sent_pong;817;FCED
Dispatcher:FCED;416178;27931;256;0;2;210;253;763;817
Listener:Sent_pong;816;CE13
Dispatcher:CE13;416218;25675;256;0;2;192;249;757;816
Listener:Sent_pong;817;904F
Dispatcher:904F;416269;36982;256;0;2;193;255;782;817
Listener:Sent_pong;817;C323
Dispatcher:C323;416293;26938;256;0;2;204;249;771;817
Listener:Sent_pong;817;E934
Dispatcher:E934;416345;31254;256;0;2;201;249;770;817
Listener:Sent_pong;817;9375
Dispatcher:9375;416371;26330;256;0;2;207;255;765;817
Listener:Sent_pong;818;A7E4
Dispatcher:A7E4;416448;27245;256;0;2;207;255;769;818
Listener:Sent_pong;817;8D93
Dispatcher:8D93;416456;62501;256;0;2;205;255;744;817
Listener:Sent_pong;817;A78F
Dispatcher:A78F;416517;41759;256;0;2;201;249;752;817
Listener:Sent_pong;818;F010
Dispatcher:F010;416548;27599;256;0;2;198;249;756;818
Listener:Sent_pong;817;67E2
Dispatcher:67E2;416571;29762;256;0;2;204;249;758;817
Listener:Sent_pong;818;0002
Dispatcher:0002;416608;24393;256;0;2;189;249;776;818
Listener:Sent_pong;818;2EDF
Dispatcher:2EDF;416642;24764;256;0;2;201;249;751;818
Listener:Sent_pong;818;FCED
Dispatcher:FCED;416685;24381;256;0;2;210;253;764;818
Listener:Sent_pong;817;CE13
Dispatcher:CE13;416726;27601;256;0;2;192;249;758;817
Listener:Sent_pong;818;904F
Dispatcher:904F;416785;36954;256;0;2;193;255;783;818
Listener:Sent_pong;818;C323
Dispatcher:C323;416806;30684;256;0;2;204;249;772;818
Listener:Sent_pong;818;E934
Dispatcher:E934;416854;24706;256;0;2;201;249;771;818
Listener:Sent_pong;818;9375
Dispatcher:9375;416888;36056;256;0;2;207;255;766;818
Listener:Sent_pong;819;A7E4
Dispatcher:A7E4;416955;24047;256;0;2;207;255;770;819
Listener:Sent_pong;818;8D93
Dispatcher:8D93;416963;25063;256;0;2;205;255;745;818
Listener:Sent_pong;818;A78F
Dispatcher:A78F;417023;25671;256;0;2;201;249;753;818
Listener:Sent_pong;819;F010
Dispatcher:F010;417056;24715;256;0;2;198;249;757;819
Listener:Sent_pong;818;67E2
Dispatcher:67E2;417078;29630;256;0;2;204;249;759;818
Listener:Sent_pong;819;0002
Dispatcher:0002;417116;26621;256;0;2;189;249;777;819
Listener:Sent_pong;819;2EDF
Dispatcher:2EDF;417151;28892;256;0;2;201;249;752;819
Listener:Sent_pong;819;FCED
Dispatcher:FCED;417194;30796;256;0;2;210;253;765;819
Listener:Sent_pong;818;CE13
Dispatcher:CE13;417234;25363;256;0;2;192;249;759;818
Listener:Sent_pong;819;904F
Dispatcher:904F;417292;27912;256;0;2;193;255;784;819
Listener:Sent_pong;819;C323
Dispatcher:C323;417315;30458;256;0;2;204;249;773;819
Listener:Sent_pong;819;E934
Dispatcher:E934;417362;25360;256;0;2;201;249;772;819
Listener:Sent_pong;819;9375
Dispatcher:9375;417396;29964;256;0;2;207;255;767;819
Listener:Sent_pong;820;A7E4
Dispatcher:A7E4;417463;28861;256;0;2;207;255;771;820
Listener:Sent_pong;819;8D93
Dispatcher:8D93;417470;25699;256;0;2;205;255;746;819
Listener:Sent_pong;819;A78F
Dispatcher:A78F;417531;25361;256;0;2;201;249;754;819
Listener:Sent_pong;820;F010
Dispatcher:F010;417563;28887;256;0;2;198;249;758;820
Listener:Sent_pong;820;0002
Dispatcher:0002;417624;24713;256;0;2;189;249;778;820
Listener:Sent_pong;820;2EDF
Dispatcher:2EDF;417658;40270;256;0;2;201;249;753;820
Listener:Sent_pong;820;FCED
Dispatcher:FCED;417703;29334;256;0;2;210;253;766;820
Listener:Sent_pong;819;CE13
Dispatcher:CE13;417743;29639;256;0;2;192;249;760;819
Listener:Sent_pong;820;904F
Dispatcher:904F;417802;30832;256;0;2;193;255;785;820
Listener:Sent_pong;820;C323
Dispatcher:C323;417832;35700;256;0;2;204;249;774;820
Listener:Sent_pong;820;E934
Dispatcher:E934;417869;28898;256;0;2;201;249;773;820
Listener:Sent_pong;820;9375
Dispatcher:9375;417904;30594;256;0;2;207;255;768;820
Listener:Sent_pong;821;A7E4
Dispatcher:A7E4;417972;26287;256;0;2;207;255;772;821
Listener:Sent_pong;820;8D93
Dispatcher:8D93;417978;26626;256;0;2;205;255;747;820
Listener:Sent_pong;820;A78F
Dispatcher:A78F;418037;23895;256;0;2;201;249;755;820
Listener:Sent_pong;821;F010
Dispatcher:F010;418071;28887;256;0;2;198;249;758;821
Listener:Sent_pong;821;0002
Dispatcher:0002;418132;36217;256;0;2;189;249;779;821
Listener:Sent_pong;821;FCED
Dispatcher:FCED;418212;26624;256;0;2;210;253;767;821
Listener:Sent_pong;820;CE13
Dispatcher:CE13;418251;26019;256;0;2;192;249;761;820
Listener:Sent_pong;821;904F
Dispatcher:904F;418310;28258;256;0;2;193;255;786;821
Listener:Sent_pong;821;C323
Dispatcher:C323;418346;32444;256;0;2;204;249;775;821
Listener:Sent_pong;821;E934
Dispatcher:E934;418377;28256;256;0;2;201;249;774;821
Listener:Sent_pong;821;9375
Dispatcher:9375;418413;28876;256;0;2;207;255;769;821
Listener:Sent_pong;822;A7E4
Dispatcher:A7E4;418479;26048;256;0;2;207;255;773;822
Listener:Sent_pong;821;8D93
Dispatcher:8D93;418485;27258;256;0;2;205;255;748;821
Listener:Sent_pong;821;A78F
Dispatcher:A78F;418545;26617;256;0;2;201;249;756;821
Listener:Sent_pong;822;F010
Dispatcher:F010;418579;25695;256;0;2;198;249;759;822
Listener:Sent_pong;821;67E2
Dispatcher:67E2;418630;27598;256;0;2;204;249;760;821
Listener:Sent_pong;822;0002
Dispatcher:0002;418639;36217;256;0;2;189;249;779;822
Listener:Sent_pong;822;2EDF
Dispatcher:2EDF;418698;30560;256;0;2;201;249;754;822
Listener:Sent_pong;821;CE13
Dispatcher:CE13;418759;32369;256;0;2;192;249;762;821
Listener:Sent_pong;822;904F
Dispatcher:904F;418819;28900;256;0;2;193;255;787;822
Listener:Sent_pong;822;E934
Dispatcher:E934;418886;27690;256;0;2;201;249;775;822
Listener:Sent_pong;822;9375
Dispatcher:9375;418920;25340;256;0;2;207;255;770;822
Listener:Sent_pong;823;A7E4
Dispatcher:A7E4;418987;26297;256;0;2;207;255;774;823
Listener:Sent_pong;822;8D93
Dispatcher:8D93;418993;26335;256;0;2;205;255;749;822
Listener:Sent_pong;822;A78F
Dispatcher:A78F;419053;25043;256;0;2;201;249;757;822
Listener:Sent_pong;823;F010
Dispatcher:F010;419086;27635;256;0;2;198;249;760;823
Listener:Sent_pong;822;67E2
Dispatcher:67E2;419138;42852;256;0;2;204;249;761;822
Listener:Sent_pong;823;0002
Dispatcher:0002;419189;74165;256;0;2;189;249;780;823
Listener:Sent_pong;823;2EDF
Dispatcher:2EDF;419224;55144;256;0;2;201;249;755;823
Listener:Sent_pong;822;CE13
Dispatcher:CE13;419268;34771;256;0;2;192;249;763;822
Listener:Sent_pong;823;904F
Dispatcher:904F;419327;59602;256;0;2;193;255;788;823
Listener:Sent_pong;823;C323
Dispatcher:C323;419379;28228;256;0;2;204;249;776;823
Listener:Sent_pong;823;E934
Dispatcher:E934;419395;32480;256;0;2;201;249;776;823
Listener:Sent_pong;823;9375
Dispatcher:9375;419428;24708;256;0;2;207;255;771;823
Listener:Sent_pong;824;A7E4
Dispatcher:A7E4;419495;29661;256;0;2;207;255;775;824
Listener:Sent_pong;823;8D93
Dispatcher:8D93;419501;25699;256;0;2;205;255;750;823
Listener:Sent_pong;823;A78F
Dispatcher:A78F;419560;27907;256;0;2;201;249;758;823
Listener:Sent_pong;824;F010
Dispatcher:F010;419595;34227;256;0;2;198;249;761;824
Listener:Sent_pong;823;67E2
Dispatcher:67E2;419646;28544;256;0;2;204;249;762;823
Listener:Sent_pong;824;0002
Dispatcher:0002;419697;35577;256;0;2;189;249;781;824
Listener:Sent_pong;824;2EDF
Dispatcher:2EDF;419732;34660;256;0;2;201;249;756;824
Listener:Sent_pong;823;CE13
Dispatcher:CE13;419775;28565;256;0;2;192;249;764;823
Listener:Sent_pong;824;904F
Dispatcher:904F;419834;22514;256;0;2;193;255;789;824
Listener:Sent_pong;824;C323
Dispatcher:C323;419888;28228;256;0;2;204;249;776;824
Listener:Sent_pong;824;E934
Dispatcher:E934;419923;51152;256;0;2;201;249;777;824
Listener:Sent_pong;824;9375
Dispatcher:9375;419946;37536;256;0;2;207;255;772;824
Listener:Sent_pong;825;A7E4
Dispatcher:A7E4;420008;30382;256;0;2;207;255;776;825
Listener:Sent_pong;824;8D93
Dispatcher:8D93;420009;32145;256;0;2;205;255;751;824
Listener:Sent_pong;824;A78F
Dispatcher:A78F;420067;27265;256;0;2;201;249;759;824
Listener:Sent_pong;825;F010
Dispatcher:F010;420101;22461;256;0;2;198;249;762;825
Listener:Sent_pong;824;67E2
Dispatcher:67E2;420155;27248;256;0;2;204;249;763;824
Listener:Sent_pong;825;0002
Dispatcher:0002;420206;35199;256;0;2;189;249;782;825
Listener:Sent_pong;825;FCED
Dispatcher:FCED;420248;26337;256;0;2;210;253;768;825
Listener:Sent_pong;824;CE13
Dispatcher:CE13;420288;30905;256;0;2;192;249;765;824
Listener:Sent_pong;825;904F
Dispatcher:904F;420341;25692;256;0;2;193;255;790;825
Listener:Sent_pong;825;C323
Dispatcher:C323;420397;30780;256;0;2;204;249;777;825
Listener:Sent_pong;825;E934
Dispatcher:E934;420430;33620;256;0;2;201;249;778;825
Listener:Sent_pong;826;A7E4
Dispatcher:A7E4;420519;32502;256;0;2;207;255;777;826
Listener:Sent_pong;825;8D93
Dispatcher:8D93;420518;27620;256;0;2;205;255;752;825
Listener:Sent_pong;825;A78F
Dispatcher:A78F;420574;25645;256;0;2;201;249;760;825
Listener:Sent_pong;826;F010
Dispatcher:F010;420609;26949;256;0;2;198;249;763;826
Listener:Sent_pong;825;67E2
Dispatcher:67E2;420662;24390;256;0;2;204;249;764;825
Listener:Sent_pong;826;0002
Dispatcher:0002;420714;29445;256;0;2;189;249;783;826
Listener:Sent_pong;826;2EDF
Dispatcher:2EDF;420757;49650;256;0;2;201;249;757;826
Listener:Sent_pong;825;CE13
Dispatcher:CE13;420797;33719;256;0;2;192;249;766;825
Listener:Sent_pong;826;904F
Dispatcher:904F;420849;33310;256;0;2;193;255;791;826
Listener:Sent_pong;826;C323
Dispatcher:C323;420905;28576;256;0;2;204;249;778;826
Listener:Sent_pong;826;E934
Dispatcher:E934;420939;60494;256;0;2;201;249;779;826
Listener:Sent_pong;826;9375
Dispatcher:9375;420983;29882;256;0;2;207;255;773;826
Listener:Sent_pong;826;8D93
Dispatcher:8D93;421025;25402;256;0;2;205;255;753;826
Listener:Sent_pong;826;A78F
Dispatcher:A78F;421083;28861;256;0;2;201;249;761;826
Listener:Sent_pong;827;F010
Dispatcher:F010;421117;26715;256;0;2;198;249;764;827
Listener:Sent_pong;826;67E2
Dispatcher:67E2;421169;24676;256;0;2;204;249;765;826
Listener:Sent_pong;827;0002
Dispatcher:0002;421221;25019;256;0;2;189;249;784;827
Listener:Sent_pong;827;2EDF
Dispatcher:2EDF;421265;30914;256;0;2;201;249;758;827
Listener:Sent_pong;827;FCED
Dispatcher:FCED;421267;41142;256;0;2;210;253;769;827
Listener:Sent_pong;826;CE13
Dispatcher:CE13;421326;46865;256;0;2;192;249;767;826
Listener:Sent_pong;827;904F
Dispatcher:904F;421357;26768;256;0;2;193;255;792;827
Listener:Sent_pong;827;C323
Dispatcher:C323;421414;28888;256;0;2;204;249;779;827
Listener:Sent_pong;827;E934
Dispatcher:E934;421448;32828;256;0;2;201;249;780;827
Listener:Sent_pong;827;9375
Dispatcher:9375;421491;38104;256;0;2;207;255;774;827
Listener:Sent_pong;827;8D93
Dispatcher:8D93;421533;42118;256;0;2;205;255;754;827
Listener:Sent_pong;827;A78F
Dispatcher:A78F;421597;30613;256;0;2;201;249;762;827
Listener:Sent_pong;828;F010
Dispatcher:F010;421626;28871;256;0;2;198;249;765;828
Listener:Sent_pong;827;67E2
Dispatcher:67E2;421677;29510;256;0;2;204;249;766;827
Listener:Sent_pong;828;0002
Dispatcher:0002;421730;26619;256;0;2;189;249;785;828
Listener:Sent_pong;828;2EDF
Dispatcher:2EDF;421772;29904;256;0;2;201;249;759;828
Listener:Sent_pong;828;904F
Dispatcher:904F;421865;26452;256;0;2;193;255;793;828
Listener:Sent_pong;827;CE13
Dispatcher:CE13;421834;26969;256;0;2;192;249;768;827
Listener:Sent_pong;828;C323
Dispatcher:C323;421922;28562;256;0;2;204;249;780;828
Listener:Sent_pong;828;E934
Dispatcher:E934;421956;29180;256;0;2;201;249;781;828
Listener:Sent_pong;828;9375
Dispatcher:9375;422003;33198;256;0;2;207;255;775;828
Listener:Sent_pong;828;8D93
Dispatcher:8D93;422040;34173;256;0;2;205;255;755;828
Listener:Sent_pong;828;A78F
Dispatcher:A78F;422110;32921;256;0;2;201;249;763;828
Listener:Sent_pong;829;F010
Dispatcher:F010;422137;28507;256;0;2;198;249;766;829
Listener:Sent_pong;828;67E2
Dispatcher:67E2;422185;27582;256;0;2;204;249;767;828
Listener:Sent_pong;829;0002
Dispatcher:0002;422247;37499;256;0;2;189;249;786;829
Listener:Sent_pong;829;2EDF
Dispatcher:2EDF;422294;83090;256;0;2;201;249;760;829
Listener:Sent_pong;829;904F
Dispatcher:904F;422376;39392;256;0;2;193;255;794;829
Listener:Sent_pong;829;C323
Dispatcher:C323;422429;25046;256;0;2;204;249;781;829
Listener:Sent_pong;829;E934
Dispatcher:E934;422465;28886;256;0;2;201;249;782;829
Listener:Sent_pong;829;9375
Dispatcher:9375;422511;71874;256;0;2;207;255;776;829
Listener:Sent_pong;829;8D93
Dispatcher:8D93;422585;79422;256;0;2;205;255;756;829
Listener:Sent_pong;830;A7E4
Dispatcher:A7E4;422637;32182;256;0;2;207;255;778;830
Listener:Sent_pong;829;A78F
Dispatcher:A78F;422632;47115;256;0;2;201;249;764;829
Listener:Sent_pong;830;F010
Dispatcher:F010;422669;53285;256;0;2;198;249;767;830
Listener:Sent_pong;829;67E2
Dispatcher:67E2;422692;26954;256;0;2;204;249;768;829
Listener:Sent_pong;830;0002
Dispatcher:0002;422754;25041;256;0;2;189;249;787;830
Listener:Sent_pong;830;2EDF
Dispatcher:2EDF;422801;24730;256;0;2;201;249;761;830
Listener:Sent_pong;829;CE13
Dispatcher:CE13;422891;94309;256;0;2;192;249;769;829
Listener:Sent_pong;830;C323
Dispatcher:C323;422942;29890;256;0;2;204;249;782;830
Listener:Sent_pong;830;E934
Dispatcher:E934;422974;27282;256;0;2;201;249;783;830
Listener:Sent_pong;830;9375
Dispatcher:9375;423020;25678;256;0;2;207;255;777;830
Listener:Sent_pong;830;8D93
Dispatcher:8D93;423093;26018;256;0;2;205;255;757;830
Listener:Sent_pong;831;A7E4
Dispatcher:A7E4;423153;33959;256;0;2;207;255;779;831
Listener:Sent_pong;830;A78F
Dispatcher:A78F;423144;37579;256;0;2;201;249;765;830
Listener:Sent_pong;831;F010
Dispatcher:F010;423178;28471;256;0;2;198;249;768;831
Listener:Sent_pong;830;67E2
Dispatcher:67E2;423201;28568;256;0;2;204;249;769;830
Listener:Sent_pong;831;0002
Dispatcher:0002;423262;25041;256;0;2;189;249;787;831
Listener:Sent_pong;831;2EDF
Dispatcher:2EDF;423308;27362;256;0;2;201;249;762;831
Listener:Sent_pong;831;904F
Dispatcher:904F;423393;54274;256;0;2;193;255;795;831
Listener:Sent_pong;831;FCED
Dispatcher:FCED;423413;53792;256;0;2;210;253;770;831
Listener:Sent_pong;831;C323
Dispatcher:C323;423449;31136;256;0;2;204;249;783;831
Listener:Sent_pong;831;E934
Dispatcher:E934;423483;27644;256;0;2;201;249;784;831
Listener:Sent_pong;831;9375
Dispatcher:9375;423528;28888;256;0;2;207;255;778;831
Listener:Sent_pong;831;8D93
Dispatcher:8D93;423601;25061;256;0;2;205;255;758;831
Listener:Sent_pong;832;A7E4
Dispatcher:A7E4;423660;25338;256;0;2;207;255;780;832
Listener:Sent_pong;831;A78F
Dispatcher:A78F;423652;29281;256;0;2;201;249;766;831
Listener:Sent_pong;832;F010
Dispatcher:F010;423686;29293;256;0;2;198;249;769;832
Listener:Sent_pong;831;67E2
Dispatcher:67E2;423709;28884;256;0;2;204;249;770;831
Listener:Sent_pong;832;0002
Dispatcher:0002;423769;57557;256;0;2;189;249;788;832
Listener:Sent_pong;832;2EDF
Dispatcher:2EDF;423834;47056;256;0;2;201;249;763;832
Listener:Sent_pong;832;904F
Dispatcher:904F;423900;33574;256;0;2;193;255;796;832
Listener:Sent_pong;832;FCED
Dispatcher:FCED;423930;53792;256;0;2;210;253;770;832
Listener:Sent_pong;832;C323
Dispatcher:C323;423966;54690;256;0;2;204;249;784;832
Listener:Sent_pong;832;E934
Dispatcher:E934;424017;57124;256;0;2;201;249;785;832
Listener:Sent_pong;832;9375
Dispatcher:9375;424039;32328;256;0;2;207;255;779;832
Listener:Sent_pong;832;8D93
Dispatcher:8D93;424109;26988;256;0;2;205;255;759;832
Listener:Sent_pong;833;A7E4
Dispatcher:A7E4;424167;24384;256;0;2;207;255;781;833
Listener:Sent_pong;832;A78F
Dispatcher:A78F;424160;24751;256;0;2;201;249;767;832
Listener:Sent_pong;833;F010
Dispatcher:F010;424202;32919;256;0;2;198;249;770;833
Listener:Sent_pong;832;67E2
Dispatcher:67E2;424219;29444;256;0;2;204;249;771;832
Listener:Sent_pong;833;0002
Dispatcher:0002;424278;27605;256;0;2;189;249;789;833
Listener:Sent_pong;833;2EDF
Dispatcher:2EDF;424341;23140;256;0;2;201;249;764;833
Listener:Sent_pong;833;904F
Dispatcher:904F;424409;26772;256;0;2;193;255;797;833
Listener:Sent_pong;833;FCED
Dispatcher:FCED;424437;53792;256;0;2;210;253;770;833
Listener:Sent_pong;833;C323
Dispatcher:C323;424481;34472;256;0;2;204;249;785;833
Listener:Sent_pong;832;CE13
Dispatcher:CE13;424499;43029;256;0;2;192;249;770;832
Listener:Sent_pong;833;9375
Dispatcher:9375;424549;28364;256;0;2;207;255;780;833
Listener:Sent_pong;833;8D93
Dispatcher:8D93;424616;26644;256;0;2;205;255;760;833
Listener:Sent_pong;834;A7E4
Dispatcher:A7E4;424675;28604;256;0;2;207;255;782;834
Listener:Sent_pong;833;A78F
Dispatcher:A78F;424670;30977;256;0;2;201;249;768;833
Listener:Sent_pong;834;F010
Dispatcher:F010;424710;28877;256;0;2;198;249;771;834
Listener:Sent_pong;833;67E2
Dispatcher:67E2;424733;34106;256;0;2;204;249;772;833
Listener:Sent_pong;834;0002
Dispatcher:0002;424785;34089;256;0;2;189;249;790;834
Listener:Sent_pong;834;2EDF
Dispatcher:2EDF;424848;26672;256;0;2;201;249;765;834
Listener:Sent_pong;834;904F
Dispatcher:904F;424916;32414;256;0;2;193;255;798;834
Listener:Sent_pong;834;FCED
Dispatcher:FCED;424945;27297;256;0;2;210;253;771;834
Listener:Sent_pong;834;C323
Dispatcher:C323;424989;30564;256;0;2;204;249;786;834
Listener:Sent_pong;833;CE13
Dispatcher:CE13;425023;45957;256;0;2;192;249;771;833
Listener:Sent_pong;834;9375
Dispatcher:9375;425057;43009;256;0;2;207;255;781;834
Listener:Sent_pong;834;8D93
Dispatcher:8D93;425124;28390;256;0;2;205;255;761;834
Listener:Sent_pong;835;A7E4
Dispatcher:A7E4;425184;29025;256;0;2;207;255;783;835
Listener:Sent_pong;834;A78F
Dispatcher:A78F;425177;27753;256;0;2;201;249;769;834
Listener:Sent_pong;835;F010
Dispatcher:F010;425219;26635;256;0;2;198;249;772;835
Listener:Sent_pong;834;67E2
Dispatcher:67E2;425242;29176;256;0;2;204;249;773;834
Listener:Sent_pong;835;0002
Dispatcher:0002;425293;26961;256;0;2;189;249;791;835
Listener:Sent_pong;835;2EDF
Dispatcher:2EDF;425357;27932;256;0;2;201;249;766;835
Listener:Sent_pong;835;904F
Dispatcher:904F;425425;29534;256;0;2;193;255;799;835
Listener:Sent_pong;835;FCED
Dispatcher:FCED;425452;26645;256;0;2;210;253;772;835
Listener:Sent_pong;835;C323
Dispatcher:C323;425498;25998;256;0;2;204;249;787;835
Listener:Sent_pong;834;CE13
Dispatcher:CE13;425543;45957;256;0;2;192;249;771;834
Listener:Sent_pong;835;E934
Dispatcher:E934;425593;32500;256;0;2;201;249;786;835
Listener:Sent_pong;835;9375
Dispatcher:9375;425598;60714;256;0;2;207;255;782;835
Listener:Sent_pong;835;8D93
Dispatcher:8D93;425632;27312;256;0;2;205;255;762;835
Listener:Sent_pong;835;A78F
Dispatcher:A78F;425687;32451;256;0;2;201;249;770;835
Listener:Sent_pong;836;F010
Dispatcher:F010;425726;25353;256;0;2;198;249;773;836
Listener:Sent_pong;835;67E2
Dispatcher:67E2;425751;28226;256;0;2;204;249;774;835
Listener:Sent_pong;836;0002
Dispatcher:0002;425800;23757;256;0;2;189;249;792;836
Listener:Sent_pong;836;2EDF
Dispatcher:2EDF;425864;32566;256;0;2;201;249;767;836
Listener:Sent_pong;836;904F
Dispatcher:904F;425933;25678;256;0;2;193;255;800;836
Listener:Sent_pong;836;FCED
Dispatcher:FCED;425961;27594;256;0;2;210;253;773;836
Listener:Sent_pong;836;C323
Dispatcher:C323;426011;31896;256;0;2;204;249;788;836
Listener:Sent_pong;835;CE13
Dispatcher:CE13;426052;31137;256;0;2;192;249;772;835
Listener:Sent_pong;836;E934
Dispatcher:E934;426100;30304;256;0;2;201;249;787;836
Listener:Sent_pong;836;9375
Dispatcher:9375;426123;49968;256;0;2;207;255;783;836
Listener:Sent_pong;837;A7E4
Dispatcher:A7E4;426206;30850;256;0;2;207;255;784;837
Listener:Sent_pong;836;67E2
Dispatcher:67E2;426259;28540;256;0;2;204;249;775;836
Listener:Sent_pong;837;0002
Dispatcher:0002;426307;27295;256;0;2;189;249;793;837
Listener:Sent_pong;837;2EDF
Dispatcher:2EDF;426371;25678;256;0;2;201;249;768;837
Listener:Sent_pong;837;904F
Dispatcher:904F;426440;26628;256;0;2;193;255;801;837
Listener:Sent_pong;837;FCED
Dispatcher:FCED;426469;27949;256;0;2;210;253;774;837
Listener:Sent_pong;837;C323
Dispatcher:C323;426520;29528;256;0;2;204;249;789;837
Listener:Sent_pong;836;CE13
Dispatcher:CE13;426560;25677;256;0;2;192;249;773;836
Listener:Sent_pong;837;E934
Dispatcher:E934;426607;30304;256;0;2;201;249;787;837
Listener:Sent_pong;837;9375
Dispatcher:9375;426649;51342;256;0;2;207;255;784;837
Listener:Sent_pong;838;A7E4
Dispatcher:A7E4;426720;67865;256;0;2;207;255;785;838
Listener:Sent_pong;837;8D93
Dispatcher:8D93;426713;62015;256;0;2;205;255;763;837
Listener:Sent_pong;837;67E2
Dispatcher:67E2;426768;24144;256;0;2;204;249;776;837
Listener:Sent_pong;838;0002
Dispatcher:0002;426814;23751;256;0;2;189;249;794;838
Listener:Sent_pong;838;2EDF
Dispatcher:2EDF;426878;29550;256;0;2;201;249;769;838
Listener:Sent_pong;838;904F
Dispatcher:904F;426948;35880;256;0;2;193;255;802;838
Listener:Sent_pong;838;FCED
Dispatcher:FCED;426978;26227;256;0;2;210;253;775;838
Listener:Sent_pong;838;C323
Dispatcher:C323;427028;26652;256;0;2;204;249;790;838
Listener:Sent_pong;837;CE13
Dispatcher:CE13;427067;24367;256;0;2;192;249;774;837
Listener:Sent_pong;838;E934
Dispatcher:E934;427115;33622;256;0;2;201;249;788;838
Listener:Sent_pong;838;9375
Dispatcher:9375;427157;26330;256;0;2;207;255;785;838
Listener:Sent_pong;839;A7E4
Dispatcher:A7E4;427226;26653;256;0;2;207;255;786;839
Listener:Sent_pong;838;8D93
Dispatcher:8D93;427229;40748;256;0;2;205;255;764;838
Listener:Sent_pong;838;67E2
Dispatcher:67E2;427275;25666;256;0;2;204;249;777;838
Listener:Sent_pong;839;F010
Dispatcher:F010;427266;27905;256;0;2;198;249;774;839
Listener:Sent_pong;839;0002
Dispatcher:0002;427322;33913;256;0;2;189;249;795;839
Listener:Sent_pong;839;2EDF
Dispatcher:2EDF;427387;26356;256;0;2;201;249;770;839
Listener:Sent_pong;839;904F
Dispatcher:904F;427455;25052;256;0;2;193;255;803;839
Listener:Sent_pong;839;FCED
Dispatcher:FCED;427486;25663;256;0;2;210;253;776;839
Listener:Sent_pong;839;C323
Dispatcher:C323;427540;30552;256;0;2;204;249;791;839
Listener:Sent_pong;838;CE13
Dispatcher:CE13;427576;24417;256;0;2;192;249;775;838
Listener:Sent_pong;839;E934
Dispatcher:E934;427623;25702;256;0;2;201;249;789;839
Listener:Sent_pong;839;9375
Dispatcher:9375;427664;25360;256;0;2;207;255;786;839
Listener:Sent_pong;840;A7E4
Dispatcher:A7E4;427733;25665;256;0;2;207;255;787;840
Listener:Sent_pong;839;8D93
Dispatcher:8D93;427737;39224;256;0;2;205;255;765;839
Listener:Sent_pong;839;A78F
Dispatcher:A78F;427775;33969;256;0;2;201;249;771;839
Listener:Sent_pong;840;F010
Dispatcher:F010;427820;27905;256;0;2;198;249;774;840
Listener:Sent_pong;840;2EDF
Dispatcher:2EDF;427895;29234;256;0;2;201;249;771;840
Listener:Sent_pong;840;904F
Dispatcher:904F;427964;27912;256;0;2;193;255;804;840
Listener:Sent_pong;840;FCED
Dispatcher:FCED;427995;25667;256;0;2;210;253;777;840
Listener:Sent_pong;840;C323
Dispatcher:C323;428049;32654;256;0;2;204;249;792;840
Listener:Sent_pong;839;CE13
Dispatcher:CE13;428085;26359;256;0;2;192;249;776;839
Listener:Sent_pong;840;E934
Dispatcher:E934;428131;27286;256;0;2;201;249;790;840
Listener:Sent_pong;840;9375
Dispatcher:9375;428172;27260;256;0;2;207;255;787;840
Listener:Sent_pong;841;A7E4
Dispatcher:A7E4;428242;27888;256;0;2;207;255;788;841
Listener:Sent_pong;840;8D93
Dispatcher:8D93;428244;26006;256;0;2;205;255;766;840
Listener:Sent_pong;840;A78F
Dispatcher:A78F;428284;58985;256;0;2;201;249;772;840
Listener:Sent_pong;840;67E2
Dispatcher:67E2;428309;34252;256;0;2;204;249;778;840
Listener:Sent_pong;841;F010
Dispatcher:F010;428345;46235;256;0;2;198;249;775;841
Listener:Sent_pong;841;0002
Dispatcher:0002;428354;49003;256;0;2;189;249;796;841
Listener:Sent_pong;841;2EDF
Dispatcher:2EDF;428404;29214;256;0;2;201;249;772;841
Listener:Sent_pong;841;904F
Dispatcher:904F;428473;51216;256;0;2;193;255;805;841
Listener:Sent_pong;841;FCED
Dispatcher:FCED;428519;42531;256;0;2;210;253;778;841
Listener:Sent_pong;841;C323
Dispatcher:C323;428557;28894;256;0;2;204;249;793;841
Listener:Sent_pong;840;CE13
Dispatcher:CE13;428612;47955;256;0;2;192;249;777;840
Listener:Sent_pong;841;E934
Dispatcher:E934;428639;27632;256;0;2;201;249;791;841
Listener:Sent_pong;841;9375
Dispatcher:9375;428689;36424;256;0;2;207;255;788;841
Listener:Sent_pong;842;A7E4
Dispatcher:A7E4;428751;29998;256;0;2;207;255;789;842
Listener:Sent_pong;841;8D93
Dispatcher:8D93;428753;28261;256;0;2;205;255;767;841
Listener:Sent_pong;841;A78F
Dispatcher:A78F;428797;31221;256;0;2;201;249;773;841
Listener:Sent_pong;841;67E2
Dispatcher:67E2;428816;24736;256;0;2;204;249;779;841
Listener:Sent_pong;842;0002
Dispatcher:0002;428880;54357;256;0;2;189;249;797;842
Listener:Sent_pong;842;2EDF
Dispatcher:2EDF;428916;31892;256;0;2;201;249;773;842
Listener:Sent_pong;842;904F
Dispatcher:904F;428979;24380;256;0;2;193;255;806;842
Listener:Sent_pong;842;FCED
Dispatcher:FCED;429026;28214;256;0;2;210;253;779;842
Listener:Sent_pong;842;C323
Dispatcher:C323;429066;28872;256;0;2;204;249;794;842
Listener:Sent_pong;841;CE13
Dispatcher:CE13;429120;25359;256;0;2;192;249;778;841
Listener:Sent_pong;842;E934
Dispatcher:E934;429148;25354;256;0;2;201;249;792;842
Listener:Sent_pong;842;9375
Dispatcher:9375;429198;54284;256;0;2;207;255;789;842
Listener:Sent_pong;843;A7E4
Dispatcher:A7E4;429289;60232;256;0;2;207;255;790;843
Listener:Sent_pong;842;8D93
Dispatcher:8D93;429283;54775;256;0;2;205;255;768;842
Listener:Sent_pong;842;A78F
Dispatcher:A78F;429321;42701;256;0;2;201;249;774;842
Listener:Sent_pong;843;F010
Dispatcher:F010;429384;31713;256;0;2;198;249;776;843
Listener:Sent_pong;843;2EDF
Dispatcher:2EDF;429433;47240;256;0;2;201;249;774;843
Listener:Sent_pong;843;904F
Dispatcher:904F;429493;31862;256;0;2;193;255;807;843
Listener:Sent_pong;843;FCED
Dispatcher:FCED;429535;24740;256;0;2;210;249;780;843
Listener:Sent_pong;843;C323
Dispatcher:C323;429573;24412;256;0;2;204;249;795;843
Listener:Sent_pong;842;CE13
Dispatcher:CE13;429632;29269;256;0;2;192;249;779;842
Listener:Sent_pong;843;9375
Dispatcher:9375;429705;28580;256;0;2;207;255;790;843
Listener:Sent_pong;844;A7E4
Dispatcher:A7E4;429796;28558;256;0;2;207;255;791;844
Listener:Sent_pong;843;8D93
Dispatcher:8D93;429791;26965;256;0;2;205;255;769;843
Listener:Sent_pong;843;A78F
Dispatcher:A78F;429828;42701;256;0;2;201;249;774;843
Listener:Sent_pong;843;67E2
Dispatcher:67E2;429859;55406;256;0;2;204;249;780;843
Listener:Sent_pong;844;F010
Dispatcher:F010;429905;49245;256;0;2;198;249;777;844
Listener:Sent_pong;844;2EDF
Dispatcher:2EDF;429941;35400;256;0;2;201;249;775;844
Listener:Sent_pong;844;904F
Dispatcher:904F;430001;27274;256;0;2;193;255;808;844
Listener:Sent_pong;844;FCED
Dispatcher:FCED;430043;27951;256;0;2;210;249;781;844
Listener:Sent_pong;844;C323
Dispatcher:C323;430082;26650;256;0;2;204;249;796;844
Listener:Sent_pong;843;CE13
Dispatcher:CE13;430140;67941;256;0;2;192;249;780;843
Listener:Sent_pong;844;E934
Dispatcher:E934;430162;25362;256;0;2;201;249;793;844
Listener:Sent_pong;844;9375
Dispatcher:9375;430214;28892;256;0;2;207;255;791;844
Listener:Sent_pong;845;A7E4
Dispatcher:A7E4;430305;27910;256;0;2;207;255;792;845
Listener:Sent_pong;844;8D93
Dispatcher:8D93;430298;26648;256;0;2;205;255;770;844
Listener:Sent_pong;844;A78F
Dispatcher:A78F;430336;23773;256;0;2;201;249;775;844
Listener:Sent_pong;844;67E2
Dispatcher:67E2;430368;26954;256;0;2;204;249;781;844
Listener:Sent_pong;845;F010
Dispatcher:F010;430414;38889;256;0;2;198;249;778;845
Listener:Sent_pong;845;2EDF
Dispatcher:2EDF;430450;42384;256;0;2;201;249;776;845
Listener:Sent_pong;845;904F
Dispatcher:904F;430509;27934;256;0;2;193;255;809;845
Listener:Sent_pong;845;FCED
Dispatcher:FCED;430552;28045;256;0;2;210;249;782;845
Listener:Sent_pong;845;C323
Dispatcher:C323;430590;26660;256;0;2;204;249;797;845
Listener:Sent_pong;844;CE13
Dispatcher:CE13;430648;25025;256;0;2;192;249;781;844
Listener:Sent_pong;845;E934
Dispatcher:E934;430676;33396;256;0;2;201;249;794;845
Listener:Sent_pong;845;9375
Dispatcher:9375;430722;28548;256;0;2;207;255;792;845
Listener:Sent_pong;846;A7E4
Dispatcher:A7E4;430814;28877;256;0;2;207;255;793;846
Listener:Sent_pong;845;A78F
Dispatcher:A78F;430844;25989;256;0;2;201;249;776;845
Listener:Sent_pong;845;67E2
Dispatcher:67E2;430877;29838;256;0;2;204;249;782;845
Listener:Sent_pong;846;F010
Dispatcher:F010;430922;38889;256;0;2;198;249;778;846
Listener:Sent_pong;846;0002
Dispatcher:0002;430958;54357;256;0;2;189;249;797;846
Listener:Sent_pong;846;904F
Dispatcher:904F;431018;26978;256;0;2;193;255;810;846
Listener:Sent_pong;846;FCED
Dispatcher:FCED;431061;29822;256;0;2;210;249;783;846
Listener:Sent_pong;846;C323
Dispatcher:C323;431097;26624;256;0;2;204;249;798;846
Listener:Sent_pong;845;CE13
Dispatcher:CE13;431156;24405;256;0;2;192;249;782;845
Listener:Sent_pong;846;E934
Dispatcher:E934;431184;29026;256;0;2;201;249;795;846
Listener:Sent_pong;846;9375
Dispatcher:9375;431230;27592;256;0;2;207;255;793;846
Listener:Sent_pong;847;A7E4
Dispatcher:A7E4;431322;58759;256;0;2;207;255;794;847
Listener:Sent_pong;846;8D93
Dispatcher:8D93;431339;30135;256;0;2;205;255;771;846
Listener:Sent_pong;846;67E2
Dispatcher:67E2;431385;35134;256;0;2;204;249;783;846
Listener:Sent_pong;847;F010
Dispatcher:F010;431429;24399;256;0;2;198;249;779;847
Listener:Sent_pong;847;0002
Dispatcher:0002;431466;42249;256;0;2;189;249;798;847
Listener:Sent_pong;847;2EDF
Dispatcher:2EDF;431501;48630;256;0;2;201;249;777;847
Listener:Sent_pong;847;904F
Dispatcher:904F;431525;23440;256;0;2;193;255;811;847
Listener:Sent_pong;847;FCED
Dispatcher:FCED;431570;26332;256;0;2;210;249;784;847
Listener:Sent_pong;847;C323
Dispatcher:C323;431614;34172;256;0;2;204;249;799;847
Listener:Sent_pong;846;CE13
Dispatcher:CE13;431663;24411;256;0;2;192;249;783;846
Listener:Sent_pong;847;E934
Dispatcher:E934;431692;26630;256;0;2;201;249;796;847
Listener:Sent_pong;847;9375
Dispatcher:9375;431737;23446;256;0;2;207;255;794;847
Listener:Sent_pong;848;A7E4
Dispatcher:A7E4;431829;25001;256;0;2;207;255;795;848
Listener:Sent_pong;847;8D93
Dispatcher:8D93;431847;29107;256;0;2;205;255;772;847
Listener:Sent_pong;847;67E2
Dispatcher:67E2;431892;24402;256;0;2;204;249;784;847
Listener:Sent_pong;848;F010
Dispatcher:F010;431936;25345;256;0;2;198;249;780;848
Listener:Sent_pong;848;0002
Dispatcher:0002;431974;25353;256;0;2;189;249;799;848
Listener:Sent_pong;848;2EDF
Dispatcher:2EDF;432009;23784;256;0;2;201;249;778;848
Listener:Sent_pong;848;904F
Dispatcher:904F;432034;27246;256;0;2;193;255;812;848
Listener:Sent_pong;848;FCED
Dispatcher:FCED;432078;25695;256;0;2;210;249;785;848
Listener:Sent_pong;848;C323
Dispatcher:C323;432122;32028;256;0;2;204;249;800;848
Listener:Sent_pong;847;CE13
Dispatcher:CE13;432172;26965;256;0;2;192;249;784;847
Listener:Sent_pong;848;E934
Dispatcher:E934;432201;25700;256;0;2;201;249;797;848
Listener:Sent_pong;848;9375
Dispatcher:9375;432245;27894;256;0;2;207;255;795;848
Listener:Sent_pong;849;A7E4
Dispatcher:A7E4;432338;25663;256;0;2;207;255;796;849
Listener:Sent_pong;848;8D93
Dispatcher:8D93;432356;42539;256;0;2;205;255;773;848
Listener:Sent_pong;848;A78F
Dispatcher:A78F;432395;29181;256;0;2;201;249;777;848
Listener:Sent_pong;849;F010
Dispatcher:F010;432445;30611;256;0;2;198;249;781;849
Listener:Sent_pong;849;0002
Dispatcher:0002;432483;25687;256;0;2;189;249;800;849
Listener:Sent_pong;849;2EDF
Dispatcher:2EDF;432517;25412;256;0;2;201;249;779;849
Listener:Sent_pong;849;904F
Dispatcher:904F;432542;30298;256;0;2;193;255;813;849
Listener:Sent_pong;849;FCED
Dispatcher:FCED;432586;24754;256;0;2;210;249;786;849
Listener:Sent_pong;849;C323
Dispatcher:C323;432631;25704;256;0;2;204;249;801;849
Listener:Sent_pong;848;CE13
Dispatcher:CE13;432679;25689;256;0;2;192;249;785;848
Listener:Sent_pong;849;E934
Dispatcher:E934;432707;26642;256;0;2;201;249;798;849
Listener:Sent_pong;849;9375
Dispatcher:9375;432760;32124;256;0;2;207;255;796;849
Listener:Sent_pong;850;A7E4
Dispatcher:A7E4;432845;24997;256;0;2;207;255;797;850
Listener:Sent_pong;849;8D93
Dispatcher:8D93;432870;31578;256;0;2;205;255;774;849
Listener:Sent_pong;849;A78F
Dispatcher:A78F;432902;29181;256;0;2;201;249;777;849
Listener:Sent_pong;849;67E2
Dispatcher:67E2;432935;33080;256;0;2;204;249;785;849
Listener:Sent_pong;850;F010
Dispatcher:F010;432958;39247;256;0;2;198;249;782;850
Listener:Sent_pong;850;0002
Dispatcher:0002;432990;28217;256;0;2;189;249;801;850
Listener:Sent_pong;850;2EDF
Dispatcher:2EDF;433023;24416;256;0;2;201;249;780;850
Listener:Sent_pong;850;FCED
Dispatcher:FCED;433093;23431;256;0;2;210;249;787;850
Listener:Sent_pong;850;904F
Dispatcher:904F;433049;25664;256;0;2;193;255;814;850
Listener:Sent_pong;850;C323
Dispatcher:C323;433139;26004;256;0;2;204;249;802;850
Listener:Sent_pong;849;CE13
Dispatcher:CE13;433187;27615;256;0;2;192;249;786;849
Listener:Sent_pong;850;E934
Dispatcher:E934;433215;26640;256;0;2;201;249;799;850
Listener:Sent_pong;850;9375
Dispatcher:9375;433269;32124;256;0;2;207;255;796;850
Listener:Sent_pong;851;A7E4
Dispatcher:A7E4;433379;53097;256;0;2;207;255;798;851
Listener:Sent_pong;850;8D93
Dispatcher:8D93;433378;51200;256;0;2;205;255;775;850
Listener:Sent_pong;850;A78F
Dispatcher:A78F;433428;48293;256;0;2;201;249;778;850
Listener:Sent_pong;850;67E2
Dispatcher:67E2;433453;38260;256;0;2;204;249;786;850
Listener:Sent_pong;851;F010
Dispatcher:F010;433488;51129;256;0;2;198;249;783;851
Listener:Sent_pong;851;0002
Dispatcher:0002;433518;63915;256;0;2;189;249;802;851
Listener:Sent_pong;851;2EDF
Dispatcher:2EDF;433562;62070;256;0;2;201;249;781;851
Listener:Sent_pong;851;904F
Dispatcher:904F;433591;90654;256;0;2;193;255;815;851
Listener:Sent_pong;851;FCED
Dispatcher:FCED;433600;24400;256;0;2;210;249;788;851
Listener:Sent_pong;851;C323
Dispatcher:C323;433647;26654;256;0;2;204;249;803;851
Listener:Sent_pong;850;CE13
Dispatcher:CE13;433695;32335;256;0;2;192;249;787;850
Listener:Sent_pong;851;E934
Dispatcher:E934;433725;31630;256;0;2;201;249;800;851
Listener:Sent_pong;851;9375
Dispatcher:9375;433777;26304;256;0;2;207;255;797;851
Listener:Sent_pong;852;A7E4
Dispatcher:A7E4;433888;27892;256;0;2;207;255;799;852
Listener:Sent_pong;851;8D93
Dispatcher:8D93;433888;29549;256;0;2;205;255;776;851
Listener:Sent_pong;851;A78F
Dispatcher:A78F;433936;28893;256;0;2;201;249;779;851
Listener:Sent_pong;851;67E2
Dispatcher:67E2;433960;26954;256;0;2;204;249;787;851
Listener:Sent_pong;852;F010
Dispatcher:F010;433997;38353;256;0;2;198;249;784;852
Listener:Sent_pong;852;0002
Dispatcher:0002;434030;29833;256;0;2;189;249;803;852
Listener:Sent_pong;852;2EDF
Dispatcher:2EDF;434069;26346;256;0;2;201;249;782;852
Listener:Sent_pong;852;904F
Dispatcher:904F;434098;38616;256;0;2;193;255;816;852
Listener:Sent_pong;852;FCED
Dispatcher:FCED;434132;50299;256;0;2;210;249;789;852
Listener:Sent_pong;852;C323
Dispatcher:C323;434154;26314;256;0;2;204;249;804;852
Listener:Sent_pong;851;CE13
Dispatcher:CE13;434204;26329;256;0;2;192;249;788;851
Listener:Sent_pong;852;E934
Dispatcher:E934;434234;28874;256;0;2;201;249;801;852
Listener:Sent_pong;852;9375
Dispatcher:9375;434286;28904;256;0;2;207;255;798;852
Listener:Sent_pong;853;A7E4
Dispatcher:A7E4;434402;35771;256;0;2;207;255;800;853
Listener:Sent_pong;852;8D93
Dispatcher:8D93;434396;34303;256;0;2;205;255;777;852
Listener:Sent_pong;852;A78F
Dispatcher:A78F;434443;24737;256;0;2;201;249;780;852
Listener:Sent_pong;852;67E2
Dispatcher:67E2;434468;28542;256;0;2;204;249;788;852
Listener:Sent_pong;853;F010
Dispatcher:F010;434505;28221;256;0;2;198;249;785;853
Listener:Sent_pong;853;0002
Dispatcher:0002;434544;33143;256;0;2;189;249;804;853
Listener:Sent_pong;853;2EDF
Dispatcher:2EDF;434576;24420;256;0;2;201;249;783;853
Listener:Sent_pong;853;904F
Dispatcher:904F;434606;26308;256;0;2;193;255;817;853
Listener:Sent_pong;853;FCED
Dispatcher:FCED;434639;27223;256;0;2;210;249;790;853
Listener:Sent_pong;853;C323
Dispatcher:C323;434663;26844;256;0;2;204;249;805;853
Listener:Sent_pong;852;CE13
Dispatcher:CE13;434712;24731;256;0;2;192;249;789;852
Listener:Sent_pong;853;E934
Dispatcher:E934;434742;38986;256;0;2;201;249;802;853
Listener:Sent_pong;853;9375
Dispatcher:9375;434793;27278;256;0;2;207;255;799;853
Listener:Sent_pong;854;A7E4
Dispatcher:A7E4;434909;25326;256;0;2;207;255;801;854
Listener:Sent_pong;853;8D93
Dispatcher:8D93;434903;26343;256;0;2;205;255;778;853
Listener:Sent_pong;853;A78F
Dispatcher:A78F;434958;35965;256;0;2;201;249;781;853
Listener:Sent_pong;853;67E2
Dispatcher:67E2;434982;33786;256;0;2;204;249;789;853
Listener:Sent_pong;854;F010
Dispatcher:F010;435014;30465;256;0;2;198;249;786;854
Listener:Sent_pong;854;0002
Dispatcher:0002;435052;30399;256;0;2;189;249;805;854
Listener:Sent_pong;854;2EDF
Dispatcher:2EDF;435085;28582;256;0;2;201;249;784;854
Listener:Sent_pong;854;904F
Dispatcher:904F;435115;26634;256;0;2;193;255;818;854
Listener:Sent_pong;854;FCED
Dispatcher:FCED;435146;29013;256;0;2;210;249;791;854
Listener:Sent_pong;854;C323
Dispatcher:C323;435171;28006;256;0;2;204;249;806;854
Listener:Sent_pong;853;CE13
Dispatcher:CE13;435220;26323;256;0;2;192;249;790;853
Listener:Sent_pong;854;E934
Dispatcher:E934;435250;29204;256;0;2;201;249;803;854
Listener:Sent_pong;854;9375
Dispatcher:9375;435300;23438;256;0;2;207;255;800;854
Listener:Sent_pong;855;A7E4
Dispatcher:A7E4;435418;24406;256;0;2;207;255;802;855
Listener:Sent_pong;854;8D93
Dispatcher:8D93;435411;24089;256;0;2;205;255;779;854
Listener:Sent_pong;854;A78F
Dispatcher:A78F;435465;30421;256;0;2;201;249;782;854
Listener:Sent_pong;854;67E2
Dispatcher:67E2;435490;26966;256;0;2;204;249;790;854
Listener:Sent_pong;855;F010
Dispatcher:F010;435522;23429;256;0;2;198;249;787;855
Listener:Sent_pong;855;0002
Dispatcher:0002;435559;24385;256;0;2;189;249;806;855
Listener:Sent_pong;855;2EDF
Dispatcher:2EDF;435591;25068;256;0;2;201;249;785;855
Listener:Sent_pong;855;904F
Dispatcher:904F;435623;29840;256;0;2;193;255;819;855
Listener:Sent_pong;855;FCED
Dispatcher:FCED;435655;28561;256;0;2;210;249;792;855
Listener:Sent_pong;855;C323
Dispatcher:C323;435687;34062;256;0;2;204;249;807;855
Listener:Sent_pong;854;CE13
Dispatcher:CE13;435728;26311;256;0;2;192;249;791;854
Listener:Sent_pong;855;E934
Dispatcher:E934;435758;24394;256;0;2;201;249;804;855
Listener:Sent_pong;855;9375
Dispatcher:9375;435806;23444;256;0;2;207;255;801;855
Listener:Sent_pong;856;A7E4
Dispatcher:A7E4;435932;32146;256;0;2;207;255;803;856
Listener:Sent_pong;855;8D93
Dispatcher:8D93;435922;32165;256;0;2;205;255;780;855
Listener:Sent_pong;855;A78F
Dispatcher:A78F;435973;27915;256;0;2;201;249;783;855
Listener:Sent_pong;855;67E2
Dispatcher:67E2;435998;29374;256;0;2;204;249;791;855
Listener:Sent_pong;856;F010
Dispatcher:F010;436029;25353;256;0;2;198;249;788;856
Listener:Sent_pong;856;0002
Dispatcher:0002;436068;34905;256;0;2;189;249;807;856
Listener:Sent_pong;856;2EDF
Dispatcher:2EDF;436101;32204;256;0;2;201;249;786;856
Listener:Sent_pong;856;904F
Dispatcher:904F;436131;28244;256;0;2;193;255;820;856
Listener:Sent_pong;856;FCED
Dispatcher:FCED;436162;26644;256;0;2;210;249;793;856
Listener:Sent_pong;856;C323
Dispatcher:C323;436195;27892;256;0;2;204;249;808;856
Listener:Sent_pong;855;CE13
Dispatcher:CE13;436242;32495;256;0;2;192;249;792;855
Listener:Sent_pong;856;E934
Dispatcher:E934;436265;24454;256;0;2;201;249;805;856
Listener:Sent_pong;856;9375
Dispatcher:9375;436314;27598;256;0;2;207;255;802;856
Listener:Sent_pong;857;A7E4
Dispatcher:A7E4;436439;25990;256;0;2;207;255;804;857
Listener:Sent_pong;856;8D93
Dispatcher:8D93;436431;29474;256;0;2;205;255;781;856
Listener:Sent_pong;856;A78F
Dispatcher:A78F;436481;29209;256;0;2;201;249;784;856
Listener:Sent_pong;856;67E2
Dispatcher:67E2;436507;29956;256;0;2;204;249;792;856
Listener:Sent_pong;857;F010
Dispatcher:F010;436539;28269;256;0;2;198;249;789;857
Listener:Sent_pong;857;0002
Dispatcher:0002;436575;25359;256;0;2;189;249;808;857
Listener:Sent_pong;857;2EDF
Dispatcher:2EDF;436609;32338;256;0;2;201;249;787;857
Listener:Sent_pong;857;904F
Dispatcher:904F;436639;26966;256;0;2;193;255;821;857
Listener:Sent_pong;857;FCED
Dispatcher:FCED;436669;24374;256;0;2;210;249;794;857
Listener:Sent_pong;857;C323
Dispatcher:C323;436703;24086;256;0;2;204;249;809;857
Listener:Sent_pong;856;CE13
Dispatcher:CE13;436750;27921;256;0;2;192;249;793;856
Listener:Sent_pong;857;E934
Dispatcher:E934;436775;28316;256;0;2;201;249;806;857
Listener:Sent_pong;857;9375
Dispatcher:9375;436822;42086;256;0;2;207;255;803;857
Listener:Sent_pong;858;A7E4
Dispatcher:A7E4;436948;27903;256;0;2;207;255;805;858
Listener:Sent_pong;857;8D93
Dispatcher:8D93;436944;34085;256;0;2;205;255;782;857
Listener:Sent_pong;857;A78F
Dispatcher:A78F;436989;29817;256;0;2;201;249;785;857
Listener:Sent_pong;857;67E2
Dispatcher:67E2;437013;25998;256;0;2;204;249;793;857
Listener:Sent_pong;858;F010
Dispatcher:F010;437051;31871;256;0;2;198;249;790;858
Listener:Sent_pong;858;0002
Dispatcher:0002;437084;29523;256;0;2;189;249;809;858
Listener:Sent_pong;858;2EDF
Dispatcher:2EDF;437118;27956;256;0;2;201;249;788;858
Listener:Sent_pong;858;904F
Dispatcher:904F;437152;30846;256;0;2;193;255;822;858
Listener:Sent_pong;858;FCED
Dispatcher:FCED;437177;25997;256;0;2;210;249;795;858
Listener:Sent_pong;858;C323
Dispatcher:C323;437211;26950;256;0;2;204;249;810;858
Listener:Sent_pong;857;CE13
Dispatcher:CE13;437258;25681;256;0;2;192;249;794;857
Listener:Sent_pong;858;E934
Dispatcher:E934;437284;28896;256;0;2;201;249;807;858
Listener:Sent_pong;858;9375
Dispatcher:9375;437329;24390;256;0;2;207;255;804;858
Listener:Sent_pong;859;A7E4
Dispatcher:A7E4;437456;26642;256;0;2;207;255;806;859
Listener:Sent_pong;858;8D93
Dispatcher:8D93;437453;50813;256;0;2;205;255;783;858
Listener:Sent_pong;858;A78F
Dispatcher:A78F;437501;31597;256;0;2;201;249;786;858
Listener:Sent_pong;858;67E2
Dispatcher:67E2;437522;28330;256;0;2;204;249;794;858
Listener:Sent_pong;859;F010
Dispatcher:F010;437558;34363;256;0;2;198;249;791;859
Listener:Sent_pong;859;0002
Dispatcher:0002;437591;23451;256;0;2;189;249;810;859
Listener:Sent_pong;859;2EDF
Dispatcher:2EDF;437626;26654;256;0;2;201;249;789;859
Listener:Sent_pong;859;904F
Dispatcher:904F;437660;28670;256;0;2;193;255;823;859
Listener:Sent_pong;859;FCED
Dispatcher:FCED;437685;28215;256;0;2;210;249;796;859
Listener:Sent_pong;859;C323
Dispatcher:C323;437719;27602;256;0;2;204;249;811;859
Listener:Sent_pong;858;CE13
Dispatcher:CE13;437766;24389;256;0;2;192;249;795;858
Listener:Sent_pong;859;E934
Dispatcher:E934;437791;27580;256;0;2;201;249;808;859
Listener:Sent_pong;859;9375
Dispatcher:9375;437838;29220;256;0;2;207;255;805;859
Listener:Sent_pong;860;A7E4
Dispatcher:A7E4;437963;25642;256;0;2;207;255;807;860
Listener:Sent_pong;859;8D93
Dispatcher:8D93;437960;28266;256;0;2;205;255;784;859
Listener:Sent_pong;859;A78F
Dispatcher:A78F;438008;24399;256;0;2;201;249;787;859
Listener:Sent_pong;859;67E2
Dispatcher:67E2;438030;25020;256;0;2;204;249;795;859
Listener:Sent_pong;860;F010
Dispatcher:F010;438066;27269;256;0;2;198;249;792;860
Listener:Sent_pong;860;0002
Dispatcher:0002;438100;27921;256;0;2;189;249;811;860
Listener:Sent_pong;860;2EDF
Dispatcher:2EDF;438134;26954;256;0;2;201;249;790;860
Listener:Sent_pong;860;904F
Dispatcher:904F;438169;27622;256;0;2;193;255;824;860
Listener:Sent_pong;860;FCED
Dispatcher:FCED;438196;28343;256;0;2;210;249;797;860
Listener:Sent_pong;860;C323
Dispatcher:C323;438227;28556;256;0;2;204;249;812;860
Listener:Sent_pong;859;CE13
Dispatcher:CE13;438273;23445;256;0;2;192;249;796;859
Listener:Sent_pong;860;E934
Dispatcher:E934;438304;30280;256;0;2;201;249;809;860
Listener:Sent_pong;860;9375
Dispatcher:9375;438347;30782;256;0;2;207;255;806;860
Listener:Sent_pong;861;A7E4
Dispatcher:A7E4;438470;27571;256;0;2;207;255;808;861
Listener:Sent_pong;860;8D93
Dispatcher:8D93;438468;26034;256;0;2;205;255;785;860
Listener:Sent_pong;860;A78F
Dispatcher:A78F;438517;27921;256;0;2;201;249;788;860
Listener:Sent_pong;860;67E2
Dispatcher:67E2;438539;28556;256;0;2;204;249;796;860
Listener:Sent_pong;861;F010
Dispatcher:F010;438574;24721;256;0;2;198;249;793;861
Listener:Sent_pong;861;0002
Dispatcher:0002;438615;33775;256;0;2;189;249;812;861
Listener:Sent_pong;861;2EDF
Dispatcher:2EDF;438641;27924;256;0;2;201;249;791;861
Listener:Sent_pong;861;904F
Dispatcher:904F;438677;27276;256;0;2;193;255;825;861
Listener:Sent_pong;861;FCED
Dispatcher:FCED;438704;27589;256;0;2;210;249;798;861
Listener:Sent_pong;861;C323
Dispatcher:C323;438736;27284;256;0;2;204;249;813;861
Listener:Sent_pong;860;CE13
Dispatcher:CE13;438780;24395;256;0;2;192;249;797;860
Listener:Sent_pong;861;E934
Dispatcher:E934;438812;30420;256;0;2;201;249;810;861
Listener:Sent_pong;861;9375
Dispatcher:9375;438856;27918;256;0;2;207;255;807;861
Listener:Sent_pong;862;A7E4
Dispatcher:A7E4;438979;28541;256;0;2;207;255;809;862
Listener:Sent_pong;861;8D93
Dispatcher:8D93;438976;25039;256;0;2;205;255;786;861
Listener:Sent_pong;861;A78F
Dispatcher:A78F;439025;31687;256;0;2;201;249;789;861
Listener:Sent_pong;861;67E2
Dispatcher:67E2;439053;34886;256;0;2;204;249;797;861
Listener:Sent_pong;862;F010
Dispatcher:F010;439083;27651;256;0;2;198;249;794;862
Listener:Sent_pong;862;0002
Dispatcher:0002;439124;33273;256;0;2;189;249;813;862
Listener:Sent_pong;862;2EDF
Dispatcher:2EDF;439156;32026;256;0;2;201;249;792;862
Listener:Sent_pong;862;904F
Dispatcher:904F;439185;29508;256;0;2;193;255;826;862
Listener:Sent_pong;862;FCED
Dispatcher:FCED;439212;26314;256;0;2;210;249;799;862
Listener:Sent_pong;861;CE13
Dispatcher:CE13;439288;26627;256;0;2;192;249;798;861
Listener:Sent_pong;862;E934
Dispatcher:E934;439321;28558;256;0;2;201;249;811;862
Listener:Sent_pong;862;9375
Dispatcher:9375;439364;26932;256;0;2;207;255;808;862
Listener:Sent_pong;863;A7E4
Dispatcher:A7E4;439487;28196;256;0;2;207;255;810;863
Listener:Sent_pong;862;8D93
Dispatcher:8D93;439484;28249;256;0;2;205;255;787;862
Listener:Sent_pong;862;A78F
Dispatcher:A78F;439533;36611;256;0;2;201;249;790;862
Listener:Sent_pong;862;67E2
Dispatcher:67E2;439564;31183;256;0;2;204;249;798;862
Listener:Sent_pong;863;F010
Dispatcher:F010;439597;31195;256;0;2;198;249;795;863
Listener:Sent_pong;863;0002
Dispatcher:0002;439633;26633;256;0;2;189;249;814;863
Listener:Sent_pong;863;2EDF
Dispatcher:2EDF;439665;25194;256;0;2;201;249;793;863
Listener:Sent_pong;863;904F
Dispatcher:904F;439694;52170;256;0;2;193;255;827;863
Listener:Sent_pong;863;FCED
Dispatcher:FCED;439748;79294;256;0;2;210;249;800;863
Listener:Sent_pong;863;C323
Dispatcher:C323;439775;28224;256;0;2;204;249;814;863
Listener:Sent_pong;862;CE13
Dispatcher:CE13;439809;38159;256;0;2;192;249;799;862
Listener:Sent_pong;863;E934
Dispatcher:E934;439830;27426;256;0;2;201;249;812;863
Listener:Sent_pong;863;9375
Dispatcher:9375;439871;27912;256;0;2;207;255;809;863
Listener:Sent_pong;864;A7E4
Dispatcher:A7E4;439995;30611;256;0;2;207;255;811;864
Listener:Sent_pong;863;8D93
Dispatcher:8D93;439991;26652;256;0;2;205;255;788;863
Listener:Sent_pong;863;A78F
Dispatcher:A78F;440041;26647;256;0;2;201;249;791;863
Listener:Sent_pong;863;67E2
Dispatcher:67E2;440073;27918;256;0;2;204;249;799;863
Listener:Sent_pong;864;F010
Dispatcher:F010;440105;28529;256;0;2;198;249;796;864
Listener:Sent_pong;864;0002
Dispatcher:0002;440142;29821;256;0;2;189;249;815;864
Listener:Sent_pong;864;2EDF
Dispatcher:2EDF;440172;45336;256;0;2;201;249;794;864
Listener:Sent_pong;864;904F
Dispatcher:904F;440224;46420;256;0;2;193;255;828;864
Listener:Sent_pong;864;FCED
Dispatcher:FCED;440256;26344;256;0;2;210;249;801;864
Listener:Sent_pong;864;C323
Dispatcher:C323;440283;25356;256;0;2;204;249;815;864
Listener:Sent_pong;863;CE13
Dispatcher:CE13;440316;25721;256;0;2;192;249;800;863
Listener:Sent_pong;864;9375
Dispatcher:9375;440387;32848;256;0;2;207;255;810;864
Listener:Sent_pong;865;A7E4
Dispatcher:A7E4;440502;32856;256;0;2;207;255;812;865
Listener:Sent_pong;864;8D93
Dispatcher:8D93;440500;29817;256;0;2;205;255;789;864
Listener:Sent_pong;864;A78F
Dispatcher:A78F;440549;23759;256;0;2;201;249;792;864
Listener:Sent_pong;864;67E2
Dispatcher:67E2;440581;28948;256;0;2;204;249;800;864
Listener:Sent_pong;865;F010
Dispatcher:F010;440611;41129;256;0;2;198;249;797;865
Listener:Sent_pong;865;0002
Dispatcher:0002;440649;33725;256;0;2;189;249;816;865
Listener:Sent_pong;865;2EDF
Dispatcher:2EDF;440684;34652;256;0;2;201;249;795;865
Listener:Sent_pong;865;904F
Dispatcher:904F;440732;28272;256;0;2;193;255;829;865
Listener:Sent_pong;865;FCED
Dispatcher:FCED;440762;25998;256;0;2;210;249;802;865
Listener:Sent_pong;865;C323
Dispatcher:C323;440791;33610;256;0;2;204;249;816;865
Listener:Sent_pong;864;CE13
Dispatcher:CE13;440830;25721;256;0;2;192;249;800;864
Listener:Sent_pong;865;E934
Dispatcher:E934;440870;27996;256;0;2;201;249;813;865
Listener:Sent_pong;865;9375
Dispatcher:9375;440895;58490;256;0;2;207;255;811;865
Listener:Sent_pong;866;A7E4
Dispatcher:A7E4;441011;26964;256;0;2;207;255;813;866
Listener:Sent_pong;865;8D93
Dispatcher:8D93;441015;31498;256;0;2;205;255;790;865
Listener:Sent_pong;865;A78F
Dispatcher:A78F;441055;23451;256;0;2;201;249;793;865
Listener:Sent_pong;865;67E2
Dispatcher:67E2;441089;28566;256;0;2;204;249;801;865
Listener:Sent_pong;866;F010
Dispatcher:F010;441123;32455;256;0;2;198;249;798;866
Listener:Sent_pong;866;0002
Dispatcher:0002;441156;25363;256;0;2;189;249;817;866
Listener:Sent_pong;866;2EDF
Dispatcher:2EDF;441192;24752;256;0;2;201;249;796;866
Listener:Sent_pong;866;904F
Dispatcher:904F;441240;26966;256;0;2;193;255;830;866
Listener:Sent_pong;866;FCED
Dispatcher:FCED;441270;27604;256;0;2;210;249;803;866
Listener:Sent_pong;866;C323
Dispatcher:C323;441298;25676;256;0;2;204;249;817;866
Listener:Sent_pong;865;CE13
Dispatcher:CE13;441339;28551;256;0;2;192;249;801;865
Listener:Sent_pong;866;E934
Dispatcher:E934;441378;26042;256;0;2;201;249;814;866
Listener:Sent_pong;866;9375
Dispatcher:9375;441403;28238;256;0;2;207;255;812;866
Listener:Sent_pong;867;A7E4
Dispatcher:A7E4;441518;25657;256;0;2;207;255;814;867
Listener:Sent_pong;866;8D93
Dispatcher:8D93;441524;29368;256;0;2;205;255;791;866
Listener:Sent_pong;866;A78F
Dispatcher:A78F;441562;25339;256;0;2;201;249;794;866
Listener:Sent_pong;866;67E2
Dispatcher:67E2;441597;25998;256;0;2;204;249;802;866
Listener:Sent_pong;867;F010
Dispatcher:F010;441632;29621;256;0;2;198;249;799;867
Listener:Sent_pong;867;0002
Dispatcher:0002;441663;26307;256;0;2;189;249;818;867
Listener:Sent_pong;867;2EDF
Dispatcher:2EDF;441700;26976;256;0;2;201;249;797;867
Listener:Sent_pong;867;904F
Dispatcher:904F;441750;31242;256;0;2;193;255;831;867
Listener:Sent_pong;867;FCED
Dispatcher:FCED;441776;25368;256;0;2;210;249;804;867
Listener:Sent_pong;867;C323
Dispatcher:C323;441807;26634;256;0;2;204;249;818;867
Listener:Sent_pong;866;CE13
Dispatcher:CE13;441846;29333;256;0;2;192;249;802;866
Listener:Sent_pong;867;E934
Dispatcher:E934;441886;25840;256;0;2;201;249;815;867
Listener:Sent_pong;867;9375
Dispatcher:9375;441912;27910;256;0;2;207;255;813;867
Listener:Sent_pong;868;A7E4
Dispatcher:A7E4;442027;29826;256;0;2;207;255;815;868
Listener:Sent_pong;867;8D93
Dispatcher:8D93;442033;28548;256;0;2;205;255;792;867
Listener:Sent_pong;867;A78F
Dispatcher:A78F;442070;25031;256;0;2;201;249;795;867
Listener:Sent_pong;867;67E2
Dispatcher:67E2;442105;24714;256;0;2;204;249;803;867
Listener:Sent_pong;868;F010
Dispatcher:F010;442140;27607;256;0;2;198;249;800;868
Listener:Sent_pong;868;0002
Dispatcher:0002;442170;26001;256;0;2;189;249;819;868
Listener:Sent_pong;868;2EDF
Dispatcher:2EDF;442208;26650;256;0;2;201;249;798;868
Listener:Sent_pong;868;904F
Dispatcher:904F;442257;33296;256;0;2;193;255;832;868
Listener:Sent_pong;868;FCED
Dispatcher:FCED;442285;26700;256;0;2;210;249;805;868
Listener:Sent_pong;868;C323
Dispatcher:C323;442314;28886;256;0;2;204;249;819;868
Listener:Sent_pong;867;CE13
Dispatcher:CE13;442354;30953;256;0;2;192;249;803;867
Listener:Sent_pong;868;E934
Dispatcher:E934;442394;30482;256;0;2;201;249;816;868
Listener:Sent_pong;868;9375
Dispatcher:9375;442420;26022;256;0;2;207;255;814;868
Listener:Sent_pong;869;A7E4
Dispatcher:A7E4;442536;30732;256;0;2;207;255;816;869
Listener:Sent_pong;868;8D93
Dispatcher:8D93;442540;24416;256;0;2;205;255;793;868
Listener:Sent_pong;868;A78F
Dispatcher:A78F;442583;30507;256;0;2;201;249;796;868
Listener:Sent_pong;868;67E2
Dispatcher:67E2;442614;26966;256;0;2;204;249;804;868
Listener:Sent_pong;869;F010
Dispatcher:F010;442648;25975;256;0;2;198;249;801;869
Listener:Sent_pong;869;0002
Dispatcher:0002;442677;32133;256;0;2;189;249;820;869
Listener:Sent_pong;869;2EDF
Dispatcher:2EDF;442716;28568;256;0;2;201;249;799;869
Listener:Sent_pong;869;904F
Dispatcher:904F;442766;28558;256;0;2;193;255;833;869
Listener:Sent_pong;869;FCED
Dispatcher:FCED;442794;28267;256;0;2;210;249;806;869
Listener:Sent_pong;869;C323
Dispatcher:C323;442823;31610;256;0;2;204;249;820;869
Listener:Sent_pong;868;CE13
Dispatcher:CE13;442862;24715;256;0;2;192;249;804;868
Listener:Sent_pong;869;E934
Dispatcher:E934;442902;24070;256;0;2;201;249;817;869
Listener:Sent_pong;869;9375
Dispatcher:9375;442927;26302;256;0;2;207;255;815;869
Listener:Sent_pong;870;A7E4
Dispatcher:A7E4;443045;31102;256;0;2;207;255;817;870
Listener:Sent_pong;869;8D93
Dispatcher:8D93;443048;27932;256;0;2;205;255;794;869
Listener:Sent_pong;869;A78F
Dispatcher:A78F;443091;29497;256;0;2;201;249;797;869
Listener:Sent_pong;869;67E2
Dispatcher:67E2;443122;28854;256;0;2;204;249;805;869
Listener:Sent_pong;870;F010
Dispatcher:F010;443155;25335;256;0;2;198;249;802;870
Listener:Sent_pong;870;0002
Dispatcher:0002;443190;33535;256;0;2;189;249;821;870
Listener:Sent_pong;870;904F
Dispatcher:904F;443275;31122;256;0;2;193;255;834;870
Listener:Sent_pong;870;FCED
Dispatcher:FCED;443301;26610;256;0;2;210;249;807;870
Listener:Sent_pong;870;C323
Dispatcher:C323;443332;28874;256;0;2;204;249;821;870
Listener:Sent_pong;869;CE13
Dispatcher:CE13;443369;26305;256;0;2;192;249;805;869
Listener:Sent_pong;870;E934
Dispatcher:E934;443410;32186;256;0;2;201;249;818;870
Listener:Sent_pong;870;9375
Dispatcher:9375;443435;23758;256;0;2;207;255;816;870
Listener:Sent_pong;871;A7E4
Dispatcher:A7E4;443558;30877;256;0;2;207;255;818;871
Listener:Sent_pong;870;8D93
Dispatcher:8D93;443556;23760;256;0;2;205;255;795;870
Listener:Sent_pong;870;A78F
Dispatcher:A78F;443598;28365;256;0;2;201;249;798;870
Listener:Sent_pong;870;67E2
Dispatcher:67E2;443630;28528;256;0;2;204;249;806;870
Listener:Sent_pong;871;F010
Dispatcher:F010;443663;25687;256;0;2;198;249;803;871
Listener:Sent_pong;871;0002
Dispatcher:0002;443697;24699;256;0;2;189;249;822;871
Listener:Sent_pong;871;2EDF
Dispatcher:2EDF;443727;26656;256;0;2;201;249;800;871
Listener:Sent_pong;871;904F
Dispatcher:904F;443784;28242;256;0;2;193;255;835;871
Listener:Sent_pong;871;FCED
Dispatcher:FCED;443809;25667;256;0;2;210;249;808;871
Listener:Sent_pong;871;C323
Dispatcher:C323;443841;29830;256;0;2;204;249;822;871
Listener:Sent_pong;870;CE13
Dispatcher:CE13;443877;23761;256;0;2;192;249;806;870
Listener:Sent_pong;871;E934
Dispatcher:E934;443917;23440;256;0;2;201;249;819;871
Listener:Sent_pong;871;9375
Dispatcher:9375;443942;24374;256;0;2;207;255;817;871
Listener:Sent_pong;872;A7E4
Dispatcher:A7E4;444066;27882;256;0;2;207;255;819;872
Listener:Sent_pong;871;8D93
Dispatcher:8D93;444063;27595;256;0;2;205;255;796;871
Listener:Sent_pong;871;A78F
Dispatcher:A78F;444105;26623;256;0;2;201;249;799;871
Listener:Sent_pong;871;67E2
Dispatcher:67E2;444138;23732;256;0;2;204;249;807;871
Listener:Sent_pong;872;F010
Dispatcher:F010;444170;25993;256;0;2;198;249;804;872
Listener:Sent_pong;872;0002
Dispatcher:0002;444204;25675;256;0;2;189;249;823;872
Listener:Sent_pong;872;2EDF
Dispatcher:2EDF;444236;28716;256;0;2;201;249;801;872
Listener:Sent_pong;872;904F
Dispatcher:904F;444293;25986;256;0;2;193;255;836;872
Listener:Sent_pong;872;FCED
Dispatcher:FCED;444317;26954;256;0;2;210;249;809;872
Listener:Sent_pong;872;C323
Dispatcher:C323;444357;35668;256;0;2;204;249;823;872
Listener:Sent_pong;871;CE13
Dispatcher:CE13;444400;44241;256;0;2;192;249;807;871
Listener:Sent_pong;872;E934
Dispatcher:E934;444427;31358;256;0;2;201;249;820;872
Listener:Sent_pong;872;9375
Dispatcher:9375;444459;36724;256;0;2;207;255;818;872
Listener:Sent_pong;873;A7E4
Dispatcher:A7E4;444573;23098;256;0;2;207;255;820;873
Listener:Sent_pong;872;8D93
Dispatcher:8D93;444572;28882;256;0;2;205;255;797;872
Listener:Sent_pong;872;A78F
Dispatcher:A78F;444614;27917;256;0;2;201;249;800;872
Listener:Sent_pong;872;67E2
Dispatcher:67E2;444644;22464;256;0;2;204;249;808;872
Listener:Sent_pong;873;F010
Dispatcher:F010;444678;26955;256;0;2;198;249;805;873
Listener:Sent_pong;873;0002
Dispatcher:0002;444712;28237;256;0;2;189;249;824;873
Listener:Sent_pong;873;2EDF
Dispatcher:2EDF;444743;22502;256;0;2;201;249;802;873
Listener:Sent_pong;873;904F
Dispatcher:904F;444801;25366;256;0;2;193;255;837;873
Listener:Sent_pong;873;FCED
Dispatcher:FCED;444825;26636;256;0;2;210;249;810;873
Listener:Sent_pong;873;C323
Dispatcher:C323;444865;26978;256;0;2;204;249;824;873
Listener:Sent_pong;872;CE13
Dispatcher:CE13;444908;27287;256;0;2;192;249;808;872
Listener:Sent_pong;873;E934
Dispatcher:E934;444935;27598;256;0;2;201;249;821;873
Listener:Sent_pong;873;9375
Dispatcher:9375;444966;26956;256;0;2;207;255;819;873
Listener:Sent_pong;874;A7E4
Dispatcher:A7E4;445080;26645;256;0;2;207;255;821;874
Listener:Sent_pong;873;8D93
Dispatcher:8D93;445081;31572;256;0;2;205;255;798;873
Listener:Sent_pong;873;A78F
Dispatcher:A78F;445123;28541;256;0;2;201;249;801;873
Listener:Sent_pong;873;67E2
Dispatcher:67E2;445151;24702;256;0;2;204;249;809;873
Listener:Sent_pong;874;F010
Dispatcher:F010;445186;31259;256;0;2;198;249;806;874
Listener:Sent_pong;874;0002
Dispatcher:0002;445221;25993;256;0;2;189;249;825;874
Listener:Sent_pong;874;2EDF
Dispatcher:2EDF;445250;25672;256;0;2;201;249;803;874
Listener:Sent_pong;874;904F
Dispatcher:904F;445308;25370;256;0;2;193;255;838;874
Listener:Sent_pong;874;FCED
Dispatcher:FCED;445334;30153;256;0;2;210;249;811;874
Listener:Sent_pong;874;C323
Dispatcher:C323;445372;24408;256;0;2;204;249;825;874
Listener:Sent_pong;873;CE13
Dispatcher:CE13;445417;27581;256;0;2;192;249;809;873
Listener:Sent_pong;874;E934
Dispatcher:E934;445444;28254;256;0;2;201;249;822;874
Listener:Sent_pong;874;9375
Dispatcher:9375;445474;26626;256;0;2;207;255;820;874
Listener:Sent_pong;875;A7E4
Dispatcher:A7E4;445587;25034;256;0;2;207;255;822;875
Listener:Sent_pong;874;8D93
Dispatcher:8D93;445588;23443;256;0;2;205;255;799;874
Listener:Sent_pong;874;A78F
Dispatcher:A78F;445630;31253;256;0;2;201;249;802;874
Listener:Sent_pong;874;67E2
Dispatcher:67E2;445660;26958;256;0;2;204;249;810;874
Listener:Sent_pong;875;F010
Dispatcher:F010;445695;27249;256;0;2;198;249;807;875
Listener:Sent_pong;875;0002
Dispatcher:0002;445729;26313;256;0;2;189;249;826;875
Listener:Sent_pong;875;2EDF
Dispatcher:2EDF;445758;26966;256;0;2;201;249;804;875
Listener:Sent_pong;875;904F
Dispatcher:904F;445814;32394;256;0;2;193;255;839;875
Listener:Sent_pong;875;FCED
Dispatcher:FCED;445844;29333;256;0;2;210;249;812;875
Listener:Sent_pong;875;C323
Dispatcher:C323;445879;23792;256;0;2;204;249;826;875
Listener:Sent_pong;874;CE13
Dispatcher:CE13;445930;33491;256;0;2;192;249;810;874
Listener:Sent_pong;875;E934
Dispatcher:E934;445956;34278;256;0;2;201;249;823;875
Listener:Sent_pong;875;9375
Dispatcher:9375;445981;28220;256;0;2;207;255;821;875
Listener:Sent_pong;876;A7E4
Dispatcher:A7E4;446095;25331;256;0;2;207;255;823;876
Listener:Sent_pong;875;8D93
Dispatcher:8D93;446096;27906;256;0;2;205;255;800;875
Listener:Sent_pong;875;A78F
Dispatcher:A78F;446138;28231;256;0;2;201;249;803;875
Listener:Sent_pong;875;67E2
Dispatcher:67E2;446167;25320;256;0;2;204;249;811;875
Listener:Sent_pong;876;F010
Dispatcher:F010;446203;25677;256;0;2;198;249;808;876
Listener:Sent_pong;876;2EDF
Dispatcher:2EDF;446277;37672;256;0;2;201;249;805;876
Listener:Sent_pong;876;904F
Dispatcher:904F;446322;30292;256;0;2;193;255;840;876
Listener:Sent_pong;876;FCED
Dispatcher:FCED;446351;25345;256;0;2;210;249;813;876
Listener:Sent_pong;876;C323
Dispatcher:C323;446386;24730;256;0;2;204;249;827;876
Listener:Sent_pong;875;CE13
Dispatcher:CE13;446437;25795;256;0;2;192;249;811;875
Listener:Sent_pong;876;E934
Dispatcher:E934;446465;31098;256;0;2;201;249;824;876
Listener:Sent_pong;876;9375
Dispatcher:9375;446488;27892;256;0;2;207;255;822;876
Listener:Sent_pong;877;A7E4
Dispatcher:A7E4;446602;28541;256;0;2;207;255;824;877
Listener:Sent_pong;876;8D93
Dispatcher:8D93;446605;28582;256;0;2;205;255;801;876
Listener:Sent_pong;876;A78F
Dispatcher:A78F;446646;28231;256;0;2;201;249;803;876
Listener:Sent_pong;876;67E2
Dispatcher:67E2;446715;66784;256;0;2;204;249;812;876
Listener:Sent_pong;877;F010
Dispatcher:F010;446744;66003;256;0;2;198;249;809;877
Listener:Sent_pong;877;0002
Dispatcher:0002;446765;38673;256;0;2;189;249;827;877
Listener:Sent_pong;877;2EDF
Dispatcher:2EDF;446785;27612;256;0;2;201;249;806;877
Listener:Sent_pong;877;904F
Dispatcher:904F;446828;23768;256;0;2;193;255;841;877
Listener:Sent_pong;877;FCED
Dispatcher:FCED;446858;27288;256;0;2;210;249;814;877
Listener:Sent_pong;877;C323
Dispatcher:C323;446894;25046;256;0;2;204;249;828;877
Listener:Sent_pong;876;CE13
Dispatcher:CE13;446944;28239;256;0;2;192;249;812;876
Listener:Sent_pong;877;E934
Dispatcher:E934;446990;44264;256;0;2;201;249;825;877
Listener:Sent_pong;877;9375
Dispatcher:9375;447008;39052;256;0;2;207;255;823;877
Listener:Sent_pong;878;A7E4
Dispatcher:A7E4;447109;25650;256;0;2;207;255;825;878
Listener:Sent_pong;877;8D93
Dispatcher:8D93;447112;26662;256;0;2;205;255;802;877
Listener:Sent_pong;877;A78F
Dispatcher:A78F;447153;28881;256;0;2;201;249;804;877
Listener:Sent_pong;877;67E2
Dispatcher:67E2;447222;26668;256;0;2;204;249;813;877
Listener:Sent_pong;878;F010
Dispatcher:F010;447252;26419;256;0;2;198;249;810;878
Listener:Sent_pong;878;0002
Dispatcher:0002;447275;35639;256;0;2;189;249;828;878
Listener:Sent_pong;878;2EDF
Dispatcher:2EDF;447308;40622;256;0;2;201;249;807;878
Listener:Sent_pong;878;904F
Dispatcher:904F;447335;23772;256;0;2;193;255;842;878
Listener:Sent_pong;878;FCED
Dispatcher:FCED;447367;28483;256;0;2;210;249;815;878
Listener:Sent_pong;878;C323
Dispatcher:C323;447401;26350;256;0;2;204;249;829;878
Listener:Sent_pong;877;CE13
Dispatcher:CE13;447451;24399;256;0;2;192;249;813;877
Listener:Sent_pong;878;E934
Dispatcher:E934;447497;22192;256;0;2;201;249;826;878
Listener:Sent_pong;878;9375
Dispatcher:9375;447515;23136;256;0;2;207;255;824;878
Listener:Sent_pong;879;A7E4
Dispatcher:A7E4;447616;26420;256;0;2;207;255;826;879
Listener:Sent_pong;878;8D93
Dispatcher:8D93;447621;25998;256;0;2;205;255;803;878
Listener:Sent_pong;878;A78F
Dispatcher:A78F;447661;27285;256;0;2;201;249;805;878
Listener:Sent_pong;878;67E2
Dispatcher:67E2;447730;26014;256;0;2;204;249;814;878
Listener:Sent_pong;879;F010
Dispatcher:F010;447758;24761;256;0;2;198;249;811;879
Listener:Sent_pong;879;0002
Dispatcher:0002;447784;37007;256;0;2;189;249;829;879
Listener:Sent_pong;879;2EDF
Dispatcher:2EDF;447822;34794;256;0;2;201;249;808;879
Listener:Sent_pong;879;904F
Dispatcher:904F;447848;30398;256;0;2;193;255;843;879
Listener:Sent_pong;879;FCED
Dispatcher:FCED;447874;24718;256;0;2;210;249;816;879
Listener:Sent_pong;879;C323
Dispatcher:C323;447908;24086;256;0;2;204;249;830;879
Listener:Sent_pong;878;CE13
Dispatcher:CE13;447959;28065;256;0;2;192;249;814;878
Listener:Sent_pong;879;E934
Dispatcher:E934;448003;25698;256;0;2;201;249;827;879
Listener:Sent_pong;879;9375
Dispatcher:9375;448022;25340;256;0;2;207;255;825;879
Listener:Sent_pong;880;A7E4
Dispatcher:A7E4;448123;24719;256;0;2;207;255;827;880
Listener:Sent_pong;879;8D93
Dispatcher:8D93;448128;27298;256;0;2;205;255;804;879
Listener:Sent_pong;879;A78F
Dispatcher:A78F;448169;28875;256;0;2;201;249;806;879
Listener:Sent_pong;879;67E2
Dispatcher:67E2;448238;26648;256;0;2;204;249;815;879
Listener:Sent_pong;880;F010
Dispatcher:F010;448267;26259;256;0;2;198;249;812;880
Listener:Sent_pong;880;0002
Dispatcher:0002;448300;35297;256;0;2;189;249;830;880
Listener:Sent_pong;880;2EDF
Dispatcher:2EDF;448335;33854;256;0;2;201;249;809;880
Listener:Sent_pong;880;904F
Dispatcher:904F;448360;30328;256;0;2;193;255;844;880
Listener:Sent_pong;880;FCED
Dispatcher:FCED;448381;26601;256;0;2;210;249;817;880
Listener:Sent_pong;879;CE13
Dispatcher:CE13;448466;26331;256;0;2;192;249;815;879
Listener:Sent_pong;880;E934
Dispatcher:E934;448511;26308;256;0;2;201;249;828;880
Listener:Sent_pong;880;9375
Dispatcher:9375;448531;27926;256;0;2;207;255;826;880
Listener:Sent_pong;881;A7E4
Dispatcher:A7E4;448631;29519;256;0;2;207;255;828;881
Listener:Sent_pong;880;8D93
Dispatcher:8D93;448644;37697;256;0;2;205;255;805;880
Listener:Sent_pong;880;A78F
Dispatcher:A78F;448676;26963;256;0;2;201;249;807;880
Listener:Sent_pong;880;67E2
Dispatcher:67E2;448747;30126;256;0;2;204;249;816;880
Listener:Sent_pong;881;F010
Dispatcher:F010;448781;34223;256;0;2;198;249;813;881
Listener:Sent_pong;881;0002
Dispatcher:0002;448807;23439;256;0;2;189;249;831;881
Listener:Sent_pong;881;2EDF
Dispatcher:2EDF;448842;33854;256;0;2;201;249;809;881
Listener:Sent_pong;881;904F
Dispatcher:904F;448890;46076;256;0;2;193;255;845;881
Listener:Sent_pong;881;FCED
Dispatcher:FCED;448914;57396;256;0;2;210;249;818;881
Listener:Sent_pong;880;CE13
Dispatcher:CE13;448975;28547;256;0;2;192;249;816;880
Listener:Sent_pong;881;E934
Dispatcher:E934;449019;25070;256;0;2;201;249;829;881
Listener:Sent_pong;881;9375
Dispatcher:9375;449040;27926;256;0;2;207;255;826;881
Listener:Sent_pong;882;A7E4
Dispatcher:A7E4;449143;32500;256;0;2;207;255;829;882
Listener:Sent_pong;881;8D93
Dispatcher:8D93;449153;31605;256;0;2;205;255;806;881
Listener:Sent_pong;881;A78F
Dispatcher:A78F;449183;27265;256;0;2;201;249;808;881
Listener:Sent_pong;881;67E2
Dispatcher:67E2;449254;28550;256;0;2;204;249;817;881
Listener:Sent_pong;882;F010
Dispatcher:F010;449289;28877;256;0;2;198;249;814;882
Listener:Sent_pong;882;0002
Dispatcher:0002;449314;27253;256;0;2;189;249;832;882
Listener:Sent_pong;882;2EDF
Dispatcher:2EDF;449349;26030;256;0;2;201;249;810;882
Listener:Sent_pong;882;904F
Dispatcher:904F;449398;26338;256;0;2;193;255;846;882
Listener:Sent_pong;882;FCED
Dispatcher:FCED;449422;57396;256;0;2;210;249;818;882
Listener:Sent_pong;882;C323
Dispatcher:C323;449449;25700;256;0;2;204;249;831;882
Listener:Sent_pong;881;CE13
Dispatcher:CE13;449483;24447;256;0;2;192;249;817;881
Listener:Sent_pong;882;E934
Dispatcher:E934;449526;25068;256;0;2;201;249;830;882
Listener:Sent_pong;882;9375
Dispatcher:9375;449548;25374;256;0;2;207;255;827;882
Listener:Sent_pong;883;A7E4
Dispatcher:A7E4;449650;24698;256;0;2;207;255;830;883
Listener:Sent_pong;882;8D93
Dispatcher:8D93;449661;26634;256;0;2;205;255;807;882
Listener:Sent_pong;882;A78F
Dispatcher:A78F;449708;44413;256;0;2;201;249;809;882
Listener:Sent_pong;882;67E2
Dispatcher:67E2;449761;23772;256;0;2;204;249;818;882
Listener:Sent_pong;883;F010
Dispatcher:F010;449797;28893;256;0;2;198;249;815;883
Listener:Sent_pong;883;2EDF
Dispatcher:2EDF;449858;27612;256;0;2;201;249;811;883
Listener:Sent_pong;883;904F
Dispatcher:904F;449906;28250;256;0;2;193;255;847;883
Listener:Sent_pong;883;FCED
Dispatcher:FCED;449931;30630;256;0;2;210;249;819;883
Listener:Sent_pong;883;C323
Dispatcher:C323;449956;25052;256;0;2;204;249;832;883
Listener:Sent_pong;882;CE13
Dispatcher:CE13;449991;33285;256;0;2;192;249;818;882
Listener:Sent_pong;883;E934
Dispatcher:E934;450033;26350;256;0;2;201;249;831;883
Listener:Sent_pong;884;A7E4
Dispatcher:A7E4;450157;25317;256;0;2;207;255;831;884
Listener:Sent_pong;883;8D93
Dispatcher:8D93;450169;29859;256;0;2;205;255;808;883
Listener:Sent_pong;883;A78F
Dispatcher:A78F;450216;28863;256;0;2;201;249;810;883
Listener:Sent_pong;883;67E2
Dispatcher:67E2;450268;26286;256;0;2;204;249;819;883
Listener:Sent_pong;884;F010
Dispatcher:F010;450305;28893;256;0;2;198;249;815;884
Listener:Sent_pong;884;0002
Dispatcher:0002;450354;26687;256;0;2;189;249;833;884
Listener:Sent_pong;884;904F
Dispatcher:904F;450420;45706;256;0;2;193;255;848;884
Listener:Sent_pong;884;FCED
Dispatcher:FCED;450454;45636;256;0;2;210;249;820;884
Listener:Sent_pong;884;C323
Dispatcher:C323;450484;52518;256;0;2;204;249;833;884
Listener:Sent_pong;883;CE13
Dispatcher:CE13;450527;67177;256;0;2;192;249;819;883
Listener:Sent_pong;884;E934
Dispatcher:E934;450566;60618;256;0;2;201;249;832;884
Listener:Sent_pong;884;9375
Dispatcher:9375;450571;26646;256;0;2;207;255;828;884
Listener:Sent_pong;885;A7E4
Dispatcher:A7E4;450664;25659;256;0;2;207;255;832;885
Listener:Sent_pong;884;8D93
Dispatcher:8D93;450678;28584;256;0;2;205;255;809;884
Listener:Sent_pong;884;A78F
Dispatcher:A78F;450730;33391;256;0;2;201;249;811;884
Listener:Sent_pong;884;67E2
Dispatcher:67E2;450777;25674;256;0;2;204;249;820;884
Listener:Sent_pong;885;F010
Dispatcher:F010;450812;25675;256;0;2;198;249;816;885
Listener:Sent_pong;885;0002
Dispatcher:0002;450863;52747;256;0;2;189;249;834;885
Listener:Sent_pong;885;904F
Dispatcher:904F;450928;32318;256;0;2;193;255;849;885
Listener:Sent_pong;885;FCED
Dispatcher:FCED;450963;28559;256;0;2;210;249;821;885
Listener:Sent_pong;885;C323
Dispatcher:C323;450991;25992;256;0;2;204;249;834;885
Listener:Sent_pong;884;CE13
Dispatcher:CE13;451034;24417;256;0;2;192;249;820;884
Listener:Sent_pong;885;E934
Dispatcher:E934;451073;31266;256;0;2;201;249;833;885
Listener:Sent_pong;885;9375
Dispatcher:9375;451096;43974;256;0;2;207;255;829;885
Listener:Sent_pong;886;A7E4
Dispatcher:A7E4;451173;32823;256;0;2;207;255;833;886
Listener:Sent_pong;885;8D93
Dispatcher:8D93;451184;25368;256;0;2;205;255;810;885
Listener:Sent_pong;885;A78F
Dispatcher:A78F;451239;29481;256;0;2;201;249;812;885
Listener:Sent_pong;885;67E2
Dispatcher:67E2;451285;27256;256;0;2;204;249;821;885
Listener:Sent_pong;886;F010
Dispatcher:F010;451321;26957;256;0;2;198;249;817;886
Listener:Sent_pong;886;0002
Dispatcher:0002;451370;49587;256;0;2;189;249;835;886
Listener:Sent_pong;886;2EDF
Dispatcher:2EDF;451410;32672;256;0;2;201;249;812;886
Listener:Sent_pong;886;904F
Dispatcher:904F;451437;27576;256;0;2;193;255;850;886
Listener:Sent_pong;886;FCED
Dispatcher:FCED;451470;27265;256;0;2;210;249;822;886
Listener:Sent_pong;886;C323
Dispatcher:C323;451499;26660;256;0;2;204;249;835;886
Listener:Sent_pong;885;CE13
Dispatcher:CE13;451541;23779;256;0;2;192;249;821;885
Listener:Sent_pong;886;E934
Dispatcher:E934;451580;26654;256;0;2;201;249;834;886
Listener:Sent_pong;886;9375
Dispatcher:9375;451603;26016;256;0;2;207;255;830;886
Listener:Sent_pong;887;A7E4
Dispatcher:A7E4;451681;32189;256;0;2;207;255;834;887
Listener:Sent_pong;886;8D93
Dispatcher:8D93;451691;26000;256;0;2;205;255;811;886
Listener:Sent_pong;886;A78F
Dispatcher:A78F;451747;27265;256;0;2;201;249;813;886
Listener:Sent_pong;886;67E2
Dispatcher:67E2;451792;26320;256;0;2;204;249;822;886
Listener:Sent_pong;887;F010
Dispatcher:F010;451834;34435;256;0;2;198;249;818;887
Listener:Sent_pong;887;0002
Dispatcher:0002;451879;28897;256;0;2;189;249;836;887
Listener:Sent_pong;887;2EDF
Dispatcher:2EDF;451924;33840;256;0;2;201;249;813;887
Listener:Sent_pong;887;904F
Dispatcher:904F;451949;31576;256;0;2;193;255;851;887
Listener:Sent_pong;887;FCED
Dispatcher:FCED;451977;26310;256;0;2;210;249;823;887
Listener:Sent_pong;887;C323
Dispatcher:C323;452008;27586;256;0;2;204;249;836;887
Listener:Sent_pong;886;CE13
Dispatcher:CE13;452048;26653;256;0;2;192;249;822;886
Listener:Sent_pong;887;E934
Dispatcher:E934;452092;29460;256;0;2;201;249;835;887
Listener:Sent_pong;888;A7E4
Dispatcher:A7E4;452188;25636;256;0;2;207;255;835;888
Listener:Sent_pong;887;8D93
Dispatcher:8D93;452200;30156;256;0;2;205;255;812;887
Listener:Sent_pong;887;A78F
Dispatcher:A78F;452254;27261;256;0;2;201;249;814;887
Listener:Sent_pong;887;67E2
Dispatcher:67E2;452300;27902;256;0;2;204;249;823;887
Listener:Sent_pong;888;F010
Dispatcher:F010;452341;26643;256;0;2;198;249;819;888
Listener:Sent_pong;888;0002
Dispatcher:0002;452388;29825;256;0;2;189;249;837;888
Listener:Sent_pong;888;2EDF
Dispatcher:2EDF;452432;27982;256;0;2;201;249;814;888
Listener:Sent_pong;888;904F
Dispatcher:904F;452456;22800;256;0;2;193;255;852;888
Listener:Sent_pong;888;FCED
Dispatcher:FCED;452485;29657;256;0;2;210;249;824;888
Listener:Sent_pong;888;C323
Dispatcher:C323;452517;26328;256;0;2;204;249;837;888
Listener:Sent_pong;887;CE13
Dispatcher:CE13;452557;27893;256;0;2;192;249;823;887
Listener:Sent_pong;888;E934
Dispatcher:E934;452600;52814;256;0;2;201;249;836;888
Listener:Sent_pong;888;9375
Dispatcher:9375;452637;27272;256;0;2;207;255;831;888
Listener:Sent_pong;889;A7E4
Dispatcher:A7E4;452696;25674;256;0;2;207;255;836;889
Listener:Sent_pong;888;8D93
Dispatcher:8D93;452716;39635;256;0;2;205;255;813;888
Listener:Sent_pong;888;A78F
Dispatcher:A78F;452762;24741;256;0;2;201;249;815;888
Listener:Sent_pong;888;67E2
Dispatcher:67E2;452809;26618;256;0;2;204;249;824;888
Listener:Sent_pong;889;F010
Dispatcher:F010;452848;25697;256;0;2;198;249;820;889
Listener:Sent_pong;889;0002
Dispatcher:0002;452895;30709;256;0;2;189;249;838;889
Listener:Sent_pong;889;2EDF
Dispatcher:2EDF;452941;28268;256;0;2;201;249;815;889
Listener:Sent_pong;889;904F
Dispatcher:904F;452965;26588;256;0;2;193;255;853;889
Listener:Sent_pong;889;FCED
Dispatcher:FCED;452993;26642;256;0;2;210;249;825;889
Listener:Sent_pong;889;C323
Dispatcher:C323;453025;24750;256;0;2;204;249;838;889
Listener:Sent_pong;888;CE13
Dispatcher:CE13;453072;34047;256;0;2;192;249;824;888
Listener:Sent_pong;889;E934
Dispatcher:E934;453108;27604;256;0;2;201;249;837;889
Listener:Sent_pong;889;9375
Dispatcher:9375;453146;28896;256;0;2;207;255;832;889
Listener:Sent_pong;890;A7E4
Dispatcher:A7E4;453210;34758;256;0;2;207;255;837;890
Listener:Sent_pong;889;8D93
Dispatcher:8D93;453225;48701;256;0;2;205;255;814;889
Listener:Sent_pong;889;A78F
Dispatcher:A78F;453270;24525;256;0;2;201;249;816;889
Listener:Sent_pong;889;67E2
Dispatcher:67E2;453317;33876;256;0;2;204;249;825;889
Listener:Sent_pong;890;F010
Dispatcher:F010;453356;27269;256;0;2;198;249;821;890
Listener:Sent_pong;890;0002
Dispatcher:0002;453404;27597;256;0;2;189;249;839;890
Listener:Sent_pong;890;2EDF
Dispatcher:2EDF;453447;25704;256;0;2;201;249;816;890
Listener:Sent_pong;890;904F
Dispatcher:904F;453471;22502;256;0;2;193;255;854;890
Listener:Sent_pong;890;FCED
Dispatcher:FCED;453502;28234;256;0;2;210;249;826;890
Listener:Sent_pong;890;C323
Dispatcher:C323;453532;29964;256;0;2;204;249;839;890
Listener:Sent_pong;889;CE13
Dispatcher:CE13;453579;26941;256;0;2;192;249;825;889
Listener:Sent_pong;890;E934
Dispatcher:E934;453615;27908;256;0;2;201;249;838;890
Listener:Sent_pong;890;9375
Dispatcher:9375;453653;25682;256;0;2;207;255;833;890
Listener:Sent_pong;890;8D93
Dispatcher:8D93;453732;25042;256;0;2;205;255;815;890
Listener:Sent_pong;890;A78F
Dispatcher:A78F;453777;23751;256;0;2;201;249;817;890
Listener:Sent_pong;890;67E2
Dispatcher:67E2;453826;28868;256;0;2;204;249;826;890
Listener:Sent_pong;891;F010
Dispatcher:F010;453866;29251;256;0;2;198;249;822;891
Listener:Sent_pong;891;0002
Dispatcher:0002;453912;25381;256;0;2;189;249;840;891
Listener:Sent_pong;891;2EDF
Dispatcher:2EDF;453955;36716;256;0;2;201;249;817;891
Listener:Sent_pong;891;904F
Dispatcher:904F;453991;35324;256;0;2;193;255;855;891
Listener:Sent_pong;891;C323
Dispatcher:C323;454039;27304;256;0;2;204;249;840;891
Listener:Sent_pong;890;CE13
Dispatcher:CE13;454087;25357;256;0;2;192;249;826;890
Listener:Sent_pong;891;E934
Dispatcher:E934;454123;27268;256;0;2;201;249;839;891
Listener:Sent_pong;891;9375
Dispatcher:9375;454160;66524;256;0;2;207;255;834;891
Listener:Sent_pong;892;A7E4
Dispatcher:A7E4;454247;28850;256;0;2;207;255;838;892
Listener:Sent_pong;891;8D93
Dispatcher:8D93;454240;26995;256;0;2;205;255;816;891
Listener:Sent_pong;891;A78F
Dispatcher:A78F;454286;29195;256;0;2;201;249;818;891
Listener:Sent_pong;891;67E2
Dispatcher:67E2;454335;28528;256;0;2;204;249;827;891
Listener:Sent_pong;892;F010
Dispatcher:F010;454373;25927;256;0;2;198;249;823;892
Listener:Sent_pong;892;0002
Dispatcher:0002;454419;23457;256;0;2;189;249;841;892
Listener:Sent_pong;892;2EDF
Dispatcher:2EDF;454462;24384;256;0;2;201;249;818;892
Listener:Sent_pong;892;904F
Dispatcher:904F;454498;59736;256;0;2;193;255;856;892
Listener:Sent_pong;892;FCED
Dispatcher:FCED;454539;23859;256;0;2;210;249;827;892
Listener:Sent_pong;891;CE13
Dispatcher:CE13;454598;29621;256;0;2;192;249;827;891
Listener:Sent_pong;892;E934
Dispatcher:E934;454632;27616;256;0;2;201;249;840;892
Listener:Sent_pong;892;9375
Dispatcher:9375;454669;27286;256;0;2;207;255;835;892
Listener:Sent_pong;893;A7E4
Dispatcher:A7E4;454755;26958;256;0;2;207;255;839;893
Listener:Sent_pong;892;8D93
Dispatcher:8D93;454749;31140;256;0;2;205;255;817;892
Listener:Sent_pong;892;A78F
Dispatcher:A78F;454795;33799;256;0;2;201;249;819;892
Listener:Sent_pong;892;67E2
Dispatcher:67E2;454842;26006;256;0;2;204;249;828;892
Listener:Sent_pong;893;F010
Dispatcher:F010;454882;28233;256;0;2;198;249;824;893
Listener:Sent_pong;893;0002
Dispatcher:0002;454928;27593;256;0;2;189;249;842;893
Listener:Sent_pong;893;2EDF
Dispatcher:2EDF;454970;25068;256;0;2;201;249;819;893
Listener:Sent_pong;893;904F
Dispatcher:904F;455006;29346;256;0;2;193;255;857;893
Listener:Sent_pong;893;FCED
Dispatcher:FCED;455047;59208;256;0;2;210;249;828;893
Listener:Sent_pong;893;C323
Dispatcher:C323;455081;33404;256;0;2;204;249;841;893
Listener:Sent_pong;892;CE13
Dispatcher:CE13;455107;44033;256;0;2;192;249;828;892
Listener:Sent_pong;893;E934
Dispatcher:E934;455147;33854;256;0;2;201;249;841;893
Listener:Sent_pong;893;9375
Dispatcher:9375;455176;26332;256;0;2;207;255;836;893
Listener:Sent_pong;894;A7E4
Dispatcher:A7E4;455262;25363;256;0;2;207;255;840;894
Listener:Sent_pong;893;8D93
Dispatcher:8D93;455258;27941;256;0;2;205;255;818;893
Listener:Sent_pong;893;A78F
Dispatcher:A78F;455302;22505;256;0;2;201;249;820;893
Listener:Sent_pong;893;67E2
Dispatcher:67E2;455350;27286;256;0;2;204;249;829;893
Listener:Sent_pong;894;F010
Dispatcher:F010;455391;28217;256;0;2;198;249;825;894
Listener:Sent_pong;894;0002
Dispatcher:0002;455435;28535;256;0;2;189;249;843;894
Listener:Sent_pong;894;2EDF
Dispatcher:2EDF;455479;28250;256;0;2;201;249;820;894
Listener:Sent_pong;894;904F
Dispatcher:904F;455513;26666;256;0;2;193;255;858;894
Listener:Sent_pong;894;FCED
Dispatcher:FCED;455554;26969;256;0;2;210;249;829;894
Listener:Sent_pong;894;C323
Dispatcher:C323;455590;28280;256;0;2;204;249;842;894
Listener:Sent_pong;893;CE13
Dispatcher:CE13;455621;41565;256;0;2;192;249;829;893
Listener:Sent_pong;894;E934
Dispatcher:E934;455654;25676;256;0;2;201;249;842;894
Listener:Sent_pong;894;9375
Dispatcher:9375;455684;27576;256;0;2;207;255;837;894
Listener:Sent_pong;895;A7E4
Dispatcher:A7E4;455776;32770;256;0;2;207;255;841;895
Listener:Sent_pong;894;8D93
Dispatcher:8D93;455769;32461;256;0;2;205;255;819;894
Listener:Sent_pong;894;A78F
Dispatcher:A78F;455809;33273;256;0;2;201;249;821;894
Listener:Sent_pong;894;67E2
Dispatcher:67E2;455858;24686;256;0;2;204;249;830;894
Listener:Sent_pong;895;F010
Dispatcher:F010;455898;27273;256;0;2;198;249;826;895
Listener:Sent_pong;895;0002
Dispatcher:0002;455944;31355;256;0;2;189;249;844;895
Listener:Sent_pong;895;2EDF
Dispatcher:2EDF;455987;26338;256;0;2;201;249;821;895
Listener:Sent_pong;895;904F
Dispatcher:904F;456022;34348;256;0;2;193;255;859;895
Listener:Sent_pong;895;FCED
Dispatcher:FCED;456063;28553;256;0;2;210;249;830;895
Listener:Sent_pong;895;C323
Dispatcher:C323;456097;24754;256;0;2;204;249;843;895
Listener:Sent_pong;894;CE13
Dispatcher:CE13;456130;26959;256;0;2;192;249;830;894
Listener:Sent_pong;895;E934
Dispatcher:E934;456163;27534;256;0;2;201;249;843;895
Listener:Sent_pong;895;9375
Dispatcher:9375;456193;27566;256;0;2;207;255;838;895
Listener:Sent_pong;896;A7E4
Dispatcher:A7E4;456284;32770;256;0;2;207;255;841;896
Listener:Sent_pong;895;8D93
Dispatcher:8D93;456277;28608;256;0;2;205;255;820;895
Listener:Sent_pong;895;A78F
Dispatcher:A78F;456317;26635;256;0;2;201;249;822;895
Listener:Sent_pong;895;67E2
Dispatcher:67E2;456369;27396;256;0;2;204;249;831;895
Listener:Sent_pong;896;F010
Dispatcher:F010;456407;26619;256;0;2;198;249;827;896
Listener:Sent_pong;896;0002
Dispatcher:0002;456451;26639;256;0;2;189;249;845;896
Listener:Sent_pong;896;2EDF
Dispatcher:2EDF;456495;27292;256;0;2;201;249;822;896
Listener:Sent_pong;896;904F
Dispatcher:904F;456538;33740;256;0;2;193;255;860;896
Listener:Sent_pong;896;FCED
Dispatcher:FCED;456571;29811;256;0;2;210;249;831;896
Listener:Sent_pong;896;C323
Dispatcher:C323;456604;26648;256;0;2;204;249;844;896
Listener:Sent_pong;895;CE13
Dispatcher:CE13;456639;30823;256;0;2;192;249;831;895
Listener:Sent_pong;896;E934
Dispatcher:E934;456670;36254;256;0;2;201;249;844;896
Listener:Sent_pong;896;9375
Dispatcher:9375;456701;26288;256;0;2;207;255;839;896
Listener:Sent_pong;897;A7E4
Dispatcher:A7E4;456793;29488;256;0;2;207;255;842;897
Listener:Sent_pong;896;8D93
Dispatcher:8D93;456791;32380;256;0;2;205;255;821;896
Listener:Sent_pong;896;A78F
Dispatcher:A78F;456824;25685;256;0;2;201;249;823;896
Listener:Sent_pong;896;67E2
Dispatcher:67E2;456878;28864;256;0;2;204;249;832;896
Listener:Sent_pong;897;F010
Dispatcher:F010;456916;30785;256;0;2;198;249;828;897
Listener:Sent_pong;897;0002
Dispatcher:0002;456960;29829;256;0;2;189;249;846;897
Listener:Sent_pong;897;2EDF
Dispatcher:2EDF;457004;26662;256;0;2;201;249;823;897
Listener:Sent_pong;897;904F
Dispatcher:904F;457045;23460;256;0;2;193;255;861;897
Listener:Sent_pong;897;FCED
Dispatcher:FCED;457080;28045;256;0;2;210;249;832;897
Listener:Sent_pong;897;C323
Dispatcher:C323;457113;25680;256;0;2;204;249;845;897
Listener:Sent_pong;896;CE13
Dispatcher:CE13;457148;29529;256;0;2;192;249;832;896
Listener:Sent_pong;897;E934
Dispatcher:E934;457178;31798;256;0;2;201;249;845;897
Listener:Sent_pong;897;9375
Dispatcher:9375;457210;27590;256;0;2;207;255;840;897
Listener:Sent_pong;898;A7E4
Dispatcher:A7E4;457301;28516;256;0;2;207;255;843;898
Listener:Sent_pong;897;8D93
Dispatcher:8D93;457298;26297;256;0;2;205;255;822;897
Listener:Sent_pong;897;A78F
Dispatcher:A78F;457332;27619;256;0;2;201;249;824;897
Listener:Sent_pong;897;67E2
Dispatcher:67E2;457386;24710;256;0;2;204;249;833;897
Listener:Sent_pong;898;F010
Dispatcher:F010;457424;24071;256;0;2;198;249;829;898
Listener:Sent_pong;898;0002
Dispatcher:0002;457468;26929;256;0;2;189;249;847;898
Listener:Sent_pong;898;2EDF
Dispatcher:2EDF;457511;60102;256;0;2;201;249;824;898
Listener:Sent_pong;898;904F
Dispatcher:904F;457567;42034;256;0;2;193;255;862;898
Listener:Sent_pong;898;FCED
Dispatcher:FCED;457590;30169;256;0;2;210;249;833;898
Listener:Sent_pong;898;C323
Dispatcher:C323;457620;25034;256;0;2;204;249;846;898
Listener:Sent_pong;897;CE13
Dispatcher:CE13;457657;28571;256;0;2;192;249;833;897
Listener:Sent_pong;898;E934
Dispatcher:E934;457685;25036;256;0;2;201;249;846;898
Listener:Sent_pong;898;9375
Dispatcher:9375;457724;33638;256;0;2;207;255;841;898
Listener:Sent_pong;899;A7E4
Dispatcher:A7E4;457808;25361;256;0;2;207;255;844;899
Listener:Sent_pong;898;8D93
Dispatcher:8D93;457804;24730;256;0;2;205;255;823;898
Listener:Sent_pong;898;A78F
Dispatcher:A78F;457839;27921;256;0;2;201;249;825;898
Listener:Sent_pong;898;67E2
Dispatcher:67E2;457893;26644;256;0;2;204;249;834;898
Listener:Sent_pong;899;F010
Dispatcher:F010;457931;31243;256;0;2;198;249;830;899
Listener:Sent_pong;899;0002
Dispatcher:0002;457976;27613;256;0;2;189;249;848;899
Listener:Sent_pong;899;2EDF
Dispatcher:2EDF;458020;28590;256;0;2;201;249;825;899
Listener:Sent_pong;899;904F
Dispatcher:904F;458075;25370;256;0;2;193;255;863;899
Listener:Sent_pong;899;FCED
Dispatcher:FCED;458098;26633;256;0;2;210;249;834;899
Listener:Sent_pong;899;C323
Dispatcher:C323;458127;29332;256;0;2;204;249;847;899
Listener:Sent_pong;898;CE13
Dispatcher:CE13;458164;24089;256;0;2;192;249;834;898
Listener:Sent_pong;899;E934
Dispatcher:E934;458193;26012;256;0;2;201;249;847;899
Listener:Sent_pong;899;9375
Dispatcher:9375;458231;26758;256;0;2;207;255;842;899
Listener:Sent_pong;900;A7E4
Dispatcher:A7E4;458316;28542;256;0;2;207;255;845;900
Listener:Sent_pong;899;8D93
Dispatcher:8D93;458311;27621;256;0;2;205;255;824;899
Listener:Sent_pong;899;A78F
Dispatcher:A78F;458348;29187;256;0;2;201;249;826;899
Listener:Sent_pong;899;67E2
Dispatcher:67E2;458400;26960;256;0;2;204;249;835;899
Listener:Sent_pong;900;F010
Dispatcher:F010;458439;31245;256;0;2;198;249;831;900
Listener:Sent_pong;900;0002
Dispatcher:0002;458485;27289;256;0;2;189;249;849;900
Listener:Sent_pong;900;2EDF
Dispatcher:2EDF;458528;25718;256;0;2;201;249;826;900
Listener:Sent_pong;900;904F
Dispatcher:904F;458584;27616;256;0;2;193;255;864;900
Listener:Sent_pong;900;FCED
Dispatcher:FCED;458606;25906;256;0;2;210;249;835;900
Listener:Sent_pong;900;C323
Dispatcher:C323;458636;27298;256;0;2;204;249;848;900
Listener:Sent_pong;899;CE13
Dispatcher:CE13;458678;35091;256;0;2;192;249;835;899
Listener:Sent_pong;900;E934
Dispatcher:E934;458703;28329;256;0;2;201;249;848;900
Listener:Sent_pong;900;9375
Dispatcher:9375;458739;28230;256;0;2;207;255;843;900
Listener:Sent_pong;901;A7E4
Dispatcher:A7E4;458825;26607;256;0;2;207;255;846;901
Listener:Sent_pong;900;8D93
Dispatcher:8D93;458820;27290;256;0;2;205;255;825;900
Listener:Sent_pong;900;A78F
Dispatcher:A78F;458857;38001;256;0;2;201;249;827;900
Listener:Sent_pong;900;67E2
Dispatcher:67E2;458909;30772;256;0;2;204;249;836;900
Listener:Sent_pong;901;F010
Dispatcher:F010;458946;25997;256;0;2;198;249;832;901
Listener:Sent_pong;901;0002
Dispatcher:0002;458992;31345;256;0;2;189;249;850;901
Listener:Sent_pong;901;2EDF
Dispatcher:2EDF;459034;24080;256;0;2;201;249;827;901
Listener:Sent_pong;901;904F
Dispatcher:904F;459092;27020;256;0;2;193;255;865;901
Listener:Sent_pong;901;C323
Dispatcher:C323;459145;27612;256;0;2;204;249;849;901
Listener:Sent_pong;901;E934
Dispatcher:E934;459210;26958;256;0;2;201;249;849;901
Listener:Sent_pong;901;9375
Dispatcher:9375;459248;27582;256;0;2;207;255;844;901
Listener:Sent_pong;902;A7E4
Dispatcher:A7E4;459331;23421;256;0;2;207;255;847;902
Listener:Sent_pong;901;8D93
Dispatcher:8D93;459329;26958;256;0;2;205;255;826;901
Listener:Sent_pong;901;A78F
Dispatcher:A78F;459364;29821;256;0;2;201;249;828;901
Listener:Sent_pong;901;67E2
Dispatcher:67E2;459417;27900;256;0;2;204;249;837;901
Listener:Sent_pong;902;F010
Dispatcher:F010;459453;26607;256;0;2;198;249;833;902
Listener:Sent_pong;902;0002
Dispatcher:0002;459507;35007;256;0;2;189;249;851;902
Listener:Sent_pong;902;2EDF
Dispatcher:2EDF;459543;25730;256;0;2;201;249;828;902
Listener:Sent_pong;902;904F
Dispatcher:904F;459600;27020;256;0;2;193;255;865;902
Listener:Sent_pong;902;FCED
Dispatcher:FCED;459653;23753;256;0;2;210;249;836;902
Listener:Sent_pong;902;C323
Dispatcher:C323;459677;60380;256;0;2;204;249;850;902
Listener:Sent_pong;901;CE13
Dispatcher:CE13;459711;28171;256;0;2;192;249;836;901
Listener:Sent_pong;902;A78F
Dispatcher:A78F;459873;35967;256;0;2;201;249;829;902
Listener:Sent_pong;902;67E2
Dispatcher:67E2;459925;25668;256;0;2;204;249;838;902
Listener:Sent_pong;903;F010
Dispatcher:F010;459962;27263;256;0;2;198;249;834;903
Listener:Sent_pong;903;0002
Dispatcher:0002;460015;35005;256;0;2;189;249;852;903
Listener:Sent_pong;903;2EDF
Dispatcher:2EDF;460051;26694;256;0;2;201;249;829;903
Listener:Sent_pong;903;904F
Dispatcher:904F;460109;32538;256;0;2;193;255;866;903
Listener:Sent_pong;903;FCED
Dispatcher:FCED;460161;27605;256;0;2;210;249;837;903
Listener:Sent_pong;903;C323
Dispatcher:C323;460185;29842;256;0;2;204;249;851;903
Listener:Sent_pong;902;CE13
Dispatcher:CE13;460219;38009;256;0;2;192;249;837;902
Listener:Sent_pong;903;9375
Dispatcher:9375;460290;24688;256;0;2;207;255;845;903
Listener:Sent_pong;903;E934
Dispatcher:E934;460343;41346;256;0;2;201;249;850;903
Listener:Sent_pong;903;8D93
Dispatcher:8D93;460374;25929;256;0;2;205;255;827;903
Listener:Sent_pong;903;A78F
Dispatcher:A78F;460396;42939;256;0;2;201;249;830;903
Listener:Sent_pong;903;67E2
Dispatcher:67E2;460433;30776;256;0;2;204;249;839;903
Listener:Sent_pong;904;F010
Dispatcher:F010;460477;37397;256;0;2;198;249;835;904
Listener:Sent_pong;904;0002
Dispatcher:0002;460524;28243;256;0;2;189;249;853;904
Listener:Sent_pong;904;2EDF
Dispatcher:2EDF;460558;25394;256;0;2;201;249;830;904
Listener:Sent_pong;904;904F
Dispatcher:904F;460616;24546;256;0;2;193;255;867;904
Listener:Sent_pong;904;FCED
Dispatcher:FCED;460669;25374;256;0;2;210;249;838;904
Listener:Sent_pong;904;C323
Dispatcher:C323;460694;26006;256;0;2;204;249;852;904
Listener:Sent_pong;903;CE13
Dispatcher:CE13;460728;25661;256;0;2;192;249;838;903
Listener:Sent_pong;904;9375
Dispatcher:9375;460797;26000;256;0;2;207;255;846;904
Listener:Sent_pong;904;E934
Dispatcher:E934;460851;27222;256;0;2;201;249;851;904
Listener:Sent_pong;905;A7E4
Dispatcher:A7E4;460899;33286;256;0;2;207;255;848;905
Listener:Sent_pong;904;8D93
Dispatcher:8D93;460895;50609;256;0;2;205;255;828;904
Listener:Sent_pong;904;A78F
Dispatcher:A78F;460932;42939;256;0;2;201;249;830;904
Listener:Sent_pong;904;67E2
Dispatcher:67E2;460976;30776;256;0;2;204;249;839;904
Listener:Sent_pong;905;F010
Dispatcher:F010;461011;52709;256;0;2;198;249;836;905
Listener:Sent_pong;905;0002
Dispatcher:0002;461035;32669;256;0;2;189;249;854;905
Listener:Sent_pong;905;2EDF
Dispatcher:2EDF;461075;35368;256;0;2;201;249;831;905
Listener:Sent_pong;905;904F
Dispatcher:904F;461124;32012;256;0;2;193;255;868;905
Listener:Sent_pong;905;FCED
Dispatcher:FCED;461177;26010;256;0;2;210;249;839;905
Listener:Sent_pong;905;C323
Dispatcher:C323;461202;27286;256;0;2;204;249;853;905
Listener:Sent_pong;904;CE13
Dispatcher:CE13;461235;23765;256;0;2;192;249;839;904
Listener:Sent_pong;905;9375
Dispatcher:9375;461304;26968;256;0;2;207;255;847;905
Listener:Sent_pong;905;E934
Dispatcher:E934;461359;26976;256;0;2;201;249;852;905
Listener:Sent_pong;906;A7E4
Dispatcher:A7E4;461424;48147;256;0;2;207;255;849;906
Listener:Sent_pong;905;8D93
Dispatcher:8D93;461419;49524;256;0;2;205;255;829;905
Listener:Sent_pong;905;A78F
Dispatcher:A78F;461451;38489;256;0;2;201;249;831;905
Listener:Sent_pong;905;67E2
Dispatcher:67E2;461485;26892;256;0;2;204;249;840;905
Listener:Sent_pong;906;F010
Dispatcher:F010;461518;26627;256;0;2;198;249;837;906
Listener:Sent_pong;906;0002
Dispatcher:0002;461543;25347;256;0;2;189;249;855;906
Listener:Sent_pong;906;2EDF
Dispatcher:2EDF;461583;70158;256;0;2;201;249;832;906
Listener:Sent_pong;906;904F
Dispatcher:904F;461653;49076;256;0;2;193;255;869;906
Listener:Sent_pong;906;FCED
Dispatcher:FCED;461685;26005;256;0;2;210;249;840;906
Listener:Sent_pong;906;C323
Dispatcher:C323;461709;24738;256;0;2;204;249;854;906
Listener:Sent_pong;905;CE13
Dispatcher:CE13;461742;28559;256;0;2;192;249;840;905
Listener:Sent_pong;906;9375
Dispatcher:9375;461813;29838;256;0;2;207;255;848;906
Listener:Sent_pong;906;E934
Dispatcher:E934;461868;26638;256;0;2;201;249;853;906
Listener:Sent_pong;907;A7E4
Dispatcher:A7E4;461931;27098;256;0;2;207;255;850;907
Listener:Sent_pong;906;8D93
Dispatcher:8D93;461927;24398;256;0;2;205;255;830;906
Listener:Sent_pong;906;A78F
Dispatcher:A78F;461960;27891;256;0;2;201;249;832;906
Listener:Sent_pong;906;67E2
Dispatcher:67E2;461993;29632;256;0;2;204;249;841;906
Listener:Sent_pong;907;F010
Dispatcher:F010;462026;26033;256;0;2;198;249;838;907
Listener:Sent_pong;907;0002
Dispatcher:0002;462050;25683;256;0;2;189;249;856;907
Listener:Sent_pong;907;2EDF
Dispatcher:2EDF;462090;24760;256;0;2;201;249;833;907
Listener:Sent_pong;907;904F
Dispatcher:904F;462160;27574;256;0;2;193;255;870;907
Listener:Sent_pong;907;FCED
Dispatcher:FCED;462193;27614;256;0;2;210;249;841;907
Listener:Sent_pong;907;C323
Dispatcher:C323;462216;24852;256;0;2;204;249;855;907
Listener:Sent_pong;906;CE13
Dispatcher:CE13;462249;28559;256;0;2;192;249;840;906
Listener:Sent_pong;907;9375
Dispatcher:9375;462327;33520;256;0;2;207;255;849;907
Listener:Sent_pong;907;E934
Dispatcher:E934;462376;27276;256;0;2;201;249;854;907
Listener:Sent_pong;908;A7E4
Dispatcher:A7E4;462438;26280;256;0;2;207;255;851;908
Listener:Sent_pong;907;8D93
Dispatcher:8D93;462435;26797;256;0;2;205;255;831;907
Listener:Sent_pong;907;A78F
Dispatcher:A78F;462469;27917;256;0;2;201;249;833;907
Listener:Sent_pong;907;67E2
Dispatcher:67E2;462500;22516;256;0;2;204;249;842;907
Listener:Sent_pong;908;F010
Dispatcher:F010;462534;24725;256;0;2;198;249;839;908
Listener:Sent_pong;908;0002
Dispatcher:0002;462557;24417;256;0;2;189;249;857;908
Listener:Sent_pong;908;2EDF
Dispatcher:2EDF;462597;25704;256;0;2;201;249;834;908
Listener:Sent_pong;908;904F
Dispatcher:904F;462669;27290;256;0;2;193;255;871;908
Listener:Sent_pong;908;FCED
Dispatcher:FCED;462700;26488;256;0;2;210;249;842;908
Listener:Sent_pong;908;C323
Dispatcher:C323;462723;31476;256;0;2;204;249;856;908
Listener:Sent_pong;907;CE13
Dispatcher:CE13;462759;30113;256;0;2;192;249;841;907
Listener:Sent_pong;908;9375
Dispatcher:9375;462844;36430;256;0;2;207;255;850;908
Listener:Sent_pong;908;E934
Dispatcher:E934;462884;23750;256;0;2;201;249;855;908
Listener:Sent_pong;909;A7E4
Dispatcher:A7E4;462945;24704;256;0;2;207;255;852;909
Listener:Sent_pong;908;8D93
Dispatcher:8D93;462943;29349;256;0;2;205;255;832;908
Listener:Sent_pong;908;A78F
Dispatcher:A78F;462977;29841;256;0;2;201;249;834;908
Listener:Sent_pong;908;67E2
Dispatcher:67E2;463008;27934;256;0;2;204;249;843;908
Listener:Sent_pong;909;F010
Dispatcher:F010;463043;27671;256;0;2;198;249;840;909
Listener:Sent_pong;909;0002
Dispatcher:0002;463065;25545;256;0;2;189;249;858;909
Listener:Sent_pong;909;2EDF
Dispatcher:2EDF;463106;27622;256;0;2;201;249;835;909
Listener:Sent_pong;909;904F
Dispatcher:904F;463177;26988;256;0;2;193;255;872;909
Listener:Sent_pong;909;FCED
Dispatcher:FCED;463207;27919;256;0;2;210;249;843;909
Listener:Sent_pong;909;C323
Dispatcher:C323;463232;27936;256;0;2;204;249;857;909
Listener:Sent_pong;908;CE13
Dispatcher:CE13;463269;29325;256;0;2;192;249;842;908
Listener:Sent_pong;909;9375
Dispatcher:9375;463351;24708;256;0;2;207;255;851;909
Listener:Sent_pong;909;E934
Dispatcher:E934;463390;22464;256;0;2;201;249;856;909
Listener:Sent_pong;910;A7E4
Dispatcher:A7E4;463453;28217;256;0;2;207;255;853;910
Listener:Sent_pong;909;8D93
Dispatcher:8D93;463451;28581;256;0;2;205;255;833;909
Listener:Sent_pong;909;A78F
Dispatcher:A78F;463486;28895;256;0;2;201;249;835;909
Listener:Sent_pong;909;67E2
Dispatcher:67E2;463516;26944;256;0;2;204;249;844;909
Listener:Sent_pong;910;F010
Dispatcher:F010;463550;26421;256;0;2;198;249;841;910
Listener:Sent_pong;910;0002
Dispatcher:0002;463581;33229;256;0;2;189;249;859;910
Listener:Sent_pong;910;2EDF
Dispatcher:2EDF;463613;23116;256;0;2;201;249;836;910
Listener:Sent_pong;910;904F
Dispatcher:904F;463686;26964;256;0;2;193;255;873;910
Listener:Sent_pong;910;FCED
Dispatcher:FCED;463715;28859;256;0;2;210;249;844;910
Listener:Sent_pong;909;CE13
Dispatcher:CE13;463776;26335;256;0;2;192;249;843;909
Listener:Sent_pong;910;9375
Dispatcher:9375;463860;25646;256;0;2;207;255;852;910
Listener:Sent_pong;910;E934
Dispatcher:E934;463897;32744;256;0;2;201;249;857;910
Listener:Sent_pong;911;A7E4
Dispatcher:A7E4;463961;24791;256;0;2;207;255;854;911
Listener:Sent_pong;910;8D93
Dispatcher:8D93;463957;23447;256;0;2;205;255;834;910
Listener:Sent_pong;910;A78F
Dispatcher:A78F;463998;32843;256;0;2;201;249;836;910
Listener:Sent_pong;910;67E2
Dispatcher:67E2;464023;27258;256;0;2;204;249;845;910
Listener:Sent_pong;911;F010
Dispatcher:F010;464058;28575;256;0;2;198;249;842;911
Listener:Sent_pong;911;0002
Dispatcher:0002;464089;31663;256;0;2;189;249;860;911
Listener:Sent_pong;911;2EDF
Dispatcher:2EDF;464121;27920;256;0;2;201;249;837;911
Listener:Sent_pong;911;904F
Dispatcher:904F;464194;32856;256;0;2;193;255;874;911
Listener:Sent_pong;911;FCED
Dispatcher:FCED;464224;26635;256;0;2;210;249;845;911
Listener:Sent_pong;911;C323
Dispatcher:C323;464283;28882;256;0;2;204;249;858;911
Listener:Sent_pong;910;CE13
Dispatcher:CE13;464312;53820;256;0;2;192;249;844;910
Listener:Sent_pong;911;9375
Dispatcher:9375;464368;29802;256;0;2;207;255;853;911
Listener:Sent_pong;911;E934
Dispatcher:E934;464406;32544;256;0;2;201;249;858;911
Listener:Sent_pong;912;A7E4
Dispatcher:A7E4;464470;26281;256;0;2;207;255;855;912
Listener:Sent_pong;911;8D93
Dispatcher:8D93;464465;24719;256;0;2;205;255;835;911
Listener:Sent_pong;911;A78F
Dispatcher:A78F;464506;28695;256;0;2;201;249;837;911
Listener:Sent_pong;911;67E2
Dispatcher:67E2;464532;29192;256;0;2;204;249;846;911
Listener:Sent_pong;912;F010
Dispatcher:F010;464566;27583;256;0;2;198;249;843;912
Listener:Sent_pong;912;0002
Dispatcher:0002;464597;26931;256;0;2;189;249;861;912
Listener:Sent_pong;912;2EDF
Dispatcher:2EDF;464632;32048;256;0;2;201;249;838;912
Listener:Sent_pong;912;904F
Dispatcher:904F;464702;27750;256;0;2;193;255;875;912
Listener:Sent_pong;912;FCED
Dispatcher:FCED;464732;27677;256;0;2;210;249;846;912
Listener:Sent_pong;912;C323
Dispatcher:C323;464790;24748;256;0;2;204;249;859;912
Listener:Sent_pong;911;CE13
Dispatcher:CE13;464821;27309;256;0;2;192;249;845;911
Listener:Sent_pong;912;9375
Dispatcher:9375;464877;26328;256;0;2;207;255;854;912
Listener:Sent_pong;912;E934
Dispatcher:E934;464915;26316;256;0;2;201;249;859;912
Listener:Sent_pong;913;A7E4
Dispatcher:A7E4;464977;25038;256;0;2;207;255;856;913
Listener:Sent_pong;912;8D93
Dispatcher:8D93;464973;23799;256;0;2;205;255;836;912
Listener:Sent_pong;912;A78F
Dispatcher:A78F;465013;23465;256;0;2;201;249;838;912
Listener:Sent_pong;912;67E2
Dispatcher:67E2;465040;25668;256;0;2;204;249;847;912
Listener:Sent_pong;913;F010
Dispatcher:F010;465073;24379;256;0;2;198;249;844;913
Listener:Sent_pong;913;0002
Dispatcher:0002;465105;27603;256;0;2;189;249;862;913
Listener:Sent_pong;913;2EDF
Dispatcher:2EDF;465147;32436;256;0;2;201;249;839;913
Listener:Sent_pong;913;904F
Dispatcher:904F;465211;25408;256;0;2;193;255;876;913
Listener:Sent_pong;913;FCED
Dispatcher:FCED;465239;25006;256;0;2;210;249;847;913
Listener:Sent_pong;913;C323
Dispatcher:C323;465297;25360;256;0;2;204;249;860;913
Listener:Sent_pong;912;CE13
Dispatcher:CE13;465328;25327;256;0;2;192;249;846;912
Listener:Sent_pong;913;9375
Dispatcher:9375;465385;23754;256;0;2;207;255;855;913
Listener:Sent_pong;913;E934
Dispatcher:E934;465423;24390;256;0;2;201;249;860;913
Listener:Sent_pong;914;A7E4
Dispatcher:A7E4;465491;34370;256;0;2;207;255;857;914
Listener:Sent_pong;913;8D93
Dispatcher:8D93;465483;29611;256;0;2;205;255;837;913
Listener:Sent_pong;913;A78F
Dispatcher:A78F;465521;28871;256;0;2;201;249;839;913
Listener:Sent_pong;913;67E2
Dispatcher:67E2;465548;25668;256;0;2;204;249;848;913
Listener:Sent_pong;914;F010
Dispatcher:F010;465582;28547;256;0;2;198;249;845;914
Listener:Sent_pong;914;0002
Dispatcher:0002;465613;25663;256;0;2;189;249;863;914
Listener:Sent_pong;914;2EDF
Dispatcher:2EDF;465654;30962;256;0;2;201;249;840;914
Listener:Sent_pong;914;904F
Dispatcher:904F;465718;31042;256;0;2;193;255;877;914
Listener:Sent_pong;914;FCED
Dispatcher:FCED;465746;24393;256;0;2;210;249;848;914
Listener:Sent_pong;915;F010
Dispatcher:F010;466135;29219;256;0;2;198;249;846;915
Listener:Sent_pong;915;904F
Dispatcher:904F;466226;33646;256;0;2;193;255;878;915
Listener:Sent_pong;914;8D93
Dispatcher:8D93;466491;24936;256;0;2;205;255;838;914
Listener:Sent_pong;916;904F
Dispatcher:904F;466765;56684;256;0;2;193;255;879;916
Listener:Sent_pong;915;67E2
Dispatcher:67E2;467135;26628;256;0;2;204;249;849;915
Listener:Sent_pong;916;8D93
Dispatcher:8D93;467527;34639;256;0;2;205;255;839;916
Listener:Sent_pong;916;67E2
Dispatcher:67E2;467642;27289;256;0;2;204;249;850;916
Listener:Sent_pong;917;8D93
Dispatcher:8D93;468035;28586;256;0;2;205;255;840;917
Listener:Sent_pong;917;67E2
Dispatcher:67E2;468150;34050;256;0;2;204;249;851;917
Listener:Sent_pong;918;8D93
Dispatcher:8D93;468544;28894;256;0;2;205;255;841;918
Listener:Sent_pong;918;67E2
Dispatcher:67E2;468659;30432;256;0;2;204;249;852;918
Listener:Sent_pong;919;8D93
Dispatcher:8D93;469054;27431;256;0;2;205;255;842;919
Listener:Sent_pong;919;67E2
Dispatcher:67E2;469167;26006;256;0;2;204;249;853;919
Listener:Sent_pong;920;8D93
Dispatcher:8D93;469561;23181;256;0;2;205;255;843;920
Listener:Sent_pong;920;67E2
Dispatcher:67E2;469675;26662;256;0;2;204;249;854;920
Listener:Sent_pong;921;8D93
Dispatcher:8D93;470069;24450;256;0;2;205;255;844;921
Listener:Sent_pong;921;67E2
Dispatcher:67E2;470182;25340;256;0;2;204;249;855;921
Listener:Sent_pong;922;8D93
Dispatcher:8D93;470577;29839;256;0;2;205;255;845;922
Listener:Sent_pong;922;67E2
Dispatcher:67E2;470691;28240;256;0;2;204;249;856;922
Listener:Sent_pong;923;8D93
Dispatcher:8D93;471085;29839;256;0;2;205;255;845;923
Listener:Sent_pong;923;67E2
Dispatcher:67E2;471200;30286;256;0;2;204;249;857;923
Listener:Sent_pong;924;8D93
Dispatcher:8D93;471608;66867;256;0;2;205;255;846;924
Listener:Sent_pong;924;67E2
Dispatcher:67E2;471718;30286;256;0;2;204;249;857;924
Listener:Sent_pong;925;8D93
Dispatcher:8D93;472116;69666;256;0;2;205;255;847;925
Listener:Sent_pong;925;67E2
Dispatcher:67E2;472226;33378;256;0;2;204;249;858;925
Listener:Sent_pong;926;8D93
Dispatcher:8D93;472624;40077;256;0;2;205;255;848;926
Listener:Sent_pong;926;67E2
Dispatcher:67E2;472735;26668;256;0;2;204;249;859;926
Listener:Sent_pong;927;8D93
Dispatcher:8D93;473133;28595;256;0;2;205;255;849;927
Listener:Sent_pong;927;67E2
Dispatcher:67E2;473243;27924;256;0;2;204;249;860;927
Listener:Sent_pong;928;8D93
Dispatcher:8D93;473642;27336;256;0;2;205;255;850;928
Listener:Sent_pong;928;67E2
Dispatcher:67E2;473751;27694;256;0;2;204;249;861;928
Listener:Sent_pong;929;8D93
Dispatcher:8D93;474150;26680;256;0;2;205;255;851;929
Listener:Sent_pong;929;67E2
Dispatcher:67E2;474262;66319;256;0;2;204;249;862;929
Listener:Sent_pong;930;67E2
Dispatcher:67E2;474770;35216;256;0;2;204;249;863;930
Listener:Sent_pong;931;8D93
Dispatcher:8D93;475185;27642;256;0;2;205;255;852;931
Listener:Sent_pong;931;67E2
Dispatcher:67E2;475281;44898;256;0;2;204;249;864;931
Listener:Sent_pong;932;8D93
Dispatcher:8D93;475695;26961;256;0;2;205;255;853;932
Listener:Sent_pong;932;67E2
Dispatcher:67E2;475787;41814;256;0;2;204;249;865;932
Listener:Sent_pong;933;8D93
Dispatcher:8D93;476202;30960;256;0;2;205;255;854;933
Listener:Sent_pong;933;67E2
Dispatcher:67E2;476296;50572;256;0;2;204;249;866;933
Listener:Sent_pong;934;8D93
Dispatcher:8D93;476715;28920;256;0;2;205;255;855;934
Listener:Sent_pong;934;67E2
Dispatcher:67E2;476803;37694;256;0;2;204;249;867;934
Listener:Sent_pong;935;67E2
Dispatcher:67E2;477310;37176;256;0;2;204;249;868;935
Listener:Sent_pong;936;8D93
Dispatcher:8D93;477738;27638;256;0;2;205;255;856;936
Listener:Sent_pong;936;67E2
Dispatcher:67E2;477818;41226;256;0;2;204;249;869;936
Listener:Sent_pong;937;8D93
Dispatcher:8D93;478247;25620;256;0;2;205;255;857;937
Listener:Sent_pong;937;67E2
Dispatcher:67E2;478326;38982;256;0;2;204;249;870;937
Listener:Sent_pong;938;8D93
Dispatcher:8D93;478756;26973;256;0;2;205;255;858;938
Listener:Sent_pong;938;67E2
Dispatcher:67E2;478834;37716;256;0;2;204;249;871;938
Listener:Sent_pong;939;8D93
Dispatcher:8D93;479264;25069;256;0;2;205;255;859;939
Listener:Sent_pong;939;67E2
Dispatcher:67E2;479361;59534;256;0;2;204;249;872;939
Listener:Sent_pong;940;8D93
Dispatcher:8D93;479773;30213;256;0;2;205;255;860;940
Listener:Sent_pong;940;67E2
Dispatcher:67E2;479874;59558;256;0;2;204;249;873;940
Listener:Sent_pong;941;8D93
Dispatcher:8D93;480280;42698;256;0;2;205;255;861;941
Listener:Sent_pong;941;67E2
Dispatcher:67E2;480388;57716;256;0;2;204;249;874;941
Listener:Sent_pong;942;8D93
Dispatcher:8D93;480787;24725;256;0;2;205;255;862;942
Listener:Sent_pong;942;67E2
Dispatcher:67E2;480909;58062;256;0;2;204;249;875;942
Listener:Sent_pong;943;8D93
Dispatcher:8D93;481296;27017;256;0;2;205;255;863;943
Listener:Sent_pong;943;67E2
Dispatcher:67E2;481415;34036;256;0;2;204;249;876;943
Listener:Sent_pong;944;8D93
Dispatcher:8D93;481803;30330;256;0;2;205;255;864;944
Listener:Sent_pong;944;67E2
Dispatcher:67E2;481924;24698;256;0;2;204;249;877;944
Listener:Sent_pong;945;8D93
Dispatcher:8D93;482312;25712;256;0;2;205;255;865;945
Listener:Sent_pong;945;67E2
Dispatcher:67E2;482430;25416;256;0;2;204;249;878;945
Listener:Sent_pong;946;8D93
Dispatcher:8D93;482819;27332;256;0;2;205;255;866;946
Listener:Sent_pong;946;67E2
Dispatcher:67E2;482938;25018;256;0;2;204;249;879;946
Listener:Sent_pong;947;8D93
Dispatcher:8D93;483333;32233;256;0;2;205;255;867;947
Listener:Sent_pong;947;67E2
Dispatcher:67E2;483445;38294;256;0;2;204;249;880;947
Listener:Sent_pong;948;8D93
Dispatcher:8D93;483846;32248;256;0;2;205;255;868;948
Listener:Sent_pong;948;67E2
Dispatcher:67E2;483952;36570;256;0;2;204;249;881;948
Listener:Sent_pong;949;8D93
Dispatcher:8D93;484355;44521;256;0;2;205;255;869;949
Listener:Sent_pong;949;67E2
Dispatcher:67E2;484460;42628;256;0;2;204;249;882;949
Listener:Sent_pong;950;8D93
Dispatcher:8D93;484864;26627;256;0;2;205;255;870;950
Listener:Sent_pong;950;67E2
Dispatcher:67E2;484967;39898;256;0;2;204;249;883;950
Listener:Sent_pong;951;8D93
Dispatcher:8D93;485373;45135;256;0;2;205;255;871;951
Listener:Sent_pong;951;67E2
Dispatcher:67E2;485474;53570;256;0;2;204;249;884;951
Listener:Sent_pong;952;8D93
Dispatcher:8D93;485880;63074;256;0;2;205;255;872;952
Listener:Sent_pong;952;67E2
Dispatcher:67E2;485982;39960;256;0;2;204;249;885;952
Listener:Sent_pong;953;8D93
Dispatcher:8D93;486388;26046;256;0;2;205;255;873;953
Listener:Sent_pong;953;67E2
Dispatcher:67E2;486489;41212;256;0;2;204;249;886;953
Listener:Sent_pong;954;8D93
Dispatcher:8D93;486896;25713;256;0;2;205;255;874;954
Listener:Sent_pong;954;67E2
Dispatcher:67E2;486996;37856;256;0;2;204;249;887;954
Listener:Sent_pong;955;8D93
Dispatcher:8D93;487403;27929;256;0;2;205;255;875;955
Listener:Sent_pong;955;67E2
Dispatcher:67E2;487504;58974;256;0;2;204;249;888;955
Listener:Sent_pong;956;8D93
Dispatcher:8D93;487920;36461;256;0;2;205;255;876;956
Listener:Sent_pong;956;67E2
Dispatcher:67E2;488012;58974;256;0;2;204;249;888;956
Listener:Sent_pong;957;8D93
Dispatcher:8D93;488428;47608;256;0;2;205;255;877;957
Listener:Sent_pong;957;67E2
Dispatcher:67E2;488521;56878;256;0;2;204;249;889;957
Listener:Sent_pong;958;8D93
Dispatcher:8D93;488937;31610;256;0;2;205;255;878;958
Listener:Sent_pong;958;67E2
Dispatcher:67E2;489029;49242;256;0;2;204;249;890;958
Listener:Sent_pong;959;8D93
Dispatcher:8D93;489445;28256;256;0;2;205;255;879;959
Listener:Sent_pong;959;67E2
Dispatcher:67E2;489537;40592;256;0;2;204;249;891;959
Listener:Sent_pong;960;8D93
Dispatcher:8D93;489952;27632;256;0;2;205;255;880;960
Listener:Sent_pong;960;67E2
Dispatcher:67E2;490045;40256;256;0;2;204;249;892;960
Listener:Sent_pong;961;8D93
Dispatcher:8D93;490462;32336;256;0;2;205;255;881;961
Listener:Sent_pong;961;67E2
Dispatcher:67E2;490552;39950;256;0;2;204;249;893;961
Listener:Sent_pong;962;8D93
Dispatcher:8D93;490986;55731;256;0;2;205;255;882;962
Listener:Sent_pong;962;67E2
Dispatcher:67E2;491060;37706;256;0;2;204;249;894;962
Listener:Sent_pong;963;8D93
Dispatcher:8D93;491495;35755;256;0;2;205;255;883;963
Listener:Sent_pong;963;67E2
Dispatcher:67E2;491568;37386;256;0;2;204;249;895;963
Listener:Sent_pong;964;8D93
Dispatcher:8D93;492002;35912;256;0;2;205;255;884;964
Listener:Sent_pong;964;67E2
Dispatcher:67E2;492076;39340;256;0;2;204;249;896;964
Listener:Sent_pong;965;8D93
Dispatcher:8D93;492512;25978;256;0;2;205;255;885;965
Listener:Sent_pong;965;67E2
Dispatcher:67E2;492587;55192;256;0;2;204;249;897;965
Listener:Sent_pong;966;8D93
Dispatcher:8D93;493019;31990;256;0;2;205;255;886;966
Listener:Sent_pong;966;67E2
Dispatcher:67E2;493096;56006;256;0;2;204;249;898;966
Listener:Sent_pong;967;8D93
Dispatcher:8D93;493526;24774;256;0;2;205;255;887;967
Listener:Sent_pong;967;67E2
Dispatcher:67E2;493605;74026;256;0;2;204;249;899;967
Listener:Sent_pong;968;8D93
Dispatcher:8D93;494033;23786;256;0;2;205;255;888;968
Listener:Sent_pong;968;67E2
Dispatcher:67E2;494113;43448;256;0;2;204;249;900;968
Listener:Sent_pong;969;8D93
Dispatcher:8D93;494541;25706;256;0;2;205;255;889;969
Listener:Sent_pong;969;67E2
Dispatcher:67E2;494622;40578;256;0;2;204;249;901;969
Listener:Sent_pong;970;8D93
Dispatcher:8D93;495049;27628;256;0;2;205;255;890;970
Listener:Sent_pong;971;8D93
Dispatcher:8D93;495557;26028;256;0;2;205;255;891;971
Listener:Sent_pong;971;67E2
Dispatcher:67E2;495638;39646;256;0;2;204;249;902;971
Listener:Sent_pong;972;8D93
Dispatcher:8D93;496064;25374;256;0;2;205;255;892;972
Listener:Sent_pong;972;67E2
Dispatcher:67E2;496144;44804;256;0;2;204;249;903;972
Listener:Sent_pong;973;8D93
Dispatcher:8D93;496571;25698;256;0;2;205;255;893;973
Listener:Sent_pong;973;67E2
Dispatcher:67E2;496652;43956;256;0;2;204;249;904;973
Listener:Sent_pong;974;8D93
Dispatcher:8D93;497080;28890;256;0;2;205;255;894;974
Listener:Sent_pong;974;67E2
Dispatcher:67E2;497160;37096;256;0;2;204;249;905;974
Listener:Sent_pong;975;8D93
Dispatcher:8D93;497587;23779;256;0;2;205;255;895;975
Listener:Sent_pong;975;67E2
Dispatcher:67E2;497667;38988;256;0;2;204;249;906;975
Listener:Sent_pong;976;8D93
Dispatcher:8D93;498105;38080;256;0;2;205;255;896;976
Listener:Sent_pong;976;67E2
Dispatcher:67E2;498173;38684;256;0;2;204;249;907;976
Listener:Sent_pong;977;8D93
Dispatcher:8D93;498622;42192;256;0;2;205;255;897;977
Listener:Sent_pong;977;67E2
Dispatcher:67E2;498681;41858;256;0;2;204;249;908;977
Listener:Sent_pong;978;8D93
Dispatcher:8D93;499140;57555;256;0;2;205;255;898;978
Listener:Sent_pong;978;67E2
Dispatcher:67E2;499190;40590;256;0;2;204;249;909;978
Listener:Sent_pong;979;8D93
Dispatcher:8D93;499653;46586;256;0;2;205;255;899;979
Listener:Sent_pong;979;67E2
Dispatcher:67E2;499698;46236;256;0;2;204;249;910;979
Listener:Sent_pong;980;8D93
Dispatcher:8D93;500161;31622;256;0;2;205;255;900;980
Listener:Sent_pong;980;67E2
Dispatcher:67E2;500204;46236;256;0;2;204;249;910;980
Listener:Sent_pong;981;8D93
Dispatcher:8D93;500669;26711;256;0;2;205;255;901;981
Listener:Sent_pong;981;67E2
Dispatcher:67E2;500711;76416;256;0;2;204;249;911;981
Listener:Sent_pong;982;8D93
Dispatcher:8D93;501183;31031;256;0;2;205;255;902;982
Listener:Sent_pong;982;67E2
Dispatcher:67E2;501219;48478;256;0;2;204;249;912;982
Listener:Sent_pong;983;8D93
Dispatcher:8D93;501692;31031;256;0;2;205;255;902;983
Listener:Sent_pong;983;67E2
Dispatcher:67E2;501760;74190;256;0;2;204;249;913;983
Listener:Sent_pong;984;8D93
Dispatcher:8D93;502201;26070;256;0;2;205;255;903;984
Listener:Sent_pong;984;67E2
Dispatcher:67E2;502269;41882;256;0;2;204;249;914;984
Listener:Sent_pong;985;8D93
Dispatcher:8D93;502709;28608;256;0;2;205;255;904;985
Listener:Sent_pong;985;67E2
Dispatcher:67E2;502777;41576;256;0;2;204;249;915;985
Listener:Sent_pong;986;8D93
Dispatcher:8D93;503217;28274;256;0;2;205;255;905;986
Listener:Sent_pong;986;67E2
Dispatcher:67E2;503285;41546;256;0;2;204;249;916;986
Listener:Sent_pong;987;8D93
Dispatcher:8D93;503724;25083;256;0;2;205;255;906;987
Listener:Sent_pong;987;67E2
Dispatcher:67E2;503793;40282;256;0;2;204;249;917;987
Listener:Sent_pong;988;8D93
Dispatcher:8D93;504231;31175;256;0;2;205;255;907;988
Listener:Sent_pong;988;67E2
Dispatcher:67E2;504299;35796;256;0;2;204;249;918;988
Listener:Sent_pong;989;8D93
Dispatcher:8D93;504754;57908;256;0;2;205;255;908;989
Listener:Sent_pong;989;67E2
Dispatcher:67E2;504806;38816;256;0;2;204;249;919;989
Listener:Sent_pong;990;8D93
Dispatcher:8D93;505262;34917;256;0;2;205;255;909;990
Listener:Sent_pong;990;67E2
Dispatcher:67E2;505316;38542;256;0;2;204;249;920;990
Listener:Sent_pong;991;8D93
Dispatcher:8D93;505769;25848;256;0;2;205;255;910;991
Listener:Sent_pong;991;67E2
Dispatcher:67E2;505823;48986;256;0;2;204;249;921;991
Listener:Sent_pong;992;8D93
Dispatcher:8D93;506276;25054;256;0;2;205;255;911;992
Listener:Sent_pong;992;67E2
Dispatcher:67E2;506332;82600;256;0;2;204;249;922;992
Listener:Sent_pong;993;8D93
Dispatcher:8D93;506784;27973;256;0;2;205;255;912;993
Listener:Sent_pong;993;67E2
Dispatcher:67E2;506839;39002;256;0;2;204;249;923;993
Listener:Sent_pong;994;8D93
Dispatcher:8D93;507291;22512;256;0;2;205;255;913;994
Listener:Sent_pong;994;67E2
Dispatcher:67E2;507346;37048;256;0;2;204;249;924;994
Listener:Sent_pong;995;8D93
Dispatcher:8D93;507800;28573;256;0;2;205;255;914;995
Listener:Sent_pong;995;67E2
Dispatcher:67E2;507854;38986;256;0;2;204;249;925;995
Listener:Sent_pong;996;8D93
Dispatcher:8D93;508309;29200;256;0;2;205;255;915;996
Listener:Sent_pong;996;67E2
Dispatcher:67E2;508361;38682;256;0;2;204;249;926;996
Listener:Sent_pong;997;8D93
Dispatcher:8D93;508817;26374;256;0;2;205;255;916;997
Listener:Sent_pong;997;67E2
Dispatcher:67E2;508869;40944;256;0;2;204;249;927;997
Listener:Sent_pong;998;8D93
Dispatcher:8D93;509331;31532;256;0;2;205;255;917;998
Listener:Sent_pong;998;67E2
Dispatcher:67E2;509376;39982;256;0;2;204;249;928;998
Listener:Sent_pong;999;8D93
Dispatcher:8D93;509840;30667;256;0;2;205;255;918;999
Listener:Sent_pong;999;67E2
Dispatcher:67E2;509884;38060;256;0;2;204;249;929;999
Listener:Sent_pong;1000;8D93
Dispatcher:8D93;510347;27005;256;0;2;205;255;919;1000
Listener:Sent_pong;1000;67E2
Dispatcher:67E2;510391;39646;256;0;2;204;249;930;1000
exp
exp
Summary:

Printer:CE13;1015;0
Parents:CE13:
Printer:F010;1015;0
Parents:F010:
Printer:0002;1015;0
Parents:0002:
Printer:9375;1015;0
Parents:9375:
Printer:2EDF;1015;0
Parents:2EDF:
Printer:FCED;1015;0
Parents:FCED:
Printer:904F;1015;0
Parents:904F:
Printer:67E2;1015;0
Parents:67E2:
Printer:E934;1015;0
Parents:E934:
Printer:A7E4;1015;0
Parents:A7E4:
Printer:8D93;1015;0
Parents:8D93:
Printer:A78F;1015;0
Parents:A78F:
Printer:C323;1015;0
Parents:C323:
Total_parent_changes: 0
Total nodes: 13
CURRENT-TREE--1015,CE13-1015,F010-1015,0002-1015,9375-1015,2EDF-1015,FCED-1015,904F-1015,67E2-1015,E934-1015,A7E4-1015,8D93-1015,A78F-1015,C323
error: invalid command
> ^CConnection to lille.iot-lab.info closed.
make: *** [/home/tin/Desktop/RIOT_CODE/RIOT/examples/networking/gnrc/experiment_rpl_of/root_experiment/../../../../../Makefile.include:870: term] Error 130

Script done on 2026-06-23 13:57:44+02:00 [COMMAND_EXIT_CODE="2"]
