Script started on 2026-06-23 13:03:53+02:00 [TERM="xterm-256color" TTY="/dev/pts/1" COLUMNS="139" LINES="76"]
[1;32mBuilding application "experiment_root" for "iotlab-m3" with CPU "stm32".[0m

"make" -C /home/tin/Desktop/RIOT_CODE/RIOT/pkg/cmsis/ 
"make" -C /home/tin/Desktop/RIOT_CODE/RIOT/pkg/mpaland-printf/ 
"make" -C /home/tin/Desktop/RIOT_CODE/RIOT/build/pkg/mpaland-printf -f /home/tin/Desktop/RIOT_CODE/RIOT/pkg/mpaland-printf/mpaland-printf.mk
"make" -C /home/tin/Desktop/RIOT_CODE/RIOT/boards
"make" -C /home/tin/Desktop/RIOT_CODE/RIOT/boards/common/init
"make" -C /home/tin/Desktop/RIOT_CODE/RIOT/boards/iotlab-m3
"make" -C /home/tin/Desktop/RIOT_CODE/RIOT/boards/common/iotlab
"make" -C /home/tin/Desktop/RIOT_CODE/RIOT/core
"make" -C /home/tin/Desktop/RIOT_CODE/RIOT/core/lib
"make" -C /home/tin/Desktop/RIOT_CODE/RIOT/cpu/stm32
"make" -C /home/tin/Desktop/RIOT_CODE/RIOT/cpu/cortexm_common
"make" -C /home/tin/Desktop/RIOT_CODE/RIOT/cpu/cortexm_common/periph
"make" -C /home/tin/Desktop/RIOT_CODE/RIOT/cpu/stm32/periph
"make" -C /home/tin/Desktop/RIOT_CODE/RIOT/cpu/stm32/stmclk
"make" -C /home/tin/Desktop/RIOT_CODE/RIOT/cpu/stm32/vectors
"make" -C /home/tin/Desktop/RIOT_CODE/RIOT/drivers
"make" -C /home/tin/Desktop/RIOT_CODE/RIOT/drivers/at86rf2xx
"make" -C /home/tin/Desktop/RIOT_CODE/RIOT/drivers/netdev
"make" -C /home/tin/Desktop/RIOT_CODE/RIOT/drivers/periph_common
"make" -C /home/tin/Desktop/RIOT_CODE/RIOT/sys
"make" -C /home/tin/Desktop/RIOT_CODE/RIOT/sys/auto_init
"make" -C /home/tin/Desktop/RIOT_CODE/RIOT/sys/div
"make" -C /home/tin/Desktop/RIOT_CODE/RIOT/sys/event
"make" -C /home/tin/Desktop/RIOT_CODE/RIOT/sys/evtimer
"make" -C /home/tin/Desktop/RIOT_CODE/RIOT/sys/fmt
"make" -C /home/tin/Desktop/RIOT_CODE/RIOT/sys/frac
"make" -C /home/tin/Desktop/RIOT_CODE/RIOT/sys/iolist
"make" -C /home/tin/Desktop/RIOT_CODE/RIOT/sys/isrpipe
"make" -C /home/tin/Desktop/RIOT_CODE/RIOT/sys/libc
"make" -C /home/tin/Desktop/RIOT_CODE/RIOT/sys/luid
"make" -C /home/tin/Desktop/RIOT_CODE/RIOT/sys/malloc_thread_safe
"make" -C /home/tin/Desktop/RIOT_CODE/RIOT/sys/net/crosslayer/inet_csum
"make" -C /home/tin/Desktop/RIOT_CODE/RIOT/sys/net/gnrc
"make" -C /home/tin/Desktop/RIOT_CODE/RIOT/sys/net/gnrc/netapi
"make" -C /home/tin/Desktop/RIOT_CODE/RIOT/sys/net/gnrc/netif
"make" -C /home/tin/Desktop/RIOT_CODE/RIOT/sys/net/gnrc/netif/hdr
"make" -C /home/tin/Desktop/RIOT_CODE/RIOT/sys/net/gnrc/netif/ieee802154
"make" -C /home/tin/Desktop/RIOT_CODE/RIOT/sys/net/gnrc/netif/init_devs
"make" -C /home/tin/Desktop/RIOT_CODE/RIOT/sys/net/gnrc/netreg
"make" -C /home/tin/Desktop/RIOT_CODE/RIOT/sys/net/gnrc/network_layer/icmpv6
"make" -C /home/tin/Desktop/RIOT_CODE/RIOT/sys/net/gnrc/network_layer/ipv6
"make" -C /home/tin/Desktop/RIOT_CODE/RIOT/sys/net/gnrc/network_layer/ipv6/hdr
"make" -C /home/tin/Desktop/RIOT_CODE/RIOT/sys/net/gnrc/network_layer/ipv6/nib
"make" -C /home/tin/Desktop/RIOT_CODE/RIOT/sys/net/gnrc/network_layer/ndp
"make" -C /home/tin/Desktop/RIOT_CODE/RIOT/sys/net/gnrc/network_layer/sixlowpan
"make" -C /home/tin/Desktop/RIOT_CODE/RIOT/sys/net/gnrc/network_layer/sixlowpan/ctx
"make" -C /home/tin/Desktop/RIOT_CODE/RIOT/sys/net/gnrc/network_layer/sixlowpan/frag
"make" -C /home/tin/Desktop/RIOT_CODE/RIOT/sys/net/gnrc/network_layer/sixlowpan/frag/fb
"make" -C /home/tin/Desktop/RIOT_CODE/RIOT/sys/net/gnrc/network_layer/sixlowpan/frag/rb
"make" -C /home/tin/Desktop/RIOT_CODE/RIOT/sys/net/gnrc/network_layer/sixlowpan/iphc
"make" -C /home/tin/Desktop/RIOT_CODE/RIOT/sys/net/gnrc/network_layer/sixlowpan/nd
"make" -C /home/tin/Desktop/RIOT_CODE/RIOT/sys/net/gnrc/pkt
"make" -C /home/tin/Desktop/RIOT_CODE/RIOT/sys/net/gnrc/pktbuf
"make" -C /home/tin/Desktop/RIOT_CODE/RIOT/sys/net/gnrc/pktbuf_static
"make" -C /home/tin/Desktop/RIOT_CODE/RIOT/sys/net/gnrc/pktdump
"make" -C /home/tin/Desktop/RIOT_CODE/RIOT/sys/net/gnrc/routing/rpl
"make" -C /home/tin/Desktop/RIOT_CODE/RIOT/sys/net/gnrc/sock
"make" -C /home/tin/Desktop/RIOT_CODE/RIOT/sys/net/gnrc/sock/udp
"make" -C /home/tin/Desktop/RIOT_CODE/RIOT/sys/net/gnrc/transport_layer/udp
"make" -C /home/tin/Desktop/RIOT_CODE/RIOT/sys/net/link_layer/eui_provider
"make" -C /home/tin/Desktop/RIOT_CODE/RIOT/sys/net/link_layer/ieee802154
"make" -C /home/tin/Desktop/RIOT_CODE/RIOT/sys/net/link_layer/l2util
"make" -C /home/tin/Desktop/RIOT_CODE/RIOT/sys/net/netif
"make" -C /home/tin/Desktop/RIOT_CODE/RIOT/sys/net/netstats
"make" -C /home/tin/Desktop/RIOT_CODE/RIOT/sys/net/netutils
"make" -C /home/tin/Desktop/RIOT_CODE/RIOT/sys/net/network_layer/icmpv6
"make" -C /home/tin/Desktop/RIOT_CODE/RIOT/sys/net/network_layer/ipv6/addr
"make" -C /home/tin/Desktop/RIOT_CODE/RIOT/sys/net/network_layer/ipv6/hdr
"make" -C /home/tin/Desktop/RIOT_CODE/RIOT/sys/net/network_layer/sixlowpan
"make" -C /home/tin/Desktop/RIOT_CODE/RIOT/sys/net/sock
"make" -C /home/tin/Desktop/RIOT_CODE/RIOT/sys/net/sock/async/event
"make" -C /home/tin/Desktop/RIOT_CODE/RIOT/sys/net/transport_layer/udp
"make" -C /home/tin/Desktop/RIOT_CODE/RIOT/sys/newlib_syscalls_default
"make" -C /home/tin/Desktop/RIOT_CODE/RIOT/sys/od
"make" -C /home/tin/Desktop/RIOT_CODE/RIOT/sys/pm_layered
"make" -C /home/tin/Desktop/RIOT_CODE/RIOT/sys/posix/inet
"make" -C /home/tin/Desktop/RIOT_CODE/RIOT/sys/preprocessor
"make" -C /home/tin/Desktop/RIOT_CODE/RIOT/sys/random
"make" -C /home/tin/Desktop/RIOT_CODE/RIOT/sys/sema_inv
"make" -C /home/tin/Desktop/RIOT_CODE/RIOT/sys/shell
"make" -C /home/tin/Desktop/RIOT_CODE/RIOT/sys/shell/cmds
"make" -C /home/tin/Desktop/RIOT_CODE/RIOT/sys/stdio
"make" -C /home/tin/Desktop/RIOT_CODE/RIOT/sys/stdio_uart
"make" -C /home/tin/Desktop/RIOT_CODE/RIOT/sys/trickle
"make" -C /home/tin/Desktop/RIOT_CODE/RIOT/sys/tsrb
"make" -C /home/tin/Desktop/RIOT_CODE/RIOT/sys/ztimer
   text	   data	    bss	    dec	    hex	filename
  89636	    216	  37860	 127712	  1f2e0	/home/tin/Desktop/RIOT_CODE/RIOT/examples/networking/gnrc/experiment_rpl_of/root_experiment/bin/iotlab-m3/experiment_root.elf
iotlab-node --jmespath='keys(@)[0]' --format='lambda ret: exit(int(ret))'  --list lille,m3,181 --flash /home/tin/Desktop/RIOT_CODE/RIOT/examples/networking/gnrc/experiment_rpl_of/root_experiment/bin/iotlab-m3/experiment_root.bin
ssh -t thunguye@lille.iot-lab.info 'socat - tcp:m3-181.lille.iot-lab.info:20000' 
Root: Network interface PID: 6
Root: {"IPv6 addresses": ["fe80::dcbe:7023:9481:1015", "2001:db8::1"]}

Root: Created listening thread
Root: Created DIspatcher thread
Root: Running Shell
> main(): This is RIOT! (Version: 2026.01-devel-170-gc6095-rpl-mrhof-experiment)
Root: Network interface PID: 6
Root: {"IPv6 addresses": ["fe80::dcbe:7023:9481:1015", "2001:db8::1"]}

Root: Created listening thread
Root: Created DIspatcher thread
Root: Running Shell
> Listener:Sent_pong;1;CBB8
Dispatcher:CBB8;0;0;256;0;3;194;255;0;1
Listener:Sent_pong;2;8D93
Dispatcher:8D93;1004;0;256;0;2;206;255;0;2
Listener:Sent_pong;2;A78F
Dispatcher:A78F;1029;0;256;0;2;202;255;0;2
Listener:Sent_pong;3;8D93
Dispatcher:8D93;2014;0;256;0;2;206;255;0;3
Listener:Sent_pong;3;A78F
Dispatcher:A78F;2082;80294;256;0;2;202;255;1;3
Listener:Sent_pong;3;A7E4
Dispatcher:A7E4;2046;0;256;0;2;207;255;0;3
Listener:Sent_pong;4;8D93
Dispatcher:8D93;3029;0;256;0;2;206;255;0;4
Listener:Sent_pong;4;FCED
Dispatcher:FCED;3063;0;256;0;2;210;255;0;4
Listener:Sent_pong;4;F436
Dispatcher:F436;3088;0;256;0;2;195;255;0;4
Listener:Sent_pong;4;A78F
Dispatcher:A78F;3110;54294;256;0;2;202;255;2;4
Listener:Sent_pong;4;A7E4
Dispatcher:A7E4;3143;124927;256;0;2;207;255;1;4
Listener:Sent_pong;5;8D93
Dispatcher:8D93;4042;0;256;0;2;206;255;0;5
Listener:Sent_pong;5;CBB8
Dispatcher:CBB8;4085;101900;256;0;3;194;255;1;5
Listener:Sent_pong;5;A7E4
Dispatcher:A7E4;4175;62002;256;0;2;207;255;2;5
Listener:Sent_pong;6;3F27
Dispatcher:3F27;5041;0;256;0;3;198;254;0;6
Listener:Sent_pong;6;FCED
Dispatcher:FCED;5112;26305;256;0;2;210;255;1;6
Listener:Sent_pong;6;A78F
Dispatcher:A78F;5153;57920;256;0;2;202;255;3;6
Listener:Sent_pong;6;F436
Dispatcher:F436;5158;70719;256;0;2;195;255;1;6
Listener:Sent_pong;7;3F27
Dispatcher:3F27;6050;0;256;0;3;198;254;0;7
Listener:Sent_pong;7;FCED
Dispatcher:FCED;6124;26305;256;0;2;210;255;1;7
Listener:Sent_pong;7;CBB8
Dispatcher:CBB8;6147;101900;256;0;3;194;255;1;7
Listener:Sent_pong;7;A78F
Dispatcher:A78F;6182;57920;256;0;2;202;255;3;7
Listener:Sent_pong;7;A7E4
Dispatcher:A7E4;6208;48886;256;0;2;207;255;3;7
Listener:Sent_pong;8;8D93
Dispatcher:8D93;7071;0;256;0;2;206;255;0;8
Listener:Sent_pong;8;FCED
Dispatcher:FCED;7132;29304;256;0;2;210;255;2;8
Listener:Sent_pong;8;CBB8
Dispatcher:CBB8;7158;93526;256;0;3;194;255;2;8
Listener:Sent_pong;8;A7E4
Dispatcher:A7E4;7215;95568;256;0;2;207;255;4;8
Listener:Sent_pong;8;A78F
Dispatcher:A78F;7221;57920;256;0;2;202;255;3;8
Listener:Sent_pong;8;F436
Dispatcher:F436;7294;130103;256;0;2;195;255;2;8
Listener:Sent_pong;9;3F27
Dispatcher:3F27;8067;80676;256;0;3;198;254;1;9
Listener:Sent_pong;9;FCED
Dispatcher:FCED;8139;24325;256;0;2;210;255;3;9
Listener:Sent_pong;9;CBB8
Dispatcher:CBB8;8166;86060;256;0;3;194;255;3;9
Listener:Sent_pong;9;A7E4
Dispatcher:A7E4;8226;95568;256;0;2;207;255;4;9
Listener:Sent_pong;9;A78F
Dispatcher:A78F;8256;52874;256;0;2;202;255;4;9
Listener:Sent_pong;9;F436
Dispatcher:F436;8303;41187;256;0;2;195;255;3;9
Listener:Sent_pong;10;3F27
Dispatcher:3F27;9075;80676;256;0;3;198;254;1;10
Listener:Sent_pong;10;8D93
Dispatcher:8D93;9131;56120;256;0;2;206;255;1;10
Listener:Sent_pong;10;FCED
Dispatcher:FCED;9157;43541;256;0;2;210;255;4;10
Listener:Sent_pong;10;CBB8
Dispatcher:CBB8;9176;76050;256;0;3;194;255;4;10
Listener:Sent_pong;10;A7E4
Dispatcher:A7E4;9244;95568;256;0;2;207;255;4;10
Listener:Sent_pong;10;A78F
Dispatcher:A78F;9299;76660;256;0;2;202;255;5;10
Listener:Sent_pong;10;F436
Dispatcher:F436;9339;72347;256;0;2;195;255;4;10
Listener:Sent_pong;11;3F27
Dispatcher:3F27;10087;70952;256;0;3;198;254;2;11
Listener:Sent_pong;11;8D93
Dispatcher:8D93;10142;56120;256;0;2;206;255;1;11
Listener:Sent_pong;11;FCED
Dispatcher:FCED;10169;42868;256;0;2;210;255;5;11
Listener:Sent_pong;11;CBB8
Dispatcher:CBB8;10183;101300;256;0;3;194;255;5;11
Listener:Sent_pong;11;A7E4
Dispatcher:A7E4;10251;51984;256;0;2;207;255;5;11
Listener:Sent_pong;11;A78F
Dispatcher:A78F;10307;27552;256;0;2;202;255;6;11
Listener:Sent_pong;11;F436
Dispatcher:F436;10348;37647;256;0;2;195;255;5;11
Listener:Sent_pong;12;3F27
Dispatcher:3F27;11101;69728;256;0;3;198;254;3;12
Listener:Sent_pong;12;8D93
Dispatcher:8D93;11153;56120;256;0;2;206;255;1;12
Listener:Sent_pong;12;CBB8
Dispatcher:CBB8;11195;90018;256;0;3;194;255;6;12
Listener:Sent_pong;12;A78F
Dispatcher:A78F;11315;33487;256;0;2;202;255;7;12
Listener:Sent_pong;12;F436
Dispatcher:F436;11356;44513;256;0;2;195;255;6;12
Listener:Sent_pong;13;3F27
Dispatcher:3F27;12109;67706;256;0;3;198;254;4;13
Listener:Sent_pong;13;8D93
Dispatcher:8D93;12173;56120;256;0;2;206;255;1;13
Listener:Sent_pong;13;CBB8
Dispatcher:CBB8;12221;147358;256;0;2;207;255;7;13
Listener:Sent_pong;13;A7E4
Dispatcher:A7E4;12293;51076;256;0;2;207;255;6;13
Listener:Sent_pong;14;3F27
Dispatcher:3F27;13117;67512;256;0;3;198;254;5;14
Listener:Sent_pong;14;8D93
Dispatcher:8D93;13181;56120;256;0;2;206;255;1;14
Listener:Sent_pong;14;FCED
Dispatcher:FCED;13229;42868;256;0;2;210;255;5;14
Listener:Sent_pong;14;A7E4
Dispatcher:A7E4;13313;51076;256;0;2;207;255;6;14
Listener:Sent_pong;14;A78F
Dispatcher:A78F;13367;48188;256;0;2;202;255;8;14
Listener:Sent_pong;14;F436
Dispatcher:F436;13409;51939;256;0;2;195;255;7;14
Listener:Sent_pong;15;3F27
Dispatcher:3F27;14124;59430;256;0;3;198;254;6;15
Listener:Sent_pong;15;8D93
Dispatcher:8D93;14189;40845;256;0;2;206;255;2;15
Listener:Sent_pong;15;FCED
Dispatcher:FCED;14238;55486;256;0;2;210;255;6;15
Listener:Sent_pong;15;CBB8
Dispatcher:CBB8;14273;147358;256;0;2;207;255;7;15
Listener:Sent_pong;15;A7E4
Dispatcher:A7E4;14321;55602;256;0;2;207;255;7;15
Listener:Sent_pong;15;A78F
Dispatcher:A78F;14389;34382;256;0;2;202;255;9;15
Listener:Sent_pong;15;F436
Dispatcher:F436;14417;37654;256;0;2;195;255;8;15
Listener:Sent_pong;16;3F27
Dispatcher:3F27;15132;52170;256;0;3;198;254;7;16
Listener:Sent_pong;16;8D93
Dispatcher:8D93;15196;28198;256;0;2;206;255;3;16
Listener:Sent_pong;16;FCED
Dispatcher:FCED;15245;23388;256;0;2;210;255;7;16
Listener:Sent_pong;16;CBB8
Dispatcher:CBB8;15280;47108;256;0;2;207;255;8;16
Listener:Sent_pong;16;A7E4
Dispatcher:A7E4;15328;38582;256;0;2;207;255;8;16
Listener:Sent_pong;16;A78F
Dispatcher:A78F;15396;33494;256;0;2;202;255;10;16
Listener:Sent_pong;16;F436
Dispatcher:F436;15427;44347;256;0;2;195;255;9;16
Listener:Sent_pong;17;3F27
Dispatcher:3F27;16141;54080;256;0;3;198;254;8;17
Listener:Sent_pong;17;8D93
Dispatcher:8D93;16203;25648;256;0;2;206;255;4;17
Listener:Sent_pong;17;FCED
Dispatcher:FCED;16253;27592;256;0;2;210;255;8;17
Listener:Sent_pong;17;CBB8
Dispatcher:CBB8;16287;36317;256;0;2;207;255;9;17
Listener:Sent_pong;17;A7E4
Dispatcher:A7E4;16342;50384;256;0;2;207;255;9;17
Listener:Sent_pong;17;A78F
Dispatcher:A78F;16403;24990;256;0;2;202;255;11;17
Listener:Sent_pong;17;F436
Dispatcher:F436;16435;43868;256;0;2;195;255;10;17
Listener:Sent_pong;18;3F27
Dispatcher:3F27;17150;79686;256;0;3;198;254;9;18
Listener:Sent_pong;18;8D93
Dispatcher:8D93;17217;33671;256;0;2;206;255;5;18
Listener:Sent_pong;18;FCED
Dispatcher:FCED;17262;32208;256;0;2;210;255;9;18
Listener:Sent_pong;18;CBB8
Dispatcher:CBB8;17296;40172;256;0;2;207;255;10;18
Listener:Sent_pong;18;A7E4
Dispatcher:A7E4;17351;47696;256;0;2;207;255;10;18
Listener:Sent_pong;18;A78F
Dispatcher:A78F;17412;30125;256;0;2;202;255;12;18
Listener:Sent_pong;18;F436
Dispatcher:F436;17442;38604;256;0;2;195;255;11;18
Listener:Sent_pong;19;3F27
Dispatcher:3F27;18158;53768;256;0;3;198;254;10;19
Listener:Sent_pong;19;8D93
Dispatcher:8D93;18224;24336;256;0;2;206;255;6;19
Listener:Sent_pong;19;FCED
Dispatcher:FCED;18271;27594;256;0;2;210;255;10;19
Listener:Sent_pong;19;CBB8
Dispatcher:CBB8;18304;44286;256;0;2;207;255;11;19
Listener:Sent_pong;19;A7E4
Dispatcher:A7E4;18359;42774;256;0;2;207;255;11;19
Listener:Sent_pong;19;A78F
Dispatcher:A78F;18419;31199;256;0;2;202;255;13;19
Listener:Sent_pong;19;F436
Dispatcher:F436;18449;36706;256;0;2;195;255;12;19
Listener:Sent_pong;20;3F27
Dispatcher:3F27;19165;56764;256;0;3;198;254;11;20
Listener:Sent_pong;20;8D93
Dispatcher:8D93;19233;29158;256;0;2;206;255;7;20
Listener:Sent_pong;20;FCED
Dispatcher:FCED;19278;29768;256;0;2;210;255;11;20
Listener:Sent_pong;20;CBB8
Dispatcher:CBB8;19313;39226;256;0;2;207;255;12;20
Listener:Sent_pong;20;A7E4
Dispatcher:A7E4;19374;48222;256;0;2;207;255;12;20
Listener:Sent_pong;20;A78F
Dispatcher:A78F;19427;26294;256;0;2;202;255;14;20
Listener:Sent_pong;20;F436
Dispatcher:F436;19457;41823;256;0;2;195;255;13;20
Listener:Sent_pong;21;3F27
Dispatcher:3F27;20172;47348;256;0;3;198;254;12;21
Listener:Sent_pong;21;8D93
Dispatcher:8D93;20242;28514;256;0;2;206;255;8;21
Listener:Sent_pong;21;FCED
Dispatcher:FCED;20287;29818;256;0;2;210;255;12;21
Listener:Sent_pong;21;CBB8
Dispatcher:CBB8;20322;39534;256;0;2;207;255;13;21
Listener:Sent_pong;21;A7E4
Dispatcher:A7E4;20381;40136;256;0;2;207;255;13;21
Listener:Sent_pong;21;A78F
Dispatcher:A78F;20434;24042;256;0;2;202;255;15;21
Listener:Sent_pong;21;F436
Dispatcher:F436;20478;53827;256;0;2;195;255;14;21
Listener:Sent_pong;22;3F27
Dispatcher:3F27;21179;49928;256;0;3;198;254;13;22
Listener:Sent_pong;22;8D93
Dispatcher:8D93;21257;34140;256;0;2;206;255;9;22
Listener:Sent_pong;22;FCED
Dispatcher:FCED;21295;26906;256;0;2;210;255;13;22
Listener:Sent_pong;22;CBB8
Dispatcher:CBB8;21330;65978;256;0;2;207;255;14;22
Listener:Sent_pong;22;A7E4
Dispatcher:A7E4;21390;42180;256;0;2;207;255;14;22
Listener:Sent_pong;22;A78F
Dispatcher:A78F;21442;34974;256;0;2;201;255;16;22
Listener:Sent_pong;22;F436
Dispatcher:F436;21486;40851;256;0;2;195;255;15;22
Listener:Sent_pong;23;3F27
Dispatcher:3F27;22187;59004;256;0;3;198;254;14;23
Listener:Sent_pong;23;8D93
Dispatcher:8D93;22265;29168;256;0;2;206;255;10;23
Listener:Sent_pong;23;FCED
Dispatcher:FCED;22303;25656;256;0;2;210;255;14;23
Listener:Sent_pong;23;CBB8
Dispatcher:CBB8;22339;40500;256;0;2;207;255;15;23
Listener:Sent_pong;23;A7E4
Dispatcher:A7E4;22403;45358;256;0;2;207;255;15;23
Listener:Sent_pong;23;A78F
Dispatcher:A78F;22454;26894;256;0;2;201;255;17;23
Listener:Sent_pong;23;F436
Dispatcher:F436;22494;40219;256;0;2;195;255;16;23
Listener:Sent_pong;24;3F27
Dispatcher:3F27;23196;51190;256;0;3;198;254;15;24
Listener:Sent_pong;24;8D93
Dispatcher:8D93;23272;23090;256;0;2;206;255;11;24
Listener:Sent_pong;24;FCED
Dispatcher:FCED;23311;26940;256;0;2;210;255;15;24
Listener:Sent_pong;24;CBB8
Dispatcher:CBB8;23346;34767;256;0;2;207;255;16;24
Listener:Sent_pong;24;A7E4
Dispatcher:A7E4;23411;74488;256;0;2;207;255;16;24
Listener:Sent_pong;24;A78F
Dispatcher:A78F;23488;50387;256;0;2;201;255;18;24
Listener:Sent_pong;24;F436
Dispatcher:F436;23510;45019;256;0;2;195;255;17;24
Listener:Sent_pong;25;3F27
Dispatcher:3F27;24203;52162;256;0;3;198;254;16;25
Listener:Sent_pong;25;8D93
Dispatcher:8D93;24283;30238;256;0;2;206;255;12;25
Listener:Sent_pong;25;FCED
Dispatcher:FCED;24319;26286;256;0;2;210;255;16;25
Listener:Sent_pong;25;CBB8
Dispatcher:CBB8;24353;36051;256;0;2;207;255;17;25
Listener:Sent_pong;25;A7E4
Dispatcher:A7E4;24418;34118;256;0;2;207;255;17;25
Listener:Sent_pong;25;A78F
Dispatcher:A78F;24495;26636;256;0;2;201;255;19;25
Listener:Sent_pong;25;F436
Dispatcher:F436;24519;43297;256;0;2;195;255;18;25
Listener:Sent_pong;26;3F27
Dispatcher:3F27;25212;56890;256;0;3;198;254;17;26
Listener:Sent_pong;26;8D93
Dispatcher:8D93;25292;27550;256;0;2;206;255;13;26
Listener:Sent_pong;26;FCED
Dispatcher:FCED;25328;25756;256;0;2;210;255;17;26
Listener:Sent_pong;26;CBB8
Dispatcher:CBB8;25361;39856;256;0;2;207;255;18;26
Listener:Sent_pong;26;A7E4
Dispatcher:A7E4;25431;43196;256;0;2;207;255;18;26
Listener:Sent_pong;26;A78F
Dispatcher:A78F;25502;26294;256;0;2;201;255;20;26
Listener:Sent_pong;26;F436
Dispatcher:F436;25527;50957;256;0;2;195;255;19;26
Listener:Sent_pong;27;3F27
Dispatcher:3F27;26220;51824;256;0;3;198;254;18;27
Listener:Sent_pong;27;8D93
Dispatcher:8D93;26299;26276;256;0;2;206;255;14;27
Listener:Sent_pong;27;FCED
Dispatcher:FCED;26336;27550;256;0;2;210;255;18;27
Listener:Sent_pong;27;CBB8
Dispatcher:CBB8;26372;42224;256;0;2;207;255;19;27
Listener:Sent_pong;27;A7E4
Dispatcher:A7E4;26440;44574;256;0;2;207;255;19;27
Listener:Sent_pong;27;A78F
Dispatcher:A78F;26509;25328;256;0;2;201;255;21;27
Listener:Sent_pong;27;F436
Dispatcher:F436;26534;36065;256;0;2;195;255;20;27
Listener:Sent_pong;28;3F27
Dispatcher:3F27;27229;53134;256;0;3;198;254;19;28
Listener:Sent_pong;28;8D93
Dispatcher:8D93;27313;33516;256;0;2;206;255;15;28
Listener:Sent_pong;28;FCED
Dispatcher:FCED;27344;25980;256;0;2;210;255;19;28
Listener:Sent_pong;28;CBB8
Dispatcher:CBB8;27381;42858;256;0;2;207;255;20;28
Listener:Sent_pong;28;A7E4
Dispatcher:A7E4;27449;43065;256;0;2;207;255;20;28
Listener:Sent_pong;28;A78F
Dispatcher:A78F;27522;30480;256;0;2;201;255;22;28
Listener:Sent_pong;28;F436
Dispatcher:F436;27545;43823;256;0;2;195;255;21;28
Listener:Sent_pong;29;3F27
Dispatcher:3F27;28236;59618;256;0;3;198;254;20;29
Listener:Sent_pong;29;8D93
Dispatcher:8D93;28322;25320;256;0;2;206;255;16;29
Listener:Sent_pong;29;FCED
Dispatcher:FCED;28353;26624;256;0;2;210;255;20;29
Listener:Sent_pong;29;CBB8
Dispatcher:CBB8;28388;37612;256;0;2;207;255;21;29
Listener:Sent_pong;29;A7E4
Dispatcher:A7E4;28459;46223;256;0;2;207;255;21;29
Listener:Sent_pong;29;A78F
Dispatcher:A78F;28531;29860;256;0;2;201;255;23;29
Listener:Sent_pong;29;F436
Dispatcher:F436;28557;45285;256;0;2;195;255;22;29
Listener:Sent_pong;30;3F27
Dispatcher:3F27;29244;52124;256;0;3;198;254;21;30
Listener:Sent_pong;30;8D93
Dispatcher:8D93;29330;26608;256;0;2;206;255;17;30
Listener:Sent_pong;30;FCED
Dispatcher:FCED;29360;22766;256;0;2;210;255;21;30
Listener:Sent_pong;30;CBB8
Dispatcher:CBB8;29395;37100;256;0;2;207;255;22;30
Listener:Sent_pong;30;A7E4
Dispatcher:A7E4;29468;43854;256;0;2;207;255;22;30
Listener:Sent_pong;30;A78F
Dispatcher:A78F;29540;28874;256;0;2;201;255;24;30
Listener:Sent_pong;30;F436
Dispatcher:F436;29565;43238;256;0;2;195;255;23;30
Listener:Sent_pong;31;3F27
Dispatcher:3F27;30252;53102;256;0;3;198;254;22;31
Listener:Sent_pong;31;8D93
Dispatcher:8D93;30346;36564;256;0;2;206;255;18;31
Listener:Sent_pong;31;FCED
Dispatcher:FCED;30372;32808;256;0;2;210;255;22;31
Listener:Sent_pong;31;CBB8
Dispatcher:CBB8;30409;46686;256;0;2;207;255;23;31
Listener:Sent_pong;31;A7E4
Dispatcher:A7E4;30475;44922;256;0;2;207;255;23;31
Listener:Sent_pong;31;A78F
Dispatcher:A78F;30554;33344;256;0;2;201;255;25;31
Listener:Sent_pong;32;3F27
Dispatcher:3F27;31259;53696;256;0;3;198;254;23;32
Listener:Sent_pong;32;8D93
Dispatcher:8D93;31354;28542;256;0;2;206;255;19;32
Listener:Sent_pong;32;FCED
Dispatcher:FCED;31380;25368;256;0;2;210;255;23;32
Listener:Sent_pong;32;CBB8
Dispatcher:CBB8;31418;38884;256;0;2;207;255;24;32
Listener:Sent_pong;32;A7E4
Dispatcher:A7E4;31488;51210;256;0;2;207;255;24;32
Listener:Sent_pong;32;F436
Dispatcher:F436;31587;42993;256;0;2;195;255;24;32
Listener:Sent_pong;33;3F27
Dispatcher:3F27;32267;55678;256;0;3;198;254;24;33
Listener:Sent_pong;33;8D93
Dispatcher:8D93;32363;27540;256;0;2;206;255;20;33
Listener:Sent_pong;33;FCED
Dispatcher:FCED;32389;27380;256;0;2;210;255;24;33
Listener:Sent_pong;33;CBB8
Dispatcher:CBB8;32426;41266;256;0;2;207;255;25;33
Listener:Sent_pong;33;A7E4
Dispatcher:A7E4;32496;56478;256;0;2;207;255;25;33
Listener:Sent_pong;33;A78F
Dispatcher:A78F;32572;29810;256;0;2;201;255;26;33
Listener:Sent_pong;33;F436
Dispatcher:F436;32601;54071;256;0;2;195;255;25;33
Listener:Sent_pong;34;3F27
Dispatcher:3F27;33275;54074;256;0;3;198;254;25;34
Listener:Sent_pong;34;8D93
Dispatcher:8D93;33370;26632;256;0;2;206;255;21;34
Listener:Sent_pong;34;FCED
Dispatcher:FCED;33398;28852;256;0;2;210;255;25;34
Listener:Sent_pong;34;CBB8
Dispatcher:CBB8;33435;41467;256;0;2;207;255;26;34
Listener:Sent_pong;34;A7E4
Dispatcher:A7E4;33503;40152;256;0;2;207;255;26;34
Listener:Sent_pong;34;A78F
Dispatcher:A78F;33580;26730;256;0;2;201;255;27;34
Listener:Sent_pong;34;F436
Dispatcher:F436;33608;41189;256;0;2;195;255;26;34
Listener:Sent_pong;35;3F27
Dispatcher:3F27;34284;70796;256;0;3;198;254;26;35
Listener:Sent_pong;35;8D93
Dispatcher:8D93;34378;25342;256;0;2;206;255;22;35
Listener:Sent_pong;35;FCED
Dispatcher:FCED;34406;32166;256;0;2;210;255;26;35
Listener:Sent_pong;35;CBB8
Dispatcher:CBB8;34441;39212;256;0;2;207;255;27;35
Listener:Sent_pong;35;A7E4
Dispatcher:A7E4;34518;46304;256;0;2;207;255;27;35
Listener:Sent_pong;35;A78F
Dispatcher:A78F;34590;27250;256;0;2;201;255;28;35
Listener:Sent_pong;35;F436
Dispatcher:F436;34624;48275;256;0;2;195;255;27;35
Listener:Sent_pong;36;3F27
Dispatcher:3F27;35291;55032;256;0;3;198;254;27;36
Listener:Sent_pong;36;8D93
Dispatcher:8D93;35385;25638;256;0;2;206;255;23;36
Listener:Sent_pong;36;FCED
Dispatcher:FCED;35413;25666;256;0;2;210;255;27;36
Listener:Sent_pong;36;CBB8
Dispatcher:CBB8;35448;37600;256;0;2;207;255;28;36
Listener:Sent_pong;36;A7E4
Dispatcher:A7E4;35535;58906;256;0;2;207;255;28;36
Listener:Sent_pong;36;A78F
Dispatcher:A78F;35601;28952;256;0;2;201;255;29;36
Listener:Sent_pong;36;F436
Dispatcher:F436;35632;38625;256;0;2;195;255;28;36
Listener:Sent_pong;37;3F27
Dispatcher:3F27;36300;57288;256;0;3;198;254;28;37
Listener:Sent_pong;37;8D93
Dispatcher:8D93;36402;33182;256;0;2;206;255;24;37
Listener:Sent_pong;37;FCED
Dispatcher:FCED;36425;28660;256;0;2;210;255;28;37
Listener:Sent_pong;37;CBB8
Dispatcher:CBB8;36456;38262;256;0;2;207;255;29;37
Listener:Sent_pong;37;A7E4
Dispatcher:A7E4;36543;40542;256;0;2;207;255;29;37
Listener:Sent_pong;37;A78F
Dispatcher:A78F;36609;28340;256;0;2;201;255;30;37
Listener:Sent_pong;37;F436
Dispatcher:F436;36640;37017;256;0;2;195;255;29;37
Listener:Sent_pong;38;3F27
Dispatcher:3F27;37309;57194;256;0;3;198;254;29;38
Listener:Sent_pong;38;8D93
Dispatcher:8D93;37410;26308;256;0;2;206;255;25;38
Listener:Sent_pong;38;FCED
Dispatcher:FCED;37433;27676;256;0;2;210;255;29;38
Listener:Sent_pong;38;CBB8
Dispatcher:CBB8;37463;41136;256;0;2;207;255;30;38
Listener:Sent_pong;38;A7E4
Dispatcher:A7E4;37551;42755;256;0;2;207;255;30;38
Listener:Sent_pong;38;A78F
Dispatcher:A78F;37618;31086;256;0;2;201;255;31;38
Listener:Sent_pong;38;F436
Dispatcher:F436;37658;50941;256;0;2;195;255;30;38
Listener:Sent_pong;39;3F27
Dispatcher:3F27;38317;52494;256;0;3;198;254;30;39
Listener:Sent_pong;39;8D93
Dispatcher:8D93;38417;25334;256;0;2;206;255;26;39
Listener:Sent_pong;39;CBB8
Dispatcher:CBB8;38472;46344;256;0;2;207;255;31;39
Listener:Sent_pong;39;A7E4
Dispatcher:A7E4;38558;48921;256;0;2;207;255;31;39
Listener:Sent_pong;39;A78F
Dispatcher:A78F;38627;30086;256;0;2;201;255;32;39
Listener:Sent_pong;39;F436
Dispatcher:F436;38665;39203;256;0;2;195;255;31;39
Listener:Sent_pong;40;3F27
Dispatcher:3F27;39325;53880;256;0;3;198;254;31;40
Listener:Sent_pong;40;8D93
Dispatcher:8D93;39433;25334;256;0;2;206;255;26;40
Listener:Sent_pong;40;FCED
Dispatcher:FCED;39471;24038;256;0;2;210;255;30;40
Listener:Sent_pong;40;A7E4
Dispatcher:A7E4;39565;38912;256;0;2;207;255;32;40
Listener:Sent_pong;40;A78F
Dispatcher:A78F;39643;35100;256;0;2;201;255;33;40
Listener:Sent_pong;40;F436
Dispatcher:F436;39673;40873;256;0;2;195;255;32;40
Listener:Sent_pong;41;3F27
Dispatcher:3F27;40333;58136;256;0;3;198;254;32;41
Listener:Sent_pong;41;8D93
Dispatcher:8D93;40440;26934;256;0;2;206;255;27;41
Listener:Sent_pong;41;FCED
Dispatcher:FCED;40479;31626;256;0;2;210;255;31;41
Listener:Sent_pong;41;A7E4
Dispatcher:A7E4;40575;41598;256;0;2;207;255;33;41
Listener:Sent_pong;41;A78F
Dispatcher:A78F;40650;25638;256;0;2;201;255;34;41
Listener:Sent_pong;41;F436
Dispatcher:F436;40685;47687;256;0;2;195;255;33;41
Listener:Sent_pong;42;3F27
Dispatcher:3F27;41340;59982;256;0;3;198;254;33;42
Listener:Sent_pong;42;8D93
Dispatcher:8D93;41448;27232;256;0;2;206;255;28;42
Listener:Sent_pong;42;FCED
Dispatcher:FCED;41488;31626;256;0;2;210;255;31;42
Listener:Sent_pong;42;CBB8
Dispatcher:CBB8;41499;38794;256;0;2;207;255;32;42
Listener:Sent_pong;42;A7E4
Dispatcher:A7E4;41584;44930;256;0;2;207;255;34;42
Listener:Sent_pong;42;A78F
Dispatcher:A78F;41657;24062;256;0;2;201;245;35;42
Listener:Sent_pong;42;F436
Dispatcher:F436;41693;44540;256;0;2;195;255;34;42
Listener:Sent_pong;43;3F27
Dispatcher:3F27;42348;53770;256;0;3;198;254;34;43
Listener:Sent_pong;43;8D93
Dispatcher:8D93;42460;32624;256;0;2;206;255;29;43
Listener:Sent_pong;43;FCED
Dispatcher:FCED;42494;33206;256;0;2;210;255;32;43
Listener:Sent_pong;43;CBB8
Dispatcher:CBB8;42526;64525;256;0;2;207;255;33;43
Listener:Sent_pong;43;A7E4
Dispatcher:A7E4;42592;34740;256;0;2;207;255;35;43
Listener:Sent_pong;43;A78F
Dispatcher:A78F;42669;29200;256;0;2;201;249;36;43
Listener:Sent_pong;43;F436
Dispatcher:F436;42700;36995;256;0;2;195;255;35;43
Listener:Sent_pong;44;3F27
Dispatcher:3F27;43356;52152;256;0;3;198;254;35;44
Listener:Sent_pong;44;8D93
Dispatcher:8D93;43468;25636;256;0;2;206;255;30;44
Listener:Sent_pong;44;FCED
Dispatcher:FCED;43502;23716;256;0;2;210;255;33;44
Listener:Sent_pong;44;CBB8
Dispatcher:CBB8;43533;39213;256;0;2;207;255;34;44
Listener:Sent_pong;44;A7E4
Dispatcher:A7E4;43604;43133;256;0;2;207;255;36;44
Listener:Sent_pong;44;A78F
Dispatcher:A78F;43678;26920;256;0;2;201;249;37;44
Listener:Sent_pong;44;F436
Dispatcher:F436;43716;43915;256;0;2;195;255;36;44
Listener:Sent_pong;45;3F27
Dispatcher:3F27;44362;47986;256;0;3;198;254;36;45
Listener:Sent_pong;45;8D93
Dispatcher:8D93;44475;25644;256;0;2;206;255;31;45
Listener:Sent_pong;45;FCED
Dispatcher:FCED;44510;28202;256;0;2;210;255;34;45
Listener:Sent_pong;45;CBB8
Dispatcher:CBB8;44541;40164;256;0;2;207;255;35;45
Listener:Sent_pong;45;A7E4
Dispatcher:A7E4;44611;38268;256;0;2;207;255;37;45
Listener:Sent_pong;45;A78F
Dispatcher:A78F;44685;23726;256;0;2;201;249;38;45
Listener:Sent_pong;45;F436
Dispatcher:F436;44723;47913;256;0;2;195;255;37;45
Listener:Sent_pong;46;3F27
Dispatcher:3F27;45371;58832;256;0;3;198;254;37;46
Listener:Sent_pong;46;8D93
Dispatcher:8D93;45490;34562;256;0;2;206;255;32;46
Listener:Sent_pong;46;FCED
Dispatcher:FCED;45518;28616;256;0;2;210;255;35;46
Listener:Sent_pong;46;CBB8
Dispatcher:CBB8;45549;40184;256;0;2;207;255;36;46
Listener:Sent_pong;46;A7E4
Dispatcher:A7E4;45619;41490;256;0;2;207;255;38;46
Listener:Sent_pong;46;A78F
Dispatcher:A78F;45699;32540;256;0;2;201;249;39;46
Listener:Sent_pong;46;F436
Dispatcher:F436;45730;40215;256;0;2;195;255;38;46
Listener:Sent_pong;47;3F27
Dispatcher:3F27;46379;50270;256;0;3;198;254;38;47
Listener:Sent_pong;47;8D93
Dispatcher:8D93;46498;29498;256;0;2;206;255;33;47
Listener:Sent_pong;47;FCED
Dispatcher:FCED;46527;32586;256;0;2;210;255;36;47
Listener:Sent_pong;47;CBB8
Dispatcher:CBB8;46557;41470;256;0;2;207;255;37;47
Listener:Sent_pong;47;A7E4
Dispatcher:A7E4;46633;48244;256;0;2;207;255;39;47
Listener:Sent_pong;47;A78F
Dispatcher:A78F;46708;30754;256;0;2;201;249;40;47
Listener:Sent_pong;47;F436
Dispatcher:F436;46746;34169;256;0;2;195;255;39;47
Listener:Sent_pong;48;3F27
Dispatcher:3F27;47388;48680;256;0;3;198;250;39;48
Listener:Sent_pong;48;8D93
Dispatcher:8D93;47505;23416;256;0;2;206;255;34;48
Listener:Sent_pong;48;FCED
Dispatcher:FCED;47534;23726;256;0;2;210;255;37;48
Listener:Sent_pong;48;CBB8
Dispatcher:CBB8;47565;42100;256;0;2;207;255;38;48
Listener:Sent_pong;48;A7E4
Dispatcher:A7E4;47640;26282;256;0;2;207;255;40;48
Listener:Sent_pong;48;A78F
Dispatcher:A78F;47717;26628;256;0;2;201;249;41;48
Listener:Sent_pong;48;F436
Dispatcher:F436;47754;24813;256;0;2;195;255;40;48
Listener:Sent_pong;49;3F27
Dispatcher:3F27;48395;51654;256;0;3;197;250;40;49
Listener:Sent_pong;49;8D93
Dispatcher:8D93;48519;34638;256;0;2;206;255;35;49
Listener:Sent_pong;49;FCED
Dispatcher:FCED;48547;31528;256;0;2;210;255;38;49
Listener:Sent_pong;49;CBB8
Dispatcher:CBB8;48572;36976;256;0;2;207;255;39;49
Listener:Sent_pong;49;A7E4
Dispatcher:A7E4;48648;25604;256;0;2;207;255;41;49
Listener:Sent_pong;49;A78F
Dispatcher:A78F;48726;28514;256;0;2;201;249;42;49
Listener:Sent_pong;49;F436
Dispatcher:F436;48762;26605;256;0;2;195;255;41;49
Listener:Sent_pong;50;3F27
Dispatcher:3F27;49404;63188;256;0;2;204;255;41;50
Listener:Sent_pong;50;8D93
Dispatcher:8D93;49527;25002;256;0;2;206;255;36;50
Listener:Sent_pong;50;FCED
Dispatcher:FCED;49554;28840;256;0;2;210;255;39;50
Listener:Sent_pong;50;CBB8
Dispatcher:CBB8;49580;45068;256;0;2;207;255;40;50
Listener:Sent_pong;50;A7E4
Dispatcher:A7E4;49664;37180;256;0;2;207;255;42;50
Listener:Sent_pong;50;A78F
Dispatcher:A78F;49732;26296;256;0;2;201;249;43;50
Listener:Sent_pong;50;F436
Dispatcher:F436;49769;25957;256;0;2;195;255;42;50
Listener:Sent_pong;51;3F27
Dispatcher:3F27;50412;63188;256;0;2;204;255;41;51
Listener:Sent_pong;51;8D93
Dispatcher:8D93;50535;23406;256;0;2;206;255;37;51
Listener:Sent_pong;51;FCED
Dispatcher:FCED;50562;37350;256;0;2;210;255;40;51
Listener:Sent_pong;51;CBB8
Dispatcher:CBB8;50597;47658;256;0;2;207;255;41;51
Listener:Sent_pong;51;A7E4
Dispatcher:A7E4;50672;49565;256;0;2;207;255;43;51
Listener:Sent_pong;51;A78F
Dispatcher:A78F;50740;25634;256;0;2;201;249;44;51
Listener:Sent_pong;51;F436
Dispatcher:F436;50778;25967;256;0;2;195;255;43;51
Listener:Sent_pong;52;3F27
Dispatcher:3F27;51420;41864;256;0;2;204;255;42;52
Listener:Sent_pong;52;8D93
Dispatcher:8D93;51549;32844;256;0;2;206;255;38;52
Listener:Sent_pong;52;FCED
Dispatcher:FCED;51575;56166;256;0;2;210;255;41;52
Listener:Sent_pong;52;CBB8
Dispatcher:CBB8;51606;44779;256;0;2;207;255;42;52
Listener:Sent_pong;52;A7E4
Dispatcher:A7E4;51679;26288;256;0;2;207;255;44;52
Listener:Sent_pong;52;A78F
Dispatcher:A78F;51747;30528;256;0;2;201;249;45;52
Listener:Sent_pong;52;F436
Dispatcher:F436;51785;26569;256;0;2;195;255;44;52
Listener:Sent_pong;53;3F27
Dispatcher:3F27;52427;41160;256;0;2;204;255;43;53
Listener:Sent_pong;53;8D93
Dispatcher:8D93;52558;27576;256;0;2;206;255;39;53
Listener:Sent_pong;53;FCED
Dispatcher:FCED;52584;40834;256;0;2;210;255;42;53
Listener:Sent_pong;53;CBB8
Dispatcher:CBB8;52620;45316;256;0;2;207;255;43;53
Listener:Sent_pong;53;A7E4
Dispatcher:A7E4;52693;33684;256;0;2;207;255;45;53
Listener:Sent_pong;53;A78F
Dispatcher:A78F;52755;26572;256;0;2;201;249;46;53
Listener:Sent_pong;53;F436
Dispatcher:F436;52802;37200;256;0;2;195;255;45;53
Listener:Sent_pong;54;3F27
Dispatcher:3F27;53434;41172;256;0;2;204;255;44;54
Listener:Sent_pong;54;8D93
Dispatcher:8D93;53566;25950;256;0;2;206;255;40;54
Listener:Sent_pong;54;FCED
Dispatcher:FCED;53598;39600;256;0;2;210;255;43;54
Listener:Sent_pong;54;CBB8
Dispatcher:CBB8;53629;46798;256;0;2;207;255;44;54
Listener:Sent_pong;54;A7E4
Dispatcher:A7E4;53702;29770;256;0;2;207;255;46;54
Listener:Sent_pong;54;A78F
Dispatcher:A78F;53763;26294;256;0;2;201;249;47;54
Listener:Sent_pong;54;F436
Dispatcher:F436;53811;30143;256;0;2;195;255;46;54
Listener:Sent_pong;55;3F27
Dispatcher:3F27;54441;56794;256;0;2;204;255;45;55
Listener:Sent_pong;55;8D93
Dispatcher:8D93;54574;37662;256;0;2;206;255;41;55
Listener:Sent_pong;55;FCED
Dispatcher:FCED;54611;34540;256;0;2;210;255;44;55
Listener:Sent_pong;55;CBB8
Dispatcher:CBB8;54636;59422;256;0;2;207;255;45;55
Listener:Sent_pong;55;A7E4
Dispatcher:A7E4;54711;27856;256;0;2;207;255;47;55
Listener:Sent_pong;55;A78F
Dispatcher:A78F;54771;29158;256;0;2;201;249;48;55
Listener:Sent_pong;55;F436
Dispatcher:F436;54820;44187;256;0;2;195;255;47;55
Listener:Sent_pong;56;3F27
Dispatcher:3F27;55449;50596;256;0;2;204;255;46;56
Listener:Sent_pong;56;8D93
Dispatcher:8D93;55581;38280;256;0;2;206;255;42;56
Listener:Sent_pong;56;FCED
Dispatcher:FCED;55619;25785;256;0;2;210;255;45;56
Listener:Sent_pong;56;CBB8
Dispatcher:CBB8;55644;46777;256;0;2;207;255;46;56
Listener:Sent_pong;56;A7E4
Dispatcher:A7E4;55723;29818;256;0;2;207;255;48;56
Listener:Sent_pong;56;A78F
Dispatcher:A78F;55780;29792;256;0;2;201;249;49;56
Listener:Sent_pong;56;F436
Dispatcher:F436;55828;37985;256;0;2;195;255;48;56
Listener:Sent_pong;57;3F27
Dispatcher:3F27;56464;58634;256;0;2;204;255;47;57
Listener:Sent_pong;57;8D93
Dispatcher:8D93;56590;42468;256;0;2;206;255;43;57
Listener:Sent_pong;57;FCED
Dispatcher:FCED;56632;31758;256;0;2;210;255;46;57
Listener:Sent_pong;57;CBB8
Dispatcher:CBB8;56656;57112;256;0;2;207;255;47;57
Listener:Sent_pong;57;A7E4
Dispatcher:A7E4;56732;27232;256;0;2;207;255;49;57
Listener:Sent_pong;57;A78F
Dispatcher:A78F;56788;26918;256;0;2;201;249;50;57
Listener:Sent_pong;57;F436
Dispatcher:F436;56836;38605;256;0;2;195;255;49;57
Listener:Sent_pong;58;3F27
Dispatcher:3F27;57473;55838;256;0;2;204;255;48;58
Listener:Sent_pong;58;8D93
Dispatcher:8D93;57604;48410;256;0;2;206;255;44;58
Listener:Sent_pong;58;FCED
Dispatcher:FCED;57645;44648;256;0;2;210;255;47;58
Listener:Sent_pong;58;CBB8
Dispatcher:CBB8;57681;69404;256;0;2;207;255;48;58
Listener:Sent_pong;58;A7E4
Dispatcher:A7E4;57740;25638;256;0;2;207;255;50;58
Listener:Sent_pong;58;A78F
Dispatcher:A78F;57797;35272;256;0;2;201;249;51;58
Listener:Sent_pong;58;F436
Dispatcher:F436;57842;37683;256;0;2;195;255;50;58
Listener:Sent_pong;59;3F27
Dispatcher:3F27;58482;53220;256;0;2;204;255;49;59
Listener:Sent_pong;59;8D93
Dispatcher:8D93;58612;39240;256;0;2;206;255;45;59
Listener:Sent_pong;59;FCED
Dispatcher:FCED;58653;27898;256;0;2;210;255;48;59
Listener:Sent_pong;59;CBB8
Dispatcher:CBB8;58689;51852;256;0;2;207;255;49;59
Listener:Sent_pong;59;A7E4
Dispatcher:A7E4;58750;27998;256;0;2;207;255;51;59
Listener:Sent_pong;59;A78F
Dispatcher:A78F;58805;26920;256;0;2;201;249;52;59
Listener:Sent_pong;59;F436
Dispatcher:F436;58850;44206;256;0;2;195;255;51;59
Listener:Sent_pong;60;3F27
Dispatcher:3F27;59494;61596;256;0;2;204;255;50;60
Listener:Sent_pong;60;8D93
Dispatcher:8D93;59620;39886;256;0;2;206;255;46;60
Listener:Sent_pong;60;FCED
Dispatcher:FCED;59661;27578;256;0;2;210;255;49;60
Listener:Sent_pong;60;CBB8
Dispatcher:CBB8;59696;55396;256;0;2;207;255;50;60
Listener:Sent_pong;60;A7E4
Dispatcher:A7E4;59757;26274;256;0;2;207;255;52;60
Listener:Sent_pong;60;A78F
Dispatcher:A78F;59812;25616;256;0;2;201;249;53;60
Listener:Sent_pong;60;F436
Dispatcher:F436;59857;40201;256;0;2;195;255;52;60
Listener:Sent_pong;61;3F27
Dispatcher:3F27;60502;52212;256;0;2;204;255;51;61
Listener:Sent_pong;61;8D93
Dispatcher:8D93;60636;47080;256;0;2;206;255;47;61
Listener:Sent_pong;61;FCED
Dispatcher:FCED;60674;32611;256;0;2;210;255;50;61
Listener:Sent_pong;61;CBB8
Dispatcher:CBB8;60705;52642;256;0;2;207;255;51;61
Listener:Sent_pong;61;A7E4
Dispatcher:A7E4;60765;27246;256;0;2;207;255;53;61
Listener:Sent_pong;61;A78F
Dispatcher:A78F;60820;33440;256;0;2;201;249;54;61
Listener:Sent_pong;61;F436
Dispatcher:F436;60864;37997;256;0;2;195;255;53;61
Listener:Sent_pong;62;3F27
Dispatcher:3F27;61508;48378;256;0;2;204;255;52;62
Listener:Sent_pong;62;8D93
Dispatcher:8D93;61645;43366;256;0;2;206;255;48;62
Listener:Sent_pong;62;FCED
Dispatcher:FCED;61687;32218;256;0;2;210;255;51;62
Listener:Sent_pong;62;CBB8
Dispatcher:CBB8;61713;51228;256;0;2;207;255;52;62
Listener:Sent_pong;62;A7E4
Dispatcher:A7E4;61781;33036;256;0;2;207;255;54;62
Listener:Sent_pong;62;A78F
Dispatcher:A78F;61827;26248;256;0;2;201;249;55;62
Listener:Sent_pong;62;F436
Dispatcher:F436;61870;40371;256;0;2;195;255;54;62
Listener:Sent_pong;63;3F27
Dispatcher:3F27;62522;56416;256;0;2;204;255;53;63
Listener:Sent_pong;63;8D93
Dispatcher:8D93;62652;40232;256;0;2;206;255;49;63
Listener:Sent_pong;63;FCED
Dispatcher:FCED;62694;26906;256;0;2;210;255;52;63
Listener:Sent_pong;63;CBB8
Dispatcher:CBB8;62721;53476;256;0;2;207;255;53;63
Listener:Sent_pong;63;A7E4
Dispatcher:A7E4;62790;30742;256;0;2;207;255;55;63
Listener:Sent_pong;63;A78F
Dispatcher:A78F;62836;28836;256;0;2;201;249;56;63
Listener:Sent_pong;63;F436
Dispatcher:F436;62878;39569;256;0;2;195;255;55;63
Listener:Sent_pong;64;3F27
Dispatcher:3F27;63530;53482;256;0;2;204;255;54;64
Listener:Sent_pong;64;8D93
Dispatcher:8D93;63666;46338;256;0;2;206;255;50;64
Listener:Sent_pong;64;FCED
Dispatcher:FCED;63704;25199;256;0;2;210;255;53;64
Listener:Sent_pong;64;CBB8
Dispatcher:CBB8;63729;54090;256;0;2;207;255;54;64
Listener:Sent_pong;64;A7E4
Dispatcher:A7E4;63798;28157;256;0;2;207;255;56;64
Listener:Sent_pong;64;A78F
Dispatcher:A78F;63844;27548;256;0;2;201;249;57;64
Listener:Sent_pong;64;F436
Dispatcher:F436;63885;39564;256;0;2;195;255;56;64
Listener:Sent_pong;65;3F27
Dispatcher:3F27;64539;51864;256;0;2;204;255;55;65
Listener:Sent_pong;65;8D93
Dispatcher:8D93;64672;42912;256;0;2;206;255;51;65
Listener:Sent_pong;65;FCED
Dispatcher:FCED;64715;30816;256;0;2;210;255;54;65
Listener:Sent_pong;65;CBB8
Dispatcher:CBB8;64740;50970;256;0;2;207;255;55;65
Listener:Sent_pong;65;A7E4
Dispatcher:A7E4;64811;30224;256;0;2;207;255;57;65
Listener:Sent_pong;65;A78F
Dispatcher:A78F;64851;24688;256;0;2;201;249;58;65
Listener:Sent_pong;65;F436
Dispatcher:F436;64894;41954;256;0;2;195;255;57;65
Listener:Sent_pong;66;3F27
Dispatcher:3F27;65552;58312;256;0;2;204;255;56;66
Listener:Sent_pong;66;8D93
Dispatcher:8D93;65679;36998;256;0;2;206;255;52;66
Listener:Sent_pong;66;FCED
Dispatcher:FCED;65724;24691;256;0;2;210;255;55;66
Listener:Sent_pong;66;CBB8
Dispatcher:CBB8;65751;53917;256;0;2;207;255;56;66
Listener:Sent_pong;66;A7E4
Dispatcher:A7E4;65819;28176;256;0;2;207;255;58;66
Listener:Sent_pong;66;A78F
Dispatcher:A78F;65857;26896;256;0;2;201;249;59;66
Listener:Sent_pong;66;F436
Dispatcher:F436;65901;37658;256;0;2;195;255;58;66
Listener:Sent_pong;67;3F27
Dispatcher:3F27;66559;58080;256;0;2;204;255;57;67
Listener:Sent_pong;67;8D93
Dispatcher:8D93;66694;51470;256;0;2;206;255;53;67
Listener:Sent_pong;67;FCED
Dispatcher:FCED;66737;31974;256;0;2;210;255;56;67
Listener:Sent_pong;67;CBB8
Dispatcher:CBB8;66759;52431;256;0;2;207;255;57;67
Listener:Sent_pong;67;A7E4
Dispatcher:A7E4;66827;26596;256;0;2;207;255;59;67
Listener:Sent_pong;67;A78F
Dispatcher:A78F;66865;26906;256;0;2;201;249;60;67
Listener:Sent_pong;67;F436
Dispatcher:F436;66908;37315;256;0;2;195;255;59;67
Listener:Sent_pong;68;3F27
Dispatcher:3F27;67567;51898;256;0;2;204;255;58;68
Listener:Sent_pong;68;8D93
Dispatcher:8D93;67703;42262;256;0;2;206;255;54;68
Listener:Sent_pong;68;FCED
Dispatcher:FCED;67744;24682;256;0;2;210;255;57;68
Listener:Sent_pong;68;CBB8
Dispatcher:CBB8;67768;57022;256;0;2;207;255;58;68
Listener:Sent_pong;68;A7E4
Dispatcher:A7E4;67841;33992;256;0;2;207;255;60;68
Listener:Sent_pong;68;A78F
Dispatcher:A78F;67873;27878;256;0;2;201;249;61;68
Listener:Sent_pong;68;F436
Dispatcher:F436;67916;42756;256;0;2;195;255;60;68
Listener:Sent_pong;69;3F27
Dispatcher:3F27;68581;60226;256;0;2;204;255;59;69
Listener:Sent_pong;69;8D93
Dispatcher:8D93;68710;40544;256;0;2;206;255;55;69
Listener:Sent_pong;69;FCED
Dispatcher:FCED;68753;29826;256;0;2;210;255;58;69
Listener:Sent_pong;69;CBB8
Dispatcher:CBB8;68782;55747;256;0;2;207;255;59;69
Listener:Sent_pong;69;A7E4
Dispatcher:A7E4;68849;25944;256;0;2;207;255;61;69
Listener:Sent_pong;69;A78F
Dispatcher:A78F;68889;34950;256;0;2;201;249;62;69
Listener:Sent_pong;69;F436
Dispatcher:F436;68924;38627;256;0;2;195;255;61;69
Listener:Sent_pong;70;3F27
Dispatcher:3F27;69590;50886;256;0;2;204;255;60;70
Listener:Sent_pong;70;8D93
Dispatcher:8D93;69723;42566;256;0;2;206;255;56;70
Listener:Sent_pong;70;FCED
Dispatcher:FCED;69761;26942;256;0;2;210;255;59;70
Listener:Sent_pong;70;CBB8
Dispatcher:CBB8;69790;54562;256;0;2;207;255;60;70
Listener:Sent_pong;70;A7E4
Dispatcher:A7E4;69857;24976;256;0;2;207;255;62;70
Listener:Sent_pong;70;A78F
Dispatcher:A78F;69896;23712;256;0;2;201;249;63;70
Listener:Sent_pong;70;F436
Dispatcher:F436;69932;39581;256;0;2;195;255;62;70
Listener:Sent_pong;71;3F27
Dispatcher:3F27;70596;47416;256;0;2;204;255;61;71
Listener:Sent_pong;71;8D93
Dispatcher:8D93;70730;37312;256;0;2;206;255;57;71
Listener:Sent_pong;71;FCED
Dispatcher:FCED;70769;25343;256;0;2;210;255;60;71
Listener:Sent_pong;71;CBB8
Dispatcher:CBB8;70797;52215;256;0;2;207;255;61;71
Listener:Sent_pong;71;A7E4
Dispatcher:A7E4;70868;30223;256;0;2;207;255;63;71
Listener:Sent_pong;71;A78F
Dispatcher:A78F;70904;27568;256;0;2;201;249;64;71
Listener:Sent_pong;71;F436
Dispatcher:F436;70939;37009;256;0;2;195;255;63;71
Listener:Sent_pong;72;3F27
Dispatcher:3F27;71610;61222;256;0;2;204;255;62;72
Listener:Sent_pong;72;8D93
Dispatcher:8D93;71739;42156;256;0;2;206;255;58;72
Listener:Sent_pong;72;FCED
Dispatcher:FCED;71779;26396;256;0;2;210;255;61;72
Listener:Sent_pong;72;CBB8
Dispatcher:CBB8;71810;54249;256;0;2;207;255;62;72
Listener:Sent_pong;72;A7E4
Dispatcher:A7E4;71874;22422;256;0;2;207;255;64;72
Listener:Sent_pong;72;A78F
Dispatcher:A78F;71916;30246;256;0;2;201;249;65;72
Listener:Sent_pong;72;F436
Dispatcher:F436;71947;42129;256;0;2;195;255;64;72
Listener:Sent_pong;73;3F27
Dispatcher:3F27;72618;54444;256;0;2;204;255;63;73
Listener:Sent_pong;73;8D93
Dispatcher:8D93;72751;42880;256;0;2;206;255;59;73
Listener:Sent_pong;73;CBB8
Dispatcher:CBB8;72819;57112;256;0;2;207;255;63;73
Listener:Sent_pong;73;A7E4
Dispatcher:A7E4;72882;26552;256;0;2;207;255;65;73
Listener:Sent_pong;73;A78F
Dispatcher:A78F;72925;26582;256;0;2;201;249;66;73
Listener:Sent_pong;73;F436
Dispatcher:F436;72962;53201;256;0;2;195;255;65;73
Listener:Sent_pong;74;3F27
Dispatcher:3F27;73626;50902;256;0;2;204;255;64;74
Listener:Sent_pong;74;8D93
Dispatcher:8D93;73759;42880;256;0;2;206;255;59;74
Listener:Sent_pong;74;FCED
Dispatcher:FCED;73840;26639;256;0;2;210;255;62;74
Listener:Sent_pong;74;A7E4
Dispatcher:A7E4;73896;33046;256;0;2;207;255;66;74
Listener:Sent_pong;74;A78F
Dispatcher:A78F;73933;28192;256;0;2;201;249;67;74
Listener:Sent_pong;74;F436
Dispatcher:F436;73971;51606;256;0;2;195;255;66;74
Listener:Sent_pong;75;3F27
Dispatcher:3F27;74641;81568;256;0;2;204;255;65;75
Listener:Sent_pong;75;8D93
Dispatcher:8D93;74767;29610;256;0;2;206;255;60;75
Listener:Sent_pong;75;CBB8
Dispatcher:CBB8;74840;59402;256;0;2;207;255;64;75
Listener:Sent_pong;75;FCED
Dispatcher:FCED;74847;25832;256;0;2;210;255;63;75
Listener:Sent_pong;75;A7E4
Dispatcher:A7E4;74905;27213;256;0;2;207;255;67;75
Listener:Sent_pong;75;A78F
Dispatcher:A78F;74948;31772;256;0;2;201;249;68;75
Listener:Sent_pong;75;F436
Dispatcher:F436;74978;36386;256;0;2;195;255;67;75
Listener:Sent_pong;76;3F27
Dispatcher:3F27;75649;51278;256;0;2;204;255;66;76
Listener:Sent_pong;76;8D93
Dispatcher:8D93;75782;33842;256;0;2;206;255;61;76
Listener:Sent_pong;76;CBB8
Dispatcher:CBB8;75847;53235;256;0;2;207;255;65;76
Listener:Sent_pong;76;FCED
Dispatcher:FCED;75890;66416;256;0;2;210;255;64;76
Listener:Sent_pong;76;A7E4
Dispatcher:A7E4;75916;31462;256;0;2;207;255;68;76
Listener:Sent_pong;76;A78F
Dispatcher:A78F;75955;26912;256;0;2;201;249;69;76
Listener:Sent_pong;76;F436
Dispatcher:F436;75988;41259;256;0;2;195;255;68;76
Listener:Sent_pong;77;3F27
Dispatcher:3F27;76658;42118;256;0;2;204;255;67;77
Listener:Sent_pong;77;8D93
Dispatcher:8D93;76789;24686;256;0;2;206;255;62;77
Listener:Sent_pong;77;CBB8
Dispatcher:CBB8;76855;26304;256;0;2;207;255;66;77
Listener:Sent_pong;77;FCED
Dispatcher:FCED;76898;30134;256;0;2;210;255;65;77
Listener:Sent_pong;77;A7E4
Dispatcher:A7E4;76927;32800;256;0;2;207;255;69;77
Listener:Sent_pong;77;A78F
Dispatcher:A78F;76962;24664;256;0;2;201;249;70;77
Listener:Sent_pong;77;F436
Dispatcher:F436;76994;48809;256;0;2;195;255;69;77
Listener:Sent_pong;78;3F27
Dispatcher:3F27;77668;41854;256;0;2;204;255;68;78
Listener:Sent_pong;78;8D93
Dispatcher:8D93;77796;26310;256;0;2;206;255;63;78
Listener:Sent_pong;78;CBB8
Dispatcher:CBB8;77862;27681;256;0;2;207;255;67;78
Listener:Sent_pong;78;FCED
Dispatcher:FCED;77905;24674;256;0;2;210;255;66;78
Listener:Sent_pong;78;A7E4
Dispatcher:A7E4;77935;27214;256;0;2;207;255;70;78
Listener:Sent_pong;78;A78F
Dispatcher:A78F;77976;34014;256;0;2;201;249;71;78
Listener:Sent_pong;78;F436
Dispatcher:F436;78002;39249;256;0;2;195;255;70;78
Listener:Sent_pong;79;3F27
Dispatcher:3F27;78677;50154;256;0;2;204;255;69;79
Listener:Sent_pong;79;8D93
Dispatcher:8D93;78813;36070;256;0;2;206;255;64;79
Listener:Sent_pong;79;CBB8
Dispatcher:CBB8;78869;23413;256;0;2;207;255;68;79
Listener:Sent_pong;79;FCED
Dispatcher:FCED;78913;24356;256;0;2;210;255;67;79
Listener:Sent_pong;79;A7E4
Dispatcher:A7E4;78943;24676;256;0;2;207;255;71;79
Listener:Sent_pong;79;A78F
Dispatcher:A78F;78984;25294;256;0;2;201;249;72;79
Listener:Sent_pong;79;F436
Dispatcher:F436;79018;48841;256;0;2;195;255;71;79
Listener:Sent_pong;80;3F27
Dispatcher:3F27;79686;49416;256;0;2;204;255;70;80
Listener:Sent_pong;80;8D93
Dispatcher:8D93;79822;26286;256;0;2;206;255;65;80
Listener:Sent_pong;80;CBB8
Dispatcher:CBB8;79876;23082;256;0;2;207;255;69;80
Listener:Sent_pong;80;FCED
Dispatcher:FCED;79921;26924;256;0;2;210;255;68;80
Listener:Sent_pong;80;A7E4
Dispatcher:A7E4;79956;32452;256;0;2;207;255;72;80
Listener:Sent_pong;80;A78F
Dispatcher:A78F;79992;26600;256;0;2;201;249;73;80
Listener:Sent_pong;80;F436
Dispatcher:F436;80026;37661;256;0;2;195;255;72;80
Listener:Sent_pong;81;3F27
Dispatcher:3F27;80699;41602;256;0;2;204;255;71;81
Listener:Sent_pong;81;8D93
Dispatcher:8D93;80830;33112;256;0;2;206;255;66;81
Listener:Sent_pong;81;CBB8
Dispatcher:CBB8;80884;28198;256;0;2;207;255;70;81
Listener:Sent_pong;81;FCED
Dispatcher:FCED;80929;26924;256;0;2;210;255;69;81
Listener:Sent_pong;81;A7E4
Dispatcher:A7E4;80964;26592;256;0;2;207;255;73;81
Listener:Sent_pong;81;A78F
Dispatcher:A78F;81005;31644;256;0;2;201;249;74;81
Listener:Sent_pong;81;F436
Dispatcher:F436;81033;41501;256;0;2;195;255;73;81
Listener:Sent_pong;82;3F27
Dispatcher:3F27;81707;37300;256;0;2;204;255;72;82
Listener:Sent_pong;82;8D93
Dispatcher:8D93;81838;28832;256;0;2;206;255;67;82
Listener:Sent_pong;82;CBB8
Dispatcher:CBB8;81893;28828;256;0;2;207;255;71;82
Listener:Sent_pong;82;FCED
Dispatcher:FCED;81936;31230;256;0;2;210;255;70;82
Listener:Sent_pong;82;A7E4
Dispatcher:A7E4;81971;26570;256;0;2;207;255;74;82
Listener:Sent_pong;82;A78F
Dispatcher:A78F;82013;25636;256;0;2;201;249;75;82
Listener:Sent_pong;82;F436
Dispatcher:F436;82050;45689;256;0;2;195;255;74;82
Listener:Sent_pong;83;3F27
Dispatcher:3F27;82714;38900;256;0;2;204;255;73;83
Listener:Sent_pong;83;8D93
Dispatcher:8D93;82846;25314;256;0;2;206;255;68;83
Listener:Sent_pong;83;CBB8
Dispatcher:CBB8;82900;26908;256;0;2;207;255;72;83
Listener:Sent_pong;83;FCED
Dispatcher:FCED;82945;27908;256;0;2;210;255;71;83
Listener:Sent_pong;83;A7E4
Dispatcher:A7E4;82986;32698;256;0;2;207;255;75;83
Listener:Sent_pong;83;A78F
Dispatcher:A78F;83021;27568;256;0;2;201;249;76;83
Listener:Sent_pong;83;F436
Dispatcher:F436;83058;44795;256;0;2;195;255;75;83
Listener:Sent_pong;84;3F27
Dispatcher:3F27;83728;48234;256;0;2;204;255;74;84
Listener:Sent_pong;84;8D93
Dispatcher:8D93;83854;28512;256;0;2;206;255;69;84
Listener:Sent_pong;84;CBB8
Dispatcher:CBB8;83907;32224;256;0;2;207;255;73;84
Listener:Sent_pong;84;FCED
Dispatcher:FCED;83952;24050;256;0;2;210;255;72;84
Listener:Sent_pong;84;A7E4
Dispatcher:A7E4;83995;26927;256;0;2;207;255;76;84
Listener:Sent_pong;84;A78F
Dispatcher:A78F;84043;40288;256;0;2;201;249;77;84
Listener:Sent_pong;84;F436
Dispatcher:F436;84065;37526;256;0;2;195;255;76;84
Listener:Sent_pong;85;3F27
Dispatcher:3F27;84737;43332;256;0;2;204;255;75;85
Listener:Sent_pong;85;8D93
Dispatcher:8D93;84870;37018;256;0;2;206;255;70;85
Listener:Sent_pong;85;CBB8
Dispatcher:CBB8;84915;27560;256;0;2;207;255;74;85
Listener:Sent_pong;85;FCED
Dispatcher:FCED;84961;28188;256;0;2;210;255;73;85
Listener:Sent_pong;85;A7E4
Dispatcher:A7E4;85002;25622;256;0;2;207;255;77;85
Listener:Sent_pong;85;A78F
Dispatcher:A78F;85051;27562;256;0;2;201;249;78;85
Listener:Sent_pong;85;F436
Dispatcher:F436;85081;48345;256;0;2;195;255;77;85
Listener:Sent_pong;86;3F27
Dispatcher:3F27;85745;44028;256;0;2;204;255;76;86
Listener:Sent_pong;86;8D93
Dispatcher:8D93;85879;29158;256;0;2;206;255;71;86
Listener:Sent_pong;86;CBB8
Dispatcher:CBB8;85922;27872;256;0;2;207;255;75;86
Listener:Sent_pong;86;FCED
Dispatcher:FCED;85970;30142;256;0;2;210;255;74;86
Listener:Sent_pong;86;A7E4
Dispatcher:A7E4;86014;33094;256;0;2;207;255;78;86
Listener:Sent_pong;86;A78F
Dispatcher:A78F;86058;27238;256;0;2;201;249;79;86
Listener:Sent_pong;86;F436
Dispatcher:F436;86088;46235;256;0;2;195;255;78;86
Listener:Sent_pong;87;3F27
Dispatcher:3F27;86757;42224;256;0;2;204;255;77;87
Listener:Sent_pong;87;8D93
Dispatcher:8D93;86886;25304;256;0;2;206;255;72;87
Listener:Sent_pong;87;CBB8
Dispatcher:CBB8;86930;28198;256;0;2;207;255;76;87
Listener:Sent_pong;87;FCED
Dispatcher:FCED;86977;27672;256;0;2;210;255;75;87
Listener:Sent_pong;87;A7E4
Dispatcher:A7E4;87022;27554;256;0;2;207;255;79;87
Listener:Sent_pong;87;A78F
Dispatcher:A78F;87065;25296;256;0;2;201;249;80;87
Listener:Sent_pong;87;F436
Dispatcher:F436;87096;44398;256;0;2;195;255;79;87
Listener:Sent_pong;88;3F27
Dispatcher:3F27;87764;42224;256;0;2;204;255;77;88
Listener:Sent_pong;88;8D93
Dispatcher:8D93;87896;30240;256;0;2;206;255;73;88
Listener:Sent_pong;88;CBB8
Dispatcher:CBB8;87937;25638;256;0;2;207;255;77;88
Listener:Sent_pong;88;FCED
Dispatcher:FCED;87986;30438;256;0;2;210;255;76;88
Listener:Sent_pong;88;A7E4
Dispatcher:A7E4;88030;26890;256;0;2;207;255;80;88
Listener:Sent_pong;88;A78F
Dispatcher:A78F;88072;25642;256;0;2;201;249;81;88
Listener:Sent_pong;88;F436
Dispatcher:F436;88104;39585;256;0;2;195;255;80;88
Listener:Sent_pong;89;3F27
Dispatcher:3F27;88773;40546;256;0;2;204;255;78;89
Listener:Sent_pong;89;8D93
Dispatcher:8D93;88904;25966;256;0;2;206;255;74;89
Listener:Sent_pong;89;CBB8
Dispatcher:CBB8;88946;28528;256;0;2;207;255;78;89
Listener:Sent_pong;89;FCED
Dispatcher:FCED;88994;26930;256;0;2;210;255;77;89
Listener:Sent_pong;89;A7E4
Dispatcher:A7E4;89044;33112;256;0;2;207;255;81;89
Listener:Sent_pong;89;A78F
Dispatcher:A78F;89081;27560;256;0;2;201;249;82;89
Listener:Sent_pong;89;F436
Dispatcher:F436;89112;40233;256;0;2;195;255;81;89
Listener:Sent_pong;90;3F27
Dispatcher:3F27;89787;43454;256;0;2;204;255;79;90
Listener:Sent_pong;90;8D93
Dispatcher:8D93;89911;29482;256;0;2;206;255;75;90
Listener:Sent_pong;90;CBB8
Dispatcher:CBB8;89954;29155;256;0;2;207;255;79;90
Listener:Sent_pong;90;FCED
Dispatcher:FCED;90003;30124;256;0;2;210;255;78;90
Listener:Sent_pong;90;A7E4
Dispatcher:A7E4;90051;24992;256;0;2;207;255;82;90
Listener:Sent_pong;90;A78F
Dispatcher:A78F;90089;24350;256;0;2;201;249;83;90
Listener:Sent_pong;90;F436
Dispatcher:F436;90120;40227;256;0;2;195;255;82;90
Listener:Sent_pong;91;3F27
Dispatcher:3F27;90795;36662;256;0;2;204;255;80;91
Listener:Sent_pong;91;8D93
Dispatcher:8D93;90928;35090;256;0;2;206;255;76;91
Listener:Sent_pong;91;CBB8
Dispatcher:CBB8;90963;27862;256;0;2;207;255;80;91
Listener:Sent_pong;91;FCED
Dispatcher:FCED;91010;28536;256;0;2;210;255;79;91
Listener:Sent_pong;91;A7E4
Dispatcher:A7E4;91059;26269;256;0;2;207;255;83;91
Listener:Sent_pong;91;A78F
Dispatcher:A78F;91096;23078;256;0;2;201;249;84;91
Listener:Sent_pong;91;F436
Dispatcher:F436;91137;48719;256;0;2;195;255;83;91
Listener:Sent_pong;92;3F27
Dispatcher:3F27;91803;44334;256;0;2;204;255;81;92
Listener:Sent_pong;92;8D93
Dispatcher:8D93;91936;26924;256;0;2;206;255;77;92
Listener:Sent_pong;92;CBB8
Dispatcher:CBB8;91972;27865;256;0;2;207;255;81;92
Listener:Sent_pong;92;FCED
Dispatcher:FCED;92018;28218;256;0;2;210;255;80;92
Listener:Sent_pong;92;A7E4
Dispatcher:A7E4;92073;31754;256;0;2;207;255;84;92
Listener:Sent_pong;92;A78F
Dispatcher:A78F;92103;24980;256;0;2;201;249;85;92
Listener:Sent_pong;92;F436
Dispatcher:F436;92145;48564;256;0;2;195;255;84;92
Listener:Sent_pong;93;3F27
Dispatcher:3F27;92816;47992;256;0;2;204;255;82;93
Listener:Sent_pong;93;8D93
Dispatcher:8D93;92944;29160;256;0;2;206;255;78;93
Listener:Sent_pong;93;CBB8
Dispatcher:CBB8;92980;28858;256;0;2;207;255;82;93
Listener:Sent_pong;93;FCED
Dispatcher:FCED;93027;29792;256;0;2;210;255;81;93
Listener:Sent_pong;93;A7E4
Dispatcher:A7E4;93080;26576;256;0;2;207;255;85;93
Listener:Sent_pong;93;A78F
Dispatcher:A78F;93119;33032;256;0;2;201;249;86;93
Listener:Sent_pong;93;F436
Dispatcher:F436;93154;40851;256;0;2;195;255;85;93
Listener:Sent_pong;94;3F27
Dispatcher:3F27;93823;43200;256;0;2;204;255;83;94
Listener:Sent_pong;94;8D93
Dispatcher:8D93;93954;29944;256;0;2;206;255;79;94
Listener:Sent_pong;94;CBB8
Dispatcher:CBB8;93987;25018;256;0;2;207;255;83;94
Listener:Sent_pong;94;FCED
Dispatcher:FCED;94036;30542;256;0;2;210;255;82;94
Listener:Sent_pong;94;A7E4
Dispatcher:A7E4;94089;26296;256;0;2;207;255;86;94
Listener:Sent_pong;94;A78F
Dispatcher:A78F;94126;26280;256;0;2;201;249;87;94
Listener:Sent_pong;94;F436
Dispatcher:F436;94163;44505;256;0;2;195;255;86;94
Listener:Sent_pong;95;3F27
Dispatcher:3F27;94830;40190;256;0;2;204;255;84;95
Listener:Sent_pong;95;8D93
Dispatcher:8D93;94962;26616;256;0;2;206;255;80;95
Listener:Sent_pong;95;CBB8
Dispatcher:CBB8;94994;26090;256;0;2;207;255;84;95
Listener:Sent_pong;95;FCED
Dispatcher:FCED;95043;25982;256;0;2;210;255;83;95
Listener:Sent_pong;95;A7E4
Dispatcher:A7E4;95102;30806;256;0;2;207;255;87;95
Listener:Sent_pong;95;A78F
Dispatcher:A78F;95134;24688;256;0;2;201;249;88;95
Listener:Sent_pong;95;F436
Dispatcher:F436;95171;36385;256;0;2;195;255;87;95
Listener:Sent_pong;96;3F27
Dispatcher:3F27;95846;48550;256;0;2;204;255;85;96
Listener:Sent_pong;96;8D93
Dispatcher:8D93;95971;28530;256;0;2;206;255;81;96
Listener:Sent_pong;96;CBB8
Dispatcher:CBB8;96001;23732;256;0;2;206;255;85;96
Listener:Sent_pong;96;FCED
Dispatcher:FCED;96049;24048;256;0;2;210;255;84;96
Listener:Sent_pong;96;A7E4
Dispatcher:A7E4;96109;23720;256;0;2;207;255;88;96
Listener:Sent_pong;96;A78F
Dispatcher:A78F;96149;35406;256;0;2;201;249;89;96
Listener:Sent_pong;96;F436
Dispatcher:F436;96178;36379;256;0;2;195;255;88;96
Listener:Sent_pong;97;3F27
Dispatcher:3F27;96853;47080;256;0;2;204;255;86;97
Listener:Sent_pong;97;8D93
Dispatcher:8D93;96984;32824;256;0;2;206;255;82;97
Listener:Sent_pong;97;CBB8
Dispatcher:CBB8;97008;27885;256;0;2;206;255;86;97
Listener:Sent_pong;97;FCED
Dispatcher:FCED;97057;29788;256;0;2;210;255;85;97
Listener:Sent_pong;97;A7E4
Dispatcher:A7E4;97116;29468;256;0;2;207;255;89;97
Listener:Sent_pong;97;A78F
Dispatcher:A78F;97157;26602;256;0;2;201;249;90;97
Listener:Sent_pong;97;F436
Dispatcher:F436;97193;47939;256;0;2;195;255;89;97
Listener:Sent_pong;98;3F27
Dispatcher:3F27;97862;45094;256;0;2;204;255;87;98
Listener:Sent_pong;98;8D93
Dispatcher:8D93;97992;23422;256;0;2;206;255;83;98
Listener:Sent_pong;98;CBB8
Dispatcher:CBB8;98016;26287;256;0;2;206;255;87;98
Listener:Sent_pong;98;FCED
Dispatcher:FCED;98064;25350;256;0;2;210;255;86;98
Listener:Sent_pong;98;A7E4
Dispatcher:A7E4;98132;32057;256;0;2;207;255;90;98
Listener:Sent_pong;98;A78F
Dispatcher:A78F;98164;27222;256;0;2;201;249;91;98
Listener:Sent_pong;98;F436
Dispatcher:F436;98200;50113;256;0;2;195;255;90;98
Listener:Sent_pong;99;3F27
Dispatcher:3F27;98872;40132;256;0;2;204;255;88;99
Listener:Sent_pong;99;8D93
Dispatcher:8D93;98999;25962;256;0;2;206;255;84;99
Listener:Sent_pong;99;CBB8
Dispatcher:CBB8;99023;24064;256;0;2;206;255;88;99
Listener:Sent_pong;99;FCED
Dispatcher:FCED;99073;26604;256;0;2;210;255;87;99
Listener:Sent_pong;99;A7E4
Dispatcher:A7E4;99140;27534;256;0;2;207;255;91;99
Listener:Sent_pong;99;A78F
Dispatcher:A78F;99181;39392;256;0;2;201;249;92;99
Listener:Sent_pong;99;F436
Dispatcher:F436;99207;35565;256;0;2;195;255;91;99
Listener:Sent_pong;100;3F27
Dispatcher:3F27;99880;38906;256;0;2;204;255;89;100
Listener:Sent_pong;100;8D93
Dispatcher:8D93;100014;30694;256;0;2;206;255;85;100
Listener:Sent_pong;100;CBB8
Dispatcher:CBB8;100042;34246;256;0;2;206;255;89;100
Listener:Sent_pong;100;FCED
Dispatcher:FCED;100080;27568;256;0;2;210;255;88;100
Listener:Sent_pong;100;A7E4
Dispatcher:A7E4;100148;28182;256;0;2;207;255;92;100
Listener:Sent_pong;100;A78F
Dispatcher:A78F;100188;26590;256;0;2;201;249;93;100
Listener:Sent_pong;100;F436
Dispatcher:F436;100222;47149;256;0;2;195;255;92;100
Listener:Sent_pong;101;3F27
Dispatcher:3F27;100889;40204;256;0;2;204;255;90;101
Listener:Sent_pong;101;8D93
Dispatcher:8D93;101021;25332;256;0;2;206;255;86;101
Listener:Sent_pong;101;CBB8
Dispatcher:CBB8;101050;29642;256;0;2;206;255;90;101
Listener:Sent_pong;101;FCED
Dispatcher:FCED;101087;26326;256;0;2;210;255;89;101
Listener:Sent_pong;101;A7E4
Dispatcher:A7E4;101159;30884;256;0;2;207;255;93;101
Listener:Sent_pong;101;A78F
Dispatcher:A78F;101196;26958;256;0;2;201;249;94;101
Listener:Sent_pong;101;F436
Dispatcher:F436;101231;49915;256;0;2;195;255;93;101
Listener:Sent_pong;102;3F27
Dispatcher:3F27;101903;47990;256;0;2;204;255;91;102
Listener:Sent_pong;102;8D93
Dispatcher:8D93;102029;27576;256;0;2;206;255;87;102
Listener:Sent_pong;102;CBB8
Dispatcher:CBB8;102057;24714;256;0;2;206;255;91;102
Listener:Sent_pong;102;FCED
Dispatcher:FCED;102096;27574;256;0;2;210;255;90;102
Listener:Sent_pong;102;A7E4
Dispatcher:A7E4;102167;28848;256;0;2;207;255;94;102
Listener:Sent_pong;102;A78F
Dispatcher:A78F;102207;30592;256;0;2;201;249;95;102
Listener:Sent_pong;102;F436
Dispatcher:F436;102239;37665;256;0;2;195;255;94;102
Listener:Sent_pong;103;3F27
Dispatcher:3F27;102911;48106;256;0;2;204;255;92;103
Listener:Sent_pong;103;8D93
Dispatcher:8D93;103046;37542;256;0;2;206;255;88;103
Listener:Sent_pong;103;CBB8
Dispatcher:CBB8;103071;33532;256;0;2;206;255;92;103
Listener:Sent_pong;103;FCED
Dispatcher:FCED;103105;27874;256;0;2;210;255;91;103
Listener:Sent_pong;103;A7E4
Dispatcher:A7E4;103176;30132;256;0;2;207;255;95;103
Listener:Sent_pong;103;A78F
Dispatcher:A78F;103215;28526;256;0;2;201;249;96;103
Listener:Sent_pong;103;F436
Dispatcher:F436;103255;49721;256;0;2;195;255;95;103
Listener:Sent_pong;104;3F27
Dispatcher:3F27;103918;37964;256;0;2;204;255;93;104
Listener:Sent_pong;104;8D93
Dispatcher:8D93;104054;27614;256;0;2;206;255;89;104
Listener:Sent_pong;104;CBB8
Dispatcher:CBB8;104078;25206;256;0;2;206;255;93;104
Listener:Sent_pong;104;FCED
Dispatcher:FCED;104114;26300;256;0;2;210;255;92;104
Listener:Sent_pong;104;A7E4
Dispatcher:A7E4;104191;32715;256;0;2;207;255;96;104
Listener:Sent_pong;104;A78F
Dispatcher:A78F;104223;26302;256;0;2;201;249;97;104
Listener:Sent_pong;104;F436
Dispatcher:F436;104263;45899;256;0;2;195;255;96;104
Listener:Sent_pong;105;3F27
Dispatcher:3F27;104930;43142;256;0;2;204;255;94;105
Listener:Sent_pong;105;8D93
Dispatcher:8D93;105062;28548;256;0;2;206;255;90;105
Listener:Sent_pong;105;CBB8
Dispatcher:CBB8;105088;29373;256;0;2;206;255;94;105
Listener:Sent_pong;105;FCED
Dispatcher:FCED;105121;25990;256;0;2;210;255;93;105
Listener:Sent_pong;105;A7E4
Dispatcher:A7E4;105199;27574;256;0;2;207;255;97;105
Listener:Sent_pong;105;A78F
Dispatcher:A78F;105236;30822;256;0;2;201;249;98;105
Listener:Sent_pong;105;F436
Dispatcher:F436;105271;37341;256;0;2;195;255;97;105
Listener:Sent_pong;106;3F27
Dispatcher:3F27;105937;44418;256;0;2;204;255;95;106
Listener:Sent_pong;106;8D93
Dispatcher:8D93;106070;25316;256;0;2;206;255;91;106
Listener:Sent_pong;106;CBB8
Dispatcher:CBB8;106096;27242;256;0;2;206;255;95;106
Listener:Sent_pong;106;FCED
Dispatcher:FCED;106129;25056;256;0;2;210;255;94;106
Listener:Sent_pong;106;A7E4
Dispatcher:A7E4;106206;24998;256;0;2;207;255;98;106
Listener:Sent_pong;106;A78F
Dispatcher:A78F;106243;22434;256;0;2;201;249;99;106
Listener:Sent_pong;106;F436
Dispatcher:F436;106280;43369;256;0;2;195;255;98;106
Listener:Sent_pong;107;3F27
Dispatcher:3F27;106945;37650;256;0;2;204;255;96;107
Listener:Sent_pong;107;8D93
Dispatcher:8D93;107077;28536;256;0;2;206;255;92;107
Listener:Sent_pong;107;CBB8
Dispatcher:CBB8;107104;26936;256;0;2;206;255;96;107
Listener:Sent_pong;107;FCED
Dispatcher:FCED;107136;24732;256;0;2;210;255;95;107
Listener:Sent_pong;107;A7E4
Dispatcher:A7E4;107217;30892;256;0;2;207;255;99;107
Listener:Sent_pong;107;A78F
Dispatcher:A78F;107250;26604;256;0;2;201;249;100;107
Listener:Sent_pong;107;F436
Dispatcher:F436;107288;26617;256;0;2;195;255;99;107
Listener:Sent_pong;108;3F27
Dispatcher:3F27;107959;40906;256;0;2;204;255;97;108
Listener:Sent_pong;108;8D93
Dispatcher:8D93;108085;25792;256;0;2;206;255;93;108
Listener:Sent_pong;108;CBB8
Dispatcher:CBB8;108113;25958;256;0;2;206;255;97;108
Listener:Sent_pong;108;FCED
Dispatcher:FCED;108144;32342;256;0;2;210;255;96;108
Listener:Sent_pong;108;A7E4
Dispatcher:A7E4;108225;25650;256;0;2;207;255;100;108
Listener:Sent_pong;108;A78F
Dispatcher:A78F;108268;34146;256;0;2;201;249;101;108
Listener:Sent_pong;108;F436
Dispatcher:F436;108296;26652;256;0;2;195;255;100;108
Listener:Sent_pong;109;3F27
Dispatcher:3F27;108966;37006;256;0;2;204;255;98;109
Listener:Sent_pong;109;8D93
Dispatcher:8D93;109101;39738;256;0;2;206;255;94;109
Listener:Sent_pong;109;CBB8
Dispatcher:CBB8;109132;37993;256;0;2;206;255;98;109
Listener:Sent_pong;109;FCED
Dispatcher:FCED;109157;31408;256;0;2;210;255;97;109
Listener:Sent_pong;109;A7E4
Dispatcher:A7E4;109232;27563;256;0;2;207;255;101;109
Listener:Sent_pong;109;A78F
Dispatcher:A78F;109276;27586;256;0;2;201;249;102;109
Listener:Sent_pong;109;F436
Dispatcher:F436;109310;33093;256;0;2;195;255;101;109
Listener:Sent_pong;110;3F27
Dispatcher:3F27;109973;41148;256;0;2;204;255;99;110
Listener:Sent_pong;110;8D93
Dispatcher:8D93;110108;25326;256;0;2;206;255;95;110
Listener:Sent_pong;110;CBB8
Dispatcher:CBB8;110140;26030;256;0;2;206;255;99;110
Listener:Sent_pong;110;FCED
Dispatcher:FCED;110164;24614;256;0;2;210;255;98;110
Listener:Sent_pong;110;A7E4
Dispatcher:A7E4;110247;33372;256;0;2;207;255;102;110
Listener:Sent_pong;110;A78F
Dispatcher:A78F;110283;25660;256;0;2;201;249;103;110
Listener:Sent_pong;110;F436
Dispatcher:F436;110319;25993;256;0;2;195;255;102;110
Listener:Sent_pong;111;3F27
Dispatcher:3F27;110981;25010;256;0;2;204;255;100;111
Listener:Sent_pong;111;8D93
Dispatcher:8D93;111116;26610;256;0;2;206;255;96;111
Listener:Sent_pong;111;CBB8
Dispatcher:CBB8;111148;26030;256;0;2;206;255;99;111
Listener:Sent_pong;111;A7E4
Dispatcher:A7E4;111253;35750;256;0;2;207;255;103;111
Listener:Sent_pong;111;A78F
Dispatcher:A78F;111296;30660;256;0;2;201;249;104;111
Listener:Sent_pong;111;F436
Dispatcher:F436;111328;26631;256;0;2;195;255;103;111
Listener:Sent_pong;112;3F27
Dispatcher:3F27;111989;25654;256;0;2;204;255;101;112
Listener:Sent_pong;112;8D93
Dispatcher:8D93;112152;99520;256;0;2;206;255;97;112
Listener:Sent_pong;112;FCED
Dispatcher:FCED;112201;69442;256;0;2;210;255;99;112
Listener:Sent_pong;112;A7E4
Dispatcher:A7E4;112260;25616;256;0;2;207;255;104;112
Listener:Sent_pong;112;A78F
Dispatcher:A78F;112305;30778;256;0;2;201;249;105;112
Listener:Sent_pong;112;F436
Dispatcher:F436;112336;31569;256;0;2;195;255;104;112
Listener:Sent_pong;113;3F27
Dispatcher:3F27;112997;38304;256;0;2;204;255;102;113
Listener:Sent_pong;113;8D93
Dispatcher:8D93;113158;32874;256;0;2;206;255;98;113
Listener:Sent_pong;113;FCED
Dispatcher:FCED;113209;38640;256;0;2;210;255;100;113
Listener:Sent_pong;113;A7E4
Dispatcher:A7E4;113267;29108;256;0;2;207;255;105;113
Listener:Sent_pong;113;A78F
Dispatcher:A78F;113313;28838;256;0;2;201;249;106;113
Listener:Sent_pong;113;F436
Dispatcher:F436;113343;31367;256;0;2;195;255;105;113
Listener:Sent_pong;114;3F27
Dispatcher:3F27;114004;39586;256;0;2;204;255;103;114
Listener:Sent_pong;114;8D93
Dispatcher:8D93;114165;32874;256;0;2;206;255;98;114
Listener:Sent_pong;114;CBB8
Dispatcher:CBB8;114193;105892;256;0;2;206;255;100;114
Listener:Sent_pong;114;A7E4
Dispatcher:A7E4;114276;29169;256;0;2;207;255;106;114
Listener:Sent_pong;114;FCED
Dispatcher:FCED;114216;46802;256;0;2;210;255;101;114
Listener:Sent_pong;114;A78F
Dispatcher:A78F;114324;29644;256;0;2;201;249;107;114
Listener:Sent_pong;114;F436
Dispatcher:F436;114351;27885;256;0;2;195;255;106;114
Listener:Sent_pong;115;3F27
Dispatcher:3F27;115012;50952;256;0;2;204;255;104;115
Listener:Sent_pong;115;8D93
Dispatcher:8D93;115174;64046;256;0;2;206;255;99;115
Listener:Sent_pong;115;CBB8
Dispatcher:CBB8;115204;105892;256;0;2;206;255;100;115
Listener:Sent_pong;115;FCED
Dispatcher:FCED;115285;116141;256;0;2;210;255;102;115
Listener:Sent_pong;115;A78F
Dispatcher:A78F;115338;30194;256;0;2;201;249;108;115
Listener:Sent_pong;115;F436
Dispatcher:F436;115358;40195;256;0;2;195;255;107;115
Listener:Sent_pong;116;3F27
Dispatcher:3F27;116020;50006;256;0;2;204;255;105;116
Listener:Sent_pong;116;8D93
Dispatcher:8D93;116180;34196;256;0;2;206;255;100;116
Listener:Sent_pong;116;CBB8
Dispatcher:CBB8;116213;50086;256;0;2;206;255;101;116
Listener:Sent_pong;116;FCED
Dispatcher:FCED;116293;116141;256;0;2;210;255;102;116
Listener:Sent_pong;116;A7E4
Dispatcher:A7E4;116320;33346;256;0;2;207;255;107;116
Listener:Sent_pong;116;A78F
Dispatcher:A78F;116345;24742;256;0;2;201;249;109;116
Listener:Sent_pong;116;F436
Dispatcher:F436;116367;41947;256;0;2;195;255;108;116
Listener:Sent_pong;117;3F27
Dispatcher:3F27;117028;54722;256;0;2;204;255;106;117
Listener:Sent_pong;117;8D93
Dispatcher:8D93;117203;67984;256;0;2;206;255;101;117
Listener:Sent_pong;117;CBB8
Dispatcher:CBB8;117224;71524;256;0;2;206;255;102;117
Listener:Sent_pong;117;FCED
Dispatcher:FCED;117302;27584;256;0;2;210;255;103;117
Listener:Sent_pong;117;A7E4
Dispatcher:A7E4;117327;27194;256;0;2;207;255;108;117
Listener:Sent_pong;117;A78F
Dispatcher:A78F;117359;30082;256;0;2;201;249;110;117
Listener:Sent_pong;117;F436
Dispatcher:F436;117380;39125;256;0;2;195;255;109;117
Listener:Sent_pong;118;3F27
Dispatcher:3F27;118035;46786;256;0;2;204;255;107;118
Listener:Sent_pong;118;8D93
Dispatcher:8D93;118211;38674;256;0;2;206;255;102;118
Listener:Sent_pong;118;CBB8
Dispatcher:CBB8;118252;76520;256;0;2;206;255;103;118
Listener:Sent_pong;118;FCED
Dispatcher:FCED;118309;26320;256;0;2;210;255;104;118
Listener:Sent_pong;118;A7E4
Dispatcher:A7E4;118336;26594;256;0;2;207;255;109;118
Listener:Sent_pong;118;A78F
Dispatcher:A78F;118368;25680;256;0;2;201;249;111;118
Listener:Sent_pong;118;F436
Dispatcher:F436;118395;48313;256;0;2;195;255;110;118
Listener:Sent_pong;119;3F27
Dispatcher:3F27;119043;47090;256;0;2;204;255;108;119
Listener:Sent_pong;119;8D93
Dispatcher:8D93;119219;62690;256;0;2;206;255;103;119
Listener:Sent_pong;119;CBB8
Dispatcher:CBB8;119279;96421;256;0;2;206;255;104;119
Listener:Sent_pong;119;FCED
Dispatcher:FCED;119319;28520;256;0;2;210;255;105;119
Listener:Sent_pong;119;A7E4
Dispatcher:A7E4;119353;41858;256;0;2;207;255;110;119
Listener:Sent_pong;119;A78F
Dispatcher:A78F;119387;37746;256;0;2;201;249;112;119
Listener:Sent_pong;119;F436
Dispatcher:F436;119410;52917;256;0;2;195;255;111;119
Listener:Sent_pong;120;3F27
Dispatcher:3F27;120050;56184;256;0;2;204;255;109;120
Listener:Sent_pong;120;8D93
Dispatcher:8D93;120226;38008;256;0;2;206;255;104;120
Listener:Sent_pong;120;CBB8
Dispatcher:CBB8;120287;53615;256;0;2;206;255;105;120
Listener:Sent_pong;120;FCED
Dispatcher:FCED;120328;33397;256;0;2;210;255;106;120
Listener:Sent_pong;120;A7E4
Dispatcher:A7E4;120361;32408;256;0;2;207;255;111;120
Listener:Sent_pong;120;A78F
Dispatcher:A78F;120396;26904;256;0;2;201;249;113;120
Listener:Sent_pong;120;F436
Dispatcher:F436;120419;40909;256;0;2;195;255;112;120
Listener:Sent_pong;121;3F27
Dispatcher:3F27;121059;58276;256;0;2;204;255;110;121
Listener:Sent_pong;121;8D93
Dispatcher:8D93;121234;39284;256;0;2;206;255;105;121
Listener:Sent_pong;121;CBB8
Dispatcher:CBB8;121294;53615;256;0;2;206;255;105;121
Listener:Sent_pong;121;FCED
Dispatcher:FCED;121338;26646;256;0;2;210;255;107;121
Listener:Sent_pong;121;A7E4
Dispatcher:A7E4;121368;26272;256;0;2;207;255;112;121
Listener:Sent_pong;121;A78F
Dispatcher:A78F;121402;23406;256;0;2;201;249;114;121
Listener:Sent_pong;121;F436
Dispatcher:F436;121440;52487;256;0;2;195;255;113;121
Listener:Sent_pong;122;3F27
Dispatcher:3F27;122068;54156;256;0;2;204;255;111;122
Listener:Sent_pong;122;8D93
Dispatcher:8D93;122242;42606;256;0;2;206;255;106;122
Listener:Sent_pong;122;CBB8
Dispatcher:CBB8;122302;53615;256;0;2;206;255;105;122
Listener:Sent_pong;122;FCED
Dispatcher:FCED;122345;26315;256;0;2;210;255;108;122
Listener:Sent_pong;122;A7E4
Dispatcher:A7E4;122377;26622;256;0;2;207;255;113;122
Listener:Sent_pong;122;A78F
Dispatcher:A78F;122409;22456;256;0;2;201;249;115;122
Listener:Sent_pong;122;F436
Dispatcher:F436;122449;41633;256;0;2;195;255;114;122
Listener:Sent_pong;123;3F27
Dispatcher:3F27;123077;51408;256;0;2;204;255;112;123
Listener:Sent_pong;123;8D93
Dispatcher:8D93;123251;44068;256;0;2;206;255;107;123
Listener:Sent_pong;123;CBB8
Dispatcher:CBB8;123310;93462;256;0;2;206;255;106;123
Listener:Sent_pong;123;FCED
Dispatcher:FCED;123355;30496;256;0;2;210;255;109;123
Listener:Sent_pong;123;A7E4
Dispatcher:A7E4;123384;47553;256;0;2;207;255;114;123
Listener:Sent_pong;123;A78F
Dispatcher:A78F;123435;46500;256;0;2;201;249;116;123
Listener:Sent_pong;123;F436
Dispatcher:F436;123461;43889;256;0;2;195;255;115;123
Listener:Sent_pong;124;3F27
Dispatcher:3F27;124083;48996;256;0;2;204;255;113;124
Listener:Sent_pong;124;8D93
Dispatcher:8D93;124259;43408;256;0;2;206;255;108;124
Listener:Sent_pong;124;CBB8
Dispatcher:CBB8;124318;81886;256;0;2;206;255;107;124
Listener:Sent_pong;124;FCED
Dispatcher:FCED;124364;28557;256;0;2;210;255;110;124
Listener:Sent_pong;124;A7E4
Dispatcher:A7E4;124395;30400;256;0;2;207;255;115;124
Listener:Sent_pong;124;A78F
Dispatcher:A78F;124443;32740;256;0;2;201;249;117;124
Listener:Sent_pong;124;F436
Dispatcher:F436;124473;45155;256;0;2;195;255;116;124
Listener:Sent_pong;125;3F27
Dispatcher:3F27;125091;57604;256;0;2;204;255;114;125
Listener:Sent_pong;125;8D93
Dispatcher:8D93;125268;43236;256;0;2;206;255;109;125
Listener:Sent_pong;125;CBB8
Dispatcher:CBB8;125327;55406;256;0;2;206;255;108;125
Listener:Sent_pong;125;FCED
Dispatcher:FCED;125381;36678;256;0;2;210;255;111;125
Listener:Sent_pong;125;A7E4
Dispatcher:A7E4;125403;26076;256;0;2;207;255;116;125
Listener:Sent_pong;125;A78F
Dispatcher:A78F;125451;23734;256;0;2;201;249;118;125
Listener:Sent_pong;125;F436
Dispatcher:F436;125482;40059;256;0;2;195;255;117;125
Listener:Sent_pong;126;3F27
Dispatcher:3F27;126097;51868;256;0;2;204;255;115;126
Listener:Sent_pong;126;8D93
Dispatcher:8D93;126276;43430;256;0;2;206;255;110;126
Listener:Sent_pong;126;CBB8
Dispatcher:CBB8;126335;50955;256;0;2;206;255;109;126
Listener:Sent_pong;126;FCED
Dispatcher:FCED;126389;26939;256;0;2;210;255;112;126
Listener:Sent_pong;126;A7E4
Dispatcher:A7E4;126411;24996;256;0;2;207;255;117;126
Listener:Sent_pong;126;A78F
Dispatcher:A78F;126458;24370;256;0;2;201;249;119;126
Listener:Sent_pong;126;F436
Dispatcher:F436;126490;38969;256;0;2;195;255;118;126
Listener:Sent_pong;127;3F27
Dispatcher:3F27;127105;54432;256;0;2;204;255;116;127
Listener:Sent_pong;127;8D93
Dispatcher:8D93;127285;40572;256;0;2;206;255;111;127
Listener:Sent_pong;127;CBB8
Dispatcher:CBB8;127343;60375;256;0;2;206;255;110;127
Listener:Sent_pong;127;FCED
Dispatcher:FCED;127402;31232;256;0;2;210;255;113;127
Listener:Sent_pong;127;A7E4
Dispatcher:A7E4;127422;29588;256;0;2;207;255;118;127
Listener:Sent_pong;127;A78F
Dispatcher:A78F;127467;28988;256;0;2;201;249;120;127
Listener:Sent_pong;127;F436
Dispatcher:F436;127497;39287;256;0;2;195;255;119;127
Listener:Sent_pong;128;3F27
Dispatcher:3F27;128119;60614;256;0;2;204;255;117;128
Listener:Sent_pong;128;8D93
Dispatcher:8D93;128294;41192;256;0;2;206;255;112;128
Listener:Sent_pong;128;CBB8
Dispatcher:CBB8;128351;51580;256;0;2;206;255;111;128
Listener:Sent_pong;128;FCED
Dispatcher:FCED;128410;28076;256;0;2;210;255;114;128
Listener:Sent_pong;128;A7E4
Dispatcher:A7E4;128432;30948;256;0;2;207;255;119;128
Listener:Sent_pong;128;A78F
Dispatcher:A78F;128474;25994;256;0;2;201;249;121;128
Listener:Sent_pong;128;F436
Dispatcher:F436;128506;44531;256;0;2;195;255;120;128
Listener:Sent_pong;129;3F27
Dispatcher:3F27;129127;50604;256;0;2;204;255;118;129
Listener:Sent_pong;129;8D93
Dispatcher:8D93;129301;38640;256;0;2;206;255;113;129
Listener:Sent_pong;129;CBB8
Dispatcher:CBB8;129359;52014;256;0;2;206;255;112;129
Listener:Sent_pong;129;FCED
Dispatcher:FCED;129417;24722;256;0;2;210;255;115;129
Listener:Sent_pong;129;A7E4
Dispatcher:A7E4;129440;26302;256;0;2;207;255;120;129
Listener:Sent_pong;129;A78F
Dispatcher:A78F;129483;30770;256;0;2;201;249;122;129
Listener:Sent_pong;129;F436
Dispatcher:F436;129514;38303;256;0;2;195;255;121;129
Listener:Sent_pong;130;3F27
Dispatcher:3F27;130135;49032;256;0;2;204;255;119;130
Listener:Sent_pong;130;8D93
Dispatcher:8D93;130308;37368;256;0;2;206;255;114;130
Listener:Sent_pong;130;CBB8
Dispatcher:CBB8;130368;56797;256;0;2;206;255;113;130
Listener:Sent_pong;130;FCED
Dispatcher:FCED;130425;25658;256;0;2;210;255;116;130
Listener:Sent_pong;130;A7E4
Dispatcher:A7E4;130447;26606;256;0;2;207;255;121;130
Listener:Sent_pong;130;A78F
Dispatcher:A78F;130491;25670;256;0;2;201;249;123;130
Listener:Sent_pong;130;F436
Dispatcher:F436;130522;39917;256;0;2;195;255;122;130
Listener:Sent_pong;131;3F27
Dispatcher:3F27;131150;61544;256;0;2;204;255;120;131
Listener:Sent_pong;131;8D93
Dispatcher:8D93;131315;39914;256;0;2;206;255;115;131
Listener:Sent_pong;131;CBB8
Dispatcher:CBB8;131376;50930;256;0;2;206;255;114;131
Listener:Sent_pong;131;FCED
Dispatcher:FCED;131432;26272;256;0;2;210;255;117;131
Listener:Sent_pong;131;A7E4
Dispatcher:A7E4;131455;25644;256;0;2;207;255;122;131
Listener:Sent_pong;131;A78F
Dispatcher:A78F;131499;28536;256;0;2;201;249;124;131
Listener:Sent_pong;131;F436
Dispatcher:F436;131531;42477;256;0;2;195;255;123;131
Listener:Sent_pong;132;3F27
Dispatcher:3F27;132159;58218;256;0;2;204;255;121;132
Listener:Sent_pong;132;8D93
Dispatcher:8D93;132323;39254;256;0;2;206;255;116;132
Listener:Sent_pong;132;CBB8
Dispatcher:CBB8;132383;54920;256;0;2;206;255;115;132
Listener:Sent_pong;132;FCED
Dispatcher:FCED;132441;28884;256;0;2;210;255;118;132
Listener:Sent_pong;132;A7E4
Dispatcher:A7E4;132463;25426;256;0;2;207;255;123;132
Listener:Sent_pong;132;A78F
Dispatcher:A78F;132508;29830;256;0;2;201;249;125;132
Listener:Sent_pong;132;F436
Dispatcher:F436;132538;38947;256;0;2;195;255;124;132
Listener:Sent_pong;133;3F27
Dispatcher:3F27;133167;50618;256;0;2;204;255;122;133
Listener:Sent_pong;133;8D93
Dispatcher:8D93;133332;40500;256;0;2;206;255;117;133
Listener:Sent_pong;133;CBB8
Dispatcher:CBB8;133390;55860;256;0;2;206;255;116;133
Listener:Sent_pong;133;FCED
Dispatcher:FCED;133449;27638;256;0;2;210;255;119;133
Listener:Sent_pong;133;A7E4
Dispatcher:A7E4;133471;26908;256;0;2;207;255;124;133
Listener:Sent_pong;133;A78F
Dispatcher:A78F;133517;30756;256;0;2;201;249;126;133
Listener:Sent_pong;133;F436
Dispatcher:F436;133548;39723;256;0;2;195;255;125;133
Listener:Sent_pong;134;3F27
Dispatcher:3F27;134178;56966;256;0;2;204;255;123;134
Listener:Sent_pong;134;8D93
Dispatcher:8D93;134340;45818;256;0;2;206;255;118;134
Listener:Sent_pong;134;CBB8
Dispatcher:CBB8;134399;51564;256;0;2;206;255;117;134
Listener:Sent_pong;134;FCED
Dispatcher:FCED;134457;27412;256;0;2;210;255;120;134
Listener:Sent_pong;134;A7E4
Dispatcher:A7E4;134480;30124;256;0;2;207;255;125;134
Listener:Sent_pong;134;A78F
Dispatcher:A78F;134525;25014;256;0;2;201;249;127;134
Listener:Sent_pong;134;F436
Dispatcher:F436;134555;41603;256;0;2;195;255;126;134
Listener:Sent_pong;135;3F27
Dispatcher:3F27;135186;50614;256;0;2;204;255;124;135
Listener:Sent_pong;135;8D93
Dispatcher:8D93;135354;87360;256;0;2;206;255;119;135
Listener:Sent_pong;135;CBB8
Dispatcher:CBB8;135408;74091;256;0;2;206;255;118;135
Listener:Sent_pong;135;FCED
Dispatcher:FCED;135469;42032;256;0;2;210;255;121;135
Listener:Sent_pong;135;A7E4
Dispatcher:A7E4;135503;42179;256;0;2;207;255;126;135
Listener:Sent_pong;135;A78F
Dispatcher:A78F;135532;28550;256;0;2;201;249;128;135
Listener:Sent_pong;135;F436
Dispatcher:F436;135563;39937;256;0;2;195;255;127;135
Listener:Sent_pong;136;3F27
Dispatcher:3F27;136193;50006;256;0;2;204;255;125;136
Listener:Sent_pong;136;8D93
Dispatcher:8D93;136362;40556;256;0;2;206;255;120;136
Listener:Sent_pong;136;CBB8
Dispatcher:CBB8;136417;63940;256;0;2;206;255;119;136
Listener:Sent_pong;136;FCED
Dispatcher:FCED;136479;28292;256;0;2;210;255;122;136
Listener:Sent_pong;136;A7E4
Dispatcher:A7E4;136509;25334;256;0;2;207;255;127;136
Listener:Sent_pong;136;A78F
Dispatcher:A78F;136540;25008;256;0;2;201;249;129;136
Listener:Sent_pong;136;F436
Dispatcher:F436;136571;37369;256;0;2;195;255;128;136
Listener:Sent_pong;137;3F27
Dispatcher:3F27;137209;58016;256;0;2;204;255;126;137
Listener:Sent_pong;137;8D93
Dispatcher:8D93;137371;46408;256;0;2;206;255;121;137
Listener:Sent_pong;137;CBB8
Dispatcher:CBB8;137424;55084;256;0;2;206;255;120;137
Listener:Sent_pong;137;FCED
Dispatcher:FCED;137487;31870;256;0;2;210;255;123;137
Listener:Sent_pong;137;A7E4
Dispatcher:A7E4;137516;25944;256;0;2;207;255;128;137
Listener:Sent_pong;137;A78F
Dispatcher:A78F;137546;25340;256;0;2;201;249;130;137
Listener:Sent_pong;137;F436
Dispatcher:F436;137578;36709;256;0;2;195;255;129;137
Listener:Sent_pong;138;3F27
Dispatcher:3F27;138217;54248;256;0;2;204;255;127;138
Listener:Sent_pong;138;8D93
Dispatcher:8D93;138379;26322;256;0;2;206;255;122;138
Listener:Sent_pong;138;CBB8
Dispatcher:CBB8;138432;46639;256;0;2;206;255;121;138
Listener:Sent_pong;138;FCED
Dispatcher:FCED;138496;27576;256;0;2;210;255;124;138
Listener:Sent_pong;138;A7E4
Dispatcher:A7E4;138525;27574;256;0;2;207;255;129;138
Listener:Sent_pong;138;A78F
Dispatcher:A78F;138557;30404;256;0;2;201;249;131;138
Listener:Sent_pong;138;F436
Dispatcher:F436;138585;44197;256;0;2;195;255;130;138
Listener:Sent_pong;139;3F27
Dispatcher:3F27;139225;40820;256;0;2;204;255;128;139
Listener:Sent_pong;139;8D93
Dispatcher:8D93;139395;34022;256;0;2;206;255;123;139
Listener:Sent_pong;139;CBB8
Dispatcher:CBB8;139439;37323;256;0;2;206;255;122;139
Listener:Sent_pong;139;FCED
Dispatcher:FCED;139504;28236;256;0;2;210;255;125;139
Listener:Sent_pong;139;A7E4
Dispatcher:A7E4;139532;24672;256;0;2;207;255;130;139
Listener:Sent_pong;139;A78F
Dispatcher:A78F;139565;26002;256;0;2;201;249;132;139
Listener:Sent_pong;139;F436
Dispatcher:F436;139592;39723;256;0;2;195;255;131;139
Listener:Sent_pong;140;3F27
Dispatcher:3F27;140237;45446;256;0;2;204;255;129;140
Listener:Sent_pong;140;8D93
Dispatcher:8D93;140403;28844;256;0;2;206;255;124;140
Listener:Sent_pong;140;CBB8
Dispatcher:CBB8;140448;40870;256;0;2;206;255;123;140
Listener:Sent_pong;140;FCED
Dispatcher:FCED;140512;25326;256;0;2;210;255;126;140
Listener:Sent_pong;140;A7E4
Dispatcher:A7E4;140539;29460;256;0;2;207;255;131;140
Listener:Sent_pong;140;A78F
Dispatcher:A78F;140572;27250;256;0;2;201;249;133;140
Listener:Sent_pong;140;F436
Dispatcher:F436;140601;39599;256;0;2;195;255;132;140
Listener:Sent_pong;141;3F27
Dispatcher:3F27;141246;50210;256;0;2;204;255;130;141
Listener:Sent_pong;141;8D93
Dispatcher:8D93;141411;28548;256;0;2;206;255;125;141
Listener:Sent_pong;141;CBB8
Dispatcher:CBB8;141456;42909;256;0;2;206;255;124;141
Listener:Sent_pong;141;FCED
Dispatcher:FCED;141518;25654;256;0;2;210;255;127;141
Listener:Sent_pong;141;A7E4
Dispatcher:A7E4;141547;27246;256;0;2;207;255;132;141
Listener:Sent_pong;141;A78F
Dispatcher:A78F;141586;33854;256;0;2;201;249;134;141
Listener:Sent_pong;141;F436
Dispatcher:F436;141610;41395;256;0;2;195;255;133;141
Listener:Sent_pong;142;3F27
Dispatcher:3F27;142253;42458;256;0;2;204;255;131;142
Listener:Sent_pong;142;8D93
Dispatcher:8D93;142420;26742;256;0;2;206;255;126;142
Listener:Sent_pong;142;CBB8
Dispatcher:CBB8;142464;39560;256;0;2;206;255;125;142
Listener:Sent_pong;142;FCED
Dispatcher:FCED;142527;25674;256;0;2;210;255;128;142
Listener:Sent_pong;142;A7E4
Dispatcher:A7E4;142555;29804;256;0;2;207;255;133;142
Listener:Sent_pong;142;A78F
Dispatcher:A78F;142594;27928;256;0;2;201;249;135;142
Listener:Sent_pong;142;F436
Dispatcher:F436;142618;43201;256;0;2;195;255;134;142
Listener:Sent_pong;143;3F27
Dispatcher:3F27;143266;41284;256;0;2;204;255;132;143
Listener:Sent_pong;143;8D93
Dispatcher:8D93;143428;29200;256;0;2;206;255;127;143
Listener:Sent_pong;143;CBB8
Dispatcher:CBB8;143471;36042;256;0;2;206;255;126;143
Listener:Sent_pong;143;FCED
Dispatcher:FCED;143534;25374;256;0;2;210;255;129;143
Listener:Sent_pong;143;A7E4
Dispatcher:A7E4;143569;32168;256;0;2;207;255;134;143
Listener:Sent_pong;143;A78F
Dispatcher:A78F;143603;28530;256;0;2;201;249;136;143
Listener:Sent_pong;143;F436
Dispatcher:F436;143626;40833;256;0;2;195;255;135;143
Listener:Sent_pong;144;3F27
Dispatcher:3F27;144274;48918;256;0;2;204;255;133;144
Listener:Sent_pong;144;8D93
Dispatcher:8D93;144435;28874;256;0;2;206;255;128;144
Listener:Sent_pong;144;CBB8
Dispatcher:CBB8;144479;44822;256;0;2;206;255;127;144
Listener:Sent_pong;144;FCED
Dispatcher:FCED;144542;29486;256;0;2;210;255;130;144
Listener:Sent_pong;144;A7E4
Dispatcher:A7E4;144576;27546;256;0;2;207;255;135;144
Listener:Sent_pong;144;A78F
Dispatcher:A78F;144617;31792;256;0;2;201;249;137;144
Listener:Sent_pong;144;F436
Dispatcher:F436;144644;45783;256;0;2;195;255;136;144
Listener:Sent_pong;145;3F27
Dispatcher:3F27;145282;39260;256;0;2;204;255;134;145
Listener:Sent_pong;145;8D93
Dispatcher:8D93;145451;33720;256;0;2;206;255;129;145
Listener:Sent_pong;145;CBB8
Dispatcher:CBB8;145486;36669;256;0;2;206;255;128;145
Listener:Sent_pong;145;FCED
Dispatcher:FCED;145549;26760;256;0;2;210;255;131;145
Listener:Sent_pong;145;A7E4
Dispatcher:A7E4;145585;26612;256;0;2;207;255;136;145
Listener:Sent_pong;145;A78F
Dispatcher:A78F;145626;26936;256;0;2;201;249;138;145
Listener:Sent_pong;145;F436
Dispatcher:F436;145660;49257;256;0;2;195;255;137;145
Listener:Sent_pong;146;3F27
Dispatcher:3F27;146294;44492;256;0;2;204;255;135;146
Listener:Sent_pong;146;8D93
Dispatcher:8D93;146458;24392;256;0;2;206;255;130;146
Listener:Sent_pong;146;CBB8
Dispatcher:CBB8;146493;36385;256;0;2;206;255;129;146
Listener:Sent_pong;146;FCED
Dispatcher:FCED;146558;25638;256;0;2;210;255;132;146
Listener:Sent_pong;146;A7E4
Dispatcher:A7E4;146599;31874;256;0;2;207;255;137;146
Listener:Sent_pong;146;A78F
Dispatcher:A78F;146635;28534;256;0;2;201;249;139;146
Listener:Sent_pong;146;F436
Dispatcher:F436;146669;42613;256;0;2;195;255;138;146
Listener:Sent_pong;147;3F27
Dispatcher:3F27;147303;44496;256;0;2;204;255;136;147
Listener:Sent_pong;147;8D93
Dispatcher:8D93;147465;26646;256;0;2;206;255;131;147
Listener:Sent_pong;147;CBB8
Dispatcher:CBB8;147501;43215;256;0;2;206;255;130;147
Listener:Sent_pong;147;FCED
Dispatcher:FCED;147565;28542;256;0;2;210;255;133;147
Listener:Sent_pong;147;A7E4
Dispatcher:A7E4;147606;27252;256;0;2;207;255;138;147
Listener:Sent_pong;147;A78F
Dispatcher:A78F;147644;27708;256;0;2;201;249;140;147
Listener:Sent_pong;147;F436
Dispatcher:F436;147677;36719;256;0;2;195;255;139;147
Listener:Sent_pong;148;3F27
Dispatcher:3F27;148311;38926;256;0;2;204;255;137;148
Listener:Sent_pong;148;8D93
Dispatcher:8D93;148481;32776;256;0;2;206;255;132;148
Listener:Sent_pong;148;FCED
Dispatcher:FCED;148574;32532;256;0;2;210;255;134;148
Listener:Sent_pong;148;A7E4
Dispatcher:A7E4;148614;25310;256;0;2;207;255;139;148
Listener:Sent_pong;148;A78F
Dispatcher:A78F;148651;24690;256;0;2;201;249;141;148
Listener:Sent_pong;148;F436
Dispatcher:F436;148691;46757;256;0;2;195;255;140;148
Listener:Sent_pong;149;3F27
Dispatcher:3F27;149323;41854;256;0;2;204;255;138;149
Listener:Sent_pong;149;8D93
Dispatcher:8D93;149489;29184;256;0;2;206;255;133;149
Listener:Sent_pong;149;CBB8
Dispatcher:CBB8;149517;36053;256;0;2;206;255;131;149
Listener:Sent_pong;149;FCED
Dispatcher:FCED;149582;28860;256;0;2;210;255;135;149
Listener:Sent_pong;149;A7E4
Dispatcher:A7E4;149625;26422;256;0;2;207;255;140;149
Listener:Sent_pong;149;A78F
Dispatcher:A78F;149658;27250;256;0;2;201;249;142;149
Listener:Sent_pong;149;F436
Dispatcher:F436;149697;44223;256;0;2;195;255;141;149
Listener:Sent_pong;150;3F27
Dispatcher:3F27;150330;37644;256;0;2;204;255;139;150
Listener:Sent_pong;150;8D93
Dispatcher:8D93;150497;26630;256;0;2;206;255;134;150
Listener:Sent_pong;150;CBB8
Dispatcher:CBB8;150525;39928;256;0;2;206;255;132;150
Listener:Sent_pong;150;FCED
Dispatcher:FCED;150591;29186;256;0;2;210;255;136;150
Listener:Sent_pong;150;A7E4
Dispatcher:A7E4;150632;26270;256;0;2;207;255;141;150
Listener:Sent_pong;150;A78F
Dispatcher:A78F;150666;32742;256;0;2;201;249;143;150
Listener:Sent_pong;150;F436
Dispatcher:F436;150705;40543;256;0;2;195;255;142;150
Listener:Sent_pong;151;3F27
Dispatcher:3F27;151339;39886;256;0;2;204;255;140;151
Listener:Sent_pong;151;8D93
Dispatcher:8D93;151510;32820;256;0;2;206;255;135;151
Listener:Sent_pong;151;CBB8
Dispatcher:CBB8;151535;43416;256;0;2;206;255;133;151
Listener:Sent_pong;151;FCED
Dispatcher:FCED;151598;29634;256;0;2;210;255;137;151
Listener:Sent_pong;151;A7E4
Dispatcher:A7E4;151641;28510;256;0;2;207;255;142;151
Listener:Sent_pong;151;A78F
Dispatcher:A78F;151675;29176;256;0;2;201;249;144;151
Listener:Sent_pong;151;F436
Dispatcher:F436;151719;46291;256;0;2;195;255;143;151
Listener:Sent_pong;152;3F27
Dispatcher:3F27;152354;49512;256;0;2;204;255;141;152
Listener:Sent_pong;152;8D93
Dispatcher:8D93;152518;25356;256;0;2;206;255;136;152
Listener:Sent_pong;152;CBB8
Dispatcher:CBB8;152543;41614;256;0;2;206;255;134;152
Listener:Sent_pong;152;FCED
Dispatcher:FCED;152606;26620;256;0;2;210;255;138;152
Listener:Sent_pong;152;A7E4
Dispatcher:A7E4;152654;31466;256;0;2;207;255;143;152
Listener:Sent_pong;152;A78F
Dispatcher:A78F;152683;28530;256;0;2;201;249;145;152
Listener:Sent_pong;152;F436
Dispatcher:F436;152728;42303;256;0;2;195;255;144;152
Listener:Sent_pong;153;3F27
Dispatcher:3F27;153362;37334;256;0;2;204;255;142;153
Listener:Sent_pong;153;8D93
Dispatcher:8D93;153525;28602;256;0;2;206;255;137;153
Listener:Sent_pong;153;CBB8
Dispatcher:CBB8;153551;38862;256;0;2;206;255;135;153
Listener:Sent_pong;153;FCED
Dispatcher:FCED;153614;27588;256;0;2;210;255;139;153
Listener:Sent_pong;153;A7E4
Dispatcher:A7E4;153661;27542;256;0;2;207;255;144;153
Listener:Sent_pong;153;A78F
Dispatcher:A78F;153692;41788;256;0;2;201;249;146;153
Listener:Sent_pong;153;F436
Dispatcher:F436;153735;36393;256;0;2;195;255;145;153
Listener:Sent_pong;154;3F27
Dispatcher:3F27;154369;37668;256;0;2;204;255;143;154
Listener:Sent_pong;154;8D93
Dispatcher:8D93;154540;34488;256;0;2;206;255;138;154
Listener:Sent_pong;154;CBB8
Dispatcher:CBB8;154565;47106;256;0;2;206;255;136;154
Listener:Sent_pong;154;FCED
Dispatcher:FCED;154621;29792;256;0;2;210;255;140;154
Listener:Sent_pong;154;A7E4
Dispatcher:A7E4;154668;27540;256;0;2;207;255;145;154
Listener:Sent_pong;154;A78F
Dispatcher:A78F;154699;39270;256;0;2;201;249;147;154
Listener:Sent_pong;154;F436
Dispatcher:F436;154744;45955;256;0;2;195;255;146;154
Listener:Sent_pong;155;3F27
Dispatcher:3F27;155383;43208;256;0;2;204;255;144;155
Listener:Sent_pong;155;8D93
Dispatcher:8D93;155548;27898;256;0;2;206;255;139;155
Listener:Sent_pong;155;CBB8
Dispatcher:CBB8;155574;41552;256;0;2;206;255;137;155
Listener:Sent_pong;155;FCED
Dispatcher:FCED;155630;28212;256;0;2;210;255;141;155
Listener:Sent_pong;155;A7E4
Dispatcher:A7E4;155684;39578;256;0;2;207;255;146;155
Listener:Sent_pong;155;A78F
Dispatcher:A78F;155721;39662;256;0;2;201;249;148;155
Listener:Sent_pong;155;F436
Dispatcher:F436;155758;48751;256;0;2;195;255;147;155
Listener:Sent_pong;156;3F27
Dispatcher:3F27;156390;45150;256;0;2;204;255;145;156
Listener:Sent_pong;156;8D93
Dispatcher:8D93;156556;28892;256;0;2;206;255;140;156
Listener:Sent_pong;156;CBB8
Dispatcher:CBB8;156581;41332;256;0;2;206;255;138;156
Listener:Sent_pong;156;FCED
Dispatcher:FCED;156637;28568;256;0;2;210;255;142;156
Listener:Sent_pong;156;A7E4
Dispatcher:A7E4;156692;25980;256;0;2;207;255;147;156
Listener:Sent_pong;156;A78F
Dispatcher:A78F;156735;34110;256;0;2;201;249;149;156
Listener:Sent_pong;156;F436
Dispatcher:F436;156766;41531;256;0;2;195;255;148;156
Listener:Sent_pong;157;3F27
Dispatcher:3F27;157398;40206;256;0;2;204;255;146;157
Listener:Sent_pong;157;8D93
Dispatcher:8D93;157567;30586;256;0;2;206;255;141;157
Listener:Sent_pong;157;CBB8
Dispatcher:CBB8;157591;41197;256;0;2;206;255;139;157
Listener:Sent_pong;157;FCED
Dispatcher:FCED;157645;28210;256;0;2;210;255;143;157
Listener:Sent_pong;157;A7E4
Dispatcher:A7E4;157700;25672;256;0;2;207;255;148;157
Listener:Sent_pong;157;A78F
Dispatcher:A78F;157743;24376;256;0;2;201;249;150;157
Listener:Sent_pong;157;F436
Dispatcher:F436;157773;35407;256;0;2;195;255;149;157
Listener:Sent_pong;158;3F27
Dispatcher:3F27;158413;46662;256;0;2;204;255;147;158
Listener:Sent_pong;158;8D93
Dispatcher:8D93;158574;26618;256;0;2;206;255;142;158
Listener:Sent_pong;158;CBB8
Dispatcher:CBB8;158600;40321;256;0;2;206;255;140;158
Listener:Sent_pong;158;FCED
Dispatcher:FCED;158652;26310;256;0;2;210;255;144;158
Listener:Sent_pong;158;A7E4
Dispatcher:A7E4;158715;32748;256;0;2;207;255;149;158
Listener:Sent_pong;158;A78F
Dispatcher:A78F;158750;23090;256;0;2;201;249;151;158
Listener:Sent_pong;158;F436
Dispatcher:F436;158780;37341;256;0;2;195;255;150;158
Listener:Sent_pong;159;3F27
Dispatcher:3F27;159421;46832;256;0;2;204;255;148;159
Listener:Sent_pong;159;8D93
Dispatcher:8D93;159581;23104;256;0;2;206;255;143;159
Listener:Sent_pong;159;CBB8
Dispatcher:CBB8;159607;35407;256;0;2;206;255;141;159
Listener:Sent_pong;159;FCED
Dispatcher:FCED;159659;24380;256;0;2;210;255;145;159
Listener:Sent_pong;159;A7E4
Dispatcher:A7E4;159724;28824;256;0;2;207;255;150;159
Listener:Sent_pong;159;A78F
Dispatcher:A78F;159762;33786;256;0;2;201;249;152;159
Listener:Sent_pong;159;F436
Dispatcher:F436;159789;41549;256;0;2;195;255;151;159
Listener:Sent_pong;160;3F27
Dispatcher:3F27;160429;38942;256;0;2;204;255;149;160
Listener:Sent_pong;160;8D93
Dispatcher:8D93;160595;50778;256;0;2;206;255;144;160
Listener:Sent_pong;160;CBB8
Dispatcher:CBB8;160639;63991;256;0;2;206;255;142;160
Listener:Sent_pong;160;FCED
Dispatcher:FCED;160676;33892;256;0;2;210;255;146;160
Listener:Sent_pong;160;A7E4
Dispatcher:A7E4;160732;29828;256;0;2;207;255;151;160
Listener:Sent_pong;160;A78F
Dispatcher:A78F;160769;27592;256;0;2;201;249;153;160
Listener:Sent_pong;160;F436
Dispatcher:F436;160807;48719;256;0;2;195;255;152;160
Listener:Sent_pong;161;3F27
Dispatcher:3F27;161439;43886;256;0;2;204;255;150;161
Listener:Sent_pong;161;8D93
Dispatcher:8D93;161604;28540;256;0;2;206;255;145;161
Listener:Sent_pong;161;CBB8
Dispatcher:CBB8;161648;38269;256;0;2;206;255;143;161
Listener:Sent_pong;161;FCED
Dispatcher:FCED;161684;24566;256;0;2;210;255;147;161
Listener:Sent_pong;161;A7E4
Dispatcher:A7E4;161742;26376;256;0;2;207;255;152;161
Listener:Sent_pong;161;A78F
Dispatcher:A78F;161777;26630;256;0;2;201;249;154;161
Listener:Sent_pong;161;F436
Dispatcher:F436;161814;41457;256;0;2;195;255;153;161
Listener:Sent_pong;162;3F27
Dispatcher:3F27;162447;43556;256;0;2;204;255;151;162
Listener:Sent_pong;162;8D93
Dispatcher:8D93;162611;25986;256;0;2;206;255;146;162
Listener:Sent_pong;162;CBB8
Dispatcher:CBB8;162656;39376;256;0;2;206;255;144;162
Listener:Sent_pong;162;FCED
Dispatcher:FCED;162693;26806;256;0;2;210;255;148;162
Listener:Sent_pong;162;A7E4
Dispatcher:A7E4;162749;25628;256;0;2;207;255;153;162
Listener:Sent_pong;162;A78F
Dispatcher:A78F;162791;32732;256;0;2;201;249;155;162
Listener:Sent_pong;162;F436
Dispatcher:F436;162823;44657;256;0;2;195;255;154;162
Listener:Sent_pong;163;3F27
Dispatcher:3F27;163455;34114;256;0;2;204;255;152;163
Listener:Sent_pong;163;8D93
Dispatcher:8D93;163627;34496;256;0;2;206;255;147;163
Listener:Sent_pong;163;CBB8
Dispatcher:CBB8;163665;57233;256;0;2;206;255;145;163
Listener:Sent_pong;163;FCED
Dispatcher:FCED;163702;37134;256;0;2;210;255;149;163
Listener:Sent_pong;163;A7E4
Dispatcher:A7E4;163757;25658;256;0;2;207;255;154;163
Listener:Sent_pong;163;A78F
Dispatcher:A78F;163799;28228;256;0;2;201;249;156;163
Listener:Sent_pong;163;F436
Dispatcher:F436;163833;40853;256;0;2;195;255;155;163
Listener:Sent_pong;164;3F27
Dispatcher:3F27;164469;50562;256;0;2;204;255;153;164
Listener:Sent_pong;164;8D93
Dispatcher:8D93;164635;26942;256;0;2;206;255;148;164
Listener:Sent_pong;164;CBB8
Dispatcher:CBB8;164673;36980;256;0;2;206;255;146;164
Listener:Sent_pong;164;FCED
Dispatcher:FCED;164710;28870;256;0;2;210;255;150;164
Listener:Sent_pong;164;A7E4
Dispatcher:A7E4;164772;34978;256;0;2;207;255;155;164
Listener:Sent_pong;164;A78F
Dispatcher:A78F;164808;29798;256;0;2;201;249;157;164
Listener:Sent_pong;164;F436
Dispatcher:F436;164840;45149;256;0;2;195;255;156;164
Listener:Sent_pong;165;3F27
Dispatcher:3F27;165478;49678;256;0;2;204;255;154;165
Listener:Sent_pong;165;8D93
Dispatcher:8D93;165644;28220;256;0;2;206;255;149;165
Listener:Sent_pong;165;CBB8
Dispatcher:CBB8;165680;50396;256;0;2;206;255;147;165
Listener:Sent_pong;165;FCED
Dispatcher:FCED;165720;32126;256;0;2;210;255;151;165
Listener:Sent_pong;165;A7E4
Dispatcher:A7E4;165780;24676;256;0;2;207;255;156;165
Listener:Sent_pong;165;A78F
Dispatcher:A78F;165821;31548;256;0;2;201;249;158;165
Listener:Sent_pong;165;F436
Dispatcher:F436;165849;41179;256;0;2;195;255;157;165
Listener:Sent_pong;166;3F27
Dispatcher:3F27;166486;39576;256;0;2;204;255;155;166
Listener:Sent_pong;166;8D93
Dispatcher:8D93;166653;26552;256;0;2;206;255;150;166
Listener:Sent_pong;166;CBB8
Dispatcher:CBB8;166688;36036;256;0;2;206;255;148;166
Listener:Sent_pong;166;FCED
Dispatcher:FCED;166727;26950;256;0;2;210;255;152;166
Listener:Sent_pong;166;A7E4
Dispatcher:A7E4;166789;28196;256;0;2;207;255;157;166
Listener:Sent_pong;166;A78F
Dispatcher:A78F;166828;25642;256;0;2;201;249;159;166
Listener:Sent_pong;166;F436
Dispatcher:F436;166866;37037;256;0;2;195;255;158;166
Listener:Sent_pong;167;3F27
Dispatcher:3F27;167500;50576;256;0;2;204;255;156;167
Listener:Sent_pong;167;8D93
Dispatcher:8D93;167661;28222;256;0;2;206;255;151;167
Listener:Sent_pong;167;CBB8
Dispatcher:CBB8;167696;42774;256;0;2;206;255;149;167
Listener:Sent_pong;167;FCED
Dispatcher:FCED;167739;30984;256;0;2;210;255;153;167
Listener:Sent_pong;167;A7E4
Dispatcher:A7E4;167802;30818;256;0;2;207;255;158;167
Listener:Sent_pong;167;A78F
Dispatcher:A78F;167837;27884;256;0;2;201;249;160;167
Listener:Sent_pong;167;F436
Dispatcher:F436;167874;27563;256;0;2;195;255;159;167
Listener:Sent_pong;168;3F27
Dispatcher:3F27;168508;40022;256;0;2;204;255;157;168
Listener:Sent_pong;168;8D93
Dispatcher:8D93;168670;29178;256;0;2;206;255;152;168
Listener:Sent_pong;168;CBB8
Dispatcher:CBB8;168704;39874;256;0;2;206;255;150;168
Listener:Sent_pong;168;FCED
Dispatcher:FCED;168750;30994;256;0;2;210;255;154;168
Listener:Sent_pong;168;A7E4
Dispatcher:A7E4;168809;25628;256;0;2;207;255;159;168
Listener:Sent_pong;168;A78F
Dispatcher:A78F;168848;28352;256;0;2;201;249;161;168
Listener:Sent_pong;168;F436
Dispatcher:F436;168882;25987;256;0;2;195;255;160;168
Listener:Sent_pong;169;3F27
Dispatcher:3F27;169516;35078;256;0;2;204;255;158;169
Listener:Sent_pong;169;8D93
Dispatcher:8D93;169684;33200;256;0;2;206;255;153;169
Listener:Sent_pong;169;CBB8
Dispatcher:CBB8;169712;40827;256;0;2;206;255;151;169
Listener:Sent_pong;169;FCED
Dispatcher:FCED;169757;28048;256;0;2;210;255;155;169
Listener:Sent_pong;169;A7E4
Dispatcher:A7E4;169816;23398;256;0;2;207;255;160;169
Listener:Sent_pong;169;A78F
Dispatcher:A78F;169855;25990;256;0;2;201;249;162;169
Listener:Sent_pong;169;F436
Dispatcher:F436;169897;36101;256;0;2;195;255;161;169
Listener:Sent_pong;170;3F27
Dispatcher:3F27;170530;43136;256;0;2;204;255;159;170
Listener:Sent_pong;170;8D93
Dispatcher:8D93;170691;25682;256;0;2;206;255;154;170
Listener:Sent_pong;170;CBB8
Dispatcher:CBB8;170721;39711;256;0;2;206;255;152;170
Listener:Sent_pong;170;FCED
Dispatcher:FCED;170765;27400;256;0;2;210;255;156;170
Listener:Sent_pong;170;A7E4
Dispatcher:A7E4;170831;37218;256;0;2;207;255;161;170
Listener:Sent_pong;170;A78F
Dispatcher:A78F;170876;30824;256;0;2;201;249;163;170
Listener:Sent_pong;170;F436
Dispatcher:F436;170904;24689;256;0;2;195;255;162;170
Listener:Sent_pong;171;3F27
Dispatcher:3F27;171538;23728;256;0;2;204;255;160;171
Listener:Sent_pong;171;8D93
Dispatcher:8D93;171699;28882;256;0;2;206;255;155;171
Listener:Sent_pong;171;CBB8
Dispatcher:CBB8;171728;41512;256;0;2;206;255;153;171
Listener:Sent_pong;171;FCED
Dispatcher:FCED;171774;39926;256;0;2;210;255;157;171
Listener:Sent_pong;171;A7E4
Dispatcher:A7E4;171840;48320;256;0;2;207;255;162;171
Listener:Sent_pong;171;A78F
Dispatcher:A78F;171888;29072;256;0;2;201;249;164;171
Listener:Sent_pong;171;F436
Dispatcher:F436;171912;26945;256;0;2;195;255;163;171
Listener:Sent_pong;172;3F27
Dispatcher:3F27;172545;23088;256;0;2;204;255;161;172
Listener:Sent_pong;172;8D93
Dispatcher:8D93;172714;34368;256;0;2;206;255;156;172
Listener:Sent_pong;172;CBB8
Dispatcher:CBB8;172738;73457;256;0;2;206;255;154;172
Listener:Sent_pong;172;FCED
Dispatcher:FCED;172789;65672;256;0;2;210;255;158;172
Listener:Sent_pong;172;A7E4
Dispatcher:A7E4;172848;41820;256;0;2;207;255;163;172
Listener:Sent_pong;172;A78F
Dispatcher:A78F;172897;28216;256;0;2;201;249;165;172
Listener:Sent_pong;172;F436
Dispatcher:F436;172922;29977;256;0;2;195;255;164;172
Listener:Sent_pong;173;3F27
Dispatcher:3F27;173558;34380;256;0;2;204;255;162;173
Listener:Sent_pong;173;8D93
Dispatcher:8D93;173721;25986;256;0;2;206;255;157;173
Listener:Sent_pong;173;CBB8
Dispatcher:CBB8;173746;40071;256;0;2;206;255;155;173
Listener:Sent_pong;173;FCED
Dispatcher:FCED;173798;40266;256;0;2;210;255;159;173
Listener:Sent_pong;173;A7E4
Dispatcher:A7E4;173858;41142;256;0;2;207;255;164;173
Listener:Sent_pong;173;A78F
Dispatcher:A78F;173903;24046;256;0;2;201;249;166;173
Listener:Sent_pong;173;F436
Dispatcher:F436;173930;25995;256;0;2;195;255;165;173
Listener:Sent_pong;174;3F27
Dispatcher:3F27;174567;27256;256;0;2;204;255;163;174
Listener:Sent_pong;174;8D93
Dispatcher:8D93;174728;26624;256;0;2;206;255;158;174
Listener:Sent_pong;174;CBB8
Dispatcher:CBB8;174753;37045;256;0;2;206;255;156;174
Listener:Sent_pong;174;A7E4
Dispatcher:A7E4;174866;45968;256;0;2;207;255;165;174
Listener:Sent_pong;174;A78F
Dispatcher:A78F;174913;27796;256;0;2;201;249;167;174
Listener:Sent_pong;174;F436
Dispatcher:F436;174938;27885;256;0;2;195;255;166;174
Listener:Sent_pong;175;3F27
Dispatcher:3F27;175574;28232;256;0;2;204;255;164;175
Listener:Sent_pong;175;8D93
Dispatcher:8D93;175744;60020;256;0;2;206;255;159;175
Listener:Sent_pong;175;CBB8
Dispatcher:CBB8;175794;138503;256;0;2;206;255;157;175
Listener:Sent_pong;175;FCED
Dispatcher:FCED;175825;42164;256;0;2;210;255;160;175
Listener:Sent_pong;175;A7E4
Dispatcher:A7E4;175885;42186;256;0;2;207;255;166;175
Listener:Sent_pong;175;A78F
Dispatcher:A78F;175920;23430;256;0;2;201;249;168;175
Listener:Sent_pong;175;F436
Dispatcher:F436;175950;42591;256;0;2;195;255;167;175
Listener:Sent_pong;176;3F27
Dispatcher:3F27;176585;52660;256;0;2;204;255;165;176
Listener:Sent_pong;176;8D93
Dispatcher:8D93;176753;41324;256;0;2;206;255;160;176
Listener:Sent_pong;176;CBB8
Dispatcher:CBB8;176801;72271;256;0;2;206;255;158;176
Listener:Sent_pong;176;FCED
Dispatcher:FCED;176837;27494;256;0;2;210;255;161;176
Listener:Sent_pong;176;A7E4
Dispatcher:A7E4;176892;23108;256;0;2;207;255;167;176
Listener:Sent_pong;176;A78F
Dispatcher:A78F;176928;26952;256;0;2;201;249;169;176
Listener:Sent_pong;176;F436
Dispatcher:F436;176959;37021;256;0;2;195;255;168;176
Listener:Sent_pong;177;3F27
Dispatcher:3F27;177593;53518;256;0;2;204;255;166;177
Listener:Sent_pong;177;8D93
Dispatcher:8D93;177761;39930;256;0;2;206;255;161;177
Listener:Sent_pong;177;CBB8
Dispatcher:CBB8;177810;73592;256;0;2;206;255;159;177
Listener:Sent_pong;177;FCED
Dispatcher:FCED;177850;32656;256;0;2;210;255;162;177
Listener:Sent_pong;177;A78F
Dispatcher:A78F;177942;31802;256;0;2;201;249;170;177
Listener:Sent_pong;177;F436
Dispatcher:F436;177967;42145;256;0;2;195;255;169;177
Listener:Sent_pong;178;3F27
Dispatcher:3F27;178601;49966;256;0;2;204;255;167;178
Listener:Sent_pong;178;8D93
Dispatcher:8D93;178770;38962;256;0;2;206;255;162;178
Listener:Sent_pong;178;CBB8
Dispatcher:CBB8;178818;73592;256;0;2;206;255;159;178
Listener:Sent_pong;178;FCED
Dispatcher:FCED;178915;110059;256;0;2;210;255;163;178
Listener:Sent_pong;178;A7E4
Dispatcher:A7E4;178948;23700;256;0;2;207;255;168;178
Listener:Sent_pong;178;A78F
Dispatcher:A78F;178979;58944;256;0;2;201;249;171;178
Listener:Sent_pong;178;F436
Dispatcher:F436;179004;68811;256;0;2;195;255;170;178
Listener:Sent_pong;179;3F27
Dispatcher:3F27;179616;58036;256;0;2;204;255;168;179
Listener:Sent_pong;179;8D93
Dispatcher:8D93;179778;37690;256;0;2;206;255;163;179
Listener:Sent_pong;179;CBB8
Dispatcher:CBB8;179827;55418;256;0;2;206;255;160;179
Listener:Sent_pong;179;FCED
Dispatcher:FCED;179922;25668;256;0;2;210;255;164;179
Listener:Sent_pong;179;A7E4
Dispatcher:A7E4;179957;28538;256;0;2;207;255;169;179
Listener:Sent_pong;179;A78F
Dispatcher:A78F;179987;26296;256;0;2;201;249;172;179
Listener:Sent_pong;179;F436
Dispatcher:F436;180011;55209;256;0;2;195;255;171;179
Listener:Sent_pong;180;3F27
Dispatcher:3F27;180624;56344;256;0;2;204;255;169;180
Listener:Sent_pong;180;8D93
Dispatcher:8D93;180785;39896;256;0;2;206;255;164;180
Listener:Sent_pong;180;CBB8
Dispatcher:CBB8;180836;52862;256;0;2;206;255;161;180
Listener:Sent_pong;180;FCED
Dispatcher:FCED;180929;23434;256;0;2;210;255;165;180
Listener:Sent_pong;180;A7E4
Dispatcher:A7E4;180964;23072;256;0;2;207;255;170;180
Listener:Sent_pong;180;A78F
Dispatcher:A78F;180995;24692;256;0;2;201;249;173;180
Listener:Sent_pong;180;F436
Dispatcher:F436;181020;36073;256;0;2;195;255;172;180
Listener:Sent_pong;181;3F27
Dispatcher:3F27;181633;48714;256;0;2;204;255;170;181
Listener:Sent_pong;181;8D93
Dispatcher:8D93;181800;49686;256;0;2;206;255;165;181
Listener:Sent_pong;181;CBB8
Dispatcher:CBB8;181845;52862;256;0;2;206;255;161;181
Listener:Sent_pong;181;FCED
Dispatcher:FCED;181937;26658;256;0;2;210;255;166;181
Listener:Sent_pong;181;A7E4
Dispatcher:A7E4;181972;24698;256;0;2;207;255;171;181
Listener:Sent_pong;181;A78F
Dispatcher:A78F;182011;40360;256;0;2;201;249;174;181
Listener:Sent_pong;181;F436
Dispatcher:F436;182041;49965;256;0;2;195;255;173;181
Listener:Sent_pong;182;3F27
Dispatcher:3F27;182644;53000;256;0;2;204;255;171;182
Listener:Sent_pong;182;8D93
Dispatcher:8D93;182807;37038;256;0;2;206;255;166;182
Listener:Sent_pong;182;CBB8
Dispatcher:CBB8;182852;49993;256;0;2;206;255;162;182
Listener:Sent_pong;182;FCED
Dispatcher:FCED;182951;34768;256;0;2;210;255;167;182
Listener:Sent_pong;182;A7E4
Dispatcher:A7E4;182981;31088;256;0;2;207;255;172;182
Listener:Sent_pong;182;A78F
Dispatcher:A78F;183019;29476;256;0;2;201;249;175;182
Listener:Sent_pong;182;F436
Dispatcher:F436;183057;46327;256;0;2;195;255;174;182
Listener:Sent_pong;183;3F27
Dispatcher:3F27;183652;58102;256;0;2;204;255;172;183
Listener:Sent_pong;183;8D93
Dispatcher:8D93;183815;37370;256;0;2;206;255;167;183
Listener:Sent_pong;183;CBB8
Dispatcher:CBB8;183860;53298;256;0;2;206;255;163;183
Listener:Sent_pong;183;FCED
Dispatcher:FCED;183960;27604;256;0;2;210;255;168;183
Listener:Sent_pong;183;A7E4
Dispatcher:A7E4;183990;29148;256;0;2;207;255;173;183
Listener:Sent_pong;183;A78F
Dispatcher:A78F;184028;30768;256;0;2;201;249;176;183
Listener:Sent_pong;183;F436
Dispatcher:F436;184065;46245;256;0;2;195;255;175;183
Listener:Sent_pong;184;3F27
Dispatcher:3F27;184659;45802;256;0;2;204;255;173;184
Listener:Sent_pong;184;8D93
Dispatcher:8D93;184830;47144;256;0;2;206;255;168;184
Listener:Sent_pong;184;CBB8
Dispatcher:CBB8;184868;57608;256;0;2;206;255;164;184
Listener:Sent_pong;184;FCED
Dispatcher:FCED;184967;25334;256;0;2;210;255;169;184
Listener:Sent_pong;184;A7E4
Dispatcher:A7E4;184999;28214;256;0;2;207;255;174;184
Listener:Sent_pong;184;A78F
Dispatcher:A78F;185041;31238;256;0;2;201;249;177;184
Listener:Sent_pong;184;F436
Dispatcher:F436;185072;38963;256;0;2;195;255;176;184
Listener:Sent_pong;185;3F27
Dispatcher:3F27;185673;56760;256;0;2;204;255;174;185
Listener:Sent_pong;185;8D93
Dispatcher:8D93;185838;41876;256;0;2;206;255;169;185
Listener:Sent_pong;185;CBB8
Dispatcher:CBB8;185876;55800;256;0;2;206;255;165;185
Listener:Sent_pong;185;FCED
Dispatcher:FCED;185978;29962;256;0;2;210;255;170;185
Listener:Sent_pong;185;A7E4
Dispatcher:A7E4;186007;28502;256;0;2;207;255;175;185
Listener:Sent_pong;185;A78F
Dispatcher:A78F;186049;28844;256;0;2;201;249;178;185
Listener:Sent_pong;185;F436
Dispatcher:F436;186080;40241;256;0;2;195;255;177;185
Listener:Sent_pong;186;3F27
Dispatcher:3F27;186682;57736;256;0;2;204;255;175;186
Listener:Sent_pong;186;8D93
Dispatcher:8D93;186846;41832;256;0;2;206;255;170;186
Listener:Sent_pong;186;CBB8
Dispatcher:CBB8;186886;60114;256;0;2;206;255;166;186
Listener:Sent_pong;186;FCED
Dispatcher:FCED;186986;24360;256;0;2;210;255;171;186
Listener:Sent_pong;186;A7E4
Dispatcher:A7E4;187020;32740;256;0;2;207;255;176;186
Listener:Sent_pong;186;A78F
Dispatcher:A78F;187057;28550;256;0;2;201;249;179;186
Listener:Sent_pong;186;F436
Dispatcher:F436;187089;38315;256;0;2;195;255;178;186
Listener:Sent_pong;187;3F27
Dispatcher:3F27;187689;58102;256;0;2;204;255;176;187
Listener:Sent_pong;187;8D93
Dispatcher:8D93;187859;45810;256;0;2;206;255;171;187
Listener:Sent_pong;187;CBB8
Dispatcher:CBB8;187896;52923;256;0;2;206;255;167;187
Listener:Sent_pong;187;FCED
Dispatcher:FCED;187994;26640;256;0;2;210;255;172;187
Listener:Sent_pong;187;A7E4
Dispatcher:A7E4;188027;26606;256;0;2;207;255;177;187
Listener:Sent_pong;187;A78F
Dispatcher:A78F;188072;35334;256;0;2;201;249;180;187
Listener:Sent_pong;187;F436
Dispatcher:F436;188096;36769;256;0;2;195;255;179;187
Listener:Sent_pong;188;3F27
Dispatcher:3F27;188701;59020;256;0;2;204;255;177;188
Listener:Sent_pong;188;8D93
Dispatcher:8D93;188867;45810;256;0;2;206;255;171;188
Listener:Sent_pong;188;CBB8
Dispatcher:CBB8;188904;61964;256;0;2;206;255;168;188
Listener:Sent_pong;188;FCED
Dispatcher:FCED;189003;27882;256;0;2;210;255;173;188
Listener:Sent_pong;188;A7E4
Dispatcher:A7E4;189034;23856;256;0;2;207;255;178;188
Listener:Sent_pong;188;A78F
Dispatcher:A78F;189078;23414;256;0;2;201;249;181;188
Listener:Sent_pong;188;F436
Dispatcher:F436;189110;47343;256;0;2;195;255;180;188
Listener:Sent_pong;189;3F27
Dispatcher:3F27;189708;50752;256;0;2;204;255;178;189
Listener:Sent_pong;189;8D93
Dispatcher:8D93;189876;38650;256;0;2;206;255;172;189
Listener:Sent_pong;189;CBB8
Dispatcher:CBB8;189912;50589;256;0;2;206;255;169;189
Listener:Sent_pong;189;FCED
Dispatcher:FCED;190010;27600;256;0;2;210;255;174;189
Listener:Sent_pong;189;A7E4
Dispatcher:A7E4;190049;35608;256;0;2;207;255;179;189
Listener:Sent_pong;189;A78F
Dispatcher:A78F;190085;23106;256;0;2;201;249;182;189
Listener:Sent_pong;189;F436
Dispatcher:F436;190119;40853;256;0;2;195;255;181;189
Listener:Sent_pong;190;3F27
Dispatcher:3F27;190716;50296;256;0;2;204;255;179;190
Listener:Sent_pong;190;8D93
Dispatcher:8D93;190890;44550;256;0;2;206;255;173;190
Listener:Sent_pong;190;CBB8
Dispatcher:CBB8;190927;59190;256;0;2;206;255;170;190
Listener:Sent_pong;190;FCED
Dispatcher:FCED;191017;26644;256;0;2;210;255;175;190
Listener:Sent_pong;190;A7E4
Dispatcher:A7E4;191057;24680;256;0;2;207;255;180;190
Listener:Sent_pong;190;A78F
Dispatcher:A78F;191098;32746;256;0;2;201;249;183;190
Listener:Sent_pong;190;F436
Dispatcher:F436;191126;39933;256;0;2;195;255;182;190
Listener:Sent_pong;191;3F27
Dispatcher:3F27;191730;58490;256;0;2;204;255;180;191
Listener:Sent_pong;191;8D93
Dispatcher:8D93;191898;39924;256;0;2;206;255;174;191
Listener:Sent_pong;191;CBB8
Dispatcher:CBB8;191936;54292;256;0;2;206;255;171;191
Listener:Sent_pong;191;FCED
Dispatcher:FCED;192026;34768;256;0;2;210;255;176;191
Listener:Sent_pong;191;A7E4
Dispatcher:A7E4;192065;27590;256;0;2;207;255;181;191
Listener:Sent_pong;191;A78F
Dispatcher:A78F;192105;25970;256;0;2;201;249;184;191
Listener:Sent_pong;191;F436
Dispatcher:F436;192141;45725;256;0;2;195;255;183;191
Listener:Sent_pong;192;3F27
Dispatcher:3F27;192737;50944;256;0;2;204;255;181;192
Listener:Sent_pong;192;8D93
Dispatcher:8D93;192906;38668;256;0;2;206;255;175;192
Listener:Sent_pong;192;CBB8
Dispatcher:CBB8;192943;54902;256;0;2;206;255;172;192
Listener:Sent_pong;192;FCED
Dispatcher:FCED;193035;29830;256;0;2;210;255;177;192
Listener:Sent_pong;192;A7E4
Dispatcher:A7E4;193078;32744;256;0;2;207;255;182;192
Listener:Sent_pong;192;A78F
Dispatcher:A78F;193113;25632;256;0;2;201;249;185;192
Listener:Sent_pong;192;F436
Dispatcher:F436;193149;37663;256;0;2;195;255;184;192
Listener:Sent_pong;193;3F27
Dispatcher:3F27;193744;51250;256;0;2;204;255;182;193
Listener:Sent_pong;193;8D93
Dispatcher:8D93;193917;40072;256;0;2;206;255;176;193
Listener:Sent_pong;193;CBB8
Dispatcher:CBB8;193951;53738;256;0;2;206;255;173;193
Listener:Sent_pong;193;FCED
Dispatcher:FCED;194044;30798;256;0;2;210;255;178;193
Listener:Sent_pong;193;A7E4
Dispatcher:A7E4;194086;27248;256;0;2;207;255;183;193
Listener:Sent_pong;193;A78F
Dispatcher:A78F;194126;33046;256;0;2;201;249;186;193
Listener:Sent_pong;193;F436
Dispatcher:F436;194157;50399;256;0;2;195;255;185;193
Listener:Sent_pong;194;3F27
Dispatcher:3F27;194753;56696;256;0;2;204;255;183;194
Listener:Sent_pong;194;8D93
Dispatcher:8D93;194926;42658;256;0;2;206;255;177;194
Listener:Sent_pong;194;CBB8
Dispatcher:CBB8;194965;62242;256;0;2;206;255;174;194
Listener:Sent_pong;194;FCED
Dispatcher:FCED;195051;29002;256;0;2;210;255;179;194
Listener:Sent_pong;194;A7E4
Dispatcher:A7E4;195094;26574;256;0;2;207;255;184;194
Listener:Sent_pong;194;A78F
Dispatcher:A78F;195132;25656;256;0;2;201;249;187;194
Listener:Sent_pong;194;F436
Dispatcher:F436;195171;44531;256;0;2;195;255;186;194
Listener:Sent_pong;195;3F27
Dispatcher:3F27;195762;61290;256;0;2;204;255;184;195
Listener:Sent_pong;195;8D93
Dispatcher:8D93;195934;39282;256;0;2;206;255;178;195
Listener:Sent_pong;195;CBB8
Dispatcher:CBB8;195972;58532;256;0;2;206;255;175;195
Listener:Sent_pong;195;FCED
Dispatcher:FCED;196058;26308;256;0;2;210;255;180;195
Listener:Sent_pong;195;A7E4
Dispatcher:A7E4;196111;34934;256;0;2;207;255;185;195
Listener:Sent_pong;195;A78F
Dispatcher:A78F;196139;25958;256;0;2;201;249;188;195
Listener:Sent_pong;195;F436
Dispatcher:F436;196179;41337;256;0;2;195;255;187;195
Listener:Sent_pong;196;3F27
Dispatcher:3F27;196770;58864;256;0;2;204;255;185;196
Listener:Sent_pong;196;8D93
Dispatcher:8D93;196949;47622;256;0;2;206;255;179;196
Listener:Sent_pong;196;CBB8
Dispatcher:CBB8;196990;65009;256;0;2;206;255;176;196
Listener:Sent_pong;196;FCED
Dispatcher:FCED;197066;26956;256;0;2;210;255;181;196
Listener:Sent_pong;196;A7E4
Dispatcher:A7E4;197120;26566;256;0;2;207;255;186;196
Listener:Sent_pong;196;A78F
Dispatcher:A78F;197146;29098;256;0;2;201;249;189;196
Listener:Sent_pong;196;F436
Dispatcher:F436;197186;37657;256;0;2;195;255;188;196
Listener:Sent_pong;197;3F27
Dispatcher:3F27;197778;52470;256;0;2;204;255;186;197
Listener:Sent_pong;197;8D93
Dispatcher:8D93;197957;41540;256;0;2;206;255;180;197
Listener:Sent_pong;197;CBB8
Dispatcher:CBB8;197998;58071;256;0;2;206;255;177;197
Listener:Sent_pong;197;FCED
Dispatcher:FCED;198075;30912;256;0;2;210;255;182;197
Listener:Sent_pong;197;A7E4
Dispatcher:A7E4;198128;25006;256;0;2;207;255;187;197
Listener:Sent_pong;197;A78F
Dispatcher:A78F;198154;28602;256;0;2;201;249;190;197
Listener:Sent_pong;197;F436
Dispatcher:F436;198199;42293;256;0;2;195;255;189;197
Listener:Sent_pong;198;3F27
Dispatcher:3F27;198787;61258;256;0;2;204;255;187;198
Listener:Sent_pong;198;8D93
Dispatcher:8D93;198965;39612;256;0;2;206;255;181;198
Listener:Sent_pong;198;CBB8
Dispatcher:CBB8;199006;27575;256;0;2;206;253;178;198
Listener:Sent_pong;198;FCED
Dispatcher:FCED;199082;25028;256;0;2;210;255;183;198
Listener:Sent_pong;198;A7E4
Dispatcher:A7E4;199135;26590;256;0;2;207;255;188;198
Listener:Sent_pong;198;A78F
Dispatcher:A78F;199163;27048;256;0;2;201;249;191;198
Listener:Sent_pong;198;F436
Dispatcher:F436;199205;35107;256;0;2;195;255;190;198
Listener:Sent_pong;199;3F27
Dispatcher:3F27;199794;38920;256;0;2;204;255;188;199
Listener:Sent_pong;199;8D93
Dispatcher:8D93;199975;31856;256;0;2;206;255;182;199
Listener:Sent_pong;199;CBB8
Dispatcher:CBB8;200015;41805;256;0;2;206;253;179;199
Listener:Sent_pong;199;FCED
Dispatcher:FCED;200090;27612;256;0;2;210;255;184;199
Listener:Sent_pong;199;A7E4
Dispatcher:A7E4;200144;28830;256;0;2;207;255;189;199
Listener:Sent_pong;199;A78F
Dispatcher:A78F;200172;27048;256;0;2;201;249;191;199
Listener:Sent_pong;199;F436
Dispatcher:F436;200223;49705;256;0;2;195;255;191;199
Listener:Sent_pong;200;3F27
Dispatcher:3F27;200801;44566;256;0;2;204;255;189;200
Listener:Sent_pong;200;8D93
Dispatcher:8D93;200983;27918;256;0;2;206;255;183;200
Listener:Sent_pong;200;CBB8
Dispatcher:CBB8;201024;38288;256;0;2;206;253;180;200
Listener:Sent_pong;200;FCED
Dispatcher:FCED;201098;26640;256;0;2;210;255;185;200
Listener:Sent_pong;200;A7E4
Dispatcher:A7E4;201153;29822;256;0;2;207;255;190;200
Listener:Sent_pong;200;A78F
Dispatcher:A78F;201182;29810;256;0;2;201;249;192;200
Listener:Sent_pong;200;F436
Dispatcher:F436;201231;39925;256;0;2;195;255;192;200
Listener:Sent_pong;201;3F27
Dispatcher:3F27;201808;39900;256;0;2;204;255;190;201
Listener:Sent_pong;201;8D93
Dispatcher:8D93;201992;29486;256;0;2;206;255;184;201
Listener:Sent_pong;201;CBB8
Dispatcher:CBB8;202032;43848;256;0;2;206;253;181;201
Listener:Sent_pong;201;FCED
Dispatcher:FCED;202106;25990;256;0;2;210;255;186;201
Listener:Sent_pong;201;A7E4
Dispatcher:A7E4;202167;32446;256;0;2;207;255;191;201
Listener:Sent_pong;201;A78F
Dispatcher:A78F;202194;30522;256;0;2;201;249;193;201
Listener:Sent_pong;201;F436
Dispatcher:F436;202240;47001;256;0;2;195;255;193;201
Listener:Sent_pong;202;3F27
Dispatcher:3F27;202817;42112;256;0;2;204;255;191;202
Listener:Sent_pong;202;8D93
Dispatcher:8D93;203006;32072;256;0;2;206;255;185;202
Listener:Sent_pong;202;CBB8
Dispatcher:CBB8;203041;42450;256;0;2;206;253;182;202
Listener:Sent_pong;202;FCED
Dispatcher:FCED;203114;26958;256;0;2;210;255;187;202
Listener:Sent_pong;202;A7E4
Dispatcher:A7E4;203176;26622;256;0;2;207;255;192;202
Listener:Sent_pong;202;A78F
Dispatcher:A78F;203204;32898;256;0;2;201;249;194;202
Listener:Sent_pong;202;F436
Dispatcher:F436;203247;39291;256;0;2;195;255;194;202
Listener:Sent_pong;203;3F27
Dispatcher:3F27;203826;43698;256;0;2;204;255;192;203
Listener:Sent_pong;203;8D93
Dispatcher:8D93;204015;25990;256;0;2;206;255;186;203
Listener:Sent_pong;203;CBB8
Dispatcher:CBB8;204048;38596;256;0;2;206;253;183;203
Listener:Sent_pong;203;FCED
Dispatcher:FCED;204122;28230;256;0;2;210;255;188;203
Listener:Sent_pong;203;A7E4
Dispatcher:A7E4;204185;27918;256;0;2;207;255;193;203
Listener:Sent_pong;203;A78F
Dispatcher:A78F;204212;27618;256;0;2;201;249;195;203
Listener:Sent_pong;203;F436
Dispatcher:F436;204255;39593;256;0;2;195;255;195;203
Listener:Sent_pong;204;3F27
Dispatcher:3F27;204835;38922;256;0;2;204;255;193;204
Listener:Sent_pong;204;8D93
Dispatcher:8D93;205023;24398;256;0;2;206;255;187;204
Listener:Sent_pong;204;CBB8
Dispatcher:CBB8;205056;36347;256;0;2;206;253;184;204
Listener:Sent_pong;204;FCED
Dispatcher:FCED;205130;25690;256;0;2;210;255;189;204
Listener:Sent_pong;204;A7E4
Dispatcher:A7E4;205194;26418;256;0;2;207;255;194;204
Listener:Sent_pong;204;A78F
Dispatcher:A78F;205219;26962;256;0;2;201;249;196;204
Listener:Sent_pong;204;F436
Dispatcher:F436;205263;38963;256;0;2;195;255;196;204
Listener:Sent_pong;205;3F27
Dispatcher:3F27;205843;38266;256;0;2;204;255;194;205
Listener:Sent_pong;205;8D93
Dispatcher:8D93;206031;25980;256;0;2;206;255;188;205
Listener:Sent_pong;205;CBB8
Dispatcher:CBB8;206064;38613;256;0;2;206;253;185;205
Listener:Sent_pong;205;FCED
Dispatcher:FCED;206139;28214;256;0;2;210;255;190;205
Listener:Sent_pong;205;A7E4
Dispatcher:A7E4;206202;26332;256;0;2;207;255;195;205
Listener:Sent_pong;205;A78F
Dispatcher:A78F;206229;34710;256;0;2;201;249;197;205
Listener:Sent_pong;205;F436
Dispatcher:F436;206271;40883;256;0;2;195;255;197;205
Listener:Sent_pong;206;3F27
Dispatcher:3F27;206852;47038;256;0;2;204;255;195;206
Listener:Sent_pong;206;8D93
Dispatcher:8D93;207040;28232;256;0;2;206;255;189;206
Listener:Sent_pong;206;CBB8
Dispatcher:CBB8;207071;43546;256;0;2;206;253;186;206
Listener:Sent_pong;206;FCED
Dispatcher:FCED;207146;24724;256;0;2;210;255;191;206
Listener:Sent_pong;206;A7E4
Dispatcher:A7E4;207210;25334;256;0;2;207;255;196;206
Listener:Sent_pong;206;A78F
Dispatcher:A78F;207237;24678;256;0;2;201;249;198;206
Listener:Sent_pong;206;F436
Dispatcher:F436;207287;48263;256;0;2;195;255;198;206
Listener:Sent_pong;207;3F27
Dispatcher:3F27;207860;40200;256;0;2;204;255;196;207
Listener:Sent_pong;207;8D93
Dispatcher:8D93;208047;27570;256;0;2;206;255;190;207
Listener:Sent_pong;207;CBB8
Dispatcher:CBB8;208080;58536;256;0;2;206;253;187;207
Listener:Sent_pong;207;FCED
Dispatcher:FCED;208154;26620;256;0;2;210;255;192;207
Listener:Sent_pong;207;A7E4
Dispatcher:A7E4;208223;41780;256;0;2;207;255;197;207
Listener:Sent_pong;207;A78F
Dispatcher:A78F;208262;42024;256;0;2;201;249;199;207
Listener:Sent_pong;207;F436
Dispatcher:F436;208296;48485;256;0;2;195;255;199;207
Listener:Sent_pong;208;3F27
Dispatcher:3F27;208867;38614;256;0;2;204;255;197;208
Listener:Sent_pong;208;8D93
Dispatcher:8D93;209062;40552;256;0;2;206;255;191;208
Listener:Sent_pong;208;CBB8
Dispatcher:CBB8;209091;43530;256;0;2;206;253;188;208
Listener:Sent_pong;208;FCED
Dispatcher:FCED;209163;27268;256;0;2;210;255;193;208
Listener:Sent_pong;208;A7E4
Dispatcher:A7E4;209230;25330;256;0;2;207;255;198;208
Listener:Sent_pong;208;A78F
Dispatcher:A78F;209273;31868;256;0;2;201;249;200;208
Listener:Sent_pong;208;F436
Dispatcher:F436;209305;47719;256;0;2;195;255;200;208
Listener:Sent_pong;209;3F27
Dispatcher:3F27;209875;45098;256;0;2;204;255;198;209
Listener:Sent_pong;209;8D93
Dispatcher:8D93;210070;29500;256;0;2;206;255;192;209
Listener:Sent_pong;209;CBB8
Dispatcher:CBB8;210098;39559;256;0;2;206;253;189;209
Listener:Sent_pong;209;FCED
Dispatcher:FCED;210172;28876;256;0;2;210;255;194;209
Listener:Sent_pong;209;A7E4
Dispatcher:A7E4;210236;25328;256;0;2;207;255;199;209
Listener:Sent_pong;209;A78F
Dispatcher:A78F;210280;27888;256;0;2;201;249;201;209
Listener:Sent_pong;209;F436
Dispatcher:F436;210316;45151;256;0;2;195;255;201;209
Listener:Sent_pong;210;3F27
Dispatcher:3F27;210882;35394;256;0;2;204;255;199;210
Listener:Sent_pong;210;8D93
Dispatcher:8D93;211077;23420;256;0;2;206;255;193;210
Listener:Sent_pong;210;CBB8
Dispatcher:CBB8;211106;39550;256;0;2;206;253;190;210
Listener:Sent_pong;210;FCED
Dispatcher:FCED;211180;24714;256;0;2;210;255;195;210
Listener:Sent_pong;210;A7E4
Dispatcher:A7E4;211243;31000;256;0;2;207;255;200;210
Listener:Sent_pong;210;A78F
Dispatcher:A78F;211289;29334;256;0;2;201;249;202;210
Listener:Sent_pong;210;F436
Dispatcher:F436;211324;38317;256;0;2;195;255;202;210
Listener:Sent_pong;211;3F27
Dispatcher:3F27;211891;39866;256;0;2;204;255;200;211
Listener:Sent_pong;211;8D93
Dispatcher:8D93;212095;35822;256;0;2;206;255;194;211
Listener:Sent_pong;211;CBB8
Dispatcher:CBB8;212117;42246;256;0;2;206;253;191;211
Listener:Sent_pong;211;FCED
Dispatcher:FCED;212187;28138;256;0;2;210;255;196;211
Listener:Sent_pong;211;A7E4
Dispatcher:A7E4;212251;24360;256;0;2;207;255;201;211
Listener:Sent_pong;211;A78F
Dispatcher:A78F;212304;31468;256;0;2;201;249;203;211
Listener:Sent_pong;211;F436
Dispatcher:F436;212331;32563;256;0;2;195;255;203;211
Listener:Sent_pong;212;3F27
Dispatcher:3F27;212900;37348;256;0;2;204;255;201;212
Listener:Sent_pong;212;8D93
Dispatcher:8D93;213104;30492;256;0;2;206;255;195;212
Listener:Sent_pong;212;CBB8
Dispatcher:CBB8;213130;44305;256;0;2;206;253;192;212
Listener:Sent_pong;212;FCED
Dispatcher:FCED;213194;23124;256;0;2;210;255;197;212
Listener:Sent_pong;212;A7E4
Dispatcher:A7E4;213258;24360;256;0;2;207;255;202;212
Listener:Sent_pong;212;A78F
Dispatcher:A78F;213311;26292;256;0;2;201;249;204;212
Listener:Sent_pong;212;F436
Dispatcher:F436;213344;45239;256;0;2;195;255;204;212
Listener:Sent_pong;213;3F27
Dispatcher:3F27;213907;40218;256;0;2;204;255;202;213
Listener:Sent_pong;213;8D93
Dispatcher:8D93;214112;23732;256;0;2;206;255;196;213
Listener:Sent_pong;213;CBB8
Dispatcher:CBB8;214137;37969;256;0;2;206;253;193;213
Listener:Sent_pong;213;FCED
Dispatcher:FCED;214201;27252;256;0;2;210;255;198;213
Listener:Sent_pong;213;A7E4
Dispatcher:A7E4;214265;34122;256;0;2;207;255;203;213
Listener:Sent_pong;213;A78F
Dispatcher:A78F;214320;28198;256;0;2;201;249;205;213
Listener:Sent_pong;213;F436
Dispatcher:F436;214353;42631;256;0;2;195;255;205;213
Listener:Sent_pong;214;3F27
Dispatcher:3F27;214919;44000;256;0;2;204;255;203;214
Listener:Sent_pong;214;8D93
Dispatcher:8D93;215120;25680;256;0;2;206;255;197;214
Listener:Sent_pong;214;CBB8
Dispatcher:CBB8;215146;39901;256;0;2;206;253;194;214
Listener:Sent_pong;214;FCED
Dispatcher:FCED;215208;32536;256;0;2;210;255;199;214
Listener:Sent_pong;214;A7E4
Dispatcher:A7E4;215272;26276;256;0;2;207;255;204;214
Listener:Sent_pong;214;A78F
Dispatcher:A78F;215334;31552;256;0;2;201;249;206;214
Listener:Sent_pong;214;F436
Dispatcher:F436;215360;37027;256;0;2;195;255;206;214
Listener:Sent_pong;215;3F27
Dispatcher:3F27;215927;38914;256;0;2;204;255;204;215
Listener:Sent_pong;215;8D93
Dispatcher:8D93;216129;25676;256;0;2;206;255;198;215
Listener:Sent_pong;215;CBB8
Dispatcher:CBB8;216155;40823;256;0;2;206;253;195;215
Listener:Sent_pong;215;FCED
Dispatcher:FCED;216216;25678;256;0;2;210;255;200;215
Listener:Sent_pong;215;A7E4
Dispatcher:A7E4;216280;24364;256;0;2;207;255;205;215
Listener:Sent_pong;215;A78F
Dispatcher:A78F;216342;28866;256;0;2;201;249;207;215
Listener:Sent_pong;215;F436
Dispatcher:F436;216373;45035;256;0;2;195;255;207;215
Listener:Sent_pong;216;3F27
Dispatcher:3F27;216935;41800;256;0;2;204;255;205;216
Listener:Sent_pong;216;8D93
Dispatcher:8D93;217136;28568;256;0;2;206;255;199;216
Listener:Sent_pong;216;CBB8
Dispatcher:CBB8;217163;37641;256;0;2;206;253;196;216
Listener:Sent_pong;216;FCED
Dispatcher:FCED;217223;23424;256;0;2;210;255;201;216
Listener:Sent_pong;216;A7E4
Dispatcher:A7E4;217287;23872;256;0;2;207;255;206;216
Listener:Sent_pong;216;A78F
Dispatcher:A78F;217351;28542;256;0;2;201;249;208;216
Listener:Sent_pong;216;F436
Dispatcher:F436;217382;38957;256;0;2;195;255;208;216
Listener:Sent_pong;217;3F27
Dispatcher:3F27;217942;41738;256;0;2;204;255;206;217
Listener:Sent_pong;217;8D93
Dispatcher:8D93;218151;34042;256;0;2;206;255;200;217
Listener:Sent_pong;217;CBB8
Dispatcher:CBB8;218178;49109;256;0;2;206;253;197;217
Listener:Sent_pong;217;FCED
Dispatcher:FCED;218232;29322;256;0;2;210;255;202;217
Listener:Sent_pong;217;A7E4
Dispatcher:A7E4;218295;26602;256;0;2;207;255;207;217
Listener:Sent_pong;217;A78F
Dispatcher:A78F;218360;28552;256;0;2;201;249;209;217
Listener:Sent_pong;217;F436
Dispatcher:F436;218390;39931;256;0;2;195;255;209;217
Listener:Sent_pong;218;3F27
Dispatcher:3F27;218949;40852;256;0;2;204;255;207;218
Listener:Sent_pong;218;8D93
Dispatcher:8D93;219160;29226;256;0;2;206;255;201;218
Listener:Sent_pong;218;CBB8
Dispatcher:CBB8;219185;46319;256;0;2;206;253;198;218
Listener:Sent_pong;218;FCED
Dispatcher:FCED;219240;29846;256;0;2;210;255;203;218
Listener:Sent_pong;218;A7E4
Dispatcher:A7E4;219302;27546;256;0;2;207;255;208;218
Listener:Sent_pong;218;A78F
Dispatcher:A78F;219367;25652;256;0;2;201;249;210;218
Listener:Sent_pong;218;F436
Dispatcher:F436;219406;46809;256;0;2;195;255;210;218
Listener:Sent_pong;219;3F27
Dispatcher:3F27;219957;40210;256;0;2;204;255;208;219
Listener:Sent_pong;219;8D93
Dispatcher:8D93;220168;24736;256;0;2;206;255;202;219
Listener:Sent_pong;219;CBB8
Dispatcher:CBB8;220193;36384;256;0;2;206;253;199;219
Listener:Sent_pong;219;FCED
Dispatcher:FCED;220248;25990;256;0;2;210;255;204;219
Listener:Sent_pong;219;A7E4
Dispatcher:A7E4;220309;26916;256;0;2;207;255;209;219
Listener:Sent_pong;219;A78F
Dispatcher:A78F;220373;25652;256;0;2;201;249;210;219
Listener:Sent_pong;219;F436
Dispatcher:F436;220415;45117;256;0;2;195;255;211;219
Listener:Sent_pong;220;3F27
Dispatcher:3F27;220966;47946;256;0;2;204;255;209;220
Listener:Sent_pong;220;8D93
Dispatcher:8D93;221178;29096;256;0;2;206;255;203;220
Listener:Sent_pong;220;CBB8
Dispatcher:CBB8;221203;40038;256;0;2;206;253;200;220
Listener:Sent_pong;220;FCED
Dispatcher:FCED;221256;28574;256;0;2;210;255;205;220
Listener:Sent_pong;220;A7E4
Dispatcher:A7E4;221316;25632;256;0;2;207;255;210;220
Listener:Sent_pong;220;A78F
Dispatcher:A78F;221380;28942;256;0;2;201;249;211;220
Listener:Sent_pong;220;F436
Dispatcher:F436;221429;44119;256;0;2;195;255;212;220
Listener:Sent_pong;221;3F27
Dispatcher:3F27;221972;37310;256;0;2;204;255;210;221
Listener:Sent_pong;221;8D93
Dispatcher:8D93;222186;30580;256;0;2;206;255;204;221
Listener:Sent_pong;221;CBB8
Dispatcher:CBB8;222212;40861;256;0;2;206;253;201;221
Listener:Sent_pong;221;FCED
Dispatcher:FCED;222264;28884;256;0;2;210;255;206;221
Listener:Sent_pong;221;A7E4
Dispatcher:A7E4;222325;27064;256;0;2;207;255;211;221
Listener:Sent_pong;221;A78F
Dispatcher:A78F;222388;26314;256;0;2;201;249;212;221
Listener:Sent_pong;221;F436
Dispatcher:F436;222437;39935;256;0;2;195;255;213;221
Listener:Sent_pong;222;3F27
Dispatcher:3F27;222979;37006;256;0;2;204;255;211;222
Listener:Sent_pong;222;8D93
Dispatcher:8D93;223193;26638;256;0;2;206;255;205;222
Listener:Sent_pong;222;CBB8
Dispatcher:CBB8;223221;40532;256;0;2;206;253;202;222
Listener:Sent_pong;222;FCED
Dispatcher:FCED;223272;29836;256;0;2;210;255;207;222
Listener:Sent_pong;222;A7E4
Dispatcher:A7E4;223333;28838;256;0;2;207;255;212;222
Listener:Sent_pong;222;A78F
Dispatcher:A78F;223395;24052;256;0;2;201;249;213;222
Listener:Sent_pong;222;F436
Dispatcher:F436;223446;45791;256;0;2;195;255;214;222
Listener:Sent_pong;223;3F27
Dispatcher:3F27;223988;47734;256;0;2;204;255;212;223
Listener:Sent_pong;223;8D93
Dispatcher:8D93;224208;32982;256;0;2;206;255;206;223
Listener:Sent_pong;223;CBB8
Dispatcher:CBB8;224230;45407;256;0;2;206;253;203;223
Listener:Sent_pong;223;FCED
Dispatcher:FCED;224279;24074;256;0;2;210;255;208;223
Listener:Sent_pong;223;A7E4
Dispatcher:A7E4;224340;24684;256;0;2;207;255;213;223
Listener:Sent_pong;223;A78F
Dispatcher:A78F;224401;32746;256;0;2;201;249;214;223
Listener:Sent_pong;223;F436
Dispatcher:F436;224454;41193;256;0;2;195;255;215;223
Listener:Sent_pong;224;3F27
Dispatcher:3F27;224995;38274;256;0;2;204;255;213;224
Listener:Sent_pong;224;8D93
Dispatcher:8D93;225216;26640;256;0;2;206;255;207;224
Listener:Sent_pong;224;CBB8
Dispatcher:CBB8;225239;38209;256;0;2;206;253;204;224
Listener:Sent_pong;224;FCED
Dispatcher:FCED;225287;26020;256;0;2;210;255;209;224
Listener:Sent_pong;224;A7E4
Dispatcher:A7E4;225354;33378;256;0;2;207;255;214;224
Listener:Sent_pong;224;A78F
Dispatcher:A78F;225408;27890;256;0;2;201;249;215;224
Listener:Sent_pong;224;F436
Dispatcher:F436;225463;43113;256;0;2;195;255;216;224
Listener:Sent_pong;225;3F27
Dispatcher:3F27;226003;40532;256;0;2;204;255;214;225
Listener:Sent_pong;225;8D93
Dispatcher:8D93;226223;27276;256;0;2;206;255;208;225
Listener:Sent_pong;225;CBB8
Dispatcher:CBB8;226249;41691;256;0;2;206;253;205;225
Listener:Sent_pong;225;FCED
Dispatcher:FCED;226297;26756;256;0;2;210;255;210;225
Listener:Sent_pong;225;A7E4
Dispatcher:A7E4;226362;24068;256;0;2;207;255;215;225
Listener:Sent_pong;225;A78F
Dispatcher:A78F;226417;28850;256;0;2;201;249;216;225
Listener:Sent_pong;225;F436
Dispatcher:F436;226472;53239;256;0;2;195;255;217;225
Listener:Sent_pong;226;3F27
Dispatcher:3F27;227011;55228;256;0;2;204;255;215;226
Listener:Sent_pong;226;8D93
Dispatcher:8D93;227238;31816;256;0;2;206;255;209;226
Listener:Sent_pong;226;CBB8
Dispatcher:CBB8;227261;45629;256;0;2;206;253;206;226
Listener:Sent_pong;226;FCED
Dispatcher:FCED;227304;27578;256;0;2;210;255;211;226
Listener:Sent_pong;226;A7E4
Dispatcher:A7E4;227370;27574;256;0;2;207;255;216;226
Listener:Sent_pong;226;A78F
Dispatcher:A78F;227426;34476;256;0;2;201;249;217;226
Listener:Sent_pong;226;F436
Dispatcher:F436;227479;27907;256;0;2;195;255;218;226
Listener:Sent_pong;227;3F27
Dispatcher:3F27;228018;39880;256;0;2;204;255;216;227
Listener:Sent_pong;227;8D93
Dispatcher:8D93;228247;25356;256;0;2;206;255;210;227
Listener:Sent_pong;227;CBB8
Dispatcher:CBB8;228269;44901;256;0;2;206;253;207;227
Listener:Sent_pong;227;FCED
Dispatcher:FCED;228313;31368;256;0;2;210;255;212;227
Listener:Sent_pong;227;A7E4
Dispatcher:A7E4;228385;34636;256;0;2;207;255;217;227
Listener:Sent_pong;227;A78F
Dispatcher:A78F;228433;23090;256;0;2;201;249;218;227
Listener:Sent_pong;227;F436
Dispatcher:F436;228488;25783;256;0;2;195;255;219;227
Listener:Sent_pong;228;3F27
Dispatcher:3F27;229027;46184;256;0;2;204;255;217;228
Listener:Sent_pong;228;8D93
Dispatcher:8D93;229254;26632;256;0;2;206;255;211;228
Listener:Sent_pong;228;CBB8
Dispatcher:CBB8;229278;40315;256;0;2;206;253;208;228
Listener:Sent_pong;228;FCED
Dispatcher:FCED;229322;29174;256;0;2;210;255;213;228
Listener:Sent_pong;228;A7E4
Dispatcher:A7E4;229393;26590;256;0;2;207;255;218;228
Listener:Sent_pong;228;A78F
Dispatcher:A78F;229439;26932;256;0;2;201;249;219;228
Listener:Sent_pong;228;F436
Dispatcher:F436;229495;26609;256;0;2;195;255;220;228
Listener:Sent_pong;229;3F27
Dispatcher:3F27;230036;42354;256;0;2;204;255;218;229
Listener:Sent_pong;229;8D93
Dispatcher:8D93;230265;29628;256;0;2;206;255;212;229
Listener:Sent_pong;229;CBB8
Dispatcher:CBB8;230288;42451;256;0;2;206;253;209;229
Listener:Sent_pong;229;FCED
Dispatcher:FCED;230329;24404;256;0;2;210;255;214;229
Listener:Sent_pong;229;A7E4
Dispatcher:A7E4;230400;23718;256;0;2;207;255;219;229
Listener:Sent_pong;229;A78F
Dispatcher:A78F;230447;26928;256;0;2;201;249;220;229
Listener:Sent_pong;229;F436
Dispatcher:F436;230503;24393;256;0;2;195;255;221;229
Listener:Sent_pong;230;3F27
Dispatcher:3F27;231045;39254;256;0;2;204;255;219;230
Listener:Sent_pong;230;8D93
Dispatcher:8D93;231273;26628;256;0;2;206;255;213;230
Listener:Sent_pong;230;CBB8
Dispatcher:CBB8;231296;39896;256;0;2;206;253;210;230
Listener:Sent_pong;230;FCED
Dispatcher:FCED;231337;26930;256;0;2;210;255;215;230
Listener:Sent_pong;230;A7E4
Dispatcher:A7E4;231414;32796;256;0;2;207;255;220;230
Listener:Sent_pong;230;A78F
Dispatcher:A78F;231455;25966;256;0;2;201;249;221;230
Listener:Sent_pong;230;F436
Dispatcher:F436;231510;25917;256;0;2;195;255;222;230
Listener:Sent_pong;231;3F27
Dispatcher:3F27;232054;29184;256;0;2;204;255;220;231
Listener:Sent_pong;231;8D93
Dispatcher:8D93;232280;24686;256;0;2;206;255;214;231
Listener:Sent_pong;231;CBB8
Dispatcher:CBB8;232302;34141;256;0;2;206;253;211;231
Listener:Sent_pong;231;FCED
Dispatcher:FCED;232346;42956;256;0;2;210;255;216;231
Listener:Sent_pong;231;A7E4
Dispatcher:A7E4;232421;41510;256;0;2;207;255;221;231
Listener:Sent_pong;231;A78F
Dispatcher:A78F;232466;33103;256;0;2;201;249;222;231
Listener:Sent_pong;231;F436
Dispatcher:F436;232517;25349;256;0;2;195;255;223;231
Listener:Sent_pong;232;3F27
Dispatcher:3F27;233062;24040;256;0;2;204;255;221;232
Listener:Sent_pong;232;8D93
Dispatcher:8D93;233296;35622;256;0;2;206;255;215;232
Listener:Sent_pong;232;CBB8
Dispatcher:CBB8;233327;34141;256;0;2;206;253;211;232
Listener:Sent_pong;232;FCED
Dispatcher:FCED;233358;42956;256;0;2;210;255;216;232
Listener:Sent_pong;232;A7E4
Dispatcher:A7E4;233428;37692;256;0;2;207;255;222;232
Listener:Sent_pong;232;A78F
Dispatcher:A78F;233473;24715;256;0;2;201;249;223;232
Listener:Sent_pong;232;F436
Dispatcher:F436;233523;26947;256;0;2;195;255;224;232
Listener:Sent_pong;233;3F27
Dispatcher:3F27;234069;27582;256;0;2;204;255;222;233
Listener:Sent_pong;233;8D93
Dispatcher:8D93;234304;24720;256;0;2;206;255;216;233
Listener:Sent_pong;233;CBB8
Dispatcher:CBB8;234335;44878;256;0;2;206;253;212;233
Listener:Sent_pong;233;FCED
Dispatcher:FCED;234367;51760;256;0;2;210;255;217;233
Listener:Sent_pong;233;A7E4
Dispatcher:A7E4;234443;45116;256;0;2;207;255;223;233
Listener:Sent_pong;233;A78F
Dispatcher:A78F;234482;27654;256;0;2;201;249;224;233
Listener:Sent_pong;233;F436
Dispatcher:F436;234531;31537;256;0;2;195;255;225;233
Listener:Sent_pong;234;3F27
Dispatcher:3F27;235078;27428;256;0;2;204;255;223;234
Listener:Sent_pong;234;8D93
Dispatcher:8D93;235313;25982;256;0;2;206;255;217;234
Listener:Sent_pong;234;CBB8
Dispatcher:CBB8;235343;42458;256;0;2;206;253;213;234
Listener:Sent_pong;234;FCED
Dispatcher:FCED;235393;59314;256;0;2;210;255;218;234
Listener:Sent_pong;234;A7E4
Dispatcher:A7E4;235451;45422;256;0;2;207;255;224;234
Listener:Sent_pong;234;A78F
Dispatcher:A78F;235499;37714;256;0;2;201;249;225;234
Listener:Sent_pong;234;F436
Dispatcher:F436;235538;27277;256;0;2;195;255;226;234
Listener:Sent_pong;235;3F27
Dispatcher:3F27;236085;24064;256;0;2;204;255;224;235
Listener:Sent_pong;235;8D93
Dispatcher:8D93;236327;32522;256;0;2;206;255;218;235
Listener:Sent_pong;235;CBB8
Dispatcher:CBB8;236351;36712;256;0;2;206;253;214;235
Listener:Sent_pong;235;FCED
Dispatcher:FCED;236401;45496;256;0;2;210;255;219;235
Listener:Sent_pong;235;A7E4
Dispatcher:A7E4;236458;26606;256;0;2;207;255;225;235
Listener:Sent_pong;235;A78F
Dispatcher:A78F;236507;27258;256;0;2;201;249;226;235
Listener:Sent_pong;235;F436
Dispatcher:F436;236546;26633;256;0;2;195;255;227;235
Listener:Sent_pong;236;3F27
Dispatcher:3F27;237093;47654;256;0;2;204;255;225;236
Listener:Sent_pong;236;8D93
Dispatcher:8D93;237335;27272;256;0;2;206;255;219;236
Listener:Sent_pong;236;CBB8
Dispatcher:CBB8;237358;38596;256;0;2;206;253;215;236
Listener:Sent_pong;236;FCED
Dispatcher:FCED;237410;39796;256;0;2;210;255;220;236
Listener:Sent_pong;236;A7E4
Dispatcher:A7E4;237473;31774;256;0;2;207;255;226;236
Listener:Sent_pong;236;A78F
Dispatcher:A78F;237516;27590;256;0;2;201;249;227;236
Listener:Sent_pong;236;F436
Dispatcher:F436;237554;25349;256;0;2;195;255;228;236
Listener:Sent_pong;237;3F27
Dispatcher:3F27;238108;42484;256;0;2;204;255;226;237
Listener:Sent_pong;237;8D93
Dispatcher:8D93;238342;25956;256;0;2;206;255;220;237
Listener:Sent_pong;237;CBB8
Dispatcher:CBB8;238366;35857;256;0;2;206;253;216;237
Listener:Sent_pong;237;FCED
Dispatcher:FCED;238419;44072;256;0;2;210;255;221;237
Listener:Sent_pong;237;A7E4
Dispatcher:A7E4;238482;28856;256;0;2;207;255;227;237
Listener:Sent_pong;237;A78F
Dispatcher:A78F;238525;27586;256;0;2;201;249;228;237
Listener:Sent_pong;237;F436
Dispatcher:F436;238561;25329;256;0;2;195;255;229;237
Listener:Sent_pong;238;3F27
Dispatcher:3F27;239115;45472;256;0;2;204;255;227;238
Listener:Sent_pong;238;8D93
Dispatcher:8D93;239356;38280;256;0;2;206;255;221;238
Listener:Sent_pong;238;CBB8
Dispatcher:CBB8;239386;47907;256;0;2;206;253;217;238
Listener:Sent_pong;238;FCED
Dispatcher:FCED;239427;39410;256;0;2;210;255;222;238
Listener:Sent_pong;238;A7E4
Dispatcher:A7E4;239491;26916;256;0;2;207;255;228;238
Listener:Sent_pong;238;A78F
Dispatcher:A78F;239534;28526;256;0;2;201;249;229;238
Listener:Sent_pong;238;F436
Dispatcher:F436;239569;27891;256;0;2;195;255;230;238
Listener:Sent_pong;239;3F27
Dispatcher:3F27;240123;38620;256;0;2;204;255;228;239
Listener:Sent_pong;239;8D93
Dispatcher:8D93;240364;25656;256;0;2;206;255;222;239
Listener:Sent_pong;239;CBB8
Dispatcher:CBB8;240394;39368;256;0;2;206;253;218;239
Listener:Sent_pong;239;FCED
Dispatcher:FCED;240434;36730;256;0;2;210;255;223;239
Listener:Sent_pong;239;A7E4
Dispatcher:A7E4;240499;29476;256;0;2;207;255;229;239
Listener:Sent_pong;239;A78F
Dispatcher:A78F;240542;25988;256;0;2;201;249;230;239
Listener:Sent_pong;239;F436
Dispatcher:F436;240577;31151;256;0;2;195;255;231;239
Listener:Sent_pong;240;3F27
Dispatcher:3F27;241138;45702;256;0;2;204;255;229;240
Listener:Sent_pong;240;8D93
Dispatcher:8D93;241372;28536;256;0;2;206;255;223;240
Listener:Sent_pong;240;CBB8
Dispatcher:CBB8;241402;69732;256;0;2;206;253;219;240
Listener:Sent_pong;240;FCED
Dispatcher:FCED;241447;55670;256;0;2;210;255;224;240
Listener:Sent_pong;240;A7E4
Dispatcher:A7E4;241506;24346;256;0;2;207;255;230;240
Listener:Sent_pong;240;A78F
Dispatcher:A78F;241549;28228;256;0;2;201;249;231;240
Listener:Sent_pong;240;F436
Dispatcher:F436;241584;24691;256;0;2;195;255;232;240
Listener:Sent_pong;241;3F27
Dispatcher:3F27;242145;42696;256;0;2;204;255;230;241
Listener:Sent_pong;241;8D93
Dispatcher:8D93;242381;26454;256;0;2;206;255;224;241
Listener:Sent_pong;241;CBB8
Dispatcher:CBB8;242411;41456;256;0;2;206;253;220;241
Listener:Sent_pong;241;FCED
Dispatcher:FCED;242454;42624;256;0;2;210;255;225;241
Listener:Sent_pong;241;A7E4
Dispatcher:A7E4;242513;27884;256;0;2;207;255;231;241
Listener:Sent_pong;241;A78F
Dispatcher:A78F;242556;27600;256;0;2;201;249;232;241
Listener:Sent_pong;241;F436
Dispatcher:F436;242592;27583;256;0;2;195;255;233;241
Listener:Sent_pong;242;3F27
Dispatcher:3F27;243154;44452;256;0;2;204;255;231;242
Listener:Sent_pong;242;8D93
Dispatcher:8D93;243390;27922;256;0;2;206;255;225;242
Listener:Sent_pong;242;CBB8
Dispatcher:CBB8;243419;39707;256;0;2;206;253;221;242
Listener:Sent_pong;242;FCED
Dispatcher:FCED;243462;35458;256;0;2;210;255;226;242
Listener:Sent_pong;242;A7E4
Dispatcher:A7E4;243520;29726;256;0;2;207;255;232;242
Listener:Sent_pong;242;A78F
Dispatcher:A78F;243563;27888;256;0;2;201;249;233;242
Listener:Sent_pong;242;F436
Dispatcher:F436;243600;27911;256;0;2;195;255;234;242
Listener:Sent_pong;243;3F27
Dispatcher:3F27;244168;54416;256;0;2;204;255;232;243
Listener:Sent_pong;243;8D93
Dispatcher:8D93;244399;27596;256;0;2;206;255;226;243
Listener:Sent_pong;243;CBB8
Dispatcher:CBB8;244428;43770;256;0;2;206;253;222;243
Listener:Sent_pong;243;FCED
Dispatcher:FCED;244469;36850;256;0;2;210;255;227;243
Listener:Sent_pong;243;A7E4
Dispatcher:A7E4;244529;27864;256;0;2;207;255;233;243
Listener:Sent_pong;243;A78F
Dispatcher:A78F;244576;33516;256;0;2;201;249;234;243
Listener:Sent_pong;243;F436
Dispatcher:F436;244608;28533;256;0;2;195;255;235;243
Listener:Sent_pong;244;3F27
Dispatcher:3F27;245177;48634;256;0;2;204;255;233;244
Listener:Sent_pong;244;8D93
Dispatcher:8D93;245414;45548;256;0;2;206;255;227;244
Listener:Sent_pong;244;CBB8
Dispatcher:CBB8;245450;43770;256;0;2;206;253;222;244
Listener:Sent_pong;244;FCED
Dispatcher:FCED;245486;27733;256;0;2;210;255;228;244
Listener:Sent_pong;244;A7E4
Dispatcher:A7E4;245536;23726;256;0;2;207;255;234;244
Listener:Sent_pong;244;A78F
Dispatcher:A78F;245584;28530;256;0;2;201;249;235;244
Listener:Sent_pong;244;F436
Dispatcher:F436;245620;45771;256;0;2;195;255;236;244
Listener:Sent_pong;245;3F27
Dispatcher:3F27;246185;50312;256;0;2;204;255;234;245
Listener:Sent_pong;245;8D93
Dispatcher:8D93;246421;37690;256;0;2;206;255;228;245
Listener:Sent_pong;245;CBB8
Dispatcher:CBB8;246459;65129;256;0;2;206;253;223;245
Listener:Sent_pong;245;FCED
Dispatcher:FCED;246500;43464;256;0;2;210;255;229;245
Listener:Sent_pong;245;A7E4
Dispatcher:A7E4;246543;28636;256;0;2;207;255;235;245
Listener:Sent_pong;245;A78F
Dispatcher:A78F;246593;29490;256;0;2;201;249;236;245
Listener:Sent_pong;245;F436
Dispatcher:F436;246628;36403;256;0;2;195;255;237;245
Listener:Sent_pong;246;3F27
Dispatcher:3F27;247196;55850;256;0;2;204;255;235;246
Listener:Sent_pong;246;8D93
Dispatcher:8D93;247428;38648;256;0;2;206;255;229;246
Listener:Sent_pong;246;CBB8
Dispatcher:CBB8;247467;61039;256;0;2;206;253;224;246
Listener:Sent_pong;246;FCED
Dispatcher:FCED;247511;32300;256;0;2;210;255;230;246
Listener:Sent_pong;246;A7E4
Dispatcher:A7E4;247551;27580;256;0;2;207;255;236;246
Listener:Sent_pong;246;A78F
Dispatcher:A78F;247611;36842;256;0;2;201;249;237;246
Listener:Sent_pong;246;F436
Dispatcher:F436;247635;43893;256;0;2;195;255;238;246
Listener:Sent_pong;247;3F27
Dispatcher:3F27;248203;50940;256;0;2;204;255;236;247
Listener:Sent_pong;247;8D93
Dispatcher:8D93;248442;42856;256;0;2;206;255;230;247
Listener:Sent_pong;247;CBB8
Dispatcher:CBB8;248474;49224;256;0;2;206;253;225;247
Listener:Sent_pong;247;FCED
Dispatcher:FCED;248524;29567;256;0;2;210;255;231;247
Listener:Sent_pong;247;A7E4
Dispatcher:A7E4;248558;23396;256;0;2;207;255;237;247
Listener:Sent_pong;247;A78F
Dispatcher:A78F;248618;23424;256;0;2;201;249;238;247
Listener:Sent_pong;247;F436
Dispatcher:F436;248658;53777;256;0;2;195;255;239;247
Listener:Sent_pong;248;3F27
Dispatcher:3F27;249211;51568;256;0;2;204;255;237;248
Listener:Sent_pong;248;8D93
Dispatcher:8D93;249451;38640;256;0;2;206;255;231;248
Listener:Sent_pong;248;CBB8
Dispatcher:CBB8;249488;51970;256;0;2;206;253;226;248
Listener:Sent_pong;248;FCED
Dispatcher:FCED;249533;26713;256;0;2;210;255;232;248
Listener:Sent_pong;248;A7E4
Dispatcher:A7E4;249567;28962;256;0;2;207;255;238;248
Listener:Sent_pong;248;A78F
Dispatcher:A78F;249626;24686;256;0;2;201;249;239;248
Listener:Sent_pong;248;F436
Dispatcher:F436;249666;45255;256;0;2;195;255;240;248
Listener:Sent_pong;249;3F27
Dispatcher:3F27;250227;56098;256;0;2;204;255;238;249
Listener:Sent_pong;249;8D93
Dispatcher:8D93;250457;37032;256;0;2;206;255;232;249
Listener:Sent_pong;249;CBB8
Dispatcher:CBB8;250495;46632;256;0;2;206;253;227;249
Listener:Sent_pong;249;A7E4
Dispatcher:A7E4;250574;22734;256;0;2;207;255;239;249
Listener:Sent_pong;249;A78F
Dispatcher:A78F;250635;28544;256;0;2;201;249;240;249
Listener:Sent_pong;249;F436
Dispatcher:F436;250674;41513;256;0;2;195;255;241;249
Listener:Sent_pong;250;3F27
Dispatcher:3F27;251235;54770;256;0;2;204;255;239;250
Listener:Sent_pong;250;8D93
Dispatcher:8D93;251472;68280;256;0;2;206;255;233;250
Listener:Sent_pong;250;CBB8
Dispatcher:CBB8;251503;67135;256;0;2;206;253;228;250
Listener:Sent_pong;250;FCED
Dispatcher:FCED;251552;24720;256;0;2;210;255;233;250
Listener:Sent_pong;250;A7E4
Dispatcher:A7E4;251581;25324;256;0;2;207;255;240;250
Listener:Sent_pong;250;A78F
Dispatcher:A78F;251643;23444;256;0;2;201;249;241;250
Listener:Sent_pong;250;F436
Dispatcher:F436;251681;41221;256;0;2;195;255;242;250
Listener:Sent_pong;251;3F27
Dispatcher:3F27;252242;56724;256;0;2;204;255;240;251
Listener:Sent_pong;251;8D93
Dispatcher:8D93;252480;36086;256;0;2;206;255;234;251
Listener:Sent_pong;251;CBB8
Dispatcher:CBB8;252516;55341;256;0;2;206;253;229;251
Listener:Sent_pong;251;FCED
Dispatcher:FCED;252568;32191;256;0;2;210;255;234;251
Listener:Sent_pong;251;A7E4
Dispatcher:A7E4;252590;29792;256;0;2;207;255;241;251
Listener:Sent_pong;251;A78F
Dispatcher:A78F;252650;25028;256;0;2;201;249;242;251
Listener:Sent_pong;251;F436
Dispatcher:F436;252690;39603;256;0;2;195;255;243;251
Listener:Sent_pong;252;3F27
Dispatcher:3F27;253253;60740;256;0;2;204;255;241;252
Listener:Sent_pong;252;8D93
Dispatcher:8D93;253488;43492;256;0;2;206;255;235;252
Listener:Sent_pong;252;CBB8
Dispatcher:CBB8;253528;63641;256;0;2;206;253;230;252
Listener:Sent_pong;252;FCED
Dispatcher:FCED;253576;38416;256;0;2;210;255;235;252
Listener:Sent_pong;252;A7E4
Dispatcher:A7E4;253611;40486;256;0;2;207;255;242;252
Listener:Sent_pong;252;A78F
Dispatcher:A78F;253668;37340;256;0;2;201;249;243;252
Listener:Sent_pong;252;F436
Dispatcher:F436;253697;39935;256;0;2;195;255;244;252
Listener:Sent_pong;253;3F27
Dispatcher:3F27;254262;50932;256;0;2;204;255;242;253
Listener:Sent_pong;253;8D93
Dispatcher:8D93;254501;45384;256;0;2;206;255;236;253
Listener:Sent_pong;253;CBB8
Dispatcher:CBB8;254538;53292;256;0;2;206;253;231;253
Listener:Sent_pong;253;FCED
Dispatcher:FCED;254588;35339;256;0;2;210;255;236;253
Listener:Sent_pong;253;A7E4
Dispatcher:A7E4;254619;25606;256;0;2;207;255;243;253
Listener:Sent_pong;253;A78F
Dispatcher:A78F;254676;25654;256;0;2;201;249;244;253
Listener:Sent_pong;253;F436
Dispatcher:F436;254707;40373;256;0;2;195;255;245;253
Listener:Sent_pong;254;3F27
Dispatcher:3F27;255270;52534;256;0;2;204;255;243;254
Listener:Sent_pong;254;8D93
Dispatcher:8D93;255509;36742;256;0;2;206;255;237;254
Listener:Sent_pong;254;CBB8
Dispatcher:CBB8;255546;50595;256;0;2;206;253;232;254
Listener:Sent_pong;254;FCED
Dispatcher:FCED;255596;27780;256;0;2;210;255;237;254
Listener:Sent_pong;254;A7E4
Dispatcher:A7E4;255627;33612;256;0;2;207;255;244;254
Listener:Sent_pong;254;A78F
Dispatcher:A78F;255685;28230;256;0;2;201;249;245;254
Listener:Sent_pong;254;F436
Dispatcher:F436;255714;44541;256;0;2;195;255;246;254
Listener:Sent_pong;255;3F27
Dispatcher:3F27;256283;59310;256;0;2;204;255;244;255
Listener:Sent_pong;255;8D93
Dispatcher:8D93;256516;37348;256;0;2;206;255;238;255
Listener:Sent_pong;255;CBB8
Dispatcher:CBB8;256552;50313;256;0;2;206;253;233;255
Listener:Sent_pong;255;A7E4
Dispatcher:A7E4;256635;26606;256;0;2;207;255;245;255
Listener:Sent_pong;255;A78F
Dispatcher:A78F;256695;27708;256;0;2;201;249;246;255
Listener:Sent_pong;255;F436
Dispatcher:F436;256723;38953;256;0;2;195;255;247;255
Listener:Sent_pong;256;3F27
Dispatcher:3F27;257292;60486;256;0;2;204;255;245;256
Listener:Sent_pong;256;8D93
Dispatcher:8D93;257530;51198;256;0;2;206;255;239;256
Listener:Sent_pong;256;CBB8
Dispatcher:CBB8;257562;56284;256;0;2;206;253;234;256
Listener:Sent_pong;256;FCED
Dispatcher:FCED;257607;25657;256;0;2;210;255;238;256
Listener:Sent_pong;256;A7E4
Dispatcher:A7E4;257642;23734;256;0;2;207;255;246;256
Listener:Sent_pong;256;A78F
Dispatcher:A78F;257704;28520;256;0;2;201;249;247;256
Listener:Sent_pong;256;F436
Dispatcher:F436;257738;46867;256;0;2;195;255;248;256
Listener:Sent_pong;257;3F27
Dispatcher:3F27;258300;50338;256;0;2;204;255;246;257
Listener:Sent_pong;257;8D93
Dispatcher:8D93;258538;37038;256;0;2;206;255;240;257
Listener:Sent_pong;257;CBB8
Dispatcher:CBB8;258575;33238;256;0;2;206;253;235;257
Listener:Sent_pong;257;FCED
Dispatcher:FCED;258614;24078;256;0;2;210;255;239;257
Listener:Sent_pong;257;A7E4
Dispatcher:A7E4;258649;25014;256;0;2;207;255;247;257
Listener:Sent_pong;257;A78F
Dispatcher:A78F;258712;28226;256;0;2;201;249;248;257
Listener:Sent_pong;257;F436
Dispatcher:F436;258747;49433;256;0;2;195;255;249;257
Listener:Sent_pong;258;3F27
Dispatcher:3F27;259313;53880;256;0;2;204;255;247;258
Listener:Sent_pong;258;8D93
Dispatcher:8D93;259545;37338;256;0;2;206;255;241;258
Listener:Sent_pong;258;CBB8
Dispatcher:CBB8;259582;23428;256;0;2;206;253;236;258
Listener:Sent_pong;258;FCED
Dispatcher:FCED;259621;25672;256;0;2;210;255;240;258
Listener:Sent_pong;258;A7E4
Dispatcher:A7E4;259656;26598;256;0;2;207;255;248;258
Listener:Sent_pong;258;A78F
Dispatcher:A78F;259731;37378;256;0;2;201;249;249;258
Listener:Sent_pong;258;F436
Dispatcher:F436;259756;40561;256;0;2;195;255;250;258
Listener:Sent_pong;259;3F27
Dispatcher:3F27;260321;49914;256;0;2;204;255;248;259
Listener:Sent_pong;259;8D93
Dispatcher:8D93;260562;36740;256;0;2;206;255;242;259
Listener:Sent_pong;259;CBB8
Dispatcher:CBB8;260589;37642;256;0;2;206;253;237;259
Listener:Sent_pong;259;FCED
Dispatcher:FCED;260628;25054;256;0;2;210;255;241;259
Listener:Sent_pong;259;A7E4
Dispatcher:A7E4;260664;27544;256;0;2;207;255;249;259
Listener:Sent_pong;259;A78F
Dispatcher:A78F;260739;25980;256;0;2;201;249;250;259
Listener:Sent_pong;259;F436
Dispatcher:F436;260765;41197;256;0;2;195;255;251;259
Listener:Sent_pong;260;3F27
Dispatcher:3F27;261329;36992;256;0;2;204;255;249;260
Listener:Sent_pong;260;8D93
Dispatcher:8D93;261569;24396;256;0;2;206;255;243;260
Listener:Sent_pong;260;CBB8
Dispatcher:CBB8;261597;38277;256;0;2;206;253;238;260
Listener:Sent_pong;260;FCED
Dispatcher:FCED;261635;24040;256;0;2;210;255;242;260
Listener:Sent_pong;260;A7E4
Dispatcher:A7E4;261672;27894;256;0;2;207;255;250;260
Listener:Sent_pong;260;A78F
Dispatcher:A78F;261746;27594;256;0;2;201;249;251;260
Listener:Sent_pong;260;F436
Dispatcher:F436;261774;42947;256;0;2;195;255;252;260
Listener:Sent_pong;261;3F27
Dispatcher:3F27;262344;46330;256;0;2;204;255;250;261
Listener:Sent_pong;261;8D93
Dispatcher:8D93;262578;28542;256;0;2;206;255;244;261
Listener:Sent_pong;261;CBB8
Dispatcher:CBB8;262605;37981;256;0;2;206;253;239;261
Listener:Sent_pong;261;FCED
Dispatcher:FCED;262650;32470;256;0;2;210;255;243;261
Listener:Sent_pong;261;A7E4
Dispatcher:A7E4;262679;23742;256;0;2;207;255;251;261
Listener:Sent_pong;261;A78F
Dispatcher:A78F;262755;29502;256;0;2;201;249;252;261
Listener:Sent_pong;261;F436
Dispatcher:F436;262787;43187;256;0;2;195;255;253;261
Listener:Sent_pong;262;3F27
Dispatcher:3F27;263351;41310;256;0;2;204;255;251;262
Listener:Sent_pong;262;8D93
Dispatcher:8D93;263586;25958;256;0;2;206;255;245;262
Listener:Sent_pong;262;CBB8
Dispatcher:CBB8;263612;38585;256;0;2;206;253;240;262
Listener:Sent_pong;262;FCED
Dispatcher:FCED;263657;28218;256;0;2;210;255;244;262
Listener:Sent_pong;262;A7E4
Dispatcher:A7E4;263688;27494;256;0;2;207;255;252;262
Listener:Sent_pong;262;A78F
Dispatcher:A78F;263763;30414;256;0;2;201;249;253;262
Listener:Sent_pong;262;F436
Dispatcher:F436;263794;35127;256;0;2;195;255;254;262
Listener:Sent_pong;263;3F27
Dispatcher:3F27;264358;38290;256;0;2;204;255;252;263
Listener:Sent_pong;263;8D93
Dispatcher:8D93;264595;27570;256;0;2;206;255;246;263
Listener:Sent_pong;263;CBB8
Dispatcher:CBB8;264620;40515;256;0;2;206;253;241;263
Listener:Sent_pong;263;FCED
Dispatcher:FCED;264664;24396;256;0;2;210;255;245;263
Listener:Sent_pong;263;A7E4
Dispatcher:A7E4;264696;26906;256;0;2;207;255;253;263
Listener:Sent_pong;263;A78F
Dispatcher:A78F;264771;28212;256;0;2;201;249;254;263
Listener:Sent_pong;263;F436
Dispatcher:F436;264801;36085;256;0;2;195;255;255;263
Listener:Sent_pong;264;3F27
Dispatcher:3F27;265372;43830;256;0;2;204;255;253;264
Listener:Sent_pong;264;8D93
Dispatcher:8D93;265602;23412;256;0;2;206;255;247;264
Listener:Sent_pong;264;CBB8
Dispatcher:CBB8;265628;39242;256;0;2;206;253;242;264
Listener:Sent_pong;264;FCED
Dispatcher:FCED;265671;26614;256;0;2;210;255;246;264
Listener:Sent_pong;264;A7E4
Dispatcher:A7E4;265703;27880;256;0;2;207;255;254;264
Listener:Sent_pong;264;A78F
Dispatcher:A78F;265780;26774;256;0;2;201;249;255;264
Listener:Sent_pong;264;F436
Dispatcher:F436;265807;35457;256;0;2;195;255;256;264
Listener:Sent_pong;265;3F27
Dispatcher:3F27;266381;48230;256;0;2;204;255;254;265
Listener:Sent_pong;265;8D93
Dispatcher:8D93;266617;40574;256;0;2;206;255;248;265
Listener:Sent_pong;265;CBB8
Dispatcher:CBB8;266648;53941;256;0;2;206;253;243;265
Listener:Sent_pong;265;FCED
Dispatcher:FCED;266687;36752;256;0;2;210;255;247;265
Listener:Sent_pong;265;A7E4
Dispatcher:A7E4;266717;31708;256;0;2;207;255;255;265
Listener:Sent_pong;265;A78F
Dispatcher:A78F;266789;27266;256;0;2;201;249;256;265
Listener:Sent_pong;265;F436
Dispatcher:F436;266815;38947;256;0;2;195;255;257;265
Listener:Sent_pong;266;3F27
Dispatcher:3F27;267389;39898;256;0;2;204;255;255;266
Listener:Sent_pong;266;8D93
Dispatcher:8D93;267626;29828;256;0;2;206;255;249;266
Listener:Sent_pong;266;CBB8
Dispatcher:CBB8;267660;42686;256;0;2;206;253;244;266
Listener:Sent_pong;266;FCED
Dispatcher:FCED;267698;29784;256;0;2;210;255;248;266
Listener:Sent_pong;266;A7E4
Dispatcher:A7E4;267726;27262;256;0;2;207;255;256;266
Listener:Sent_pong;266;A78F
Dispatcher:A78F;267796;25982;256;0;2;201;249;257;266
Listener:Sent_pong;266;F436
Dispatcher:F436;267828;42211;256;0;2;195;255;258;266
Listener:Sent_pong;267;3F27
Dispatcher:3F27;268399;42920;256;0;2;204;255;256;267
Listener:Sent_pong;267;8D93
Dispatcher:8D93;268634;25670;256;0;2;206;255;250;267
Listener:Sent_pong;267;CBB8
Dispatcher:CBB8;268668;39256;256;0;2;206;253;245;267
Listener:Sent_pong;267;FCED
Dispatcher:FCED;268706;29790;256;0;2;210;255;249;267
Listener:Sent_pong;267;A7E4
Dispatcher:A7E4;268734;25626;256;0;2;207;255;257;267
Listener:Sent_pong;267;A78F
Dispatcher:A78F;268811;35622;256;0;2;201;249;258;267
Listener:Sent_pong;267;F436
Dispatcher:F436;268835;37385;256;0;2;195;255;259;267
Listener:Sent_pong;268;3F27
Dispatcher:3F27;269407;37020;256;0;2;204;255;257;268
Listener:Sent_pong;268;8D93
Dispatcher:8D93;269649;33980;256;0;2;206;255;251;268
Listener:Sent_pong;268;CBB8
Dispatcher:CBB8;269676;38619;256;0;2;206;253;246;268
Listener:Sent_pong;268;FCED
Dispatcher:FCED;269715;29174;256;0;2;210;255;250;268
Listener:Sent_pong;268;A7E4
Dispatcher:A7E4;269747;33040;256;0;2;207;255;258;268
Listener:Sent_pong;268;A78F
Dispatcher:A78F;269819;25670;256;0;2;201;249;259;268
Listener:Sent_pong;268;F436
Dispatcher:F436;269842;46889;256;0;2;195;255;260;268
Listener:Sent_pong;269;3F27
Dispatcher:3F27;270414;35404;256;0;2;204;255;258;269
Listener:Sent_pong;269;8D93
Dispatcher:8D93;270655;25646;256;0;2;206;255;252;269
Listener:Sent_pong;269;CBB8
Dispatcher:CBB8;270684;39724;256;0;2;206;253;247;269
Listener:Sent_pong;269;FCED
Dispatcher:FCED;270723;25776;256;0;2;210;255;251;269
Listener:Sent_pong;269;A7E4
Dispatcher:A7E4;270756;29482;256;0;2;207;255;259;269
Listener:Sent_pong;269;A78F
Dispatcher:A78F;270826;26614;256;0;2;201;249;260;269
Listener:Sent_pong;269;F436
Dispatcher:F436;270850;40576;256;0;2;195;255;261;269
Listener:Sent_pong;270;3F27
Dispatcher:3F27;271429;46636;256;0;2;204;255;259;270
Listener:Sent_pong;270;8D93
Dispatcher:8D93;271662;25336;256;0;2;206;255;253;270
Listener:Sent_pong;270;CBB8
Dispatcher:CBB8;271691;39258;256;0;2;206;253;248;270
Listener:Sent_pong;270;FCED
Dispatcher:FCED;271737;34758;256;0;2;210;255;252;270
Listener:Sent_pong;270;A7E4
Dispatcher:A7E4;271764;26274;256;0;2;207;255;260;270
Listener:Sent_pong;270;A78F
Dispatcher:A78F;271842;49972;256;0;2;201;249;261;270
Listener:Sent_pong;270;F436
Dispatcher:F436;271880;59721;256;0;2;195;255;262;270
Listener:Sent_pong;271;3F27
Dispatcher:3F27;272438;52646;256;0;2;204;255;260;271
Listener:Sent_pong;271;8D93
Dispatcher:8D93;272679;34214;256;0;2;206;255;254;271
Listener:Sent_pong;271;CBB8
Dispatcher:CBB8;272701;40013;256;0;2;206;253;249;271
Listener:Sent_pong;271;FCED
Dispatcher:FCED;272744;26956;256;0;2;210;255;253;271
Listener:Sent_pong;271;A7E4
Dispatcher:A7E4;272784;39270;256;0;2;207;255;261;271
Listener:Sent_pong;271;A78F
Dispatcher:A78F;272850;27584;256;0;2;201;249;262;271
Listener:Sent_pong;271;F436
Dispatcher:F436;272887;34453;256;0;2;195;255;263;271
Listener:Sent_pong;272;3F27
Dispatcher:3F27;273446;40834;256;0;2;204;255;261;272
Listener:Sent_pong;272;8D93
Dispatcher:8D93;273687;28856;256;0;2;206;255;255;272
Listener:Sent_pong;272;CBB8
Dispatcher:CBB8;273712;48136;256;0;2;206;253;250;272
Listener:Sent_pong;272;FCED
Dispatcher:FCED;273755;29756;256;0;2;210;255;254;272
Listener:Sent_pong;272;A7E4
Dispatcher:A7E4;273793;27860;256;0;2;207;255;262;272
Listener:Sent_pong;272;A78F
Dispatcher:A78F;273858;28528;256;0;2;201;249;263;272
Listener:Sent_pong;272;F436
Dispatcher:F436;273896;42903;256;0;2;195;255;264;272
Listener:Sent_pong;273;3F27
Dispatcher:3F27;274462;46284;256;0;2;204;255;262;273
Listener:Sent_pong;273;8D93
Dispatcher:8D93;274694;25356;256;0;2;206;255;256;273
Listener:Sent_pong;273;CBB8
Dispatcher:CBB8;274720;36685;256;0;2;206;253;251;273
Listener:Sent_pong;273;FCED
Dispatcher:FCED;274762;27396;256;0;2;210;255;255;273
Listener:Sent_pong;273;A7E4
Dispatcher:A7E4;274800;24988;256;0;2;207;255;263;273
Listener:Sent_pong;273;A78F
Dispatcher:A78F;274872;32844;256;0;2;201;249;264;273
Listener:Sent_pong;273;F436
Dispatcher:F436;274902;37359;256;0;2;195;255;265;273
Listener:Sent_pong;274;3F27
Dispatcher:3F27;275469;46586;256;0;2;204;255;263;274
Listener:Sent_pong;274;8D93
Dispatcher:8D93;275703;26786;256;0;2;206;255;257;274
Listener:Sent_pong;274;CBB8
Dispatcher:CBB8;275728;38312;256;0;2;206;253;252;274
Listener:Sent_pong;274;FCED
Dispatcher:FCED;275770;24738;256;0;2;210;255;256;274
Listener:Sent_pong;274;A7E4
Dispatcher:A7E4;275809;26892;256;0;2;207;255;264;274
Listener:Sent_pong;274;A78F
Dispatcher:A78F;275879;27274;256;0;2;201;249;265;274
Listener:Sent_pong;274;F436
Dispatcher:F436;275910;38959;256;0;2;195;255;266;274
Listener:Sent_pong;275;3F27
Dispatcher:3F27;276478;38910;256;0;2;204;255;264;275
Listener:Sent_pong;275;8D93
Dispatcher:8D93;276712;29512;256;0;2;206;255;258;275
Listener:Sent_pong;275;CBB8
Dispatcher:CBB8;276737;43096;256;0;2;206;253;253;275
Listener:Sent_pong;275;FCED
Dispatcher:FCED;276778;27904;256;0;2;210;255;257;275
Listener:Sent_pong;275;A7E4
Dispatcher:A7E4;276818;26614;256;0;2;207;255;265;275
Listener:Sent_pong;275;A78F
Dispatcher:A78F;276887;26268;256;0;2;201;249;266;275
Listener:Sent_pong;275;F436
Dispatcher:F436;276919;51649;256;0;2;195;255;267;275
Listener:Sent_pong;276;3F27
Dispatcher:3F27;277487;43076;256;0;2;204;255;265;276
Listener:Sent_pong;276;8D93
Dispatcher:8D93;277718;25028;256;0;2;206;255;259;276
Listener:Sent_pong;276;CBB8
Dispatcher:CBB8;277744;40202;256;0;2;206;253;254;276
Listener:Sent_pong;276;FCED
Dispatcher:FCED;277785;27252;256;0;2;210;255;258;276
Listener:Sent_pong;276;A7E4
Dispatcher:A7E4;277824;23712;256;0;2;207;255;266;276
Listener:Sent_pong;276;A78F
Dispatcher:A78F;277898;29302;256;0;2;201;249;267;276
Listener:Sent_pong;276;F436
Dispatcher:F436;277928;41835;256;0;2;195;255;268;276
Listener:Sent_pong;277;3F27
Dispatcher:3F27;278496;52582;256;0;2;204;255;266;277
Listener:Sent_pong;277;8D93
Dispatcher:8D93;278734;40068;256;0;2;206;255;260;277
Listener:Sent_pong;277;CBB8
Dispatcher:CBB8;278765;63496;256;0;2;206;253;255;277
Listener:Sent_pong;277;A7E4
Dispatcher:A7E4;278834;30576;256;0;2;207;255;267;277
Listener:Sent_pong;277;A78F
Dispatcher:A78F;278905;25322;256;0;2;201;249;268;277
Listener:Sent_pong;277;F436
Dispatcher:F436;278941;45461;256;0;2;195;255;269;277
Listener:Sent_pong;278;3F27
Dispatcher:3F27;279505;40848;256;0;2;204;255;267;278
Listener:Sent_pong;278;8D93
Dispatcher:8D93;279742;26624;256;0;2;206;255;261;278
Listener:Sent_pong;278;CBB8
Dispatcher:CBB8;279779;51032;256;0;2;206;253;256;278
Listener:Sent_pong;278;FCED
Dispatcher:FCED;279812;33440;256;0;2;210;255;259;278
Listener:Sent_pong;278;A7E4
Dispatcher:A7E4;279843;25314;256;0;2;207;255;268;278
Listener:Sent_pong;278;A78F
Dispatcher:A78F;279913;24726;256;0;2;201;249;269;278
Listener:Sent_pong;278;F436
Dispatcher:F436;279949;42257;256;0;2;195;255;270;278
Listener:Sent_pong;279;3F27
Dispatcher:3F27;280517;42586;256;0;2;204;255;268;279
Listener:Sent_pong;279;8D93
Dispatcher:8D93;280750;26650;256;0;2;206;255;262;279
Listener:Sent_pong;279;CBB8
Dispatcher:CBB8;280788;57406;256;0;2;206;253;257;279
Listener:Sent_pong;279;FCED
Dispatcher:FCED;280827;39524;256;0;2;210;255;260;279
Listener:Sent_pong;279;A7E4
Dispatcher:A7E4;280857;34924;256;0;2;207;255;269;279
Listener:Sent_pong;279;A78F
Dispatcher:A78F;280928;35922;256;0;2;201;249;270;279
Listener:Sent_pong;279;F436
Dispatcher:F436;280956;42285;256;0;2;195;255;271;279
Listener:Sent_pong;280;3F27
Dispatcher:3F27;281526;42560;256;0;2;204;255;269;280
Listener:Sent_pong;280;8D93
Dispatcher:8D93;281765;32902;256;0;2;206;255;263;280
Listener:Sent_pong;280;FCED
Dispatcher:FCED;281835;24718;256;0;2;210;255;261;280
Listener:Sent_pong;280;A7E4
Dispatcher:A7E4;281866;25336;256;0;2;207;255;270;280
Listener:Sent_pong;280;A78F
Dispatcher:A78F;281935;24368;256;0;2;201;249;271;280
Listener:Sent_pong;280;F436
Dispatcher:F436;281970;46693;256;0;2;195;255;272;280
Listener:Sent_pong;281;3F27
Dispatcher:3F27;282532;37952;256;0;2;204;255;270;281
Listener:Sent_pong;281;8D93
Dispatcher:8D93;282772;24388;256;0;2;206;255;264;281
Listener:Sent_pong;281;CBB8
Dispatcher:CBB8;282799;37806;256;0;2;206;253;258;281
Listener:Sent_pong;281;FCED
Dispatcher:FCED;282843;24082;256;0;2;210;255;262;281
Listener:Sent_pong;281;A7E4
Dispatcher:A7E4;282873;25638;256;0;2;207;255;271;281
Listener:Sent_pong;281;A78F
Dispatcher:A78F;282943;28530;256;0;2;201;249;272;281
Listener:Sent_pong;281;F436
Dispatcher:F436;282979;53265;256;0;2;195;255;273;281
Listener:Sent_pong;282;3F27
Dispatcher:3F27;283545;42196;256;0;2;204;255;271;282
Listener:Sent_pong;282;8D93
Dispatcher:8D93;283778;23134;256;0;2;206;255;265;282
Listener:Sent_pong;282;CBB8
Dispatcher:CBB8;283807;38290;256;0;2;206;253;259;282
Listener:Sent_pong;282;FCED
Dispatcher:FCED;283851;26638;256;0;2;210;255;263;282
Listener:Sent_pong;282;A7E4
Dispatcher:A7E4;283882;28186;256;0;2;207;255;272;282
Listener:Sent_pong;282;A78F
Dispatcher:A78F;283958;32738;256;0;2;201;249;273;282
Listener:Sent_pong;282;F436
Dispatcher:F436;283986;37025;256;0;2;195;255;274;282
Listener:Sent_pong;283;3F27
Dispatcher:3F27;284554;50954;256;0;2;204;255;272;283
Listener:Sent_pong;283;8D93
Dispatcher:8D93;284793;34482;256;0;2;206;255;266;283
Listener:Sent_pong;283;CBB8
Dispatcher:CBB8;284818;44312;256;0;2;206;253;260;283
Listener:Sent_pong;283;FCED
Dispatcher:FCED;284859;26658;256;0;2;210;255;264;283
Listener:Sent_pong;283;A7E4
Dispatcher:A7E4;284895;30866;256;0;2;207;255;273;283
Listener:Sent_pong;283;A78F
Dispatcher:A78F;284967;28524;256;0;2;201;249;274;283
Listener:Sent_pong;283;F436
Dispatcher:F436;284993;41951;256;0;2;195;255;275;283
Listener:Sent_pong;284;3F27
Dispatcher:3F27;285562;40210;256;0;2;204;255;273;284
Listener:Sent_pong;284;8D93
Dispatcher:8D93;285801;26960;256;0;2;206;255;267;284
Listener:Sent_pong;284;CBB8
Dispatcher:CBB8;285824;37435;256;0;2;206;253;261;284
Listener:Sent_pong;284;FCED
Dispatcher:FCED;285867;27246;256;0;2;210;255;265;284
Listener:Sent_pong;284;A7E4
Dispatcher:A7E4;285903;26612;256;0;2;207;255;274;284
Listener:Sent_pong;284;A78F
Dispatcher:A78F;285975;31092;256;0;2;201;249;275;284
Listener:Sent_pong;284;F436
Dispatcher:F436;286000;43047;256;0;2;195;255;276;284
Listener:Sent_pong;285;3F27
Dispatcher:3F27;286575;43460;256;0;2;204;255;274;285
Listener:Sent_pong;285;8D93
Dispatcher:8D93;286809;26678;256;0;2;206;255;268;285
Listener:Sent_pong;285;CBB8
Dispatcher:CBB8;286831;38037;256;0;2;206;253;262;285
Listener:Sent_pong;285;A7E4
Dispatcher:A7E4;286912;27876;256;0;2;207;255;275;285
Listener:Sent_pong;285;A78F
Dispatcher:A78F;286984;29814;256;0;2;201;249;276;285
Listener:Sent_pong;285;F436
Dispatcher:F436;287008;44337;256;0;2;195;255;277;285
Listener:Sent_pong;286;3F27
Dispatcher:3F27;287582;44512;256;0;2;204;255;275;286
Listener:Sent_pong;286;8D93
Dispatcher:8D93;287819;29452;256;0;2;206;255;269;286
Listener:Sent_pong;286;CBB8
Dispatcher:CBB8;287849;75721;256;0;2;206;253;263;286
Listener:Sent_pong;286;A7E4
Dispatcher:A7E4;287924;31930;256;0;2;207;255;276;286
Listener:Sent_pong;286;A78F
Dispatcher:A78F;287992;25964;256;0;2;201;249;277;286
Listener:Sent_pong;286;F436
Dispatcher:F436;288016;53777;256;0;2;195;255;278;286
Listener:Sent_pong;287;3F27
Dispatcher:3F27;288591;41812;256;0;2;204;255;276;287
Listener:Sent_pong;287;8D93
Dispatcher:8D93;288826;27904;256;0;2;206;255;270;287
Listener:Sent_pong;287;CBB8
Dispatcher:CBB8;288856;40813;256;0;2;206;253;264;287
Listener:Sent_pong;287;FCED
Dispatcher:FCED;288929;26124;256;0;2;210;255;266;287
Listener:Sent_pong;287;A7E4
Dispatcher:A7E4;288932;26414;256;0;2;207;255;277;287
Listener:Sent_pong;287;A78F
Dispatcher:A78F;288999;24406;256;0;2;201;249;278;287
Listener:Sent_pong;287;F436
Dispatcher:F436;289024;34195;256;0;2;195;255;279;287
Listener:Sent_pong;288;3F27
Dispatcher:3F27;289605;42208;256;0;2;204;255;277;288
Listener:Sent_pong;288;CBB8
Dispatcher:CBB8;289865;41172;256;0;2;206;253;265;288
Listener:Sent_pong;288;FCED
Dispatcher:FCED;289936;35746;256;0;2;210;255;267;288
Listener:Sent_pong;288;A7E4
Dispatcher:A7E4;289967;57070;256;0;2;207;255;278;288
Listener:Sent_pong;288;A78F
Dispatcher:A78F;290014;34580;256;0;2;201;249;279;288
Listener:Sent_pong;288;F436
Dispatcher:F436;290040;48029;256;0;2;195;255;280;288
Listener:Sent_pong;289;3F27
Dispatcher:3F27;290612;43872;256;0;2;204;255;278;289
Listener:Sent_pong;289;8D93
Dispatcher:8D93;290850;27274;256;0;2;206;255;271;289
Listener:Sent_pong;289;CBB8
Dispatcher:CBB8;290872;40522;256;0;2;206;253;266;289
Listener:Sent_pong;289;FCED
Dispatcher:FCED;290945;32514;256;0;2;210;255;268;289
Listener:Sent_pong;289;A7E4
Dispatcher:A7E4;290976;24674;256;0;2;207;255;279;289
Listener:Sent_pong;289;A78F
Dispatcher:A78F;291023;27248;256;0;2;201;249;280;289
Listener:Sent_pong;289;F436
Dispatcher:F436;291046;51853;256;0;2;195;255;281;289
Listener:Sent_pong;290;3F27
Dispatcher:3F27;291619;38320;256;0;2;204;255;279;290
Listener:Sent_pong;290;8D93
Dispatcher:8D93;291857;36036;256;0;2;206;255;272;290
Listener:Sent_pong;290;CBB8
Dispatcher:CBB8;291901;65981;256;0;2;206;253;267;290
Listener:Sent_pong;290;FCED
Dispatcher:FCED;291952;26308;256;0;2;210;255;269;290
Listener:Sent_pong;290;A7E4
Dispatcher:A7E4;291984;25662;256;0;2;207;255;280;290
Listener:Sent_pong;290;A78F
Dispatcher:A78F;292030;25034;256;0;2;201;249;281;290
Listener:Sent_pong;290;F436
Dispatcher:F436;292055;26963;256;0;2;195;255;282;290
Listener:Sent_pong;291;3F27
Dispatcher:3F27;292634;34004;256;0;2;204;255;280;291
Listener:Sent_pong;291;8D93
Dispatcher:8D93;292865;24406;256;0;2;206;255;273;291
Listener:Sent_pong;291;CBB8
Dispatcher:CBB8;292910;39862;256;0;2;206;253;268;291
Listener:Sent_pong;291;FCED
Dispatcher:FCED;292959;26300;256;0;2;210;255;270;291
Listener:Sent_pong;291;A7E4
Dispatcher:A7E4;292991;26604;256;0;2;207;255;281;291
Listener:Sent_pong;291;A78F
Dispatcher:A78F;293046;40394;256;0;2;201;249;282;291
Listener:Sent_pong;291;F436
Dispatcher:F436;293074;34783;256;0;2;195;255;283;291
Listener:Sent_pong;292;3F27
Dispatcher:3F27;293642;27898;256;0;2;204;255;281;292
Listener:Sent_pong;292;8D93
Dispatcher:8D93;293881;34974;256;0;2;206;255;274;292
Listener:Sent_pong;292;CBB8
Dispatcher:CBB8;293919;40525;256;0;2;206;253;269;292
Listener:Sent_pong;292;FCED
Dispatcher:FCED;293967;32198;256;0;2;210;255;271;292
Listener:Sent_pong;292;A7E4
Dispatcher:A7E4;293999;27900;256;0;2;207;255;282;292
Listener:Sent_pong;292;A78F
Dispatcher:A78F;294054;28218;256;0;2;201;249;283;292
Listener:Sent_pong;292;F436
Dispatcher:F436;294089;39713;256;0;2;195;255;284;292
Listener:Sent_pong;293;3F27
Dispatcher:3F27;294651;26940;256;0;2;204;255;282;293
Listener:Sent_pong;293;8D93
Dispatcher:8D93;294890;26742;256;0;2;206;255;275;293
Listener:Sent_pong;293;CBB8
Dispatcher:CBB8;294928;41511;256;0;2;206;253;270;293
Listener:Sent_pong;293;FCED
Dispatcher:FCED;294974;39604;256;0;2;210;255;272;293
Listener:Sent_pong;293;A7E4
Dispatcher:A7E4;295013;50830;256;0;2;207;255;283;293
Listener:Sent_pong;293;A78F
Dispatcher:A78F;295061;25330;256;0;2;201;249;284;293
Listener:Sent_pong;293;F436
Dispatcher:F436;295097;25655;256;0;2;195;255;285;293
Listener:Sent_pong;294;3F27
Dispatcher:3F27;295664;31866;256;0;2;204;255;283;294
Listener:Sent_pong;294;8D93
Dispatcher:8D93;295897;25672;256;0;2;206;255;276;294
Listener:Sent_pong;294;CBB8
Dispatcher:CBB8;295937;49146;256;0;2;206;253;271;294
Listener:Sent_pong;294;FCED
Dispatcher:FCED;295983;41886;256;0;2;210;255;273;294
Listener:Sent_pong;294;A7E4
Dispatcher:A7E4;296020;38670;256;0;2;207;255;284;294
Listener:Sent_pong;294;A78F
Dispatcher:A78F;296075;32758;256;0;2;201;249;285;294
Listener:Sent_pong;294;F436
Dispatcher:F436;296105;29817;256;0;2;195;255;286;294
Listener:Sent_pong;295;3F27
Dispatcher:3F27;296672;28864;256;0;2;204;255;284;295
Listener:Sent_pong;295;8D93
Dispatcher:8D93;296906;27072;256;0;2;206;255;277;295
Listener:Sent_pong;295;CBB8
Dispatcher:CBB8;296945;40533;256;0;2;206;253;272;295
Listener:Sent_pong;295;FCED
Dispatcher:FCED;296990;39698;256;0;2;210;255;274;295
Listener:Sent_pong;295;A7E4
Dispatcher:A7E4;297028;25002;256;0;2;207;255;285;295
Listener:Sent_pong;295;A78F
Dispatcher:A78F;297082;27584;256;0;2;201;249;286;295
Listener:Sent_pong;295;F436
Dispatcher:F436;297114;30761;256;0;2;195;255;287;295
Listener:Sent_pong;296;3F27
Dispatcher:3F27;297681;41484;256;0;2;204;255;285;296
Listener:Sent_pong;296;8D93
Dispatcher:8D93;297915;28874;256;0;2;206;255;278;296
Listener:Sent_pong;296;CBB8
Dispatcher:CBB8;297953;39563;256;0;2;206;253;273;296
Listener:Sent_pong;296;FCED
Dispatcher:FCED;297999;40252;256;0;2;210;255;275;296
Listener:Sent_pong;296;A7E4
Dispatcher:A7E4;298036;32872;256;0;2;207;255;286;296
Listener:Sent_pong;296;A78F
Dispatcher:A78F;298090;24392;256;0;2;201;249;287;296
Listener:Sent_pong;296;F436
Dispatcher:F436;298123;27901;256;0;2;195;255;288;296
Listener:Sent_pong;297;3F27
Dispatcher:3F27;298690;42780;256;0;2;204;255;286;297
Listener:Sent_pong;297;8D93
Dispatcher:8D93;298923;26626;256;0;2;206;255;279;297
Listener:Sent_pong;297;CBB8
Dispatcher:CBB8;298959;36048;256;0;2;206;253;274;297
Listener:Sent_pong;297;FCED
Dispatcher:FCED;299007;40548;256;0;2;210;255;276;297
Listener:Sent_pong;297;A7E4
Dispatcher:A7E4;299042;23698;256;0;2;207;255;287;297
Listener:Sent_pong;297;A78F
Dispatcher:A78F;299104;34428;256;0;2;201;249;288;297
Listener:Sent_pong;297;F436
Dispatcher:F436;299129;22481;256;0;2;195;255;289;297
Listener:Sent_pong;298;3F27
Dispatcher:3F27;299697;37654;256;0;2;204;255;287;298
Listener:Sent_pong;298;8D93
Dispatcher:8D93;299931;27216;256;0;2;206;255;280;298
Listener:Sent_pong;298;CBB8
Dispatcher:CBB8;299966;39918;256;0;2;206;253;275;298
Listener:Sent_pong;298;FCED
Dispatcher:FCED;300015;54926;256;0;2;210;255;277;298
Listener:Sent_pong;298;A7E4
Dispatcher:A7E4;300066;44172;256;0;2;207;255;288;298
Listener:Sent_pong;298;A78F
Dispatcher:A78F;300112;23748;256;0;2;201;249;289;298
Listener:Sent_pong;298;F436
Dispatcher:F436;300143;33081;256;0;2;195;255;290;298
Listener:Sent_pong;299;3F27
Dispatcher:3F27;300704;46382;256;0;2;204;255;288;299
Listener:Sent_pong;299;8D93
Dispatcher:8D93;300940;28798;256;0;2;206;255;281;299
Listener:Sent_pong;299;CBB8
Dispatcher:CBB8;300974;39909;256;0;2;206;253;276;299
Listener:Sent_pong;299;FCED
Dispatcher:FCED;301022;38650;256;0;2;210;255;278;299
Listener:Sent_pong;299;A7E4
Dispatcher:A7E4;301075;31084;256;0;2;207;255;289;299
Listener:Sent_pong;299;A78F
Dispatcher:A78F;301120;28840;256;0;2;201;249;290;299
Listener:Sent_pong;299;F436
Dispatcher:F436;301151;26623;256;0;2;195;255;291;299
Listener:Sent_pong;300;3F27
Dispatcher:3F27;301712;41318;256;0;2;204;255;289;300
Listener:Sent_pong;300;8D93
Dispatcher:8D93;301948;25998;256;0;2;206;255;282;300
Listener:Sent_pong;300;CBB8
Dispatcher:CBB8;301981;38619;256;0;2;206;253;277;300
Listener:Sent_pong;300;FCED
Dispatcher:FCED;302031;39572;256;0;2;210;255;279;300
Listener:Sent_pong;300;A7E4
Dispatcher:A7E4;302082;26582;256;0;2;207;255;290;300
Listener:Sent_pong;300;A78F
Dispatcher:A78F;302134;32424;256;0;2;201;249;291;300
Listener:Sent_pong;300;F436
Dispatcher:F436;302158;23735;256;0;2;195;255;292;300
Listener:Sent_pong;301;3F27
Dispatcher:3F27;302719;38908;256;0;2;204;255;290;301
Listener:Sent_pong;301;8D93
Dispatcher:8D93;302956;30602;256;0;2;206;255;283;301
Listener:Sent_pong;301;CBB8
Dispatcher:CBB8;302990;39268;256;0;2;206;253;278;301
Listener:Sent_pong;301;FCED
Dispatcher:FCED;303039;42308;256;0;2;210;255;280;301
Listener:Sent_pong;301;A7E4
Dispatcher:A7E4;303089;26288;256;0;2;207;255;291;301
Listener:Sent_pong;301;A78F
Dispatcher:A78F;303142;25998;256;0;2;201;249;292;301
Listener:Sent_pong;301;F436
Dispatcher:F436;303180;42409;256;0;2;195;255;293;301
Listener:Sent_pong;302;3F27
Dispatcher:3F27;303727;37644;256;0;2;204;255;291;302
Listener:Sent_pong;302;8D93
Dispatcher:8D93;303964;27926;256;0;2;206;255;284;302
Listener:Sent_pong;302;CBB8
Dispatcher:CBB8;303997;34773;256;0;2;206;253;279;302
Listener:Sent_pong;302;FCED
Dispatcher:FCED;304047;38026;256;0;2;210;255;281;302
Listener:Sent_pong;302;A7E4
Dispatcher:A7E4;304097;26896;256;0;2;207;255;292;302
Listener:Sent_pong;302;A78F
Dispatcher:A78F;304149;25658;256;0;2;201;249;293;302
Listener:Sent_pong;302;F436
Dispatcher:F436;304186;25667;256;0;2;195;255;294;302
Listener:Sent_pong;303;3F27
Dispatcher:3F27;304734;43870;256;0;2;204;255;292;303
Listener:Sent_pong;303;8D93
Dispatcher:8D93;304972;25984;256;0;2;206;255;285;303
Listener:Sent_pong;303;CBB8
Dispatcher:CBB8;305004;41146;256;0;2;206;253;280;303
Listener:Sent_pong;303;FCED
Dispatcher:FCED;305057;40564;256;0;2;210;255;282;303
Listener:Sent_pong;303;A7E4
Dispatcher:A7E4;305106;27550;256;0;2;207;255;293;303
Listener:Sent_pong;303;A78F
Dispatcher:A78F;305163;31470;256;0;2;201;249;294;303
Listener:Sent_pong;303;F436
Dispatcher:F436;305194;25679;256;0;2;195;255;295;303
Listener:Sent_pong;304;3F27
Dispatcher:3F27;305741;50310;256;0;2;204;255;293;304
Listener:Sent_pong;304;8D93
Dispatcher:8D93;305980;58142;256;0;2;206;255;286;304
Listener:Sent_pong;304;CBB8
Dispatcher:CBB8;306024;103378;256;0;2;206;253;281;304
Listener:Sent_pong;304;FCED
Dispatcher:FCED;306070;30066;256;0;2;210;255;283;304
Listener:Sent_pong;304;A7E4
Dispatcher:A7E4;306113;26570;256;0;2;207;255;294;304
Listener:Sent_pong;304;A78F
Dispatcher:A78F;306171;26614;256;0;2;201;249;295;304
Listener:Sent_pong;304;F436
Dispatcher:F436;306201;41529;256;0;2;195;255;296;304
Listener:Sent_pong;305;3F27
Dispatcher:3F27;306748;61906;256;0;2;204;255;294;305
Listener:Sent_pong;305;8D93
Dispatcher:8D93;306988;39278;256;0;2;206;255;287;305
Listener:Sent_pong;305;CBB8
Dispatcher:CBB8;307031;68696;256;0;2;206;253;282;305
Listener:Sent_pong;305;FCED
Dispatcher:FCED;307077;31369;256;0;2;210;253;284;305
Listener:Sent_pong;305;A7E4
Dispatcher:A7E4;307121;35038;256;0;2;207;255;295;305
Listener:Sent_pong;305;A78F
Dispatcher:A78F;307180;29494;256;0;2;201;249;296;305
Listener:Sent_pong;305;F436
Dispatcher:F436;307210;39909;256;0;2;195;255;297;305
Listener:Sent_pong;306;3F27
Dispatcher:3F27;307755;52692;256;0;2;204;255;295;306
Listener:Sent_pong;306;8D93
Dispatcher:8D93;307994;35734;256;0;2;206;255;288;306
Listener:Sent_pong;306;CBB8
Dispatcher:CBB8;308039;69773;256;0;2;206;253;283;306
Listener:Sent_pong;306;FCED
Dispatcher:FCED;308084;41108;256;0;2;210;253;285;306
Listener:Sent_pong;306;A7E4
Dispatcher:A7E4;308130;29800;256;0;2;207;255;296;306
Listener:Sent_pong;306;A78F
Dispatcher:A78F;308189;29126;256;0;2;201;249;297;306
Listener:Sent_pong;306;F436
Dispatcher:F436;308217;41201;256;0;2;195;255;298;306
Listener:Sent_pong;307;3F27
Dispatcher:3F27;308763;49002;256;0;2;204;255;296;307
Listener:Sent_pong;307;8D93
Dispatcher:8D93;309001;37194;256;0;2;206;255;289;307
Listener:Sent_pong;307;CBB8
Dispatcher:CBB8;309047;48054;256;0;2;206;253;284;307
Listener:Sent_pong;307;FCED
Dispatcher:FCED;309093;24816;256;0;2;210;253;286;307
Listener:Sent_pong;307;A7E4
Dispatcher:A7E4;309136;25616;256;0;2;207;255;297;307
Listener:Sent_pong;307;A78F
Dispatcher:A78F;309196;25670;256;0;2;201;249;298;307
Listener:Sent_pong;307;F436
Dispatcher:F436;309232;44891;256;0;2;195;255;299;307
Listener:Sent_pong;308;3F27
Dispatcher:3F27;309770;51598;256;0;2;204;255;297;308
Listener:Sent_pong;308;8D93
Dispatcher:8D93;310010;40560;256;0;2;206;255;290;308
Listener:Sent_pong;308;CBB8
Dispatcher:CBB8;310054;59980;256;0;2;206;253;285;308
Listener:Sent_pong;308;FCED
Dispatcher:FCED;310103;32058;256;0;2;210;253;287;308
Listener:Sent_pong;308;A7E4
Dispatcher:A7E4;310144;26286;256;0;2;207;255;298;308
Listener:Sent_pong;308;A78F
Dispatcher:A78F;310203;25026;256;0;2;201;249;299;308
Listener:Sent_pong;308;F436
Dispatcher:F436;310240;44875;256;0;2;195;255;300;308
Listener:Sent_pong;309;3F27
Dispatcher:3F27;310777;53644;256;0;2;204;255;298;309
Listener:Sent_pong;309;8D93
Dispatcher:8D93;311017;35444;256;0;2;206;255;291;309
Listener:Sent_pong;309;CBB8
Dispatcher:CBB8;311063;85956;256;0;2;206;253;286;309
Listener:Sent_pong;309;FCED
Dispatcher:FCED;311116;31245;256;0;2;210;253;288;309
Listener:Sent_pong;309;A7E4
Dispatcher:A7E4;311153;28832;256;0;2;207;255;299;309
Listener:Sent_pong;309;A78F
Dispatcher:A78F;311219;36910;256;0;2;201;249;300;309
Listener:Sent_pong;309;F436
Dispatcher:F436;311247;41531;256;0;2;195;255;301;309
Listener:Sent_pong;310;3F27
Dispatcher:3F27;311785;54148;256;0;2;204;255;299;310
Listener:Sent_pong;310;8D93
Dispatcher:8D93;312025;45174;256;0;2;206;255;292;310
Listener:Sent_pong;310;CBB8
Dispatcher:CBB8;312071;53159;256;0;2;206;253;287;310
Listener:Sent_pong;310;FCED
Dispatcher:FCED;312124;26628;256;0;2;210;253;289;310
Listener:Sent_pong;310;A7E4
Dispatcher:A7E4;312160;23702;256;0;2;207;255;300;310
Listener:Sent_pong;310;A78F
Dispatcher:A78F;312227;26286;256;0;2;201;249;301;310
Listener:Sent_pong;310;F436
Dispatcher:F436;312265;47447;256;0;2;195;255;302;310
Listener:Sent_pong;311;3F27
Dispatcher:3F27;312792;47740;256;0;2;204;255;300;311
Listener:Sent_pong;311;8D93
Dispatcher:8D93;313033;38626;256;0;2;206;255;293;311
Listener:Sent_pong;311;CBB8
Dispatcher:CBB8;313079;53944;256;0;2;206;253;288;311
Listener:Sent_pong;311;FCED
Dispatcher:FCED;313132;26907;256;0;2;210;253;290;311
Listener:Sent_pong;311;A7E4
Dispatcher:A7E4;313169;26280;256;0;2;207;255;301;311
Listener:Sent_pong;311;A78F
Dispatcher:A78F;313235;24376;256;0;2;201;249;302;311
Listener:Sent_pong;311;F436
Dispatcher:F436;313273;45129;256;0;2;195;255;303;311
Listener:Sent_pong;312;3F27
Dispatcher:3F27;313799;53600;256;0;2;204;255;301;312
Listener:Sent_pong;312;8D93
Dispatcher:8D93;314040;36728;256;0;2;206;255;294;312
Listener:Sent_pong;312;CBB8
Dispatcher:CBB8;314088;53829;256;0;2;206;253;289;312
Listener:Sent_pong;312;FCED
Dispatcher:FCED;314143;29686;256;0;2;210;253;291;312
Listener:Sent_pong;312;A7E4
Dispatcher:A7E4;314177;26598;256;0;2;207;255;302;312
Listener:Sent_pong;312;A78F
Dispatcher:A78F;314251;32246;256;0;2;201;249;303;312
Listener:Sent_pong;312;F436
Dispatcher:F436;314281;37985;256;0;2;195;255;304;312
Listener:Sent_pong;313;3F27
Dispatcher:3F27;314807;59506;256;0;2;204;255;302;313
Listener:Sent_pong;313;8D93
Dispatcher:8D93;315049;42796;256;0;2;206;255;295;313
Listener:Sent_pong;313;CBB8
Dispatcher:CBB8;315097;54752;256;0;2;206;253;290;313
Listener:Sent_pong;313;FCED
Dispatcher:FCED;315151;26949;256;0;2;210;253;292;313
Listener:Sent_pong;313;A7E4
Dispatcher:A7E4;315186;27250;256;0;2;207;255;303;313
Listener:Sent_pong;313;A78F
Dispatcher:A78F;315258;26268;256;0;2;201;249;304;313
Listener:Sent_pong;313;F436
Dispatcher:F436;315290;43919;256;0;2;195;255;305;313
Listener:Sent_pong;314;3F27
Dispatcher:3F27;315821;58988;256;0;2;204;255;303;314
Listener:Sent_pong;314;8D93
Dispatcher:8D93;316057;35130;256;0;2;206;255;296;314
Listener:Sent_pong;314;CBB8
Dispatcher:CBB8;316104;55233;256;0;2;206;253;291;314
Listener:Sent_pong;314;FCED
Dispatcher:FCED;316159;26618;256;0;2;210;253;293;314
Listener:Sent_pong;314;A7E4
Dispatcher:A7E4;316193;26942;256;0;2;207;255;304;314
Listener:Sent_pong;314;A78F
Dispatcher:A78F;316266;25978;256;0;2;201;249;305;314
Listener:Sent_pong;314;F436
Dispatcher:F436;316299;40551;256;0;2;195;255;306;314
Listener:Sent_pong;315;3F27
Dispatcher:3F27;316829;49652;256;0;2;204;255;304;315
Listener:Sent_pong;315;8D93
Dispatcher:8D93;317066;39412;256;0;2;206;255;297;315
Listener:Sent_pong;315;CBB8
Dispatcher:CBB8;317113;53807;256;0;2;206;253;292;315
Listener:Sent_pong;315;FCED
Dispatcher:FCED;317167;26959;256;0;2;210;253;294;315
Listener:Sent_pong;315;A7E4
Dispatcher:A7E4;317202;29182;256;0;2;207;255;305;315
Listener:Sent_pong;315;A78F
Dispatcher:A78F;317280;32108;256;0;2;201;249;306;315
Listener:Sent_pong;315;F436
Dispatcher:F436;317306;43461;256;0;2;195;255;307;315
Listener:Sent_pong;316;3F27
Dispatcher:3F27;317836;52520;256;0;2;204;255;305;316
Listener:Sent_pong;316;8D93
Dispatcher:8D93;318073;40572;256;0;2;206;255;298;316
Listener:Sent_pong;316;CBB8
Dispatcher:CBB8;318122;56378;256;0;2;206;253;293;316
Listener:Sent_pong;316;FCED
Dispatcher:FCED;318177;30870;256;0;2;210;253;295;316
Listener:Sent_pong;316;A7E4
Dispatcher:A7E4;318214;31820;256;0;2;207;255;306;316
Listener:Sent_pong;316;A78F
Dispatcher:A78F;318289;26612;256;0;2;201;249;307;316
Listener:Sent_pong;316;F436
Dispatcher:F436;318320;41657;256;0;2;195;255;308;316
Listener:Sent_pong;317;3F27
Dispatcher:3F27;318851;54826;256;0;2;204;255;306;317
Listener:Sent_pong;317;8D93
Dispatcher:8D93;319082;39240;256;0;2;206;255;299;317
Listener:Sent_pong;317;CBB8
Dispatcher:CBB8;319129;26617;256;0;2;206;253;294;317
Listener:Sent_pong;317;FCED
Dispatcher:FCED;319184;24730;256;0;2;210;253;296;317
Listener:Sent_pong;317;A7E4
Dispatcher:A7E4;319222;29486;256;0;2;207;255;307;317
Listener:Sent_pong;317;A78F
Dispatcher:A78F;319298;29506;256;0;2;201;249;308;317
Listener:Sent_pong;317;F436
Dispatcher:F436;319328;38315;256;0;2;195;255;309;317
Listener:Sent_pong;318;3F27
Dispatcher:3F27;319859;50752;256;0;2;204;255;307;318
Listener:Sent_pong;318;8D93
Dispatcher:8D93;320098;49548;256;0;2;206;255;300;318
Listener:Sent_pong;318;CBB8
Dispatcher:CBB8;320138;28273;256;0;2;206;253;295;318
Listener:Sent_pong;318;FCED
Dispatcher:FCED;320192;29648;256;0;2;210;253;297;318
Listener:Sent_pong;318;A7E4
Dispatcher:A7E4;320230;25654;256;0;2;207;255;308;318
Listener:Sent_pong;318;A78F
Dispatcher:A78F;320306;25978;256;0;2;201;249;309;318
Listener:Sent_pong;318;F436
Dispatcher:F436;320336;42477;256;0;2;195;255;310;318
Listener:Sent_pong;319;3F27
Dispatcher:3F27;320866;40530;256;0;2;204;255;308;319
Listener:Sent_pong;319;8D93
Dispatcher:8D93;321107;30774;256;0;2;206;255;301;319
Listener:Sent_pong;319;CBB8
Dispatcher:CBB8;321146;41480;256;0;2;206;253;296;319
Listener:Sent_pong;319;FCED
Dispatcher:FCED;321201;29502;256;0;2;210;253;298;319
Listener:Sent_pong;319;A7E4
Dispatcher:A7E4;321244;29542;256;0;2;207;255;309;319
Listener:Sent_pong;319;A78F
Dispatcher:A78F;321318;28340;256;0;2;201;249;310;319
Listener:Sent_pong;319;F436
Dispatcher:F436;321351;43633;256;0;2;195;255;311;319
Listener:Sent_pong;320;3F27
Dispatcher:3F27;321880;43812;256;0;2;204;255;309;320
Listener:Sent_pong;320;8D93
Dispatcher:8D93;322114;27258;256;0;2;206;255;302;320
Listener:Sent_pong;320;CBB8
Dispatcher:CBB8;322153;44281;256;0;2;206;253;297;320
Listener:Sent_pong;320;FCED
Dispatcher:FCED;322208;22794;256;0;2;210;253;299;320
Listener:Sent_pong;320;A7E4
Dispatcher:A7E4;322252;25328;256;0;2;207;255;310;320
Listener:Sent_pong;320;A78F
Dispatcher:A78F;322326;25014;256;0;2;201;249;311;320
Listener:Sent_pong;320;F436
Dispatcher:F436;322358;39253;256;0;2;195;255;312;320
Listener:Sent_pong;321;3F27
Dispatcher:3F27;322887;43874;256;0;2;204;255;310;321
Listener:Sent_pong;321;8D93
Dispatcher:8D93;323128;30656;256;0;2;206;255;303;321
Listener:Sent_pong;321;CBB8
Dispatcher:CBB8;323162;39893;256;0;2;206;253;298;321
Listener:Sent_pong;321;FCED
Dispatcher:FCED;323216;27576;256;0;2;210;253;300;321
Listener:Sent_pong;321;A7E4
Dispatcher:A7E4;323259;24684;256;0;2;207;255;311;321
Listener:Sent_pong;321;A78F
Dispatcher:A78F;323335;30536;256;0;2;201;249;312;321
Listener:Sent_pong;321;F436
Dispatcher:F436;323367;42789;256;0;2;195;255;313;321
Listener:Sent_pong;322;3F27
Dispatcher:3F27;323896;42456;256;0;2;204;255;311;322
Listener:Sent_pong;322;8D93
Dispatcher:8D93;324137;31070;256;0;2;206;255;304;322
Listener:Sent_pong;322;CBB8
Dispatcher:CBB8;324170;43091;256;0;2;206;253;299;322
Listener:Sent_pong;322;FCED
Dispatcher:FCED;324225;26940;256;0;2;210;253;301;322
Listener:Sent_pong;322;A7E4
Dispatcher:A7E4;324274;34006;256;0;2;207;255;312;322
Listener:Sent_pong;322;A78F
Dispatcher:A78F;324344;30782;256;0;2;201;249;313;322
Listener:Sent_pong;322;F436
Dispatcher:F436;324376;46431;256;0;2;195;255;314;322
Listener:Sent_pong;323;3F27
Dispatcher:3F27;324912;48698;256;0;2;204;255;312;323
Listener:Sent_pong;323;8D93
Dispatcher:8D93;325146;27890;256;0;2;206;255;305;323
Listener:Sent_pong;323;CBB8
Dispatcher:CBB8;325178;38307;256;0;2;206;253;300;323
Listener:Sent_pong;323;FCED
Dispatcher:FCED;325234;27908;256;0;2;210;253;302;323
Listener:Sent_pong;323;A7E4
Dispatcher:A7E4;325283;31058;256;0;2;207;255;313;323
Listener:Sent_pong;323;A78F
Dispatcher:A78F;325352;27894;256;0;2;201;249;314;323
Listener:Sent_pong;323;F436
Dispatcher:F436;325384;40597;256;0;2;195;255;315;323
Listener:Sent_pong;324;3F27
Dispatcher:3F27;325920;48128;256;0;2;204;255;313;324
Listener:Sent_pong;324;8D93
Dispatcher:8D93;326154;29502;256;0;2;206;255;306;324
Listener:Sent_pong;324;CBB8
Dispatcher:CBB8;326187;39265;256;0;2;206;253;301;324
Listener:Sent_pong;324;FCED
Dispatcher:FCED;326241;27732;256;0;2;210;253;303;324
Listener:Sent_pong;324;A7E4
Dispatcher:A7E4;326291;27240;256;0;2;207;255;314;324
Listener:Sent_pong;324;A78F
Dispatcher:A78F;326366;29874;256;0;2;201;249;315;324
Listener:Sent_pong;324;F436
Dispatcher:F436;326391;39295;256;0;2;195;255;316;324
Listener:Sent_pong;325;3F27
Dispatcher:3F27;326927;37972;256;0;2;204;255;314;325
Listener:Sent_pong;325;8D93
Dispatcher:8D93;327163;27268;256;0;2;206;255;307;325
Listener:Sent_pong;325;CBB8
Dispatcher:CBB8;327198;44465;256;0;2;206;253;302;325
Listener:Sent_pong;325;FCED
Dispatcher:FCED;327250;27280;256;0;2;210;253;304;325
Listener:Sent_pong;325;A7E4
Dispatcher:A7E4;327301;26992;256;0;2;207;255;315;325
Listener:Sent_pong;325;A78F
Dispatcher:A78F;327373;25950;256;0;2;201;249;316;325
Listener:Sent_pong;325;F436
Dispatcher:F436;327407;46339;256;0;2;195;255;317;325
Listener:Sent_pong;326;3F27
Dispatcher:3F27;327937;42916;256;0;2;204;255;315;326
Listener:Sent_pong;326;8D93
Dispatcher:8D93;328171;29506;256;0;2;206;255;308;326
Listener:Sent_pong;326;CBB8
Dispatcher:CBB8;328205;36039;256;0;2;206;253;303;326
Listener:Sent_pong;326;FCED
Dispatcher:FCED;328259;26936;256;0;2;210;253;305;326
Listener:Sent_pong;326;A7E4
Dispatcher:A7E4;328307;25330;256;0;2;207;255;316;326
Listener:Sent_pong;326;A78F
Dispatcher:A78F;328380;23110;256;0;2;201;249;317;326
Listener:Sent_pong;326;F436
Dispatcher:F436;328415;43587;256;0;2;195;255;318;326
Listener:Sent_pong;327;3F27
Dispatcher:3F27;328945;38924;256;0;2;204;255;316;327
Listener:Sent_pong;327;8D93
Dispatcher:8D93;329187;36732;256;0;2;206;255;309;327
Listener:Sent_pong;327;CBB8
Dispatcher:CBB8;329213;40211;256;0;2;206;253;304;327
Listener:Sent_pong;327;FCED
Dispatcher:FCED;329266;28360;256;0;2;210;253;306;327
Listener:Sent_pong;327;A7E4
Dispatcher:A7E4;329314;25634;256;0;2;207;255;317;327
Listener:Sent_pong;327;A78F
Dispatcher:A78F;329395;33544;256;0;2;201;249;318;327
Listener:Sent_pong;327;F436
Dispatcher:F436;329424;39601;256;0;2;195;255;319;327
Listener:Sent_pong;328;3F27
Dispatcher:3F27;329952;39568;256;0;2;204;255;317;328
Listener:Sent_pong;328;8D93
Dispatcher:8D93;330196;30460;256;0;2;206;255;310;328
Listener:Sent_pong;328;CBB8
Dispatcher:CBB8;330221;39259;256;0;2;206;253;305;328
Listener:Sent_pong;328;FCED
Dispatcher:FCED;330275;26626;256;0;2;210;253;307;328
Listener:Sent_pong;328;A7E4
Dispatcher:A7E4;330330;34314;256;0;2;207;255;318;328
Listener:Sent_pong;328;A78F
Dispatcher:A78F;330403;26314;256;0;2;201;249;319;328
Listener:Sent_pong;328;F436
Dispatcher:F436;330438;43823;256;0;2;195;255;320;328
Listener:Sent_pong;329;3F27
Dispatcher:3F27;330967;46662;256;0;2;204;255;318;329
Listener:Sent_pong;329;8D93
Dispatcher:8D93;331205;28212;256;0;2;206;255;311;329
Listener:Sent_pong;329;CBB8
Dispatcher:CBB8;331230;42251;256;0;2;206;253;306;329
Listener:Sent_pong;329;FCED
Dispatcher:FCED;331282;28890;256;0;2;210;253;308;329
Listener:Sent_pong;329;A7E4
Dispatcher:A7E4;331338;27246;256;0;2;207;255;319;329
Listener:Sent_pong;329;A78F
Dispatcher:A78F;331411;26938;256;0;2;201;249;320;329
Listener:Sent_pong;329;F436
Dispatcher:F436;331447;48655;256;0;2;195;255;321;329
Listener:Sent_pong;330;3F27
Dispatcher:3F27;331975;43550;256;0;2;204;255;319;330
Listener:Sent_pong;330;8D93
Dispatcher:8D93;332213;26924;256;0;2;206;255;312;330
Listener:Sent_pong;330;CBB8
Dispatcher:CBB8;332238;39901;256;0;2;206;253;307;330
Listener:Sent_pong;330;FCED
Dispatcher:FCED;332289;24410;256;0;2;210;253;309;330
Listener:Sent_pong;330;A7E4
Dispatcher:A7E4;332346;25488;256;0;2;207;255;320;330
Listener:Sent_pong;330;A78F
Dispatcher:A78F;332422;29300;256;0;2;201;249;321;330
Listener:Sent_pong;330;F436
Dispatcher:F436;332454;36093;256;0;2;195;255;322;330
Listener:Sent_pong;331;3F27
Dispatcher:3F27;332983;37310;256;0;2;204;255;320;331
Listener:Sent_pong;331;8D93
Dispatcher:8D93;333220;25986;256;0;2;206;255;313;331
Listener:Sent_pong;331;CBB8
Dispatcher:CBB8;333245;39222;256;0;2;206;253;308;331
Listener:Sent_pong;331;FCED
Dispatcher:FCED;333298;28552;256;0;2;210;253;310;331
Listener:Sent_pong;331;A7E4
Dispatcher:A7E4;333361;34944;256;0;2;207;255;321;331
Listener:Sent_pong;331;A78F
Dispatcher:A78F;333431;30782;256;0;2;201;249;322;331
Listener:Sent_pong;331;F436
Dispatcher:F436;333463;45871;256;0;2;195;255;323;331
Listener:Sent_pong;332;3F27
Dispatcher:3F27;333998;49852;256;0;2;204;255;321;332
Listener:Sent_pong;332;8D93
Dispatcher:8D93;334229;27570;256;0;2;206;255;314;332
Listener:Sent_pong;332;CBB8
Dispatcher:CBB8;334253;38254;256;0;2;206;253;309;332
Listener:Sent_pong;332;FCED
Dispatcher:FCED;334306;26314;256;0;2;210;253;311;332
Listener:Sent_pong;332;A7E4
Dispatcher:A7E4;334369;23404;256;0;2;207;255;322;332
Listener:Sent_pong;332;A78F
Dispatcher:A78F;334439;25972;256;0;2;201;249;323;332
Listener:Sent_pong;332;F436
Dispatcher:F436;334471;40571;256;0;2;195;255;324;332
Listener:Sent_pong;333;3F27
Dispatcher:3F27;335007;49058;256;0;2;204;255;322;333
Listener:Sent_pong;333;8D93
Dispatcher:8D93;335245;33820;256;0;2;206;255;315;333
Listener:Sent_pong;333;CBB8
Dispatcher:CBB8;335267;43509;256;0;2;206;253;310;333
Listener:Sent_pong;333;FCED
Dispatcher:FCED;335314;27908;256;0;2;210;253;312;333
Listener:Sent_pong;333;A7E4
Dispatcher:A7E4;335376;25628;256;0;2;207;255;323;333
Listener:Sent_pong;333;A78F
Dispatcher:A78F;335457;34468;256;0;2;201;249;324;333
Listener:Sent_pong;333;F436
Dispatcher:F436;335479;39591;256;0;2;195;255;325;333
Listener:Sent_pong;334;3F27
Dispatcher:3F27;336016;47700;256;0;2;204;255;323;334
Listener:Sent_pong;334;8D93
Dispatcher:8D93;336253;28890;256;0;2;206;255;316;334
Listener:Sent_pong;334;CBB8
Dispatcher:CBB8;336277;40971;256;0;2;206;253;311;334
Listener:Sent_pong;334;FCED
Dispatcher:FCED;336323;28248;256;0;2;210;253;313;334
Listener:Sent_pong;334;A7E4
Dispatcher:A7E4;336390;32402;256;0;2;207;255;324;334
Listener:Sent_pong;334;A78F
Dispatcher:A78F;336466;27604;256;0;2;201;249;325;334
Listener:Sent_pong;334;F436
Dispatcher:F436;336495;51351;256;0;2;195;255;326;334
Listener:Sent_pong;335;3F27
Dispatcher:3F27;337025;41504;256;0;2;204;255;324;335
Listener:Sent_pong;335;8D93
Dispatcher:8D93;337262;30510;256;0;2;206;255;317;335
Listener:Sent_pong;335;CBB8
Dispatcher:CBB8;337288;41696;256;0;2;206;253;312;335
Listener:Sent_pong;335;FCED
Dispatcher:FCED;337332;30786;256;0;2;210;253;314;335
Listener:Sent_pong;335;A7E4
Dispatcher:A7E4;337399;29164;256;0;2;207;255;325;335
Listener:Sent_pong;335;A78F
Dispatcher:A78F;337475;26302;256;0;2;201;249;326;335
Listener:Sent_pong;335;F436
Dispatcher:F436;337502;38003;256;0;2;195;255;327;335
Listener:Sent_pong;336;3F27
Dispatcher:3F27;338034;45790;256;0;2;204;255;325;336
Listener:Sent_pong;336;8D93
Dispatcher:8D93;338270;27078;256;0;2;206;255;318;336
Listener:Sent_pong;336;CBB8
Dispatcher:CBB8;338295;37960;256;0;2;206;253;313;336
Listener:Sent_pong;336;FCED
Dispatcher:FCED;338339;23422;256;0;2;210;253;315;336
Listener:Sent_pong;336;A7E4
Dispatcher:A7E4;338406;28216;256;0;2;207;255;326;336
Listener:Sent_pong;336;A78F
Dispatcher:A78F;338483;25002;256;0;2;201;249;327;336
Listener:Sent_pong;336;F436
Dispatcher:F436;338510;38655;256;0;2;195;255;328;336
Listener:Sent_pong;337;3F27
Dispatcher:3F27;339042;40862;256;0;2;204;255;326;337
Listener:Sent_pong;337;8D93
Dispatcher:8D93;339279;31092;256;0;2;206;255;319;337
Listener:Sent_pong;337;CBB8
Dispatcher:CBB8;339306;54144;256;0;2;206;253;314;337
Listener:Sent_pong;337;FCED
Dispatcher:FCED;339345;30218;256;0;2;210;253;316;337
Listener:Sent_pong;337;A7E4
Dispatcher:A7E4;339420;33692;256;0;2;207;255;327;337
Listener:Sent_pong;337;A78F
Dispatcher:A78F;339492;28860;256;0;2;201;249;328;337
Listener:Sent_pong;337;F436
Dispatcher:F436;339526;47653;256;0;2;195;255;329;337
Listener:Sent_pong;338;3F27
Dispatcher:3F27;340054;42206;256;0;2;204;255;327;338
Listener:Sent_pong;338;8D93
Dispatcher:8D93;340287;26310;256;0;2;206;255;320;338
Listener:Sent_pong;338;FCED
Dispatcher:FCED;340352;26698;256;0;2;210;253;317;338
Listener:Sent_pong;338;A7E4
Dispatcher:A7E4;340427;25632;256;0;2;207;255;328;338
Listener:Sent_pong;338;A78F
Dispatcher:A78F;340501;27588;256;0;2;201;249;329;338
Listener:Sent_pong;338;F436
Dispatcher:F436;340535;42933;256;0;2;195;255;330;338
Listener:Sent_pong;339;3F27
Dispatcher:3F27;341061;33814;256;0;2;204;255;328;339
Listener:Sent_pong;339;8D93
Dispatcher:8D93;341294;26310;256;0;2;206;255;320;339
Listener:Sent_pong;339;FCED
Dispatcher:FCED;341360;29040;256;0;2;210;253;318;339
Listener:Sent_pong;339;CBB8
Dispatcher:CBB8;341354;37974;256;0;2;206;253;315;339
Listener:Sent_pong;339;A7E4
Dispatcher:A7E4;341435;27902;256;0;2;207;255;329;339
Listener:Sent_pong;339;A78F
Dispatcher:A78F;341509;26426;256;0;2;201;249;330;339
Listener:Sent_pong;339;F436
Dispatcher:F436;341541;35741;256;0;2;195;255;331;339
Listener:Sent_pong;340;3F27
Dispatcher:3F27;342068;45596;256;0;2;204;255;329;340
Listener:Sent_pong;340;8D93
Dispatcher:8D93;342302;24396;256;0;2;206;255;321;340
Listener:Sent_pong;340;FCED
Dispatcher:FCED;342369;27024;256;0;2;210;253;319;340
Listener:Sent_pong;340;CBB8
Dispatcher:CBB8;342363;59823;256;0;2;206;253;316;340
Listener:Sent_pong;340;A7E4
Dispatcher:A7E4;342451;34002;256;0;2;207;255;330;340
Listener:Sent_pong;340;A78F
Dispatcher:A78F;342516;27546;256;0;2;201;249;331;340
Listener:Sent_pong;340;F436
Dispatcher:F436;342553;42101;256;0;2;195;255;332;340
Listener:Sent_pong;341;3F27
Dispatcher:3F27;343083;50586;256;0;2;204;255;330;341
Listener:Sent_pong;341;8D93
Dispatcher:8D93;343310;25676;256;0;2;206;255;322;341
Listener:Sent_pong;341;CBB8
Dispatcher:CBB8;343371;65390;256;0;2;206;253;317;341
Listener:Sent_pong;341;A7E4
Dispatcher:A7E4;343459;27254;256;0;2;207;255;331;341
Listener:Sent_pong;341;A78F
Dispatcher:A78F;343524;25668;256;0;2;201;249;332;341
Listener:Sent_pong;341;F436
Dispatcher:F436;343565;43175;256;0;2;195;255;333;341
Listener:Sent_pong;342;3F27
Dispatcher:3F27;344090;39248;256;0;2;204;255;331;342
Listener:Sent_pong;342;8D93
Dispatcher:8D93;344318;25676;256;0;2;206;255;322;342
Listener:Sent_pong;342;FCED
Dispatcher:FCED;344386;32644;256;0;2;210;253;320;342
Listener:Sent_pong;342;A7E4
Dispatcher:A7E4;344467;28502;256;0;2;207;255;332;342
Listener:Sent_pong;342;A78F
Dispatcher:A78F;344531;28656;256;0;2;201;249;333;342
Listener:Sent_pong;342;F436
Dispatcher:F436;344580;48621;256;0;2;195;255;334;342
Listener:Sent_pong;343;3F27
Dispatcher:3F27;345096;36718;256;0;2;204;255;332;343
Listener:Sent_pong;343;8D93
Dispatcher:8D93;345324;23726;256;0;2;206;255;323;343
Listener:Sent_pong;343;FCED
Dispatcher:FCED;345395;32822;256;0;2;210;253;321;343
Listener:Sent_pong;343;CBB8
Dispatcher:CBB8;345387;46328;256;0;2;206;253;318;343
Listener:Sent_pong;343;A7E4
Dispatcher:A7E4;345476;27234;256;0;2;207;255;333;343
Listener:Sent_pong;343;A78F
Dispatcher:A78F;345538;24366;256;0;2;201;249;334;343
Listener:Sent_pong;343;F436
Dispatcher:F436;345589;38303;256;0;2;195;255;335;343
Listener:Sent_pong;344;3F27
Dispatcher:3F27;346104;40348;256;0;2;204;255;333;344
Listener:Sent_pong;344;8D93
Dispatcher:8D93;346333;27904;256;0;2;206;255;324;344
Listener:Sent_pong;344;CBB8
Dispatcher:CBB8;346395;69825;256;0;2;206;253;319;344
Listener:Sent_pong;344;A7E4
Dispatcher:A7E4;346484;27566;256;0;2;207;255;334;344
Listener:Sent_pong;344;A78F
Dispatcher:A78F;346547;27892;256;0;2;201;249;335;344
Listener:Sent_pong;344;F436
Dispatcher:F436;346597;44309;256;0;2;195;255;336;344
Listener:Sent_pong;345;3F27
Dispatcher:3F27;347112;40516;256;0;2;204;255;334;345
Listener:Sent_pong;345;8D93
Dispatcher:8D93;347341;34032;256;0;2;206;255;325;345
Listener:Sent_pong;345;CBB8
Dispatcher:CBB8;347404;81232;256;0;2;206;253;320;345
Listener:Sent_pong;345;A7E4
Dispatcher:A7E4;347492;27242;256;0;2;207;255;335;345
Listener:Sent_pong;345;A78F
Dispatcher:A78F;347555;34464;256;0;2;201;249;336;345
Listener:Sent_pong;345;F436
Dispatcher:F436;347604;37393;256;0;2;195;255;337;345
Listener:Sent_pong;346;3F27
Dispatcher:3F27;348121;38624;256;0;2;204;255;335;346
Listener:Sent_pong;346;8D93
Dispatcher:8D93;348350;27282;256;0;2;206;255;326;346
Listener:Sent_pong;346;CBB8
Dispatcher:CBB8;348413;42438;256;0;2;206;253;321;346
Listener:Sent_pong;346;A7E4
Dispatcher:A7E4;348506;32396;256;0;2;207;255;336;346
Listener:Sent_pong;346;A78F
Dispatcher:A78F;348563;26634;256;0;2;201;249;337;346
Listener:Sent_pong;346;F436
Dispatcher:F436;348613;40259;256;0;2;195;255;338;346
Listener:Sent_pong;347;3F27
Dispatcher:3F27;349127;42896;256;0;2;204;255;336;347
Listener:Sent_pong;347;8D93
Dispatcher:8D93;349358;26636;256;0;2;206;255;327;347
Listener:Sent_pong;347;CBB8
Dispatcher:CBB8;349421;46809;256;0;2;206;253;322;347
Listener:Sent_pong;347;A7E4
Dispatcher:A7E4;349514;27876;256;0;2;207;255;337;347
Listener:Sent_pong;347;A78F
Dispatcher:A78F;349571;26006;256;0;2;201;249;338;347
Listener:Sent_pong;347;F436
Dispatcher:F436;349621;34181;256;0;2;195;255;339;347
Listener:Sent_pong;348;3F27
Dispatcher:3F27;350134;36672;256;0;2;204;255;337;348
Listener:Sent_pong;348;8D93
Dispatcher:8D93;350367;35328;256;0;2;206;255;328;348
Listener:Sent_pong;348;CBB8
Dispatcher:CBB8;350430;46809;256;0;2;206;253;322;348
Listener:Sent_pong;348;A7E4
Dispatcher:A7E4;350522;27232;256;0;2;207;255;338;348
Listener:Sent_pong;348;A78F
Dispatcher:A78F;350580;42404;256;0;2;201;249;339;348
Listener:Sent_pong;348;F436
Dispatcher:F436;350627;38985;256;0;2;195;255;340;348
Listener:Sent_pong;349;3F27
Dispatcher:3F27;351143;49594;256;0;2;204;255;338;349
Listener:Sent_pong;349;8D93
Dispatcher:8D93;351376;28578;256;0;2;206;255;329;349
Listener:Sent_pong;349;CBB8
Dispatcher:CBB8;351437;63594;256;0;2;206;253;323;349
Listener:Sent_pong;349;FCED
Dispatcher:FCED;351476;28984;256;0;2;210;253;322;349
Listener:Sent_pong;349;A7E4
Dispatcher:A7E4;351535;31808;256;0;2;207;255;339;349
Listener:Sent_pong;349;A78F
Dispatcher:A78F;351587;22170;256;0;2;201;249;340;349
Listener:Sent_pong;349;F436
Dispatcher:F436;351642;32741;256;0;2;195;255;341;349
Listener:Sent_pong;350;3F27
Dispatcher:3F27;352150;46302;256;0;2;204;255;339;350
Listener:Sent_pong;350;8D93
Dispatcher:8D93;352384;26968;256;0;2;206;255;330;350
Listener:Sent_pong;350;CBB8
Dispatcher:CBB8;352446;57530;256;0;2;206;253;324;350
Listener:Sent_pong;350;FCED
Dispatcher:FCED;352486;30724;256;0;2;210;253;323;350
Listener:Sent_pong;350;A7E4
Dispatcher:A7E4;352543;25964;256;0;2;207;255;340;350
Listener:Sent_pong;350;A78F
Dispatcher:A78F;352593;26592;256;0;2;201;249;341;350
Listener:Sent_pong;350;F436
Dispatcher:F436;352657;33073;256;0;2;195;255;342;350
Listener:Sent_pong;351;3F27
Dispatcher:3F27;353158;24712;256;0;2;204;255;340;351
Listener:Sent_pong;351;8D93
Dispatcher:8D93;353391;24718;256;0;2;206;255;331;351
Listener:Sent_pong;351;CBB8
Dispatcher:CBB8;353455;39594;256;0;2;206;253;325;351
Listener:Sent_pong;351;FCED
Dispatcher:FCED;353494;25364;256;0;2;210;253;324;351
Listener:Sent_pong;351;A7E4
Dispatcher:A7E4;353550;25014;256;0;2;207;255;341;351
Listener:Sent_pong;351;A78F
Dispatcher:A78F;353600;24086;256;0;2;201;249;342;351
Listener:Sent_pong;351;F436
Dispatcher:F436;353664;25027;256;0;2;195;255;343;351
Listener:Sent_pong;352;3F27
Dispatcher:3F27;354165;25964;256;0;2;204;255;341;352
Listener:Sent_pong;352;8D93
Dispatcher:8D93;354400;28224;256;0;2;206;255;332;352
Listener:Sent_pong;352;CBB8
Dispatcher:CBB8;354463;41157;256;0;2;206;253;326;352
Listener:Sent_pong;352;FCED
Dispatcher:FCED;354503;27774;256;0;2;210;253;325;352
Listener:Sent_pong;352;A7E4
Dispatcher:A7E4;354565;34974;256;0;2;207;255;342;352
Listener:Sent_pong;352;A78F
Dispatcher:A78F;354612;24694;256;0;2;201;249;343;352
Listener:Sent_pong;352;F436
Dispatcher:F436;354671;26963;256;0;2;195;255;344;352
Listener:Sent_pong;353;3F27
Dispatcher:3F27;355174;30162;256;0;2;204;255;342;353
Listener:Sent_pong;353;8D93
Dispatcher:8D93;355406;26616;256;0;2;206;255;333;353
Listener:Sent_pong;353;CBB8
Dispatcher:CBB8;355472;43757;256;0;2;206;253;327;353
Listener:Sent_pong;353;FCED
Dispatcher:FCED;355514;44816;256;0;2;210;253;326;353
Listener:Sent_pong;353;A7E4
Dispatcher:A7E4;355574;54390;256;0;2;207;255;343;353
Listener:Sent_pong;353;A78F
Dispatcher:A78F;355628;33508;256;0;2;201;249;344;353
Listener:Sent_pong;353;F436
Dispatcher:F436;355680;25649;256;0;2;195;255;345;353
Listener:Sent_pong;354;3F27
Dispatcher:3F27;356183;27584;256;0;2;204;255;343;354
Listener:Sent_pong;354;8D93
Dispatcher:8D93;356413;25024;256;0;2;206;255;334;354
Listener:Sent_pong;354;CBB8
Dispatcher:CBB8;356479;40851;256;0;2;206;253;328;354
Listener:Sent_pong;354;FCED
Dispatcher:FCED;356522;43556;256;0;2;210;253;327;354
Listener:Sent_pong;354;A7E4
Dispatcher:A7E4;356583;42444;256;0;2;207;255;344;354
Listener:Sent_pong;354;A78F
Dispatcher:A78F;356636;28694;256;0;2;201;249;345;354
Listener:Sent_pong;354;F436
Dispatcher:F436;356687;28557;256;0;2;195;255;346;354
Listener:Sent_pong;355;3F27
Dispatcher:3F27;357192;30786;256;0;2;204;255;344;355
Listener:Sent_pong;355;8D93
Dispatcher:8D93;357421;27584;256;0;2;206;255;335;355
Listener:Sent_pong;355;CBB8
Dispatcher:CBB8;357488;41426;256;0;2;206;253;329;355
Listener:Sent_pong;355;FCED
Dispatcher:FCED;357530;39290;256;0;2;210;253;328;355
Listener:Sent_pong;355;A7E4
Dispatcher:A7E4;357591;42444;256;0;2;207;255;344;355
Listener:Sent_pong;355;A78F
Dispatcher:A78F;357644;26920;256;0;2;201;249;346;355
Listener:Sent_pong;355;F436
Dispatcher:F436;357696;29167;256;0;2;195;255;347;355
Listener:Sent_pong;356;3F27
Dispatcher:3F27;358201;41800;256;0;2;204;255;345;356
Listener:Sent_pong;356;8D93
Dispatcher:8D93;358433;32204;256;0;2;206;255;336;356
Listener:Sent_pong;356;CBB8
Dispatcher:CBB8;358495;57135;256;0;2;206;253;330;356
Listener:Sent_pong;356;FCED
Dispatcher:FCED;358536;39098;256;0;2;210;253;329;356
Listener:Sent_pong;356;A7E4
Dispatcher:A7E4;358599;27256;256;0;2;207;255;345;356
Listener:Sent_pong;356;A78F
Dispatcher:A78F;358651;22476;256;0;2;201;249;347;356
Listener:Sent_pong;356;F436
Dispatcher:F436;358705;26949;256;0;2;195;255;348;356
Listener:Sent_pong;357;3F27
Dispatcher:3F27;359209;38932;256;0;2;204;255;346;357
Listener:Sent_pong;357;8D93
Dispatcher:8D93;359441;29852;256;0;2;206;255;337;357
Listener:Sent_pong;357;CBB8
Dispatcher:CBB8;359504;40845;256;0;2;206;253;331;357
Listener:Sent_pong;357;FCED
Dispatcher:FCED;359543;37380;256;0;2;210;253;330;357
Listener:Sent_pong;357;A7E4
Dispatcher:A7E4;359606;25972;256;0;2;207;255;346;357
Listener:Sent_pong;357;A78F
Dispatcher:A78F;359658;25342;256;0;2;201;249;348;357
Listener:Sent_pong;357;F436
Dispatcher:F436;359714;26609;256;0;2;195;255;349;357
Listener:Sent_pong;358;3F27
Dispatcher:3F27;360217;37028;256;0;2;204;255;347;358
Listener:Sent_pong;358;8D93
Dispatcher:8D93;360448;24048;256;0;2;206;255;338;358
Listener:Sent_pong;358;CBB8
Dispatcher:CBB8;360511;41968;256;0;2;206;253;332;358
Listener:Sent_pong;358;FCED
Dispatcher:FCED;360553;39798;256;0;2;210;253;331;358
Listener:Sent_pong;358;A7E4
Dispatcher:A7E4;360614;28652;256;0;2;207;255;347;358
Listener:Sent_pong;358;A78F
Dispatcher:A78F;360665;26636;256;0;2;201;249;349;358
Listener:Sent_pong;358;F436
Dispatcher:F436;360729;40351;256;0;2;195;255;350;358
Listener:Sent_pong;359;3F27
Dispatcher:3F27;361224;42276;256;0;2;204;255;348;359
Listener:Sent_pong;359;8D93
Dispatcher:8D93;361463;34024;256;0;2;206;255;339;359
Listener:Sent_pong;359;CBB8
Dispatcher:CBB8;361519;39901;256;0;2;206;253;333;359
Listener:Sent_pong;359;FCED
Dispatcher:FCED;361563;42604;256;0;2;210;253;332;359
Listener:Sent_pong;359;A7E4
Dispatcher:A7E4;361622;25322;256;0;2;207;255;348;359
Listener:Sent_pong;359;A78F
Dispatcher:A78F;361674;27580;256;0;2;201;249;350;359
Listener:Sent_pong;359;F436
Dispatcher:F436;361736;27593;256;0;2;195;255;351;359
Listener:Sent_pong;360;3F27
Dispatcher:3F27;362230;37334;256;0;2;204;255;349;360
Listener:Sent_pong;360;8D93
Dispatcher:8D93;362471;28554;256;0;2;206;255;340;360
Listener:Sent_pong;360;CBB8
Dispatcher:CBB8;362528;39910;256;0;2;206;253;334;360
Listener:Sent_pong;360;FCED
Dispatcher:FCED;362571;39288;256;0;2;210;253;333;360
Listener:Sent_pong;360;A7E4
Dispatcher:A7E4;362629;24708;256;0;2;207;255;349;360
Listener:Sent_pong;360;A78F
Dispatcher:A78F;362681;22464;256;0;2;201;249;351;360
Listener:Sent_pong;360;F436
Dispatcher:F436;362744;25331;256;0;2;195;255;352;360
Listener:Sent_pong;361;3F27
Dispatcher:3F27;363245;46338;256;0;2;204;255;350;361
Listener:Sent_pong;361;8D93
Dispatcher:8D93;363479;27282;256;0;2;206;255;341;361
Listener:Sent_pong;361;CBB8
Dispatcher:CBB8;363537;47057;256;0;2;206;253;335;361
Listener:Sent_pong;361;FCED
Dispatcher:FCED;363581;37294;256;0;2;210;253;334;361
Listener:Sent_pong;361;A7E4
Dispatcher:A7E4;363635;32230;256;0;2;207;255;350;361
Listener:Sent_pong;361;A78F
Dispatcher:A78F;363689;24994;256;0;2;201;249;352;361
Listener:Sent_pong;361;F436
Dispatcher:F436;363755;31217;256;0;2;195;255;353;361
Listener:Sent_pong;362;3F27
Dispatcher:3F27;364254;46064;256;0;2;204;255;351;362
Listener:Sent_pong;362;8D93
Dispatcher:8D93;364488;27902;256;0;2;206;255;342;362
Listener:Sent_pong;362;CBB8
Dispatcher:CBB8;364546;40534;256;0;2;206;253;336;362
Listener:Sent_pong;362;FCED
Dispatcher:FCED;364594;44864;256;0;2;210;253;335;362
Listener:Sent_pong;362;A7E4
Dispatcher:A7E4;364642;25634;256;0;2;207;255;351;362
Listener:Sent_pong;362;A78F
Dispatcher:A78F;364701;30606;256;0;2;201;249;353;362
Listener:Sent_pong;362;F436
Dispatcher:F436;364763;24079;256;0;2;195;255;354;362
Listener:Sent_pong;363;3F27
Dispatcher:3F27;365262;41502;256;0;2;204;255;352;363
Listener:Sent_pong;363;8D93
Dispatcher:8D93;365496;29178;256;0;2;206;255;343;363
Listener:Sent_pong;363;CBB8
Dispatcher:CBB8;365554;39902;256;0;2;206;253;337;363
Listener:Sent_pong;363;FCED
Dispatcher:FCED;365602;40236;256;0;2;210;253;336;363
Listener:Sent_pong;363;A7E4
Dispatcher:A7E4;365651;26930;256;0;2;207;255;352;363
Listener:Sent_pong;363;A78F
Dispatcher:A78F;365708;28228;256;0;2;201;249;354;363
Listener:Sent_pong;363;F436
Dispatcher:F436;365771;26289;256;0;2;195;255;355;363
Listener:Sent_pong;364;3F27
Dispatcher:3F27;366271;55174;256;0;2;204;255;353;364
Listener:Sent_pong;364;8D93
Dispatcher:8D93;366503;38952;256;0;2;206;255;344;364
Listener:Sent_pong;364;CBB8
Dispatcher:CBB8;366561;60651;256;0;2;206;253;338;364
Listener:Sent_pong;364;FCED
Dispatcher:FCED;366610;34062;256;0;2;210;253;337;364
Listener:Sent_pong;364;A7E4
Dispatcher:A7E4;366658;34160;256;0;2;207;255;353;364
Listener:Sent_pong;364;A78F
Dispatcher:A78F;366716;25034;256;0;2;201;249;355;364
Listener:Sent_pong;364;F436
Dispatcher:F436;366786;45357;256;0;2;195;255;356;364
Listener:Sent_pong;365;3F27
Dispatcher:3F27;367279;52018;256;0;2;204;255;354;365
Listener:Sent_pong;365;8D93
Dispatcher:8D93;367518;44898;256;0;2;206;255;345;365
Listener:Sent_pong;365;CBB8
Dispatcher:CBB8;367569;52552;256;0;2;206;253;339;365
Listener:Sent_pong;365;FCED
Dispatcher:FCED;367621;33032;256;0;2;210;253;338;365
Listener:Sent_pong;365;A7E4
Dispatcher:A7E4;367666;24696;256;0;2;207;255;354;365
Listener:Sent_pong;365;A78F
Dispatcher:A78F;367731;34004;256;0;2;201;249;356;365
Listener:Sent_pong;365;F436
Dispatcher:F436;367794;45183;256;0;2;195;255;357;365
Listener:Sent_pong;366;3F27
Dispatcher:3F27;368286;54124;256;0;2;204;255;355;366
Listener:Sent_pong;366;8D93
Dispatcher:8D93;368526;37364;256;0;2;206;255;346;366
Listener:Sent_pong;366;CBB8
Dispatcher:CBB8;368575;49647;256;0;2;206;253;340;366
Listener:Sent_pong;366;FCED
Dispatcher:FCED;368629;25652;256;0;2;210;253;339;366
Listener:Sent_pong;366;A7E4
Dispatcher:A7E4;368673;26282;256;0;2;207;255;355;366
Listener:Sent_pong;366;A78F
Dispatcher:A78F;368738;28186;256;0;2;201;249;357;366
Listener:Sent_pong;366;F436
Dispatcher:F436;368803;38649;256;0;2;195;255;358;366
Listener:Sent_pong;367;3F27
Dispatcher:3F27;369300;56094;256;0;2;204;255;356;367
Listener:Sent_pong;367;8D93
Dispatcher:8D93;369533;39922;256;0;2;206;255;347;367
Listener:Sent_pong;367;CBB8
Dispatcher:CBB8;369582;49425;256;0;2;206;253;341;367
Listener:Sent_pong;367;FCED
Dispatcher:FCED;369638;30479;256;0;2;210;253;340;367
Listener:Sent_pong;367;A7E4
Dispatcher:A7E4;369681;24984;256;0;2;207;255;356;367
Listener:Sent_pong;367;A78F
Dispatcher:A78F;369747;25636;256;0;2;201;249;358;367
Listener:Sent_pong;367;F436
Dispatcher:F436;369816;45145;256;0;2;195;255;359;367
Listener:Sent_pong;368;3F27
Dispatcher:3F27;370308;54784;256;0;2;204;255;357;368
Listener:Sent_pong;368;8D93
Dispatcher:8D93;370548;44680;256;0;2;206;255;348;368
Listener:Sent_pong;368;CBB8
Dispatcher:CBB8;370590;55734;256;0;2;206;253;342;368
Listener:Sent_pong;368;FCED
Dispatcher:FCED;370647;28376;256;0;2;210;253;341;368
Listener:Sent_pong;368;A7E4
Dispatcher:A7E4;370689;26932;256;0;2;207;255;357;368
Listener:Sent_pong;368;A78F
Dispatcher:A78F;370761;34102;256;0;2;201;249;359;368
Listener:Sent_pong;368;F436
Dispatcher:F436;370824;50547;256;0;2;195;255;360;368
Listener:Sent_pong;369;3F27
Dispatcher:3F27;371317;54798;256;0;2;204;255;358;369
Listener:Sent_pong;369;8D93
Dispatcher:8D93;371556;38322;256;0;2;206;255;349;369
Listener:Sent_pong;369;CBB8
Dispatcher:CBB8;371598;50612;256;0;2;206;253;343;369
Listener:Sent_pong;369;FCED
Dispatcher:FCED;371654;25359;256;0;2;210;253;342;369
Listener:Sent_pong;369;A7E4
Dispatcher:A7E4;371695;23728;256;0;2;207;255;358;369
Listener:Sent_pong;369;A78F
Dispatcher:A78F;371770;29188;256;0;2;201;249;360;369
Listener:Sent_pong;369;F436
Dispatcher:F436;371833;40869;256;0;2;195;255;361;369
Listener:Sent_pong;370;3F27
Dispatcher:3F27;372330;61542;256;0;2;204;255;359;370
Listener:Sent_pong;370;8D93
Dispatcher:8D93;372563;38958;256;0;2;206;255;350;370
Listener:Sent_pong;370;CBB8
Dispatcher:CBB8;372607;55107;256;0;2;206;253;344;370
Listener:Sent_pong;370;FCED
Dispatcher:FCED;372661;28200;256;0;2;210;253;343;370
Listener:Sent_pong;370;A7E4
Dispatcher:A7E4;372702;24672;256;0;2;207;255;359;370
Listener:Sent_pong;370;A78F
Dispatcher:A78F;372778;27248;256;0;2;201;249;361;370
Listener:Sent_pong;370;F436
Dispatcher:F436;372844;42099;256;0;2;195;255;362;370
Listener:Sent_pong;371;3F27
Dispatcher:3F27;373339;57468;256;0;2;204;255;360;371
Listener:Sent_pong;371;8D93
Dispatcher:8D93;373572;38956;256;0;2;206;255;351;371
Listener:Sent_pong;371;CBB8
Dispatcher:CBB8;373615;53008;256;0;2;206;253;345;371
Listener:Sent_pong;371;FCED
Dispatcher:FCED;373668;24073;256;0;2;210;253;344;371
Listener:Sent_pong;371;A7E4
Dispatcher:A7E4;373710;26898;256;0;2;207;255;360;371
Listener:Sent_pong;371;A78F
Dispatcher:A78F;373786;28848;256;0;2;201;249;362;371
Listener:Sent_pong;371;F436
Dispatcher:F436;373852;43663;256;0;2;195;255;363;371
Listener:Sent_pong;372;3F27
Dispatcher:3F27;374347;53516;256;0;2;204;255;361;372
Listener:Sent_pong;372;8D93
Dispatcher:8D93;374580;40536;256;0;2;206;255;352;372
Listener:Sent_pong;372;CBB8
Dispatcher:CBB8;374622;51568;256;0;2;206;253;346;372
Listener:Sent_pong;372;FCED
Dispatcher:FCED;374675;26976;256;0;2;210;253;345;372
Listener:Sent_pong;372;A7E4
Dispatcher:A7E4;374726;34968;256;0;2;207;255;361;372
Listener:Sent_pong;372;A78F
Dispatcher:A78F;374794;24084;256;0;2;201;249;363;372
Listener:Sent_pong;372;F436
Dispatcher:F436;374859;38305;256;0;2;195;255;364;372
Listener:Sent_pong;373;3F27
Dispatcher:3F27;375362;65786;256;0;2;204;255;362;373
Listener:Sent_pong;373;8D93
Dispatcher:8D93;375587;38334;256;0;2;206;255;353;373
Listener:Sent_pong;373;CBB8
Dispatcher:CBB8;375631;51700;256;0;2;206;253;347;373
Listener:Sent_pong;373;FCED
Dispatcher:FCED;375684;27898;256;0;2;210;253;346;373
Listener:Sent_pong;373;A7E4
Dispatcher:A7E4;375733;25000;256;0;2;207;255;362;373
Listener:Sent_pong;373;A78F
Dispatcher:A78F;375800;23442;256;0;2;201;249;364;373
Listener:Sent_pong;373;F436
Dispatcher:F436;375876;48083;256;0;2;195;255;365;373
Listener:Sent_pong;374;3F27
Dispatcher:3F27;376371;56508;256;0;2;204;255;363;374
Listener:Sent_pong;374;8D93
Dispatcher:8D93;376594;47546;256;0;2;206;255;354;374
Listener:Sent_pong;374;CBB8
Dispatcher:CBB8;376639;51615;256;0;2;206;253;348;374
Listener:Sent_pong;374;FCED
Dispatcher:FCED;376692;27261;256;0;2;210;253;347;374
Listener:Sent_pong;374;A7E4
Dispatcher:A7E4;376740;25638;256;0;2;207;255;363;374
Listener:Sent_pong;374;A78F
Dispatcher:A78F;376807;24842;256;0;2;201;249;365;374
Listener:Sent_pong;374;F436
Dispatcher:F436;376890;50267;256;0;2;195;255;366;374
Listener:Sent_pong;375;3F27
Dispatcher:3F27;377379;51594;256;0;2;204;255;364;375
Listener:Sent_pong;375;8D93
Dispatcher:8D93;377603;41514;256;0;2;206;255;355;375
Listener:Sent_pong;375;CBB8
Dispatcher:CBB8;377649;55503;256;0;2;206;253;349;375
Listener:Sent_pong;375;FCED
Dispatcher:FCED;377700;26884;256;0;2;210;253;348;375
Listener:Sent_pong;375;A7E4
Dispatcher:A7E4;377755;31434;256;0;2;207;255;364;375
Listener:Sent_pong;375;A78F
Dispatcher:A78F;377815;25984;256;0;2;201;249;366;375
Listener:Sent_pong;375;F436
Dispatcher:F436;377896;35447;256;0;2;195;255;367;375
Listener:Sent_pong;376;3F27
Dispatcher:3F27;378387;54432;256;0;2;204;255;365;376
Listener:Sent_pong;376;8D93
Dispatcher:8D93;378610;37038;256;0;2;206;255;356;376
Listener:Sent_pong;376;CBB8
Dispatcher:CBB8;378657;49981;256;0;2;206;253;350;376
Listener:Sent_pong;376;FCED
Dispatcher:FCED;378707;25649;256;0;2;210;253;349;376
Listener:Sent_pong;376;A7E4
Dispatcher:A7E4;378762;26274;256;0;2;207;255;365;376
Listener:Sent_pong;376;A78F
Dispatcher:A78F;378823;27246;256;0;2;201;249;367;376
Listener:Sent_pong;376;F436
Dispatcher:F436;378903;40249;256;0;2;195;255;368;376
Listener:Sent_pong;377;3F27
Dispatcher:3F27;379396;57472;256;0;2;204;255;366;377
Listener:Sent_pong;377;8D93
Dispatcher:8D93;379617;37172;256;0;2;206;255;357;377
Listener:Sent_pong;377;CBB8
Dispatcher:CBB8;379666;27604;256;0;2;206;253;351;377
Listener:Sent_pong;377;FCED
Dispatcher:FCED;379715;26296;256;0;2;210;253;350;377
Listener:Sent_pong;377;A7E4
Dispatcher:A7E4;379770;25310;256;0;2;207;255;366;377
Listener:Sent_pong;377;A78F
Dispatcher:A78F;379830;28374;256;0;2;201;249;368;377
Listener:Sent_pong;377;F436
Dispatcher:F436;379911;43069;256;0;2;195;255;369;377
Listener:Sent_pong;378;3F27
Dispatcher:3F27;380404;48058;256;0;2;204;255;367;378
Listener:Sent_pong;378;8D93
Dispatcher:8D93;380626;44736;256;0;2;206;255;358;378
Listener:Sent_pong;378;CBB8
Dispatcher:CBB8;380673;29000;256;0;2;206;253;352;378
Listener:Sent_pong;378;FCED
Dispatcher:FCED;380722;27586;256;0;2;210;253;351;378
Listener:Sent_pong;378;A7E4
Dispatcher:A7E4;380784;32080;256;0;2;207;255;367;378
Listener:Sent_pong;378;A78F
Dispatcher:A78F;380837;25962;256;0;2;201;249;369;378
Listener:Sent_pong;378;F436
Dispatcher:F436;380919;39619;256;0;2;195;255;370;378
Listener:Sent_pong;379;3F27
Dispatcher:3F27;381417;45068;256;0;2;204;255;368;379
Listener:Sent_pong;379;8D93
Dispatcher:8D93;381633;27596;256;0;2;206;255;359;379
Listener:Sent_pong;379;CBB8
Dispatcher:CBB8;381680;41460;256;0;2;206;253;353;379
Listener:Sent_pong;379;FCED
Dispatcher:FCED;381730;29822;256;0;2;210;253;352;379
Listener:Sent_pong;379;A7E4
Dispatcher:A7E4;381793;27898;256;0;2;207;255;368;379
Listener:Sent_pong;379;A78F
Dispatcher:A78F;381845;25028;256;0;2;201;249;370;379
Listener:Sent_pong;379;F436
Dispatcher:F436;381933;46527;256;0;2;195;255;371;379
Listener:Sent_pong;380;3F27
Dispatcher:3F27;382426;37974;256;0;2;204;255;369;380
Listener:Sent_pong;380;8D93
Dispatcher:8D93;382640;23748;256;0;2;206;255;360;380
Listener:Sent_pong;380;CBB8
Dispatcher:CBB8;382689;40828;256;0;2;206;253;354;380
Listener:Sent_pong;380;FCED
Dispatcher:FCED;382739;31094;256;0;2;210;253;353;380
Listener:Sent_pong;380;A7E4
Dispatcher:A7E4;382802;29496;256;0;2;207;255;369;380
Listener:Sent_pong;380;A78F
Dispatcher:A78F;382853;36072;256;0;2;201;249;371;380
Listener:Sent_pong;380;F436
Dispatcher:F436;382940;40215;256;0;2;195;255;372;380
Listener:Sent_pong;381;3F27
Dispatcher:3F27;383434;38614;256;0;2;204;255;370;381
Listener:Sent_pong;381;8D93
Dispatcher:8D93;383648;27590;256;0;2;206;255;361;381
Listener:Sent_pong;381;CBB8
Dispatcher:CBB8;383696;47057;256;0;2;206;253;355;381
Listener:Sent_pong;381;FCED
Dispatcher:FCED;383747;25986;256;0;2;210;253;354;381
Listener:Sent_pong;381;A7E4
Dispatcher:A7E4;383810;26274;256;0;2;207;255;370;381
Listener:Sent_pong;381;A78F
Dispatcher:A78F;383862;29494;256;0;2;201;249;372;381
Listener:Sent_pong;381;F436
Dispatcher:F436;383949;42501;256;0;2;195;255;373;381
Listener:Sent_pong;382;3F27
Dispatcher:3F27;384449;45356;256;0;2;204;255;371;382
Listener:Sent_pong;382;8D93
Dispatcher:8D93;384656;25370;256;0;2;206;255;362;382
Listener:Sent_pong;382;CBB8
Dispatcher:CBB8;384705;42124;256;0;2;206;253;356;382
Listener:Sent_pong;382;FCED
Dispatcher:FCED;384755;27596;256;0;2;210;253;355;382
Listener:Sent_pong;382;A7E4
Dispatcher:A7E4;384819;28514;256;0;2;207;255;371;382
Listener:Sent_pong;382;A78F
Dispatcher:A78F;384870;28222;256;0;2;201;249;373;382
Listener:Sent_pong;382;F436
Dispatcher:F436;384962;42587;256;0;2;195;255;374;382
Listener:Sent_pong;383;3F27
Dispatcher:3F27;385457;40242;256;0;2;204;255;372;383
Listener:Sent_pong;383;8D93
Dispatcher:8D93;385665;28874;256;0;2;206;255;363;383
Listener:Sent_pong;383;CBB8
Dispatcher:CBB8;385713;42115;256;0;2;206;253;357;383
Listener:Sent_pong;383;FCED
Dispatcher:FCED;385762;25666;256;0;2;210;253;356;383
Listener:Sent_pong;383;A7E4
Dispatcher:A7E4;385826;25306;256;0;2;207;255;372;383
Listener:Sent_pong;383;A78F
Dispatcher:A78F;385879;27564;256;0;2;201;249;374;383
Listener:Sent_pong;383;F436
Dispatcher:F436;385970;42985;256;0;2;195;255;375;383
Listener:Sent_pong;384;3F27
Dispatcher:3F27;386465;35772;256;0;2;204;255;373;384
Listener:Sent_pong;384;8D93
Dispatcher:8D93;386672;24380;256;0;2;206;255;364;384
Listener:Sent_pong;384;CBB8
Dispatcher:CBB8;386722;39712;256;0;2;206;253;358;384
Listener:Sent_pong;384;FCED
Dispatcher:FCED;386768;22468;256;0;2;210;253;357;384
Listener:Sent_pong;384;A7E4
Dispatcher:A7E4;386839;29228;256;0;2;207;255;373;384
Listener:Sent_pong;384;A78F
Dispatcher:A78F;386886;27592;256;0;2;201;249;375;384
Listener:Sent_pong;384;F436
Dispatcher:F436;386985;46033;256;0;2;195;255;376;384
Listener:Sent_pong;385;3F27
Dispatcher:3F27;387475;39372;256;0;2;204;255;374;385
Listener:Sent_pong;385;8D93
Dispatcher:8D93;387679;23400;256;0;2;206;255;365;385
Listener:Sent_pong;385;CBB8
Dispatcher:CBB8;387730;38926;256;0;2;206;253;359;385
Listener:Sent_pong;385;FCED
Dispatcher:FCED;387775;26762;256;0;2;210;253;358;385
Listener:Sent_pong;385;A7E4
Dispatcher:A7E4;387846;25332;256;0;2;207;255;374;385
Listener:Sent_pong;385;A78F
Dispatcher:A78F;387902;32120;256;0;2;201;249;376;385
Listener:Sent_pong;385;F436
Dispatcher:F436;387993;37041;256;0;2;195;255;377;385
Listener:Sent_pong;386;3F27
Dispatcher:3F27;388484;40200;256;0;2;204;255;375;386
Listener:Sent_pong;386;8D93
Dispatcher:8D93;388687;28568;256;0;2;206;255;366;386
Listener:Sent_pong;386;CBB8
Dispatcher:CBB8;388738;38934;256;0;2;206;253;360;386
Listener:Sent_pong;386;FCED
Dispatcher:FCED;388784;27594;256;0;2;210;253;359;386
Listener:Sent_pong;386;A7E4
Dispatcher:A7E4;388854;26276;256;0;2;207;255;375;386
Listener:Sent_pong;386;A78F
Dispatcher:A78F;388909;25676;256;0;2;201;249;377;386
Listener:Sent_pong;386;F436
Dispatcher:F436;389000;45781;256;0;2;195;255;378;386
Listener:Sent_pong;387;3F27
Dispatcher:3F27;389493;41846;256;0;2;204;255;376;387
Listener:Sent_pong;387;8D93
Dispatcher:8D93;389696;27938;256;0;2;206;255;367;387
Listener:Sent_pong;387;CBB8
Dispatcher:CBB8;389746;46923;256;0;2;206;253;361;387
Listener:Sent_pong;387;FCED
Dispatcher:FCED;389793;29842;256;0;2;210;253;360;387
Listener:Sent_pong;387;A7E4
Dispatcher:A7E4;389870;34010;256;0;2;207;255;376;387
Listener:Sent_pong;387;A78F
Dispatcher:A78F;389917;26316;256;0;2;201;249;378;387
Listener:Sent_pong;387;F436
Dispatcher:F436;390007;37371;256;0;2;195;255;379;387
Listener:Sent_pong;388;3F27
Dispatcher:3F27;390507;46408;256;0;2;204;255;377;388
Listener:Sent_pong;388;8D93
Dispatcher:8D93;390708;31548;256;0;2;206;255;368;388
Listener:Sent_pong;388;CBB8
Dispatcher:CBB8;390753;37975;256;0;2;206;253;362;388
Listener:Sent_pong;388;FCED
Dispatcher:FCED;390801;31222;256;0;2;210;253;361;388
Listener:Sent_pong;388;A7E4
Dispatcher:A7E4;390877;27584;256;0;2;207;255;377;388
Listener:Sent_pong;388;A78F
Dispatcher:A78F;390925;27886;256;0;2;201;249;379;388
Listener:Sent_pong;388;F436
Dispatcher:F436;391020;43945;256;0;2;195;255;380;388
Listener:Sent_pong;389;3F27
Dispatcher:3F27;391515;41314;256;0;2;204;255;378;389
Listener:Sent_pong;389;8D93
Dispatcher:8D93;391717;25674;256;0;2;206;255;369;389
Listener:Sent_pong;389;CBB8
Dispatcher:CBB8;391760;36045;256;0;2;206;253;363;389
Listener:Sent_pong;389;FCED
Dispatcher:FCED;391808;26010;256;0;2;210;253;362;389
Listener:Sent_pong;389;A7E4
Dispatcher:A7E4;391885;24042;256;0;2;207;255;378;389
Listener:Sent_pong;389;A78F
Dispatcher:A78F;391933;25640;256;0;2;201;249;380;389
Listener:Sent_pong;389;F436
Dispatcher:F436;392029;47807;256;0;2;195;255;381;389
Listener:Sent_pong;390;3F27
Dispatcher:3F27;392522;36034;256;0;2;204;255;379;390
Listener:Sent_pong;390;8D93
Dispatcher:8D93;392724;24386;256;0;2;206;255;370;390
Listener:Sent_pong;390;CBB8
Dispatcher:CBB8;392768;39230;256;0;2;206;253;364;390
Listener:Sent_pong;390;FCED
Dispatcher:FCED;392817;28230;256;0;2;210;253;363;390
Listener:Sent_pong;390;A7E4
Dispatcher:A7E4;392898;29838;256;0;2;207;255;379;390
Listener:Sent_pong;390;A78F
Dispatcher:A78F;392942;28520;256;0;2;201;249;381;390
Listener:Sent_pong;390;F436
Dispatcher:F436;393037;39273;256;0;2;195;255;382;390
Listener:Sent_pong;391;3F27
Dispatcher:3F27;393536;52362;256;0;2;204;255;380;391
Listener:Sent_pong;391;8D93
Dispatcher:8D93;393738;32760;256;0;2;206;255;371;391
Listener:Sent_pong;391;CBB8
Dispatcher:CBB8;393776;42121;256;0;2;206;253;365;391
Listener:Sent_pong;391;FCED
Dispatcher:FCED;393825;28694;256;0;2;210;253;364;391
Listener:Sent_pong;391;A7E4
Dispatcher:A7E4;393905;24344;256;0;2;207;255;380;391
Listener:Sent_pong;391;A78F
Dispatcher:A78F;393950;26944;256;0;2;201;249;382;391
Listener:Sent_pong;391;F436
Dispatcher:F436;394048;40063;256;0;2;195;255;383;391
Listener:Sent_pong;392;3F27
Dispatcher:3F27;394544;49066;256;0;2;204;255;381;392
Listener:Sent_pong;392;8D93
Dispatcher:8D93;394746;25034;256;0;2;206;255;372;392
Listener:Sent_pong;392;CBB8
Dispatcher:CBB8;394784;37979;256;0;2;206;253;366;392
Listener:Sent_pong;392;FCED
Dispatcher:FCED;394832;27264;256;0;2;210;253;365;392
Listener:Sent_pong;392;A7E4
Dispatcher:A7E4;394913;25030;256;0;2;207;255;381;392
Listener:Sent_pong;392;A78F
Dispatcher:A78F;394958;27276;256;0;2;201;249;383;392
Listener:Sent_pong;392;F436
Dispatcher:F436;395056;42275;256;0;2;195;255;384;392
Listener:Sent_pong;393;3F27
Dispatcher:3F27;395551;38600;256;0;2;204;255;382;393
Listener:Sent_pong;393;8D93
Dispatcher:8D93;395753;25670;256;0;2;206;255;373;393
Listener:Sent_pong;393;CBB8
Dispatcher:CBB8;395791;48284;256;0;2;206;253;367;393
Listener:Sent_pong;393;FCED
Dispatcher:FCED;395839;24066;256;0;2;210;253;366;393
Listener:Sent_pong;393;A7E4
Dispatcher:A7E4;395919;27832;256;0;2;207;255;382;393
Listener:Sent_pong;393;A78F
Dispatcher:A78F;395966;26618;256;0;2;201;249;384;393
Listener:Sent_pong;393;F436
Dispatcher:F436;396064;41539;256;0;2;195;255;385;393
Listener:Sent_pong;394;3F27
Dispatcher:3F27;396564;44168;256;0;2;204;255;383;394
Listener:Sent_pong;394;8D93
Dispatcher:8D93;396769;37354;256;0;2;206;255;374;394
Listener:Sent_pong;394;CBB8
Dispatcher:CBB8;396800;38590;256;0;2;206;253;368;394
Listener:Sent_pong;394;FCED
Dispatcher:FCED;396848;31228;256;0;2;210;253;367;394
Listener:Sent_pong;394;A7E4
Dispatcher:A7E4;396928;26916;256;0;2;207;255;383;394
Listener:Sent_pong;394;A78F
Dispatcher:A78F;396975;28172;256;0;2;201;249;385;394
Listener:Sent_pong;394;F436
Dispatcher:F436;397080;47775;256;0;2;195;255;386;394
Listener:Sent_pong;395;3F27
Dispatcher:3F27;397572;43668;256;0;2;204;255;384;395
Listener:Sent_pong;395;8D93
Dispatcher:8D93;397776;26308;256;0;2;206;255;375;395
Listener:Sent_pong;395;CBB8
Dispatcher:CBB8;397807;41481;256;0;2;206;253;369;395
Listener:Sent_pong;395;FCED
Dispatcher:FCED;397855;23420;256;0;2;210;253;368;395
Listener:Sent_pong;395;A7E4
Dispatcher:A7E4;397936;27874;256;0;2;207;255;384;395
Listener:Sent_pong;395;A78F
Dispatcher:A78F;397984;28852;256;0;2;201;249;386;395
Listener:Sent_pong;395;F436
Dispatcher:F436;398089;42941;256;0;2;195;255;387;395
Listener:Sent_pong;396;3F27
Dispatcher:3F27;398579;39884;256;0;2;204;255;385;396
Listener:Sent_pong;396;8D93
Dispatcher:8D93;398783;23420;256;0;2;206;255;376;396
Listener:Sent_pong;396;CBB8
Dispatcher:CBB8;398816;44144;256;0;2;206;253;370;396
Listener:Sent_pong;396;FCED
Dispatcher:FCED;398863;24070;256;0;2;210;253;369;396
Listener:Sent_pong;396;A7E4
Dispatcher:A7E4;398944;32082;256;0;2;207;255;385;396
Listener:Sent_pong;396;A78F
Dispatcher:A78F;398993;29810;256;0;2;201;249;387;396
Listener:Sent_pong;396;F436
Dispatcher:F436;399098;43457;256;0;2;195;255;388;396
Listener:Sent_pong;397;3F27
Dispatcher:3F27;399594;47622;256;0;2;204;255;386;397
Listener:Sent_pong;397;8D93
Dispatcher:8D93;399798;33212;256;0;2;206;255;377;397
Listener:Sent_pong;397;CBB8
Dispatcher:CBB8;399825;39557;256;0;2;206;253;371;397
Listener:Sent_pong;397;FCED
Dispatcher:FCED;399871;26622;256;0;2;210;253;370;397
Listener:Sent_pong;397;A7E4
Dispatcher:A7E4;399953;28206;256;0;2;207;255;386;397
Listener:Sent_pong;397;A78F
Dispatcher:A78F;400006;30278;256;0;2;201;249;388;397
Listener:Sent_pong;397;F436
Dispatcher:F436;400107;41529;256;0;2;195;255;389;397
Listener:Sent_pong;398;3F27
Dispatcher:3F27;400603;49712;256;0;2;204;255;387;398
Listener:Sent_pong;398;8D93
Dispatcher:8D93;400807;26956;256;0;2;206;255;378;398
Listener:Sent_pong;398;CBB8
Dispatcher:CBB8;400833;42113;256;0;2;206;253;372;398
Listener:Sent_pong;398;FCED
Dispatcher:FCED;400880;30808;256;0;2;210;253;371;398
Listener:Sent_pong;398;A7E4
Dispatcher:A7E4;400960;27578;256;0;2;207;255;387;398
Listener:Sent_pong;398;A78F
Dispatcher:A78F;401013;27242;256;0;2;201;249;389;398
Listener:Sent_pong;398;F436
Dispatcher:F436;401114;49613;256;0;2;195;255;390;398
Listener:Sent_pong;399;3F27
Dispatcher:3F27;401610;41166;256;0;2;204;255;388;399
Listener:Sent_pong;399;8D93
Dispatcher:8D93;401816;26324;256;0;2;206;255;379;399
Listener:Sent_pong;399;CBB8
Dispatcher:CBB8;401840;36692;256;0;2;206;253;373;399
Listener:Sent_pong;399;FCED
Dispatcher:FCED;401888;25992;256;0;2;210;253;372;399
Listener:Sent_pong;399;A7E4
Dispatcher:A7E4;401968;36044;256;0;2;207;255;388;399
Listener:Sent_pong;399;A78F
Dispatcher:A78F;402021;26646;256;0;2;201;249;390;399
Listener:Sent_pong;399;F436
Dispatcher:F436;402122;37341;256;0;2;195;255;391;399
Listener:Sent_pong;400;3F27
Dispatcher:3F27;402624;41230;256;0;2;204;255;389;400
Listener:Sent_pong;400;8D93
Dispatcher:8D93;402824;27658;256;0;2;206;255;380;400
Listener:Sent_pong;400;CBB8
Dispatcher:CBB8;402847;38030;256;0;2;206;253;374;400
Listener:Sent_pong;400;FCED
Dispatcher:FCED;402897;28240;256;0;2;210;253;373;400
Listener:Sent_pong;400;A7E4
Dispatcher:A7E4;402976;31218;256;0;2;207;255;389;400
Listener:Sent_pong;400;A78F
Dispatcher:A78F;403033;28564;256;0;2;201;249;391;400
Listener:Sent_pong;400;F436
Dispatcher:F436;403139;44921;256;0;2;195;255;392;400
Listener:Sent_pong;401;3F27
Dispatcher:3F27;403631;47318;256;0;2;204;255;390;401
Listener:Sent_pong;401;8D93
Dispatcher:8D93;403831;27922;256;0;2;206;255;381;401
Listener:Sent_pong;401;CBB8
Dispatcher:CBB8;403856;46358;256;0;2;206;253;375;401
Listener:Sent_pong;401;FCED
Dispatcher:FCED;403904;24386;256;0;2;210;253;374;401
Listener:Sent_pong;401;A7E4
Dispatcher:A7E4;403984;25982;256;0;2;207;255;390;401
Listener:Sent_pong;401;A78F
Dispatcher:A78F;404041;25662;256;0;2;201;249;392;401
Listener:Sent_pong;401;F436
Dispatcher:F436;404146;46739;256;0;2;195;255;393;401
Listener:Sent_pong;402;3F27
Dispatcher:3F27;404639;39904;256;0;2;204;255;391;402
Listener:Sent_pong;402;8D93
Dispatcher:8D93;404840;28232;256;0;2;206;255;382;402
Listener:Sent_pong;402;FCED
Dispatcher:FCED;404912;26956;256;0;2;210;253;375;402
Listener:Sent_pong;402;A7E4
Dispatcher:A7E4;404993;29320;256;0;2;207;255;391;402
Listener:Sent_pong;402;A78F
Dispatcher:A78F;405049;27246;256;0;2;201;249;393;402
Listener:Sent_pong;402;F436
Dispatcher:F436;405154;41533;256;0;2;195;255;394;402
Listener:Sent_pong;403;3F27
Dispatcher:3F27;405652;46086;256;0;2;204;255;392;403
Listener:Sent_pong;403;8D93
Dispatcher:8D93;405856;34042;256;0;2;206;255;383;403
Listener:Sent_pong;403;CBB8
Dispatcher:CBB8;405895;42106;256;0;2;206;253;376;403
Listener:Sent_pong;403;FCED
Dispatcher:FCED;405919;26656;256;0;2;210;253;376;403
Listener:Sent_pong;403;A7E4
Dispatcher:A7E4;406002;30126;256;0;2;207;255;392;403
Listener:Sent_pong;403;A78F
Dispatcher:A78F;406063;34034;256;0;2;201;249;394;403
Listener:Sent_pong;403;F436
Dispatcher:F436;406163;44065;256;0;2;195;255;395;403
Listener:Sent_pong;404;3F27
Dispatcher:3F27;406659;37974;256;0;2;204;255;393;404
Listener:Sent_pong;404;8D93
Dispatcher:8D93;406863;25672;256;0;2;206;255;384;404
Listener:Sent_pong;404;CBB8
Dispatcher:CBB8;406902;34775;256;0;2;206;253;377;404
Listener:Sent_pong;404;FCED
Dispatcher:FCED;406940;40272;256;0;2;210;253;377;404
Listener:Sent_pong;404;A7E4
Dispatcher:A7E4;407010;27238;256;0;2;207;255;393;404
Listener:Sent_pong;404;A78F
Dispatcher:A78F;407070;25670;256;0;2;201;249;395;404
Listener:Sent_pong;404;F436
Dispatcher:F436;407171;47417;256;0;2;195;255;396;404
Listener:Sent_pong;405;3F27
Dispatcher:3F27;407668;36982;256;0;2;204;255;394;405
Listener:Sent_pong;405;8D93
Dispatcher:8D93;407872;27560;256;0;2;206;255;385;405
Listener:Sent_pong;405;CBB8
Dispatcher:CBB8;407909;44933;256;0;2;206;253;378;405
Listener:Sent_pong;405;FCED
Dispatcher:FCED;407955;32730;256;0;2;210;253;378;405
Listener:Sent_pong;405;A7E4
Dispatcher:A7E4;408019;28534;256;0;2;207;255;394;405
Listener:Sent_pong;405;A78F
Dispatcher:A78F;408078;27910;256;0;2;201;249;396;405
Listener:Sent_pong;405;F436
Dispatcher:F436;408179;40211;256;0;2;195;255;397;405
Listener:Sent_pong;406;3F27
Dispatcher:3F27;408680;44746;256;0;2;204;255;395;406
Listener:Sent_pong;406;8D93
Dispatcher:8D93;408881;29340;256;0;2;206;255;386;406
Listener:Sent_pong;406;CBB8
Dispatcher:CBB8;408917;41817;256;0;2;206;253;379;406
Listener:Sent_pong;406;FCED
Dispatcher:FCED;408963;29316;256;0;2;210;253;379;406
Listener:Sent_pong;406;A7E4
Dispatcher:A7E4;409027;24518;256;0;2;207;255;395;406
Listener:Sent_pong;406;A78F
Dispatcher:A78F;409099;39914;256;0;2;201;249;397;406
Listener:Sent_pong;406;F436
Dispatcher:F436;409195;43443;256;0;2;195;255;398;406
Listener:Sent_pong;407;3F27
Dispatcher:3F27;409688;39254;256;0;2;204;255;396;407
Listener:Sent_pong;407;8D93
Dispatcher:8D93;409889;26930;256;0;2;206;255;387;407
Listener:Sent_pong;407;CBB8
Dispatcher:CBB8;409925;38925;256;0;2;206;253;380;407
Listener:Sent_pong;407;FCED
Dispatcher:FCED;409970;22806;256;0;2;210;253;380;407
Listener:Sent_pong;407;A7E4
Dispatcher:A7E4;410034;26284;256;0;2;207;255;396;407
Listener:Sent_pong;407;A78F
Dispatcher:A78F;410106;27878;256;0;2;201;249;398;407
Listener:Sent_pong;407;F436
Dispatcher:F436;410202;48929;256;0;2;195;255;399;407
Listener:Sent_pong;408;3F27
Dispatcher:3F27;410697;38598;256;0;2;204;255;397;408
Listener:Sent_pong;408;8D93
Dispatcher:8D93;410897;28254;256;0;2;206;255;388;408
Listener:Sent_pong;408;CBB8
Dispatcher:CBB8;410932;39894;256;0;2;206;253;381;408
Listener:Sent_pong;408;FCED
Dispatcher:FCED;410978;24384;256;0;2;210;253;381;408
Listener:Sent_pong;408;A7E4
Dispatcher:A7E4;411042;24344;256;0;2;207;255;397;408
Listener:Sent_pong;408;A78F
Dispatcher:A78F;411115;26640;256;0;2;201;249;399;408
Listener:Sent_pong;408;F436
Dispatcher:F436;411209;35241;256;0;2;195;255;400;408
Listener:Sent_pong;409;3F27
Dispatcher:3F27;411711;48012;256;0;2;204;255;398;409
Listener:Sent_pong;409;8D93
Dispatcher:8D93;411914;35418;256;0;2;206;255;389;409
Listener:Sent_pong;409;CBB8
Dispatcher:CBB8;411940;40237;256;0;2;206;253;382;409
Listener:Sent_pong;409;FCED
Dispatcher:FCED;411985;25976;256;0;2;210;253;382;409
Listener:Sent_pong;409;A7E4
Dispatcher:A7E4;412049;26598;256;0;2;207;255;398;409
Listener:Sent_pong;409;A78F
Dispatcher:A78F;412122;26270;256;0;2;201;249;400;409
Listener:Sent_pong;409;F436
Dispatcher:F436;412225;36717;256;0;2;195;255;401;409
Listener:Sent_pong;410;3F27
Dispatcher:3F27;412719;51706;256;0;2;204;255;399;410
Listener:Sent_pong;410;8D93
Dispatcher:8D93;412922;25684;256;0;2;206;255;390;410
Listener:Sent_pong;410;CBB8
Dispatcher:CBB8;412947;59759;256;0;2;206;253;383;410
Listener:Sent_pong;410;FCED
Dispatcher:FCED;413010;43196;256;0;2;210;253;383;410
Listener:Sent_pong;410;A7E4
Dispatcher:A7E4;413057;27894;256;0;2;207;255;399;410
Listener:Sent_pong;410;A78F
Dispatcher:A78F;413130;25032;256;0;2;201;249;401;410
Listener:Sent_pong;410;F436
Dispatcher:F436;413234;26953;256;0;2;195;255;402;410
Listener:Sent_pong;411;3F27
Dispatcher:3F27;413727;27902;256;0;2;204;255;400;411
Listener:Sent_pong;411;8D93
Dispatcher:8D93;413930;27588;256;0;2;206;255;391;411
Listener:Sent_pong;411;CBB8
Dispatcher:CBB8;413956;40389;256;0;2;206;253;384;411
Listener:Sent_pong;411;FCED
Dispatcher:FCED;414017;26652;256;0;2;210;253;384;411
Listener:Sent_pong;411;A7E4
Dispatcher:A7E4;414064;27250;256;0;2;207;255;400;411
Listener:Sent_pong;411;A78F
Dispatcher:A78F;414137;26616;256;0;2;201;249;402;411
Listener:Sent_pong;411;F436
Dispatcher:F436;414242;25957;256;0;2;195;255;403;411
Listener:Sent_pong;412;3F27
Dispatcher:3F27;414740;33396;256;0;2;204;255;401;412
Listener:Sent_pong;412;8D93
Dispatcher:8D93;414938;26942;256;0;2;206;255;392;412
Listener:Sent_pong;412;CBB8
Dispatcher:CBB8;414964;37987;256;0;2;206;253;385;412
Listener:Sent_pong;412;FCED
Dispatcher:FCED;415025;30624;256;0;2;210;253;385;412
Listener:Sent_pong;412;A7E4
Dispatcher:A7E4;415072;25968;256;0;2;207;255;401;412
Listener:Sent_pong;412;A78F
Dispatcher:A78F;415154;36880;256;0;2;201;249;403;412
Listener:Sent_pong;412;F436
Dispatcher:F436;415250;25985;256;0;2;195;255;404;412
Listener:Sent_pong;413;3F27
Dispatcher:3F27;415750;28530;256;0;2;204;255;402;413
Listener:Sent_pong;413;8D93
Dispatcher:8D93;415945;23734;256;0;2;206;255;393;413
Listener:Sent_pong;413;CBB8
Dispatcher:CBB8;415973;53893;256;0;2;206;253;386;413
Listener:Sent_pong;413;FCED
Dispatcher:FCED;416033;40258;256;0;2;210;253;386;413
Listener:Sent_pong;413;A7E4
Dispatcher:A7E4;416089;44886;256;0;2;207;255;402;413
Listener:Sent_pong;413;A78F
Dispatcher:A78F;416161;24364;256;0;2;201;249;404;413
Listener:Sent_pong;413;F436
Dispatcher:F436;416257;29477;256;0;2;195;255;405;413
Listener:Sent_pong;414;3F27
Dispatcher:3F27;416758;26928;256;0;2;204;255;403;414
Listener:Sent_pong;414;8D93
Dispatcher:8D93;416952;27238;256;0;2;206;255;394;414
Listener:Sent_pong;414;CBB8
Dispatcher:CBB8;416981;38947;256;0;2;206;253;387;414
Listener:Sent_pong;414;FCED
Dispatcher:FCED;417042;41210;256;0;2;210;253;387;414
Listener:Sent_pong;414;A7E4
Dispatcher:A7E4;417097;49374;256;0;2;207;255;403;414
Listener:Sent_pong;414;A78F
Dispatcher:A78F;417168;28498;256;0;2;201;249;405;414
Listener:Sent_pong;414;F436
Dispatcher:F436;417266;30143;256;0;2;195;255;406;414
Listener:Sent_pong;415;3F27
Dispatcher:3F27;417766;29278;256;0;2;204;255;404;415
Listener:Sent_pong;415;8D93
Dispatcher:8D93;417960;31904;256;0;2;206;255;395;415
Listener:Sent_pong;415;CBB8
Dispatcher:CBB8;417990;38099;256;0;2;206;253;388;415
Listener:Sent_pong;415;FCED
Dispatcher:FCED;418049;38790;256;0;2;210;253;388;415
Listener:Sent_pong;415;A7E4
Dispatcher:A7E4;418105;39286;256;0;2;207;255;404;415
Listener:Sent_pong;415;A78F
Dispatcher:A78F;418182;31154;256;0;2;201;249;406;415
Listener:Sent_pong;415;F436
Dispatcher:F436;418286;39187;256;0;2;195;255;407;415
Listener:Sent_pong;416;3F27
Dispatcher:3F27;418774;35722;256;0;2;204;255;405;416
Listener:Sent_pong;416;8D93
Dispatcher:8D93;418968;25674;256;0;2;206;255;396;416
Listener:Sent_pong;416;CBB8
Dispatcher:CBB8;418997;39729;256;0;2;206;253;389;416
Listener:Sent_pong;416;FCED
Dispatcher:FCED;419057;40900;256;0;2;210;253;389;416
Listener:Sent_pong;416;A7E4
Dispatcher:A7E4;419117;27932;256;0;2;207;255;405;416
Listener:Sent_pong;416;A78F
Dispatcher:A78F;419190;26298;256;0;2;201;249;407;416
Listener:Sent_pong;416;F436
Dispatcher:F436;419295;27571;256;0;2;195;255;408;416
Listener:Sent_pong;417;3F27
Dispatcher:3F27;419782;40226;256;0;2;204;255;406;417
Listener:Sent_pong;417;8D93
Dispatcher:8D93;419974;23442;256;0;2;206;255;397;417
Listener:Sent_pong;417;CBB8
Dispatcher:CBB8;420005;37357;256;0;2;206;253;390;417
Listener:Sent_pong;417;FCED
Dispatcher:FCED;420065;38662;256;0;2;210;253;390;417
Listener:Sent_pong;417;A7E4
Dispatcher:A7E4;420125;29792;256;0;2;207;255;406;417
Listener:Sent_pong;417;A78F
Dispatcher:A78F;420198;29822;256;0;2;201;249;408;417
Listener:Sent_pong;417;F436
Dispatcher:F436;420303;27581;256;0;2;195;255;409;417
Listener:Sent_pong;418;3F27
Dispatcher:3F27;420795;41234;256;0;2;204;255;407;418
Listener:Sent_pong;418;8D93
Dispatcher:8D93;420981;31616;256;0;2;206;255;398;418
Listener:Sent_pong;418;CBB8
Dispatcher:CBB8;421012;37015;256;0;2;206;253;391;418
Listener:Sent_pong;418;FCED
Dispatcher:FCED;421074;43888;256;0;2;210;253;391;418
Listener:Sent_pong;418;A7E4
Dispatcher:A7E4;421132;23748;256;0;2;207;255;407;418
Listener:Sent_pong;418;A78F
Dispatcher:A78F;421209;29622;256;0;2;201;249;409;418
Listener:Sent_pong;418;F436
Dispatcher:F436;421311;25351;256;0;2;195;255;410;418
Listener:Sent_pong;419;3F27
Dispatcher:3F27;421804;44608;256;0;2;204;255;408;419
Listener:Sent_pong;419;8D93
Dispatcher:8D93;421988;26638;256;0;2;206;255;399;419
Listener:Sent_pong;419;CBB8
Dispatcher:CBB8;422019;45125;256;0;2;206;253;392;419
Listener:Sent_pong;419;FCED
Dispatcher:FCED;422081;37378;256;0;2;210;253;392;419
Listener:Sent_pong;419;A7E4
Dispatcher:A7E4;422146;34944;256;0;2;207;255;408;419
Listener:Sent_pong;419;A78F
Dispatcher:A78F;422218;29486;256;0;2;201;249;410;419
Listener:Sent_pong;419;F436
Dispatcher:F436;422319;24385;256;0;2;195;255;411;419
Listener:Sent_pong;420;3F27
Dispatcher:3F27;422811;37954;256;0;2;204;255;409;420
Listener:Sent_pong;420;8D93
Dispatcher:8D93;422995;25016;256;0;2;206;255;400;420
Listener:Sent_pong;420;CBB8
Dispatcher:CBB8;423028;46752;256;0;2;206;253;393;420
Listener:Sent_pong;420;FCED
Dispatcher:FCED;423090;45076;256;0;2;210;253;393;420
Listener:Sent_pong;420;A7E4
Dispatcher:A7E4;423153;25632;256;0;2;207;255;409;420
Listener:Sent_pong;420;A78F
Dispatcher:A78F;423227;30138;256;0;2;201;249;411;420
Listener:Sent_pong;420;F436
Dispatcher:F436;423325;25345;256;0;2;195;255;412;420
Listener:Sent_pong;421;3F27
Dispatcher:3F27;423827;49230;256;0;2;204;255;410;421
Listener:Sent_pong;421;8D93
Dispatcher:8D93;424002;27576;256;0;2;206;255;401;421
Listener:Sent_pong;421;CBB8
Dispatcher:CBB8;424036;42470;256;0;2;206;253;394;421
Listener:Sent_pong;421;FCED
Dispatcher:FCED;424099;41206;256;0;2;210;253;394;421
Listener:Sent_pong;421;A7E4
Dispatcher:A7E4;424162;28192;256;0;2;207;255;410;421
Listener:Sent_pong;421;A78F
Dispatcher:A78F;424245;36832;256;0;2;201;249;412;421
Listener:Sent_pong;421;F436
Dispatcher:F436;424342;32863;256;0;2;195;255;413;421
Listener:Sent_pong;422;3F27
Dispatcher:3F27;424835;45246;256;0;2;204;255;411;422
Listener:Sent_pong;422;8D93
Dispatcher:8D93;425009;25986;256;0;2;206;255;402;422
Listener:Sent_pong;422;CBB8
Dispatcher:CBB8;425044;42372;256;0;2;206;253;395;422
Listener:Sent_pong;422;FCED
Dispatcher:FCED;425106;38328;256;0;2;210;253;395;422
Listener:Sent_pong;422;A7E4
Dispatcher:A7E4;425175;33378;256;0;2;207;255;411;422
Listener:Sent_pong;422;A78F
Dispatcher:A78F;425252;26280;256;0;2;201;249;413;422
Listener:Sent_pong;422;F436
Dispatcher:F436;425351;27235;256;0;2;195;255;414;422
Listener:Sent_pong;423;3F27
Dispatcher:3F27;425843;41174;256;0;2;204;255;412;423
Listener:Sent_pong;423;8D93
Dispatcher:8D93;426017;27920;256;0;2;206;255;403;423
Listener:Sent_pong;423;CBB8
Dispatcher:CBB8;426051;35070;256;0;2;206;253;396;423
Listener:Sent_pong;423;FCED
Dispatcher:FCED;426115;38136;256;0;2;210;253;396;423
Listener:Sent_pong;423;A7E4
Dispatcher:A7E4;426183;27240;256;0;2;207;255;412;423
Listener:Sent_pong;423;A78F
Dispatcher:A78F;426260;31250;256;0;2;201;249;414;423
Listener:Sent_pong;423;F436
Dispatcher:F436;426359;25981;256;0;2;195;255;415;423
Listener:Sent_pong;424;3F27
Dispatcher:3F27;426857;56842;256;0;2;204;255;413;424
Listener:Sent_pong;424;8D93
Dispatcher:8D93;427024;27920;256;0;2;206;255;403;424
Listener:Sent_pong;424;CBB8
Dispatcher:CBB8;427058;53221;256;0;2;206;253;397;424
Listener:Sent_pong;424;FCED
Dispatcher:FCED;427123;28886;256;0;2;210;253;397;424
Listener:Sent_pong;424;A7E4
Dispatcher:A7E4;427190;27574;256;0;2;207;255;413;424
Listener:Sent_pong;424;A78F
Dispatcher:A78F;427267;24044;256;0;2;201;249;415;424
Listener:Sent_pong;424;F436
Dispatcher:F436;427367;38947;256;0;2;195;255;416;424
Listener:Sent_pong;425;3F27
Dispatcher:3F27;427865;50622;256;0;2;204;255;414;425
Listener:Sent_pong;425;8D93
Dispatcher:8D93;428031;35448;256;0;2;206;255;404;425
Listener:Sent_pong;425;CBB8
Dispatcher:CBB8;428066;52744;256;0;2;206;253;398;425
Listener:Sent_pong;425;FCED
Dispatcher:FCED;428131;26956;256;0;2;210;253;398;425
Listener:Sent_pong;425;A7E4
Dispatcher:A7E4;428205;32728;256;0;2;207;255;414;425
Listener:Sent_pong;425;A78F
Dispatcher:A78F;428275;25794;256;0;2;201;249;416;425
Listener:Sent_pong;425;F436
Dispatcher:F436;428375;44833;256;0;2;195;255;417;425
Listener:Sent_pong;426;3F27
Dispatcher:3F27;428874;51246;256;0;2;204;255;415;426
Listener:Sent_pong;426;8D93
Dispatcher:8D93;429041;42400;256;0;2;206;255;405;426
Listener:Sent_pong;426;CBB8
Dispatcher:CBB8;429078;53773;256;0;2;206;253;399;426
Listener:Sent_pong;426;FCED
Dispatcher:FCED;429139;30912;256;0;2;210;253;399;426
Listener:Sent_pong;426;A7E4
Dispatcher:A7E4;429214;28544;256;0;2;207;255;415;426
Listener:Sent_pong;426;A78F
Dispatcher:A78F;429283;26936;256;0;2;201;249;417;426
Listener:Sent_pong;426;F436
Dispatcher:F436;429384;40863;256;0;2;195;255;418;426
Listener:Sent_pong;427;3F27
Dispatcher:3F27;429883;52542;256;0;2;204;255;416;427
Listener:Sent_pong;427;8D93
Dispatcher:8D93;430048;39614;256;0;2;206;255;406;427
Listener:Sent_pong;427;CBB8
Dispatcher:CBB8;430086;54204;256;0;2;206;253;400;427
Listener:Sent_pong;427;FCED
Dispatcher:FCED;430148;26630;256;0;2;210;253;400;427
Listener:Sent_pong;427;A7E4
Dispatcher:A7E4;430222;25656;256;0;2;207;255;416;427
Listener:Sent_pong;427;A78F
Dispatcher:A78F;430296;31174;256;0;2;201;249;418;427
Listener:Sent_pong;427;F436
Dispatcher:F436;430392;38799;256;0;2;195;255;419;427
Listener:Sent_pong;428;3F27
Dispatcher:3F27;430890;59072;256;0;2;204;255;417;428
Listener:Sent_pong;428;8D93
Dispatcher:8D93;431056;38008;256;0;2;206;255;407;428
Listener:Sent_pong;428;CBB8
Dispatcher:CBB8;431095;50645;256;0;2;206;253;401;428
Listener:Sent_pong;428;FCED
Dispatcher:FCED;431156;24728;256;0;2;210;253;401;428
Listener:Sent_pong;428;A7E4
Dispatcher:A7E4;431234;28890;256;0;2;207;255;417;428
Listener:Sent_pong;428;A78F
Dispatcher:A78F;431304;28226;256;0;2;201;249;419;428
Listener:Sent_pong;428;F436
Dispatcher:F436;431401;50221;256;0;2;195;255;420;428
Listener:Sent_pong;429;3F27
Dispatcher:3F27;431897;49646;256;0;2;204;255;418;429
Listener:Sent_pong;429;8D93
Dispatcher:8D93;432072;44900;256;0;2;206;255;408;429
Listener:Sent_pong;429;CBB8
Dispatcher:CBB8;432107;56875;256;0;2;206;253;402;429
Listener:Sent_pong;429;FCED
Dispatcher:FCED;432164;33460;256;0;2;210;253;402;429
Listener:Sent_pong;429;A7E4
Dispatcher:A7E4;432241;27576;256;0;2;207;255;418;429
Listener:Sent_pong;429;A78F
Dispatcher:A78F;432312;25340;256;0;2;201;249;420;429
Listener:Sent_pong;429;F436
Dispatcher:F436;432407;39565;256;0;2;195;255;421;429
Listener:Sent_pong;430;3F27
Dispatcher:3F27;432905;59306;256;0;2;204;255;419;430
Listener:Sent_pong;430;8D93
Dispatcher:8D93;433079;55230;256;0;2;206;255;409;430
Listener:Sent_pong;430;CBB8
Dispatcher:CBB8;433115;57578;256;0;2;206;253;403;430
Listener:Sent_pong;430;FCED
Dispatcher:FCED;433173;30778;256;0;2;210;253;403;430
Listener:Sent_pong;430;A7E4
Dispatcher:A7E4;433248;26568;256;0;2;207;255;419;430
Listener:Sent_pong;430;A78F
Dispatcher:A78F;433327;33486;256;0;2;201;249;421;430
Listener:Sent_pong;430;F436
Dispatcher:F436;433414;42247;256;0;2;195;255;422;430
Listener:Sent_pong;431;3F27
Dispatcher:3F27;433914;60008;256;0;2;204;255;420;431
Listener:Sent_pong;431;8D93
Dispatcher:8D93;434088;37356;256;0;2;206;255;410;431
Listener:Sent_pong;431;CBB8
Dispatcher:CBB8;434124;52519;256;0;2;206;253;404;431
Listener:Sent_pong;431;FCED
Dispatcher:FCED;434180;23732;256;0;2;210;253;404;431
Listener:Sent_pong;431;A7E4
Dispatcher:A7E4;434263;33676;256;0;2;207;255;420;431
Listener:Sent_pong;431;A78F
Dispatcher:A78F;434336;29518;256;0;2;201;249;422;431
Listener:Sent_pong;431;F436
Dispatcher:F436;434423;41191;256;0;2;195;255;423;431
Listener:Sent_pong;432;3F27
Dispatcher:3F27;434921;50944;256;0;2;204;255;421;432
Listener:Sent_pong;432;8D93
Dispatcher:8D93;435102;42920;256;0;2;206;255;411;432
Listener:Sent_pong;432;CBB8
Dispatcher:CBB8;435136;50559;256;0;2;206;253;405;432
Listener:Sent_pong;432;FCED
Dispatcher:FCED;435188;29628;256;0;2;210;253;405;432
Listener:Sent_pong;432;A7E4
Dispatcher:A7E4;435269;22458;256;0;2;207;255;421;432
Listener:Sent_pong;432;A78F
Dispatcher:A78F;435344;25350;256;0;2;201;249;423;432
Listener:Sent_pong;432;F436
Dispatcher:F436;435429;37997;256;0;2;195;255;424;432
Listener:Sent_pong;433;3F27
Dispatcher:3F27;435930;57248;256;0;2;204;255;422;433
Listener:Sent_pong;433;8D93
Dispatcher:8D93;436108;36740;256;0;2;206;255;412;433
Listener:Sent_pong;433;CBB8
Dispatcher:CBB8;436145;49150;256;0;2;206;253;406;433
Listener:Sent_pong;433;FCED
Dispatcher:FCED;436196;25665;256;0;2;210;253;406;433
Listener:Sent_pong;433;A7E4
Dispatcher:A7E4;436277;27216;256;0;2;207;255;422;433
Listener:Sent_pong;433;A78F
Dispatcher:A78F;436354;26384;256;0;2;201;249;424;433
Listener:Sent_pong;433;F436
Dispatcher:F436;436437;38437;256;0;2;195;255;425;433
Listener:Sent_pong;434;3F27
Dispatcher:3F27;436938;57156;256;0;2;204;255;423;434
Listener:Sent_pong;434;8D93
Dispatcher:8D93;437115;36094;256;0;2;206;255;413;434
Listener:Sent_pong;434;CBB8
Dispatcher:CBB8;437154;54794;256;0;2;206;253;407;434
Listener:Sent_pong;434;FCED
Dispatcher:FCED;437207;31116;256;0;2;210;253;407;434
Listener:Sent_pong;434;A7E4
Dispatcher:A7E4;437291;34936;256;0;2;207;255;423;434
Listener:Sent_pong;434;A78F
Dispatcher:A78F;437361;28506;256;0;2;201;249;425;434
Listener:Sent_pong;434;F436
Dispatcher:F436;437445;44415;256;0;2;195;255;426;434
Listener:Sent_pong;435;3F27
Dispatcher:3F27;437947;52866;256;0;2;204;255;424;435
Listener:Sent_pong;435;8D93
Dispatcher:8D93;438130;47994;256;0;2;206;255;414;435
Listener:Sent_pong;435;CBB8
Dispatcher:CBB8;438167;57732;256;0;2;206;253;408;435
Listener:Sent_pong;435;FCED
Dispatcher:FCED;438217;25613;256;0;2;210;253;408;435
Listener:Sent_pong;435;A78F
Dispatcher:A78F;438368;26612;256;0;2;201;249;426;435
Listener:Sent_pong;435;F436
Dispatcher:F436;438454;35743;256;0;2;195;255;427;435
Listener:Sent_pong;436;3F27
Dispatcher:3F27;438956;52058;256;0;2;204;255;425;436
Listener:Sent_pong;436;8D93
Dispatcher:8D93;439137;43562;256;0;2;206;255;415;436
Listener:Sent_pong;436;CBB8
Dispatcher:CBB8;439178;54903;256;0;2;206;253;409;436
Listener:Sent_pong;436;FCED
Dispatcher:FCED;439230;31960;256;0;2;210;253;409;436
Listener:Sent_pong;436;A7E4
Dispatcher:A7E4;439309;29808;256;0;2;207;255;424;436
Listener:Sent_pong;436;A78F
Dispatcher:A78F;439383;34986;256;0;2;201;246;427;436
Listener:Sent_pong;436;F436
Dispatcher:F436;439463;42149;256;0;2;195;255;428;436
Listener:Sent_pong;437;3F27
Dispatcher:3F27;439965;53172;256;0;2;204;255;426;437
Listener:Sent_pong;437;8D93
Dispatcher:8D93;440145;35776;256;0;2;206;255;416;437
Listener:Sent_pong;437;CBB8
Dispatcher:CBB8;440185;24704;256;0;2;206;253;410;437
Listener:Sent_pong;437;FCED
Dispatcher:FCED;440238;26968;256;0;2;210;253;410;437
Listener:Sent_pong;437;A7E4
Dispatcher:A7E4;440321;32716;256;0;2;207;255;425;437
Listener:Sent_pong;437;A78F
Dispatcher:A78F;440392;28222;256;0;2;201;248;428;437
Listener:Sent_pong;437;F436
Dispatcher:F436;440471;39595;256;0;2;195;255;429;437
Listener:Sent_pong;438;3F27
Dispatcher:3F27;440973;49692;256;0;2;204;255;427;438
Listener:Sent_pong;438;8D93
Dispatcher:8D93;441161;34978;256;0;2;206;255;417;438
Listener:Sent_pong;438;CBB8
Dispatcher:CBB8;441194;40518;256;0;2;206;253;411;438
Listener:Sent_pong;438;FCED
Dispatcher:FCED;441247;27920;256;0;2;210;253;411;438
Listener:Sent_pong;438;A7E4
Dispatcher:A7E4;441328;24350;256;0;2;207;255;426;438
Listener:Sent_pong;438;A78F
Dispatcher:A78F;441400;30158;256;0;2;201;249;429;438
Listener:Sent_pong;438;F436
Dispatcher:F436;441478;41835;256;0;2;195;255;430;438
Listener:Sent_pong;439;3F27
Dispatcher:3F27;441980;38888;256;0;2;204;255;428;439
Listener:Sent_pong;439;8D93
Dispatcher:8D93;442170;28228;256;0;2;206;255;418;439
Listener:Sent_pong;439;CBB8
Dispatcher:CBB8;442201;36055;256;0;2;206;253;412;439
Listener:Sent_pong;439;FCED
Dispatcher:FCED;442254;26322;256;0;2;210;253;412;439
Listener:Sent_pong;439;A7E4
Dispatcher:A7E4;442336;25948;256;0;2;207;255;427;439
Listener:Sent_pong;439;A78F
Dispatcher:A78F;442415;34366;256;0;2;201;249;430;439
Listener:Sent_pong;439;F436
Dispatcher:F436;442487;42473;256;0;2;195;255;431;439
Listener:Sent_pong;440;3F27
Dispatcher:3F27;442988;38294;256;0;2;204;255;429;440
Listener:Sent_pong;440;8D93
Dispatcher:8D93;443177;27276;256;0;2;206;255;419;440
Listener:Sent_pong;440;CBB8
Dispatcher:CBB8;443208;36661;256;0;2;206;253;413;440
Listener:Sent_pong;440;FCED
Dispatcher:FCED;443263;29502;256;0;2;210;253;413;440
Listener:Sent_pong;440;A7E4
Dispatcher:A7E4;443350;32750;256;0;2;207;255;428;440
Listener:Sent_pong;440;A78F
Dispatcher:A78F;443424;25330;256;0;2;201;249;431;440
Listener:Sent_pong;440;F436
Dispatcher:F436;443495;37679;256;0;2;195;255;432;440
Listener:Sent_pong;441;3F27
Dispatcher:3F27;443995;40216;256;0;2;204;255;430;441
Listener:Sent_pong;441;8D93
Dispatcher:8D93;444186;28752;256;0;2;206;255;420;441
Listener:Sent_pong;441;CBB8
Dispatcher:CBB8;444215;38914;256;0;2;206;253;414;441
Listener:Sent_pong;441;FCED
Dispatcher:FCED;444270;28056;256;0;2;210;253;414;441
Listener:Sent_pong;441;A7E4
Dispatcher:A7E4;444358;27574;256;0;2;207;255;429;441
Listener:Sent_pong;441;A78F
Dispatcher:A78F;444431;23436;256;0;2;201;249;432;441
Listener:Sent_pong;441;F436
Dispatcher:F436;444503;41827;256;0;2;195;255;433;441
Listener:Sent_pong;442;3F27
Dispatcher:3F27;445002;49860;256;0;2;204;255;431;442
Listener:Sent_pong;442;8D93
Dispatcher:8D93;445193;25994;256;0;2;206;255;421;442
Listener:Sent_pong;442;CBB8
Dispatcher:CBB8;445223;40874;256;0;2;206;253;415;442
Listener:Sent_pong;442;FCED
Dispatcher:FCED;445278;23426;256;0;2;210;253;415;442
Listener:Sent_pong;442;A7E4
Dispatcher:A7E4;445365;25008;256;0;2;207;255;430;442
Listener:Sent_pong;442;A78F
Dispatcher:A78F;445440;28010;256;0;2;201;249;433;442
Listener:Sent_pong;442;F436
Dispatcher:F436;445512;44845;256;0;2;195;255;434;442
Listener:Sent_pong;443;3F27
Dispatcher:3F27;446011;39898;256;0;2;204;255;432;443
Listener:Sent_pong;443;8D93
Dispatcher:8D93;446201;26630;256;0;2;206;255;422;443
Listener:Sent_pong;443;CBB8
Dispatcher:CBB8;446231;39890;256;0;2;206;253;416;443
Listener:Sent_pong;443;FCED
Dispatcher:FCED;446287;29216;256;0;2;210;253;416;443
Listener:Sent_pong;443;A7E4
Dispatcher:A7E4;446380;34024;256;0;2;207;255;431;443
Listener:Sent_pong;443;A78F
Dispatcher:A78F;446449;26120;256;0;2;201;249;434;443
Listener:Sent_pong;443;F436
Dispatcher:F436;446521;41331;256;0;2;195;255;435;443
Listener:Sent_pong;444;3F27
Dispatcher:3F27;447018;40020;256;0;2;204;255;433;444
Listener:Sent_pong;444;8D93
Dispatcher:8D93;447216;35948;256;0;2;206;255;423;444
Listener:Sent_pong;444;CBB8
Dispatcher:CBB8;447242;42309;256;0;2;206;253;417;444
Listener:Sent_pong;444;FCED
Dispatcher:FCED;447296;32824;256;0;2;210;253;417;444
Listener:Sent_pong;444;A7E4
Dispatcher:A7E4;447388;28848;256;0;2;207;255;432;444
Listener:Sent_pong;444;A78F
Dispatcher:A78F;447457;27574;256;0;2;201;249;435;444
Listener:Sent_pong;444;F436
Dispatcher:F436;447529;41219;256;0;2;195;255;436;444
Listener:Sent_pong;445;3F27
Dispatcher:3F27;448026;48750;256;0;2;204;255;434;445
Listener:Sent_pong;445;8D93
Dispatcher:8D93;448225;28524;256;0;2;206;255;424;445
Listener:Sent_pong;445;CBB8
Dispatcher:CBB8;448250;37732;256;0;2;206;253;418;445
Listener:Sent_pong;445;FCED
Dispatcher:FCED;448304;26008;256;0;2;210;253;418;445
Listener:Sent_pong;445;A7E4
Dispatcher:A7E4;448397;26602;256;0;2;207;255;433;445
Listener:Sent_pong;445;A78F
Dispatcher:A78F;448471;33050;256;0;2;201;249;436;445
Listener:Sent_pong;445;F436
Dispatcher:F436;448536;37051;256;0;2;195;255;437;445
Listener:Sent_pong;446;3F27
Dispatcher:3F27;449032;34134;256;0;2;204;255;435;446
Listener:Sent_pong;446;8D93
Dispatcher:8D93;449234;26932;256;0;2;206;255;425;446
Listener:Sent_pong;446;CBB8
Dispatcher:CBB8;449257;41145;256;0;2;206;253;419;446
Listener:Sent_pong;446;FCED
Dispatcher:FCED;449317;31552;256;0;2;210;253;419;446
Listener:Sent_pong;446;A7E4
Dispatcher:A7E4;449410;32398;256;0;2;207;255;434;446
Listener:Sent_pong;446;A78F
Dispatcher:A78F;449480;25356;256;0;2;201;249;437;446
Listener:Sent_pong;446;F436
Dispatcher:F436;449543;38955;256;0;2;195;255;438;446
Listener:Sent_pong;447;3F27
Dispatcher:3F27;450042;40330;256;0;2;204;255;436;447
Listener:Sent_pong;447;8D93
Dispatcher:8D93;450247;29322;256;0;2;206;255;426;447
Listener:Sent_pong;447;CBB8
Dispatcher:CBB8;450268;42222;256;0;2;206;253;420;447
Listener:Sent_pong;447;FCED
Dispatcher:FCED;450326;27898;256;0;2;210;253;420;447
Listener:Sent_pong;447;A7E4
Dispatcher:A7E4;450418;26918;256;0;2;207;255;435;447
Listener:Sent_pong;447;A78F
Dispatcher:A78F;450487;25352;256;0;2;201;249;438;447
Listener:Sent_pong;447;F436
Dispatcher:F436;450558;44109;256;0;2;195;255;439;447
Listener:Sent_pong;448;3F27
Dispatcher:3F27;451051;37358;256;0;2;204;255;437;448
Listener:Sent_pong;448;8D93
Dispatcher:8D93;451256;29488;256;0;2;206;255;427;448
Listener:Sent_pong;448;CBB8
Dispatcher:CBB8;451282;45698;256;0;2;206;253;421;448
Listener:Sent_pong;448;FCED
Dispatcher:FCED;451333;24074;256;0;2;210;253;421;448
Listener:Sent_pong;448;A7E4
Dispatcher:A7E4;451427;27876;256;0;2;207;255;436;448
Listener:Sent_pong;448;A78F
Dispatcher:A78F;451503;35284;256;0;2;201;249;439;448
Listener:Sent_pong;448;F436
Dispatcher:F436;451566;43415;256;0;2;195;255;440;448
Listener:Sent_pong;449;3F27
Dispatcher:3F27;452057;39588;256;0;2;204;255;438;449
Listener:Sent_pong;449;8D93
Dispatcher:8D93;452265;28552;256;0;2;206;255;428;449
Listener:Sent_pong;449;CBB8
Dispatcher:CBB8;452291;40177;256;0;2;206;253;422;449
Listener:Sent_pong;449;FCED
Dispatcher:FCED;452340;26642;256;0;2;210;253;422;449
Listener:Sent_pong;449;A7E4
Dispatcher:A7E4;452437;34526;256;0;2;207;255;437;449
Listener:Sent_pong;449;A78F
Dispatcher:A78F;452511;25972;256;0;2;201;249;440;449
Listener:Sent_pong;449;F436
Dispatcher:F436;452573;39275;256;0;2;195;255;441;449
Listener:Sent_pong;450;3F27
Dispatcher:3F27;453071;44104;256;0;2;204;255;439;450
Listener:Sent_pong;450;8D93
Dispatcher:8D93;453274;27402;256;0;2;206;255;429;450
Listener:Sent_pong;450;CBB8
Dispatcher:CBB8;453298;37636;256;0;2;206;253;423;450
Listener:Sent_pong;450;FCED
Dispatcher:FCED;453347;26924;256;0;2;210;253;423;450
Listener:Sent_pong;450;A7E4
Dispatcher:A7E4;453446;28196;256;0;2;207;255;438;450
Listener:Sent_pong;450;A78F
Dispatcher:A78F;453520;27570;256;0;2;201;249;441;450
Listener:Sent_pong;450;F436
Dispatcher:F436;453595;51967;256;0;2;195;255;442;450
Listener:Sent_pong;451;3F27
Dispatcher:3F27;454080;40532;256;0;2;204;255;440;451
Listener:Sent_pong;451;8D93
Dispatcher:8D93;454282;28906;256;0;2;206;255;430;451
Listener:Sent_pong;451;CBB8
Dispatcher:CBB8;454306;54109;256;0;2;206;253;424;451
Listener:Sent_pong;451;FCED
Dispatcher:FCED;454360;34880;256;0;2;210;253;424;451
Listener:Sent_pong;451;A7E4
Dispatcher:A7E4;454454;29124;256;0;2;207;255;439;451
Listener:Sent_pong;451;A78F
Dispatcher:A78F;454536;36890;256;0;2;201;249;442;451
Listener:Sent_pong;451;F436
Dispatcher:F436;454604;51967;256;0;2;195;255;442;451
Listener:Sent_pong;452;3F27
Dispatcher:3F27;455088;44132;256;0;2;204;255;441;452
Listener:Sent_pong;452;8D93
Dispatcher:8D93;455291;29214;256;0;2;206;255;431;452
Listener:Sent_pong;452;CBB8
Dispatcher:CBB8;455316;40436;256;0;2;206;253;425;452
Listener:Sent_pong;452;FCED
Dispatcher:FCED;455369;25346;256;0;2;210;253;425;452
Listener:Sent_pong;452;A7E4
Dispatcher:A7E4;455467;28952;256;0;2;207;255;440;452
Listener:Sent_pong;452;A78F
Dispatcher:A78F;455544;25016;256;0;2;201;249;443;452
Listener:Sent_pong;452;F436
Dispatcher:F436;455611;39911;256;0;2;195;255;443;452
Listener:Sent_pong;453;3F27
Dispatcher:3F27;456101;45368;256;0;2;204;255;442;453
Listener:Sent_pong;453;8D93
Dispatcher:8D93;456307;32886;256;0;2;206;255;432;453
Listener:Sent_pong;453;FCED
Dispatcher:FCED;456377;27258;256;0;2;210;253;426;453
Listener:Sent_pong;453;A7E4
Dispatcher:A7E4;456475;25002;256;0;2;207;255;441;453
Listener:Sent_pong;453;A78F
Dispatcher:A78F;456551;26936;256;0;2;201;249;444;453
Listener:Sent_pong;453;F436
Dispatcher:F436;456618;35469;256;0;2;195;255;444;453
Listener:Sent_pong;454;3F27
Dispatcher:3F27;457110;39570;256;0;2;204;255;443;454
Listener:Sent_pong;454;8D93
Dispatcher:8D93;457315;32886;256;0;2;206;255;432;454
Listener:Sent_pong;454;CBB8
Dispatcher:CBB8;457353;41645;256;0;2;206;253;426;454
Listener:Sent_pong;454;FCED
Dispatcher:FCED;457384;27934;256;0;2;210;253;427;454
Listener:Sent_pong;454;A7E4
Dispatcher:A7E4;457482;25334;256;0;2;207;255;442;454
Listener:Sent_pong;454;A78F
Dispatcher:A78F;457558;23760;256;0;2;201;249;445;454
Listener:Sent_pong;454;F436
Dispatcher:F436;457625;36733;256;0;2;195;255;445;454
Listener:Sent_pong;455;3F27
Dispatcher:3F27;458117;37342;256;0;2;204;255;444;455
Listener:Sent_pong;455;8D93
Dispatcher:8D93;458322;26612;256;0;2;206;255;433;455
Listener:Sent_pong;455;CBB8
Dispatcher:CBB8;458360;83502;256;0;2;206;253;427;455
Listener:Sent_pong;455;FCED
Dispatcher:FCED;458395;38148;256;0;2;210;253;428;455
Listener:Sent_pong;455;A7E4
Dispatcher:A7E4;458496;31466;256;0;2;207;255;443;455
Listener:Sent_pong;455;A78F
Dispatcher:A78F;458565;25648;256;0;2;201;249;446;455
Listener:Sent_pong;455;F436
Dispatcher:F436;458633;36699;256;0;2;195;255;446;455
Listener:Sent_pong;456;3F27
Dispatcher:3F27;459132;47000;256;0;2;204;255;445;456
Listener:Sent_pong;456;8D93
Dispatcher:8D93;459332;28346;256;0;2;206;255;434;456
Listener:Sent_pong;456;CBB8
Dispatcher:CBB8;459368;38977;256;0;2;206;253;428;456
Listener:Sent_pong;456;FCED
Dispatcher:FCED;459406;31016;256;0;2;210;253;429;456
Listener:Sent_pong;456;A7E4
Dispatcher:A7E4;459505;26916;256;0;2;207;255;444;456
Listener:Sent_pong;456;A78F
Dispatcher:A78F;459572;26592;256;0;2;201;249;447;456
Listener:Sent_pong;456;F436
Dispatcher:F436;459644;44035;256;0;2;195;255;447;456
Listener:Sent_pong;457;3F27
Dispatcher:3F27;460141;38608;256;0;2;204;255;446;457
Listener:Sent_pong;457;8D93
Dispatcher:8D93;460341;29840;256;0;2;206;255;435;457
Listener:Sent_pong;457;CBB8
Dispatcher:CBB8;460375;42419;256;0;2;206;253;429;457
Listener:Sent_pong;457;FCED
Dispatcher:FCED;460417;31128;256;0;2;210;253;430;457
Listener:Sent_pong;457;A7E4
Dispatcher:A7E4;460512;25326;256;0;2;207;255;445;457
Listener:Sent_pong;457;A78F
Dispatcher:A78F;460596;44456;256;0;2;201;249;448;457
Listener:Sent_pong;457;F436
Dispatcher:F436;460651;37359;256;0;2;195;255;448;457
Listener:Sent_pong;458;3F27
Dispatcher:3F27;461150;42116;256;0;2;204;255;447;458
Listener:Sent_pong;458;8D93
Dispatcher:8D93;461349;29192;256;0;2;206;255;436;458
Listener:Sent_pong;458;CBB8
Dispatcher:CBB8;461384;37957;256;0;2;206;253;430;458
Listener:Sent_pong;458;FCED
Dispatcher:FCED;461427;35306;256;0;2;210;253;431;458
Listener:Sent_pong;458;A7E4
Dispatcher:A7E4;461525;32740;256;0;2;207;255;446;458
Listener:Sent_pong;458;A78F
Dispatcher:A78F;461604;26636;256;0;2;201;249;449;458
Listener:Sent_pong;458;F436
Dispatcher:F436;461660;42821;256;0;2;195;255;449;458
Listener:Sent_pong;459;3F27
Dispatcher:3F27;462161;44160;256;0;2;204;255;448;459
Listener:Sent_pong;459;8D93
Dispatcher:8D93;462364;35644;256;0;2;206;255;437;459
Listener:Sent_pong;459;FCED
Dispatcher:FCED;462434;27594;256;0;2;210;253;432;459
Listener:Sent_pong;459;A7E4
Dispatcher:A7E4;462532;24682;256;0;2;207;255;447;459
Listener:Sent_pong;459;A78F
Dispatcher:A78F;462613;26620;256;0;2;201;249;450;459
Listener:Sent_pong;459;F436
Dispatcher:F436;462675;47973;256;0;2;195;255;450;459
Listener:Sent_pong;460;3F27
Dispatcher:3F27;463169;37312;256;0;2;204;255;449;460
Listener:Sent_pong;460;8D93
Dispatcher:8D93;463373;27598;256;0;2;206;255;438;460
Listener:Sent_pong;460;CBB8
Dispatcher:CBB8;463399;43060;256;0;2;206;253;431;460
Listener:Sent_pong;460;FCED
Dispatcher:FCED;463441;27572;256;0;2;210;253;433;460
Listener:Sent_pong;460;A7E4
Dispatcher:A7E4;463541;28508;256;0;2;207;255;448;460
Listener:Sent_pong;460;A78F
Dispatcher:A78F;463620;24358;256;0;2;201;249;451;460
Listener:Sent_pong;460;F436
Dispatcher:F436;463684;38629;256;0;2;195;255;451;460
Listener:Sent_pong;461;3F27
Dispatcher:3F27;464177;40196;256;0;2;204;255;450;461
Listener:Sent_pong;461;8D93
Dispatcher:8D93;464382;33374;256;0;2;205;255;439;461
Listener:Sent_pong;461;CBB8
Dispatcher:CBB8;464414;43060;256;0;2;206;253;431;461
Listener:Sent_pong;461;FCED
Dispatcher:FCED;464450;28568;256;0;2;210;253;434;461
Listener:Sent_pong;461;A7E4
Dispatcher:A7E4;464549;26612;256;0;2;207;255;449;461
Listener:Sent_pong;461;A78F
Dispatcher:A78F;464627;24692;256;0;2;201;249;452;461
Listener:Sent_pong;461;F436
Dispatcher:F436;464691;48449;256;0;2;195;255;452;461
Listener:Sent_pong;462;3F27
Dispatcher:3F27;465190;42528;256;0;2;204;255;451;462
Listener:Sent_pong;462;8D93
Dispatcher:8D93;465390;26764;256;0;2;205;255;440;462
Listener:Sent_pong;462;CBB8
Dispatcher:CBB8;465421;37350;256;0;2;206;253;432;462
Listener:Sent_pong;462;FCED
Dispatcher:FCED;465457;24272;256;0;2;210;253;435;462
Listener:Sent_pong;462;A7E4
Dispatcher:A7E4;465557;27554;256;0;2;207;255;450;462
Listener:Sent_pong;462;A78F
Dispatcher:A78F;465633;26000;256;0;2;201;249;453;462
Listener:Sent_pong;462;F436
Dispatcher:F436;465701;43379;256;0;2;195;255;453;462
Listener:Sent_pong;463;3F27
Dispatcher:3F27;466199;48296;256;0;2;204;255;452;463
Listener:Sent_pong;463;8D93
Dispatcher:8D93;466397;27606;256;0;2;205;255;441;463
Listener:Sent_pong;463;CBB8
Dispatcher:CBB8;466428;38536;256;0;2;206;253;433;463
Listener:Sent_pong;463;FCED
Dispatcher:FCED;466467;29796;256;0;2;210;253;436;463
Listener:Sent_pong;463;A7E4
Dispatcher:A7E4;466565;26592;256;0;2;207;255;451;463
Listener:Sent_pong;463;A78F
Dispatcher:A78F;466647;30514;256;0;2;201;249;454;463
Listener:Sent_pong;463;F436
Dispatcher:F436;466709;38949;256;0;2;195;255;454;463
Listener:Sent_pong;464;3F27
Dispatcher:3F27;467206;44388;256;0;2;204;255;453;464
Listener:Sent_pong;464;8D93
Dispatcher:8D93;467406;29828;256;0;2;205;255;442;464
Listener:Sent_pong;464;CBB8
Dispatcher:CBB8;467436;40205;256;0;2;206;253;434;464
Listener:Sent_pong;464;FCED
Dispatcher:FCED;467476;30930;256;0;2;210;253;437;464
Listener:Sent_pong;464;A7E4
Dispatcher:A7E4;467574;29472;256;0;2;207;255;452;464
Listener:Sent_pong;464;A78F
Dispatcher:A78F;467655;24072;256;0;2;201;249;455;464
Listener:Sent_pong;464;F436
Dispatcher:F436;467717;41539;256;0;2;195;255;455;464
Listener:Sent_pong;465;3F27
Dispatcher:3F27;468219;42820;256;0;2;204;255;454;465
Listener:Sent_pong;465;8D93
Dispatcher:8D93;468422;33208;256;0;2;205;255;443;465
Listener:Sent_pong;465;CBB8
Dispatcher:CBB8;468444;39862;256;0;2;206;253;435;465
Listener:Sent_pong;465;FCED
Dispatcher:FCED;468484;28296;256;0;2;210;253;438;465
Listener:Sent_pong;465;A7E4
Dispatcher:A7E4;468582;27226;256;0;2;207;255;453;465
Listener:Sent_pong;465;A78F
Dispatcher:A78F;468663;27244;256;0;2;201;249;456;465
Listener:Sent_pong;465;F436
Dispatcher:F436;468734;51513;256;0;2;195;255;456;465
Listener:Sent_pong;466;3F27
Dispatcher:3F27;469227;44820;256;0;2;204;255;455;466
Listener:Sent_pong;466;8D93
Dispatcher:8D93;469430;29040;256;0;2;205;255;444;466
Listener:Sent_pong;466;CBB8
Dispatcher:CBB8;469455;44569;256;0;2;206;253;436;466
Listener:Sent_pong;466;FCED
Dispatcher:FCED;469496;29480;256;0;2;210;253;439;466
Listener:Sent_pong;466;A7E4
Dispatcher:A7E4;469590;26276;256;0;2;207;255;454;466
Listener:Sent_pong;466;A78F
Dispatcher:A78F;469677;30140;256;0;2;201;249;457;466
Listener:Sent_pong;466;F436
Dispatcher:F436;469743;51187;256;0;2;195;255;457;466
Listener:Sent_pong;467;3F27
Dispatcher:3F27;470236;36992;256;0;2;204;255;456;467
Listener:Sent_pong;467;8D93
Dispatcher:8D93;470437;28246;256;0;2;205;255;445;467
Listener:Sent_pong;467;CBB8
Dispatcher:CBB8;470464;41547;256;0;2;206;253;437;467
Listener:Sent_pong;467;FCED
Dispatcher:FCED;470504;28752;256;0;2;210;253;440;467
Listener:Sent_pong;467;A7E4
Dispatcher:A7E4;470597;29480;256;0;2;207;255;455;467
Listener:Sent_pong;467;A78F
Dispatcher:A78F;470685;29478;256;0;2;201;249;458;467
Listener:Sent_pong;467;F436
Dispatcher:F436;470751;42163;256;0;2;195;255;458;467
Listener:Sent_pong;468;3F27
Dispatcher:3F27;471250;43232;256;0;2;204;255;457;468
Listener:Sent_pong;468;8D93
Dispatcher:8D93;471452;31988;256;0;2;205;255;446;468
Listener:Sent_pong;468;CBB8
Dispatcher:CBB8;471473;42427;256;0;2;206;253;438;468
Listener:Sent_pong;468;FCED
Dispatcher:FCED;471513;25006;256;0;2;210;253;441;468
Listener:Sent_pong;468;A7E4
Dispatcher:A7E4;471606;25648;256;0;2;207;255;456;468
Listener:Sent_pong;468;A78F
Dispatcher:A78F;471693;27906;256;0;2;201;249;459;468
Listener:Sent_pong;468;F436
Dispatcher:F436;471760;43229;256;0;2;195;255;459;468
Listener:Sent_pong;469;3F27
Dispatcher:3F27;472258;47326;256;0;2;204;255;458;469
Listener:Sent_pong;469;8D93
Dispatcher:8D93;472459;23438;256;0;2;205;255;447;469
Listener:Sent_pong;469;CBB8
Dispatcher:CBB8;472482;40540;256;0;2;206;253;439;469
Listener:Sent_pong;469;FCED
Dispatcher:FCED;472521;42754;256;0;2;210;253;442;469
Listener:Sent_pong;469;A7E4
Dispatcher:A7E4;472614;26910;256;0;2;207;255;457;469
Listener:Sent_pong;469;A78F
Dispatcher:A78F;472705;31548;256;0;2;201;249;460;469
Listener:Sent_pong;469;F436
Dispatcher:F436;472773;52669;256;0;2;195;255;460;469
Listener:Sent_pong;470;3F27
Dispatcher:3F27;473266;41832;256;0;2;204;255;459;470
Listener:Sent_pong;470;8D93
Dispatcher:8D93;473467;25678;256;0;2;205;255;448;470
Listener:Sent_pong;470;CBB8
Dispatcher:CBB8;473489;39925;256;0;2;206;253;440;470
Listener:Sent_pong;470;FCED
Dispatcher:FCED;473528;26362;256;0;2;210;253;443;470
Listener:Sent_pong;470;A7E4
Dispatcher:A7E4;473623;28814;256;0;2;207;255;458;470
Listener:Sent_pong;470;A78F
Dispatcher:A78F;473712;28880;256;0;2;201;249;461;470
Listener:Sent_pong;470;F436
Dispatcher:F436;473780;42485;256;0;2;195;255;461;470
Listener:Sent_pong;471;3F27
Dispatcher:3F27;474278;32846;256;0;2;204;255;460;471
Listener:Sent_pong;471;8D93
Dispatcher:8D93;474480;51596;256;0;2;205;255;449;471
Listener:Sent_pong;471;CBB8
Dispatcher:CBB8;474528;76858;256;0;2;206;253;441;471
Listener:Sent_pong;471;A7E4
Dispatcher:A7E4;474631;24996;256;0;2;206;255;459;471
Listener:Sent_pong;471;A78F
Dispatcher:A78F;474720;28542;256;0;2;201;249;462;471
Listener:Sent_pong;471;F436
Dispatcher:F436;474788;41289;256;0;2;194;255;462;471
Listener:Sent_pong;472;3F27
Dispatcher:3F27;475284;25326;256;0;2;204;255;461;472
Listener:Sent_pong;472;8D93
Dispatcher:8D93;475489;28234;256;0;2;205;255;450;472
Listener:Sent_pong;472;FCED
Dispatcher:FCED;475581;69818;256;0;2;210;253;444;472
Listener:Sent_pong;472;A7E4
Dispatcher:A7E4;475639;28196;256;0;2;206;255;460;472
Listener:Sent_pong;472;A78F
Dispatcher:A78F;475735;34018;256;0;2;201;249;463;472
Listener:Sent_pong;472;F436
Dispatcher:F436;475796;25647;256;0;2;194;255;463;472
Listener:Sent_pong;473;3F27
Dispatcher:3F27;476292;43150;256;0;2;204;255;462;473
Listener:Sent_pong;473;8D93
Dispatcher:8D93;476497;26612;256;0;2;205;255;451;473
Listener:Sent_pong;473;CBB8
Dispatcher:CBB8;476561;61988;256;0;2;206;253;442;473
Listener:Sent_pong;473;FCED
Dispatcher:FCED;476588;38022;256;0;2;210;253;445;473
Listener:Sent_pong;473;A7E4
Dispatcher:A7E4;476647;37670;256;0;2;206;255;461;473
Listener:Sent_pong;473;A78F
Dispatcher:A78F;476742;25012;256;0;2;201;249;464;473
Listener:Sent_pong;473;F436
Dispatcher:F436;476804;31549;256;0;2;194;255;464;473
Listener:Sent_pong;474;3F27
Dispatcher:3F27;477306;47302;256;0;2;204;255;463;474
Listener:Sent_pong;474;8D93
Dispatcher:8D93;477508;27384;256;0;2;205;255;452;474
Listener:Sent_pong;474;CBB8
Dispatcher:CBB8;477570;37051;256;0;2;206;253;443;474
Listener:Sent_pong;474;FCED
Dispatcher:FCED;477607;45324;256;0;2;210;253;446;474
Listener:Sent_pong;474;A7E4
Dispatcher:A7E4;477654;37668;256;0;2;206;255;462;474
Listener:Sent_pong;474;A78F
Dispatcher:A78F;477750;27894;256;0;2;201;249;465;474
Listener:Sent_pong;474;F436
Dispatcher:F436;477819;34017;256;0;2;193;255;465;474
Listener:Sent_pong;475;3F27
Dispatcher:3F27;478314;39550;256;0;2;204;255;464;475
Listener:Sent_pong;475;8D93
Dispatcher:8D93;478516;26330;256;0;2;205;255;453;475
Listener:Sent_pong;475;CBB8
Dispatcher:CBB8;478577;40221;256;0;2;206;253;444;475
Listener:Sent_pong;475;FCED
Dispatcher:FCED;478616;39420;256;0;2;210;253;447;475
Listener:Sent_pong;475;A7E4
Dispatcher:A7E4;478662;36706;256;0;2;206;255;463;475
Listener:Sent_pong;475;A78F
Dispatcher:A78F;478764;30516;256;0;2;201;249;466;475
Listener:Sent_pong;475;F436
Dispatcher:F436;478827;25041;256;0;2;193;255;466;475
Listener:Sent_pong;476;3F27
Dispatcher:3F27;479322;43398;256;0;2;204;255;465;476
Listener:Sent_pong;476;8D93
Dispatcher:8D93;479523;27272;256;0;2;205;255;454;476
Listener:Sent_pong;476;CBB8
Dispatcher:CBB8;479585;43863;256;0;2;206;253;445;476
Listener:Sent_pong;476;FCED
Dispatcher:FCED;479626;40364;256;0;2;210;253;448;476
Listener:Sent_pong;476;A7E4
Dispatcher:A7E4;479671;29484;256;0;2;206;255;464;476
Listener:Sent_pong;476;A78F
Dispatcher:A78F;479773;26606;256;0;2;201;249;467;476
Listener:Sent_pong;476;F436
Dispatcher:F436;479834;34359;256;0;2;193;255;467;476
Listener:Sent_pong;477;3F27
Dispatcher:3F27;480335;55054;256;0;2;204;255;466;477
Listener:Sent_pong;477;8D93
Dispatcher:8D93;480538;35582;256;0;2;205;255;455;477
Listener:Sent_pong;477;CBB8
Dispatcher:CBB8;480592;38303;256;0;2;206;253;446;477
Listener:Sent_pong;477;FCED
Dispatcher:FCED;480635;39306;256;0;2;210;253;449;477
Listener:Sent_pong;477;A7E4
Dispatcher:A7E4;480678;25972;256;0;2;206;255;465;477
Listener:Sent_pong;477;A78F
Dispatcher:A78F;480781;24694;256;0;2;201;249;468;477
Listener:Sent_pong;477;F436
Dispatcher:F436;480849;35133;256;0;2;193;255;468;477
Listener:Sent_pong;478;3F27
Dispatcher:3F27;481342;42528;256;0;2;204;255;467;478
Listener:Sent_pong;478;8D93
Dispatcher:8D93;481546;28218;256;0;2;205;255;456;478
Listener:Sent_pong;478;CBB8
Dispatcher:CBB8;481601;39563;256;0;2;206;253;447;478
Listener:Sent_pong;478;A7E4
Dispatcher:A7E4;481686;24690;256;0;2;206;255;466;478
Listener:Sent_pong;478;A78F
Dispatcher:A78F;481791;28490;256;0;2;201;249;469;478
Listener:Sent_pong;478;F436
Dispatcher:F436;481856;31651;256;0;2;193;255;469;478
Listener:Sent_pong;479;3F27
Dispatcher:3F27;482349;43502;256;0;2;204;255;468;479
Listener:Sent_pong;479;8D93
Dispatcher:8D93;482555;27892;256;0;2;205;255;457;479
Listener:Sent_pong;479;CBB8
Dispatcher:CBB8;482609;67492;256;0;2;206;253;448;479
Listener:Sent_pong;479;FCED
Dispatcher:FCED;482654;38946;256;0;2;210;253;450;479
Listener:Sent_pong;479;A7E4
Dispatcher:A7E4;482694;26302;256;0;2;206;255;467;479
Listener:Sent_pong;479;A78F
Dispatcher:A78F;482800;28196;256;0;2;201;249;470;479
Listener:Sent_pong;479;F436
Dispatcher:F436;482872;35935;256;0;2;193;255;470;479
Listener:Sent_pong;480;3F27
Dispatcher:3F27;483364;45350;256;0;2;204;255;469;480
Listener:Sent_pong;480;8D93
Dispatcher:8D93;483569;33470;256;0;2;205;255;458;480
Listener:Sent_pong;480;CBB8
Dispatcher:CBB8;483618;43087;256;0;2;206;253;449;480
Listener:Sent_pong;480;FCED
Dispatcher:FCED;483662;44542;256;0;2;210;253;451;480
Listener:Sent_pong;480;A7E4
Dispatcher:A7E4;483703;29352;256;0;2;206;255;468;480
Listener:Sent_pong;480;A78F
Dispatcher:A78F;483808;25964;256;0;2;201;249;471;480
Listener:Sent_pong;480;F436
Dispatcher:F436;483879;26625;256;0;2;193;255;471;480
Listener:Sent_pong;481;3F27
Dispatcher:3F27;484372;42452;256;0;2;204;255;470;481
Listener:Sent_pong;481;8D93
Dispatcher:8D93;484576;28876;256;0;2;205;255;459;481
Listener:Sent_pong;481;CBB8
Dispatcher:CBB8;484627;40851;256;0;2;206;253;450;481
Listener:Sent_pong;481;FCED
Dispatcher:FCED;484670;35760;256;0;2;210;253;452;481
Listener:Sent_pong;481;A7E4
Dispatcher:A7E4;484712;27220;256;0;2;206;255;469;481
Listener:Sent_pong;481;A78F
Dispatcher:A78F;484821;29042;256;0;2;201;249;472;481
Listener:Sent_pong;481;F436
Dispatcher:F436;484888;27263;256;0;2;193;255;472;481
Listener:Sent_pong;482;3F27
Dispatcher:3F27;485380;36060;256;0;2;204;255;471;482
Listener:Sent_pong;482;8D93
Dispatcher:8D93;485585;27910;256;0;2;205;255;460;482
Listener:Sent_pong;482;CBB8
Dispatcher:CBB8;485634;48745;256;0;2;206;253;451;482
Listener:Sent_pong;482;FCED
Dispatcher:FCED;485682;45610;256;0;2;210;253;453;482
Listener:Sent_pong;482;A7E4
Dispatcher:A7E4;485721;28988;256;0;2;206;255;470;482
Listener:Sent_pong;482;A78F
Dispatcher:A78F;485829;25354;256;0;2;201;249;473;482
Listener:Sent_pong;482;F436
Dispatcher:F436;485894;22483;256;0;2;193;255;473;482
Listener:Sent_pong;483;3F27
Dispatcher:3F27;486393;42194;256;0;2;204;255;472;483
Listener:Sent_pong;483;8D93
Dispatcher:8D93;486596;28484;256;0;2;205;255;461;483
Listener:Sent_pong;483;CBB8
Dispatcher:CBB8;486641;36994;256;0;2;206;253;452;483
Listener:Sent_pong;483;FCED
Dispatcher:FCED;486695;46340;256;0;2;210;253;454;483
Listener:Sent_pong;483;A7E4
Dispatcher:A7E4;486732;27372;256;0;2;206;255;471;483
Listener:Sent_pong;483;A78F
Dispatcher:A78F;486837;23734;256;0;2;201;249;474;483
Listener:Sent_pong;483;F436
Dispatcher:F436;486908;48923;256;0;2;193;255;474;483
Listener:Sent_pong;484;3F27
Dispatcher:3F27;487402;55730;256;0;2;204;255;473;484
Listener:Sent_pong;484;8D93
Dispatcher:8D93;487603;38026;256;0;2;205;255;462;484
Listener:Sent_pong;484;CBB8
Dispatcher:CBB8;487648;48827;256;0;2;206;253;453;484
Listener:Sent_pong;484;FCED
Dispatcher:FCED;487702;27278;256;0;2;210;253;455;484
Listener:Sent_pong;484;A7E4
Dispatcher:A7E4;487741;30106;256;0;2;206;255;472;484
Listener:Sent_pong;484;A78F
Dispatcher:A78F;487850;33834;256;0;2;201;249;475;484
Listener:Sent_pong;484;F436
Dispatcher:F436;487917;48141;256;0;2;193;255;475;484
Listener:Sent_pong;485;3F27
Dispatcher:3F27;488410;50314;256;0;2;204;255;474;485
Listener:Sent_pong;485;8D93
Dispatcher:8D93;488612;39608;256;0;2;205;255;463;485
Listener:Sent_pong;485;CBB8
Dispatcher:CBB8;488656;51397;256;0;2;206;253;454;485
Listener:Sent_pong;485;FCED
Dispatcher:FCED;488710;26935;256;0;2;210;253;456;485
Listener:Sent_pong;485;A7E4
Dispatcher:A7E4;488750;29814;256;0;2;206;255;473;485
Listener:Sent_pong;485;A78F
Dispatcher:A78F;488859;29170;256;0;2;201;249;476;485
Listener:Sent_pong;485;F436
Dispatcher:F436;488926;44719;256;0;2;193;255;476;485
Listener:Sent_pong;486;3F27
Dispatcher:3F27;489422;58354;256;0;2;204;255;475;486
Listener:Sent_pong;486;8D93
Dispatcher:8D93;489626;44744;256;0;2;205;255;464;486
Listener:Sent_pong;486;CBB8
Dispatcher:CBB8;489663;51239;256;0;2;206;253;455;486
Listener:Sent_pong;486;FCED
Dispatcher:FCED;489719;34414;256;0;2;210;253;457;486
Listener:Sent_pong;486;A7E4
Dispatcher:A7E4;489759;29154;256;0;2;206;255;474;486
Listener:Sent_pong;486;A78F
Dispatcher:A78F;489868;27900;256;0;2;201;249;477;486
Listener:Sent_pong;486;F436
Dispatcher:F436;489935;39267;256;0;2;193;255;477;486
Listener:Sent_pong;487;3F27
Dispatcher:3F27;490430;52330;256;0;2;204;255;476;487
Listener:Sent_pong;487;8D93
Dispatcher:8D93;490633;41306;256;0;2;205;255;465;487
Listener:Sent_pong;487;CBB8
Dispatcher:CBB8;490671;55658;256;0;2;206;253;456;487
Listener:Sent_pong;487;FCED
Dispatcher:FCED;490726;27583;256;0;2;210;253;458;487
Listener:Sent_pong;487;A7E4
Dispatcher:A7E4;490773;34020;256;0;2;206;255;475;487
Listener:Sent_pong;487;A78F
Dispatcher:A78F;490880;28338;256;0;2;201;249;478;487
Listener:Sent_pong;487;F436
Dispatcher:F436;490942;35463;256;0;2;193;255;478;487
Listener:Sent_pong;488;3F27
Dispatcher:3F27;491438;49968;256;0;2;204;255;477;488
Listener:Sent_pong;488;8D93
Dispatcher:8D93;491641;39578;256;0;2;205;255;466;488
Listener:Sent_pong;488;CBB8
Dispatcher:CBB8;491679;49025;256;0;2;206;253;457;488
Listener:Sent_pong;488;FCED
Dispatcher:FCED;491735;24734;256;0;2;210;253;459;488
Listener:Sent_pong;488;A7E4
Dispatcher:A7E4;491782;30246;256;0;2;206;255;476;488
Listener:Sent_pong;488;A78F
Dispatcher:A78F;491888;28218;256;0;2;201;249;479;488
Listener:Sent_pong;488;F436
Dispatcher:F436;491949;41975;256;0;2;193;255;479;488
Listener:Sent_pong;489;3F27
Dispatcher:3F27;492452;56744;256;0;2;204;255;478;489
Listener:Sent_pong;489;8D93
Dispatcher:8D93;492656;53826;256;0;2;205;255;467;489
Listener:Sent_pong;489;CBB8
Dispatcher:CBB8;492689;71721;256;0;2;206;253;458;489
Listener:Sent_pong;489;FCED
Dispatcher:FCED;492758;47247;256;0;2;210;253;460;489
Listener:Sent_pong;489;A7E4
Dispatcher:A7E4;492789;26582;256;0;2;206;255;477;489
Listener:Sent_pong;489;A78F
Dispatcher:A78F;492897;30120;256;0;2;201;249;480;489
Listener:Sent_pong;489;F436
Dispatcher:F436;492964;48381;256;0;2;193;255;480;489
Listener:Sent_pong;490;3F27
Dispatcher:3F27;493458;50290;256;0;2;204;255;479;490
Listener:Sent_pong;490;8D93
Dispatcher:8D93;493664;53826;256;0;2;205;255;467;490
Listener:Sent_pong;490;CBB8
Dispatcher:CBB8;493697;52562;256;0;2;206;253;459;490
Listener:Sent_pong;490;FCED
Dispatcher:FCED;493767;29306;256;0;2;210;253;461;490
Listener:Sent_pong;490;A7E4
Dispatcher:A7E4;493801;32102;256;0;2;206;255;478;490
Listener:Sent_pong;490;A78F
Dispatcher:A78F;493910;32438;256;0;2;201;249;481;490
Listener:Sent_pong;490;F436
Dispatcher:F436;493971;36723;256;0;2;193;255;481;490
Listener:Sent_pong;491;3F27
Dispatcher:3F27;494465;50290;256;0;2;204;255;480;491
Listener:Sent_pong;491;8D93
Dispatcher:8D93;494672;38322;256;0;2;205;255;468;491
Listener:Sent_pong;491;CBB8
Dispatcher:CBB8;494706;51090;256;0;2;206;253;460;491
Listener:Sent_pong;491;FCED
Dispatcher:FCED;494775;26948;256;0;2;210;253;462;491
Listener:Sent_pong;491;A7E4
Dispatcher:A7E4;494809;28530;256;0;2;206;255;479;491
Listener:Sent_pong;491;A78F
Dispatcher:A78F;494920;30254;256;0;2;201;249;482;491
Listener:Sent_pong;491;F436
Dispatcher:F436;494979;41849;256;0;2;193;255;482;491
Listener:Sent_pong;492;3F27
Dispatcher:3F27;495482;61872;256;0;2;204;255;481;492
Listener:Sent_pong;492;8D93
Dispatcher:8D93;495683;55318;256;0;2;205;255;469;492
Listener:Sent_pong;492;CBB8
Dispatcher:CBB8;495714;70008;256;0;2;206;253;461;492
Listener:Sent_pong;492;FCED
Dispatcher:FCED;495787;31239;256;0;2;210;253;463;492
Listener:Sent_pong;492;A7E4
Dispatcher:A7E4;495816;27246;256;0;2;206;255;480;492
Listener:Sent_pong;492;A78F
Dispatcher:A78F;495933;31566;256;0;2;201;249;483;492
Listener:Sent_pong;492;F436
Dispatcher:F436;495996;49365;256;0;2;193;255;483;492
Listener:Sent_pong;493;3F27
Dispatcher:3F27;496490;50642;256;0;2;204;255;482;493
Listener:Sent_pong;493;8D93
Dispatcher:8D93;496691;44208;256;0;2;205;255;470;493
Listener:Sent_pong;493;CBB8
Dispatcher:CBB8;496736;67923;256;0;2;206;253;462;493
Listener:Sent_pong;493;FCED
Dispatcher:FCED;496796;26624;256;0;2;210;253;464;493
Listener:Sent_pong;493;A7E4
Dispatcher:A7E4;496830;32234;256;0;2;206;255;481;493
Listener:Sent_pong;493;A78F
Dispatcher:A78F;496941;28196;256;0;2;201;249;484;493
Listener:Sent_pong;493;F436
Dispatcher:F436;497005;47705;256;0;2;193;255;484;493
Listener:Sent_pong;494;3F27
Dispatcher:3F27;497498;51266;256;0;2;204;255;483;494
Listener:Sent_pong;494;8D93
Dispatcher:8D93;497698;36710;256;0;2;205;255;471;494
Listener:Sent_pong;494;CBB8
Dispatcher:CBB8;497745;52989;256;0;2;206;253;463;494
Listener:Sent_pong;494;FCED
Dispatcher:FCED;497803;23439;256;0;2;210;253;465;494
Listener:Sent_pong;494;A7E4
Dispatcher:A7E4;497838;23708;256;0;2;206;255;482;494
Listener:Sent_pong;494;A78F
Dispatcher:A78F;497949;27276;256;0;2;201;249;485;494
Listener:Sent_pong;494;F436
Dispatcher:F436;498013;39585;256;0;2;193;255;485;494
Listener:Sent_pong;495;3F27
Dispatcher:3F27;498511;61550;256;0;2;204;255;484;495
Listener:Sent_pong;495;8D93
Dispatcher:8D93;498707;45800;256;0;2;205;255;472;495
Listener:Sent_pong;495;CBB8
Dispatcher:CBB8;498754;52510;256;0;2;206;253;464;495
Listener:Sent_pong;495;FCED
Dispatcher:FCED;498811;27396;256;0;2;210;253;466;495
Listener:Sent_pong;495;A7E4
Dispatcher:A7E4;498845;26908;256;0;2;206;255;483;495
Listener:Sent_pong;495;A78F
Dispatcher:A78F;498957;28542;256;0;2;201;249;486;495
Listener:Sent_pong;495;F436
Dispatcher:F436;499022;41213;256;0;2;193;255;486;495
Listener:Sent_pong;496;3F27
Dispatcher:3F27;499520;54274;256;0;2;204;255;485;496
Listener:Sent_pong;496;8D93
Dispatcher:8D93;499714;36076;256;0;2;205;255;473;496
Listener:Sent_pong;496;CBB8
Dispatcher:CBB8;499762;55218;256;0;2;206;253;465;496
Listener:Sent_pong;496;FCED
Dispatcher:FCED;499839;48560;256;0;2;210;253;467;496
Listener:Sent_pong;496;A7E4
Dispatcher:A7E4;499869;42652;256;0;2;206;255;484;496
Listener:Sent_pong;496;A78F
Dispatcher:A78F;499965;28660;256;0;2;201;249;487;496
Listener:Sent_pong;496;F436
Dispatcher:F436;500029;50867;256;0;2;193;255;487;496
Listener:Sent_pong;497;3F27
Dispatcher:3F27;500527;49666;256;0;2;204;255;486;497
Listener:Sent_pong;497;8D93
Dispatcher:8D93;500720;35752;256;0;2;205;255;474;497
Listener:Sent_pong;497;CBB8
Dispatcher:CBB8;500770;26295;256;0;2;206;253;466;497
Listener:Sent_pong;497;FCED
Dispatcher:FCED;500845;25022;256;0;2;210;253;468;497
Listener:Sent_pong;497;A7E4
Dispatcher:A7E4;500877;27556;256;0;2;206;255;485;497
Listener:Sent_pong;497;A78F
Dispatcher:A78F;500972;23752;256;0;2;201;249;488;497
Listener:Sent_pong;497;F436
Dispatcher:F436;501037;37987;256;0;2;193;255;488;497
Listener:Sent_pong;498;3F27
Dispatcher:3F27;501540;53880;256;0;2;204;255;487;498
Listener:Sent_pong;498;8D93
Dispatcher:8D93;501728;49694;256;0;2;205;255;475;498
Listener:Sent_pong;498;CBB8
Dispatcher:CBB8;501776;26747;256;0;2;206;253;467;498
Listener:Sent_pong;498;FCED
Dispatcher:FCED;501854;25022;256;0;2;210;253;468;498
Listener:Sent_pong;498;A7E4
Dispatcher:A7E4;501909;47890;256;0;2;206;255;486;498
Listener:Sent_pong;498;A78F
Dispatcher:A78F;501981;27578;256;0;2;201;249;489;498
Listener:Sent_pong;498;F436
Dispatcher:F436;502054;51333;256;0;2;193;255;489;498
Listener:Sent_pong;499;3F27
Dispatcher:3F27;502548;51654;256;0;2;204;255;488;499
Listener:Sent_pong;499;8D93
Dispatcher:8D93;502736;36732;256;0;2;205;255;476;499
Listener:Sent_pong;499;CBB8
Dispatcher:CBB8;502784;56403;256;0;2;206;253;468;499
Listener:Sent_pong;499;FCED
Dispatcher:FCED;502860;26302;256;0;2;210;253;469;499
Listener:Sent_pong;499;A7E4
Dispatcher:A7E4;502917;25990;256;0;2;206;255;487;499
Listener:Sent_pong;499;A78F
Dispatcher:A78F;502996;36592;256;0;2;201;249;490;499
Listener:Sent_pong;499;F436
Dispatcher:F436;503063;52267;256;0;2;193;255;490;499
Listener:Sent_pong;500;3F27
Dispatcher:3F27;503557;57346;256;0;2;204;255;489;500
Listener:Sent_pong;500;8D93
Dispatcher:8D93;503745;38332;256;0;2;205;255;477;500
Listener:Sent_pong;500;CBB8
Dispatcher:CBB8;503792;26004;256;0;2;206;253;469;500
Listener:Sent_pong;500;FCED
Dispatcher:FCED;503867;23758;256;0;2;210;253;470;500
Listener:Sent_pong;500;A7E4
Dispatcher:A7E4;503924;25924;256;0;2;206;255;488;500
Listener:Sent_pong;500;A78F
Dispatcher:A78F;504004;26626;256;0;2;201;249;491;500
Listener:Sent_pong;500;F436
Dispatcher:F436;504072;41199;256;0;2;193;255;491;500
Listener:Sent_pong;501;3F27
Dispatcher:3F27;504570;54890;256;0;2;204;255;490;501
Listener:Sent_pong;501;8D93
Dispatcher:8D93;504751;40340;256;0;2;205;255;478;501
Listener:Sent_pong;501;CBB8
Dispatcher:CBB8;504800;27281;256;0;2;206;253;470;501
Listener:Sent_pong;501;FCED
Dispatcher:FCED;504874;24390;256;0;2;210;253;471;501
Listener:Sent_pong;501;A7E4
Dispatcher:A7E4;504933;28514;256;0;2;206;255;489;501
Listener:Sent_pong;501;A78F
Dispatcher:A78F;505012;27232;256;0;2;201;249;492;501
Listener:Sent_pong;501;F436
Dispatcher:F436;505081;38325;256;0;2;193;255;492;501
Listener:Sent_pong;502;3F27
Dispatcher:3F27;505578;48074;256;0;2;204;255;491;502
Listener:Sent_pong;502;8D93
Dispatcher:8D93;505759;25688;256;0;2;205;255;479;502
Listener:Sent_pong;502;CBB8
Dispatcher:CBB8;505808;25981;256;0;2;206;253;471;502
Listener:Sent_pong;502;FCED
Dispatcher:FCED;505883;28528;256;0;2;210;253;472;502
Listener:Sent_pong;502;A7E4
Dispatcher:A7E4;505941;26910;256;0;2;206;255;490;502
Listener:Sent_pong;502;A78F
Dispatcher:A78F;506027;35608;256;0;2;201;249;493;502
Listener:Sent_pong;502;F436
Dispatcher:F436;506089;38993;256;0;2;193;255;493;502
Listener:Sent_pong;503;3F27
Dispatcher:3F27;506585;40046;256;0;2;204;255;492;503
Listener:Sent_pong;503;8D93
Dispatcher:8D93;506767;25990;256;0;2;205;255;480;503
Listener:Sent_pong;503;CBB8
Dispatcher:CBB8;506816;26918;256;0;2;206;253;472;503
Listener:Sent_pong;503;FCED
Dispatcher:FCED;506891;26656;256;0;2;210;253;473;503
Listener:Sent_pong;503;A7E4
Dispatcher:A7E4;506948;27580;256;0;2;206;255;491;503
Listener:Sent_pong;503;A78F
Dispatcher:A78F;507035;26618;256;0;2;201;249;494;503
Listener:Sent_pong;503;F436
Dispatcher:F436;507098;40853;256;0;2;193;255;494;503
Listener:Sent_pong;504;3F27
Dispatcher:3F27;507596;44306;256;0;2;204;255;493;504
Listener:Sent_pong;504;8D93
Dispatcher:8D93;507775;33476;256;0;2;205;255;481;504
Listener:Sent_pong;504;CBB8
Dispatcher:CBB8;507824;25037;256;0;2;206;253;473;504
Listener:Sent_pong;504;FCED
Dispatcher:FCED;507904;31866;256;0;2;210;253;474;504
Listener:Sent_pong;504;A7E4
Dispatcher:A7E4;507955;25654;256;0;2;206;255;492;504
Listener:Sent_pong;504;A78F
Dispatcher:A78F;508044;25988;256;0;2;201;249;495;504
Listener:Sent_pong;504;F436
Dispatcher:F436;508111;44157;256;0;2;193;255;495;504
Listener:Sent_pong;505;3F27
Dispatcher:3F27;508604;37322;256;0;2;204;255;494;505
Listener:Sent_pong;505;8D93
Dispatcher:8D93;508783;29502;256;0;2;205;255;482;505
Listener:Sent_pong;505;CBB8
Dispatcher:CBB8;508833;31880;256;0;2;206;253;474;505
Listener:Sent_pong;505;FCED
Dispatcher:FCED;508913;27908;256;0;2;210;253;475;505
Listener:Sent_pong;505;A7E4
Dispatcher:A7E4;508964;29484;256;0;2;206;255;493;505
Listener:Sent_pong;505;A78F
Dispatcher:A78F;509055;30884;256;0;2;201;249;496;505
Listener:Sent_pong;505;F436
Dispatcher:F436;509118;44857;256;0;2;193;255;496;505
Listener:Sent_pong;506;3F27
Dispatcher:3F27;509611;43456;256;0;2;204;255;495;506
Listener:Sent_pong;506;8D93
Dispatcher:8D93;509790;25364;256;0;2;205;255;483;506
Listener:Sent_pong;506;CBB8
Dispatcher:CBB8;509840;24075;256;0;2;206;253;475;506
Listener:Sent_pong;506;FCED
Dispatcher:FCED;509921;26632;256;0;2;210;253;476;506
Listener:Sent_pong;506;A7E4
Dispatcher:A7E4;509971;32044;256;0;2;206;255;494;506
Listener:Sent_pong;506;A78F
Dispatcher:A78F;510063;28216;256;0;2;201;249;497;506
Listener:Sent_pong;506;F436
Dispatcher:F436;510125;37025;256;0;2;193;255;497;506
Listener:Sent_pong;507;3F27
Dispatcher:3F27;510627;45698;256;0;2;204;255;496;507
Listener:Sent_pong;507;8D93
Dispatcher:8D93;510797;26002;256;0;2;205;255;484;507
Listener:Sent_pong;507;CBB8
Dispatcher:CBB8;510849;33180;256;0;2;206;253;476;507
Listener:Sent_pong;507;FCED
Dispatcher:FCED;510928;26560;256;0;2;210;253;477;507
Listener:Sent_pong;507;A7E4
Dispatcher:A7E4;510980;26290;256;0;2;206;255;495;507
Listener:Sent_pong;507;A78F
Dispatcher:A78F;511069;23240;256;0;2;201;249;498;507
Listener:Sent_pong;507;F436
Dispatcher:F436;511139;43477;256;0;2;193;255;498;507
Listener:Sent_pong;508;3F27
Dispatcher:3F27;511635;43546;256;0;2;204;255;497;508
Listener:Sent_pong;508;8D93
Dispatcher:8D93;511805;27264;256;0;2;205;255;485;508
Listener:Sent_pong;508;CBB8
Dispatcher:CBB8;511857;25983;256;0;2;206;253;477;508
Listener:Sent_pong;508;FCED
Dispatcher:FCED;511936;26946;256;0;2;210;253;478;508
Listener:Sent_pong;508;A7E4
Dispatcher:A7E4;511988;26090;256;0;2;206;255;496;508
Listener:Sent_pong;508;A78F
Dispatcher:A78F;512077;27754;256;0;2;201;249;499;508
Listener:Sent_pong;508;F436
Dispatcher:F436;512148;39277;256;0;2;193;255;499;508
Listener:Sent_pong;509;3F27
Dispatcher:3F27;512642;36712;256;0;2;204;255;498;509
Listener:Sent_pong;509;8D93
Dispatcher:8D93;512812;29302;256;0;2;205;255;486;509
Listener:Sent_pong;509;CBB8
Dispatcher:CBB8;512865;28538;256;0;2;206;253;478;509
Listener:Sent_pong;509;FCED
Dispatcher:FCED;512943;24392;256;0;2;210;253;479;509
Listener:Sent_pong;509;A7E4
Dispatcher:A7E4;512997;26620;256;0;2;206;255;497;509
Listener:Sent_pong;509;A78F
Dispatcher:A78F;513085;25978;256;0;2;201;249;500;509
Listener:Sent_pong;509;F436
Dispatcher:F436;513155;38311;256;0;2;193;255;500;509
Listener:Sent_pong;510;3F27
Dispatcher:3F27;513655;44098;256;0;2;204;255;499;510
Listener:Sent_pong;510;8D93
Dispatcher:8D93;513821;25012;256;0;2;205;255;487;510
Listener:Sent_pong;510;CBB8
Dispatcher:CBB8;513873;27248;256;0;2;206;253;479;510
Listener:Sent_pong;510;FCED
Dispatcher:FCED;513951;25986;256;0;2;210;253;480;510
Listener:Sent_pong;510;A7E4
Dispatcher:A7E4;514006;30752;256;0;2;206;255;498;510
Listener:Sent_pong;510;A78F
Dispatcher:A78F;514092;23440;256;0;2;201;249;501;510
Listener:Sent_pong;510;F436
Dispatcher:F436;514171;47785;256;0;2;193;255;501;510
Listener:Sent_pong;511;3F27
Dispatcher:3F27;514662;40194;256;0;2;204;255;500;511
Listener:Sent_pong;511;8D93
Dispatcher:8D93;514829;27890;256;0;2;205;255;488;511
Listener:Sent_pong;511;CBB8
Dispatcher:CBB8;514881;36716;256;0;2;206;253;480;511
Listener:Sent_pong;511;FCED
Dispatcher:FCED;514960;27578;256;0;2;210;253;481;511
Listener:Sent_pong;511;A7E4
Dispatcher:A7E4;515015;27254;256;0;2;206;255;499;511
Listener:Sent_pong;511;A78F
Dispatcher:A78F;515098;24398;256;0;2;201;249;502;511
Listener:Sent_pong;511;F436
Dispatcher:F436;515178;41011;256;0;2;193;255;502;511
Listener:Sent_pong;512;3F27
Dispatcher:3F27;515670;46710;256;0;2;204;255;501;512
Listener:Sent_pong;512;8D93
Dispatcher:8D93;515843;31486;256;0;2;205;255;489;512
Listener:Sent_pong;512;CBB8
Dispatcher:CBB8;515888;26607;256;0;2;206;253;481;512
Listener:Sent_pong;512;FCED
Dispatcher:FCED;515966;22472;256;0;2;210;253;482;512
Listener:Sent_pong;512;A7E4
Dispatcher:A7E4;516023;25646;256;0;2;206;255;500;512
Listener:Sent_pong;512;A78F
Dispatcher:A78F;516105;26926;256;0;2;201;249;503;512
Listener:Sent_pong;512;F436
Dispatcher:F436;516187;43113;256;0;2;193;255;503;512
Listener:Sent_pong;513;3F27
Dispatcher:3F27;516684;47748;256;0;2;204;255;502;513
Listener:Sent_pong;513;8D93
Dispatcher:8D93;516851;28246;256;0;2;205;255;490;513
Listener:Sent_pong;513;CBB8
Dispatcher:CBB8;516897;28233;256;0;2;206;253;482;513
Listener:Sent_pong;513;FCED
Dispatcher:FCED;516973;26218;256;0;2;210;253;483;513
Listener:Sent_pong;513;A7E4
Dispatcher:A7E4;517032;28832;256;0;2;206;255;501;513
Listener:Sent_pong;513;A78F
Dispatcher:A78F;517112;28846;256;0;2;201;249;504;513
Listener:Sent_pong;513;F436
Dispatcher:F436;517199;43903;256;0;2;193;255;504;513
Listener:Sent_pong;514;3F27
Dispatcher:3F27;517692;39546;256;0;2;204;255;503;514
Listener:Sent_pong;514;8D93
Dispatcher:8D93;517858;25052;256;0;2;205;255;491;514
Listener:Sent_pong;514;CBB8
Dispatcher:CBB8;517904;23770;256;0;2;206;253;483;514
Listener:Sent_pong;514;FCED
Dispatcher:FCED;517981;24394;256;0;2;210;253;484;514
Listener:Sent_pong;514;A7E4
Dispatcher:A7E4;518040;26280;256;0;2;206;255;502;514
Listener:Sent_pong;514;A78F
Dispatcher:A78F;518120;36384;256;0;2;201;249;505;514
Listener:Sent_pong;514;F436
Dispatcher:F436;518206;44637;256;0;2;193;255;505;514
Listener:Sent_pong;515;3F27
Dispatcher:3F27;518701;38310;256;0;2;204;255;504;515
Listener:Sent_pong;515;8D93
Dispatcher:8D93;518873;36248;256;0;2;205;255;492;515
Listener:Sent_pong;515;CBB8
Dispatcher:CBB8;518911;26632;256;0;2;206;253;484;515
Listener:Sent_pong;515;FCED
Dispatcher:FCED;518989;26644;256;0;2;210;253;485;515
Listener:Sent_pong;515;A7E4
Dispatcher:A7E4;519046;25300;256;0;2;206;255;503;515
Listener:Sent_pong;515;A78F
Dispatcher:A78F;519126;26312;256;0;2;201;249;506;515
Listener:Sent_pong;515;F436
Dispatcher:F436;519213;44985;256;0;2;193;255;506;515
Listener:Sent_pong;516;3F27
Dispatcher:3F27;519715;42826;256;0;2;204;255;505;516
Listener:Sent_pong;516;8D93
Dispatcher:8D93;519880;26290;256;0;2;205;255;493;516
Listener:Sent_pong;516;CBB8
Dispatcher:CBB8;519919;28547;256;0;2;206;253;485;516
Listener:Sent_pong;516;FCED
Dispatcher:FCED;519997;25674;256;0;2;210;253;486;516
Listener:Sent_pong;516;A7E4
Dispatcher:A7E4;520053;24688;256;0;2;206;255;504;516
Listener:Sent_pong;516;A78F
Dispatcher:A78F;520133;25364;256;0;2;201;249;507;516
Listener:Sent_pong;516;F436
Dispatcher:F436;520228;46997;256;0;2;193;255;507;516
Listener:Sent_pong;517;3F27
Dispatcher:3F27;520724;50958;256;0;2;204;255;506;517
Listener:Sent_pong;517;8D93
Dispatcher:8D93;520889;29170;256;0;2;205;255;494;517
Listener:Sent_pong;517;CBB8
Dispatcher:CBB8;520928;30479;256;0;2;206;253;486;517
Listener:Sent_pong;517;FCED
Dispatcher:FCED;521005;27266;256;0;2;210;253;487;517
Listener:Sent_pong;517;A7E4
Dispatcher:A7E4;521063;27144;256;0;2;206;255;505;517
Listener:Sent_pong;517;A78F
Dispatcher:A78F;521141;26276;256;0;2;201;249;508;517
Listener:Sent_pong;517;F436
Dispatcher:F436;521235;37351;256;0;2;193;255;508;517
Listener:Sent_pong;518;3F27
Dispatcher:3F27;521732;37346;256;0;2;204;255;507;518
Listener:Sent_pong;518;8D93
Dispatcher:8D93;521903;31300;256;0;2;205;255;495;518
Listener:Sent_pong;518;CBB8
Dispatcher:CBB8;521936;24381;256;0;2;206;253;487;518
Listener:Sent_pong;518;FCED
Dispatcher:FCED;522013;24710;256;0;2;210;253;488;518
Listener:Sent_pong;518;A7E4
Dispatcher:A7E4;522070;23076;256;0;2;206;255;506;518
Listener:Sent_pong;518;A78F
Dispatcher:A78F;522147;22764;256;0;2;201;249;509;518
Listener:Sent_pong;518;F436
Dispatcher:F436;522242;45175;256;0;2;193;255;509;518
Listener:Sent_pong;519;3F27
Dispatcher:3F27;522745;40656;256;0;2;204;255;508;519
Listener:Sent_pong;519;8D93
Dispatcher:8D93;522910;23108;256;0;2;205;255;496;519
Listener:Sent_pong;519;CBB8
Dispatcher:CBB8;522944;23748;256;0;2;206;253;488;519
Listener:Sent_pong;519;FCED
Dispatcher:FCED;523022;27278;256;0;2;210;253;489;519
Listener:Sent_pong;519;A7E4
Dispatcher:A7E4;523078;26598;256;0;2;206;255;507;519
Listener:Sent_pong;519;A78F
Dispatcher:A78F;523154;25324;256;0;2;201;249;510;519
Listener:Sent_pong;519;F436
Dispatcher:F436;523259;46665;256;0;2;193;255;510;519
Listener:Sent_pong;520;3F27
Dispatcher:3F27;523752;37640;256;0;2;204;255;509;520
Listener:Sent_pong;520;8D93
Dispatcher:8D93;523917;26934;256;0;2;205;255;497;520
Listener:Sent_pong;520;CBB8
Dispatcher:CBB8;523952;24381;256;0;2;206;253;489;520
Listener:Sent_pong;520;FCED
Dispatcher:FCED;524030;27572;256;0;2;210;253;490;520
Listener:Sent_pong;520;A7E4
Dispatcher:A7E4;524092;29540;256;0;2;206;255;508;520
Listener:Sent_pong;520;A78F
Dispatcher:A78F;524161;23094;256;0;2;201;249;511;520
Listener:Sent_pong;520;F436
Dispatcher:F436;524267;41029;256;0;2;193;255;511;520
Listener:Sent_pong;521;3F27
Dispatcher:3F27;524761;40832;256;0;2;204;255;510;521
Listener:Sent_pong;521;8D93
Dispatcher:8D93;524930;31554;256;0;2;205;255;498;521
Listener:Sent_pong;521;CBB8
Dispatcher:CBB8;524958;23767;256;0;2;206;253;490;521
Listener:Sent_pong;521;FCED
Dispatcher:FCED;525037;24390;256;0;2;210;253;491;521
Listener:Sent_pong;521;A7E4
Dispatcher:A7E4;525100;24348;256;0;2;206;255;509;521
Listener:Sent_pong;521;A78F
Dispatcher:A78F;525168;23092;256;0;2;201;249;512;521
Listener:Sent_pong;521;F436
Dispatcher:F436;525274;37043;256;0;2;193;255;512;521
Listener:Sent_pong;522;3F27
Dispatcher:3F27;525774;46874;256;0;2;204;255;511;522
Listener:Sent_pong;522;8D93
Dispatcher:8D93;525937;25648;256;0;2;205;255;499;522
Listener:Sent_pong;522;CBB8
Dispatcher:CBB8;525965;25806;256;0;2;206;253;491;522
Listener:Sent_pong;522;FCED
Dispatcher:FCED;526045;25020;256;0;2;210;253;492;522
Listener:Sent_pong;522;A7E4
Dispatcher:A7E4;526108;25642;256;0;2;206;255;510;522
Listener:Sent_pong;522;A78F
Dispatcher:A78F;526184;36104;256;0;2;201;249;513;522
Listener:Sent_pong;522;F436
Dispatcher:F436;526284;41267;256;0;2;193;255;513;522
Listener:Sent_pong;523;3F27
Dispatcher:3F27;526783;48608;256;0;2;204;255;512;523
Listener:Sent_pong;523;8D93
Dispatcher:8D93;526946;25994;256;0;2;205;255;500;523
Listener:Sent_pong;523;CBB8
Dispatcher:CBB8;526973;26302;256;0;2;206;253;492;523
Listener:Sent_pong;523;FCED
Dispatcher:FCED;527053;26308;256;0;2;210;253;493;523
Listener:Sent_pong;523;A7E4
Dispatcher:A7E4;527121;33038;256;0;2;206;255;511;523
Listener:Sent_pong;523;A78F
Dispatcher:A78F;527192;26616;256;0;2;201;249;514;523
Listener:Sent_pong;523;F436
Dispatcher:F436;527291;38331;256;0;2;193;255;514;523
Listener:Sent_pong;524;3F27
Dispatcher:3F27;527792;43420;256;0;2;204;255;513;524
Listener:Sent_pong;524;8D93
Dispatcher:8D93;527962;36272;256;0;2;205;255;501;524
Listener:Sent_pong;524;CBB8
Dispatcher:CBB8;527986;31985;256;0;2;206;253;493;524
Listener:Sent_pong;524;FCED
Dispatcher:FCED;528062;27914;256;0;2;210;253;494;524
Listener:Sent_pong;524;A7E4
Dispatcher:A7E4;528129;25972;256;0;2;206;255;512;524
Listener:Sent_pong;524;A78F
Dispatcher:A78F;528200;25988;256;0;2;201;249;515;524
Listener:Sent_pong;524;F436
Dispatcher:F436;528300;41533;256;0;2;193;255;515;524
Listener:Sent_pong;525;3F27
Dispatcher:3F27;528800;38414;256;0;2;204;255;514;525
Listener:Sent_pong;525;8D93
Dispatcher:8D93;528970;27264;256;0;2;205;255;502;525
Listener:Sent_pong;525;CBB8
Dispatcher:CBB8;528994;28221;256;0;2;206;253;494;525
Listener:Sent_pong;525;FCED
Dispatcher:FCED;529070;25358;256;0;2;210;253;495;525
Listener:Sent_pong;525;A7E4
Dispatcher:A7E4;529137;25344;256;0;2;206;255;513;525
Listener:Sent_pong;525;A78F
Dispatcher:A78F;529214;30194;256;0;2;201;249;516;525
Listener:Sent_pong;525;F436
Dispatcher:F436;529317;48731;256;0;2;193;255;516;525
Listener:Sent_pong;526;3F27
Dispatcher:3F27;529808;36666;256;0;2;204;255;515;526
Listener:Sent_pong;526;8D93
Dispatcher:8D93;529978;25658;256;0;2;205;255;503;526
Listener:Sent_pong;526;CBB8
Dispatcher:CBB8;530002;27909;256;0;2;206;253;495;526
Listener:Sent_pong;526;FCED
Dispatcher:FCED;530079;29850;256;0;2;210;253;496;526
Listener:Sent_pong;526;A7E4
Dispatcher:A7E4;530149;30618;256;0;2;206;255;514;526
Listener:Sent_pong;526;A78F
Dispatcher:A78F;530221;24044;256;0;2;201;249;517;526
Listener:Sent_pong;526;F436
Dispatcher:F436;530326;47311;256;0;2;193;255;517;526
Listener:Sent_pong;527;3F27
Dispatcher:3F27;530816;35430;256;0;2;204;255;516;527
Listener:Sent_pong;527;8D93
Dispatcher:8D93;530987;28674;256;0;2;205;255;504;527
Listener:Sent_pong;527;CBB8
Dispatcher:CBB8;531011;26758;256;0;2;206;253;496;527
Listener:Sent_pong;527;FCED
Dispatcher:FCED;531087;26634;256;0;2;210;253;497;527
Listener:Sent_pong;527;A7E4
Dispatcher:A7E4;531158;26260;256;0;2;206;255;515;527
Listener:Sent_pong;527;A78F
Dispatcher:A78F;531227;25354;256;0;2;201;249;518;527
Listener:Sent_pong;527;F436
Dispatcher:F436;531335;49121;256;0;2;193;255;518;527
Listener:Sent_pong;528;3F27
Dispatcher:3F27;531830;45196;256;0;2;204;255;517;528
Listener:Sent_pong;528;8D93
Dispatcher:8D93;531994;25318;256;0;2;205;255;505;528
Listener:Sent_pong;528;CBB8
Dispatcher:CBB8;532020;26938;256;0;2;206;253;497;528
Listener:Sent_pong;528;FCED
Dispatcher:FCED;532095;28548;256;0;2;210;253;498;528
Listener:Sent_pong;528;A7E4
Dispatcher:A7E4;532167;27890;256;0;2;206;255;516;528
Listener:Sent_pong;528;A78F
Dispatcher:A78F;532234;29622;256;0;2;201;249;519;528
Listener:Sent_pong;528;F436
Dispatcher:F436;532342;39595;256;0;2;193;255;519;528
Listener:Sent_pong;529;3F27
Dispatcher:3F27;532837;38598;256;0;2;204;255;518;529
Listener:Sent_pong;529;8D93
Dispatcher:8D93;533001;26612;256;0;2;205;255;506;529
Listener:Sent_pong;529;CBB8
Dispatcher:CBB8;533027;29159;256;0;2;206;253;498;529
Listener:Sent_pong;529;FCED
Dispatcher:FCED;533102;25990;256;0;2;210;253;499;529
Listener:Sent_pong;529;A7E4
Dispatcher:A7E4;533182;38614;256;0;2;206;255;517;529
Listener:Sent_pong;529;A78F
Dispatcher:A78F;533243;25332;256;0;2;201;249;520;529
Listener:Sent_pong;529;F436
Dispatcher:F436;533349;53615;256;0;2;193;255;520;529
Listener:Sent_pong;530;3F27
Dispatcher:3F27;533845;41468;256;0;2;204;255;519;530
Listener:Sent_pong;530;8D93
Dispatcher:8D93;534016;34058;256;0;2;205;255;507;530
Listener:Sent_pong;530;CBB8
Dispatcher:CBB8;534038;30264;256;0;2;206;253;499;530
Listener:Sent_pong;530;FCED
Dispatcher:FCED;534111;35060;256;0;2;210;253;500;530
Listener:Sent_pong;530;A7E4
Dispatcher:A7E4;534189;26034;256;0;2;206;255;518;530
Listener:Sent_pong;530;A78F
Dispatcher:A78F;534251;23422;256;0;2;201;249;521;530
Listener:Sent_pong;530;F436
Dispatcher:F436;534356;37669;256;0;2;193;255;521;530
Listener:Sent_pong;531;3F27
Dispatcher:3F27;534859;33382;256;0;2;204;255;520;531
Listener:Sent_pong;531;8D93
Dispatcher:8D93;535025;28218;256;0;2;205;255;508;531
Listener:Sent_pong;531;CBB8
Dispatcher:CBB8;535048;30003;256;0;2;206;253;500;531
Listener:Sent_pong;531;FCED
Dispatcher:FCED;535119;25986;256;0;2;210;253;501;531
Listener:Sent_pong;531;A7E4
Dispatcher:A7E4;535197;25624;256;0;2;206;255;519;531
Listener:Sent_pong;531;A78F
Dispatcher:A78F;535257;26196;256;0;2;201;249;522;531
Listener:Sent_pong;531;F436
Dispatcher:F436;535363;40823;256;0;2;193;255;522;531
Listener:Sent_pong;532;3F27
Dispatcher:3F27;535867;37652;256;0;2;204;255;521;532
Listener:Sent_pong;532;8D93
Dispatcher:8D93;536032;26320;256;0;2;205;255;509;532
Listener:Sent_pong;532;CBB8
Dispatcher:CBB8;536056;26939;256;0;2;206;253;501;532
Listener:Sent_pong;532;FCED
Dispatcher:FCED;536127;26296;256;0;2;210;253;502;532
Listener:Sent_pong;532;A7E4
Dispatcher:A7E4;536211;31448;256;0;2;206;255;520;532
Listener:Sent_pong;532;A78F
Dispatcher:A78F;536264;24698;256;0;2;201;249;523;532
Listener:Sent_pong;532;F436
Dispatcher:F436;536369;25975;256;0;2;193;255;523;532
Listener:Sent_pong;533;3F27
Dispatcher:3F27;536875;39254;256;0;2;204;255;522;533
Listener:Sent_pong;533;8D93
Dispatcher:8D93;537050;34478;256;0;2;205;255;510;533
Listener:Sent_pong;533;CBB8
Dispatcher:CBB8;537072;48767;256;0;2;206;253;502;533
Listener:Sent_pong;533;FCED
Dispatcher:FCED;537133;42948;256;0;2;210;253;503;533
Listener:Sent_pong;533;A7E4
Dispatcher:A7E4;537218;42082;256;0;2;206;255;521;533
Listener:Sent_pong;533;A78F
Dispatcher:A78F;537273;28248;256;0;2;201;249;524;533
Listener:Sent_pong;533;F436
Dispatcher:F436;537377;26933;256;0;2;193;255;524;533
Listener:Sent_pong;534;3F27
Dispatcher:3F27;537887;40992;256;0;2;204;255;523;534
Listener:Sent_pong;534;8D93
Dispatcher:8D93;538059;26940;256;0;2;205;255;511;534
Listener:Sent_pong;534;CBB8
Dispatcher:CBB8;538082;51956;256;0;2;206;253;503;534
Listener:Sent_pong;534;FCED
Dispatcher:FCED;538140;38300;256;0;2;210;253;504;534
Listener:Sent_pong;534;A7E4
Dispatcher:A7E4;538227;42430;256;0;2;206;255;522;534
Listener:Sent_pong;534;A78F
Dispatcher:A78F;538281;35460;256;0;2;201;249;525;534
Listener:Sent_pong;534;F436
Dispatcher:F436;538385;32529;256;0;2;193;255;525;534
Listener:Sent_pong;535;3F27
Dispatcher:3F27;538895;40830;256;0;2;204;255;524;535
Listener:Sent_pong;535;8D93
Dispatcher:8D93;539067;26948;256;0;2;205;255;512;535
Listener:Sent_pong;535;CBB8
Dispatcher:CBB8;539091;37696;256;0;2;206;253;504;535
Listener:Sent_pong;535;FCED
Dispatcher:FCED;539148;37696;256;0;2;210;253;505;535
Listener:Sent_pong;535;A7E4
Dispatcher:A7E4;539239;43876;256;0;2;206;255;523;535
Listener:Sent_pong;535;A78F
Dispatcher:A78F;539289;28849;256;0;2;201;249;526;535
Listener:Sent_pong;535;F436
Dispatcher:F436;539393;26637;256;0;2;193;255;526;535
Listener:Sent_pong;536;3F27
Dispatcher:3F27;539903;40846;256;0;2;204;255;525;536
Listener:Sent_pong;536;8D93
Dispatcher:8D93;540074;25356;256;0;2;205;255;513;536
Listener:Sent_pong;536;CBB8
Dispatcher:CBB8;540100;39293;256;0;2;206;253;505;536
Listener:Sent_pong;536;FCED
Dispatcher:FCED;540156;42934;256;0;2;210;253;506;536
Listener:Sent_pong;536;A7E4
Dispatcher:A7E4;540248;29780;256;0;2;206;255;524;536
Listener:Sent_pong;536;A78F
Dispatcher:A78F;540297;25686;256;0;2;201;249;527;536
Listener:Sent_pong;536;F436
Dispatcher:F436;540401;30693;256;0;2;193;255;527;536
Listener:Sent_pong;537;3F27
Dispatcher:3F27;540916;42920;256;0;2;204;255;526;537
Listener:Sent_pong;537;8D93
Dispatcher:8D93;541082;27886;256;0;2;205;255;514;537
Listener:Sent_pong;537;CBB8
Dispatcher:CBB8;541108;37990;256;0;2;206;253;506;537
Listener:Sent_pong;537;FCED
Dispatcher:FCED;541164;36714;256;0;2;210;253;507;537
Listener:Sent_pong;537;A7E4
Dispatcher:A7E4;541255;26266;256;0;2;206;255;525;537
Listener:Sent_pong;537;A78F
Dispatcher:A78F;541305;25348;256;0;2;201;249;528;537
Listener:Sent_pong;537;F436
Dispatcher:F436;541407;30919;256;0;2;193;255;528;537
Listener:Sent_pong;538;3F27
Dispatcher:3F27;541925;46098;256;0;2;204;255;527;538
Listener:Sent_pong;538;8D93
Dispatcher:8D93;542091;29514;256;0;2;205;255;515;538
Listener:Sent_pong;538;CBB8
Dispatcher:CBB8;542115;35877;256;0;2;206;253;507;538
Listener:Sent_pong;538;FCED
Dispatcher:FCED;542172;39924;256;0;2;210;253;508;538
Listener:Sent_pong;538;A7E4
Dispatcher:A7E4;542268;32108;256;0;2;206;255;526;538
Listener:Sent_pong;538;A78F
Dispatcher:A78F;542312;26292;256;0;2;201;249;529;538
Listener:Sent_pong;538;F436
Dispatcher:F436;542415;25347;256;0;2;193;255;529;538
Listener:Sent_pong;539;3F27
Dispatcher:3F27;542933;41504;256;0;2;204;255;528;539
Listener:Sent_pong;539;8D93
Dispatcher:8D93;543106;29514;256;0;2;205;255;515;539
Listener:Sent_pong;539;CBB8
Dispatcher:CBB8;543136;55041;256;0;2;206;253;508;539
Listener:Sent_pong;539;FCED
Dispatcher:FCED;543180;42660;256;0;2;210;253;509;539
Listener:Sent_pong;539;A7E4
Dispatcher:A7E4;543276;29482;256;0;2;206;255;527;539
Listener:Sent_pong;539;A78F
Dispatcher:A78F;543319;25646;256;0;2;201;249;530;539
Listener:Sent_pong;539;F436
Dispatcher:F436;543422;28533;256;0;2;193;255;530;539
Listener:Sent_pong;540;3F27
Dispatcher:3F27;543946;46680;256;0;2;204;255;529;540
Listener:Sent_pong;540;8D93
Dispatcher:8D93;544112;26608;256;0;2;205;255;516;540
Listener:Sent_pong;540;CBB8
Dispatcher:CBB8;544146;39378;256;0;2;206;253;509;540
Listener:Sent_pong;540;FCED
Dispatcher:FCED;544187;41492;256;0;2;210;253;510;540
Listener:Sent_pong;540;A7E4
Dispatcher:A7E4;544283;26596;256;0;2;206;255;528;540
Listener:Sent_pong;540;A78F
Dispatcher:A78F;544328;25338;256;0;2;201;249;531;540
Listener:Sent_pong;540;F436
Dispatcher:F436;544431;27281;256;0;2;193;255;531;540
Listener:Sent_pong;541;3F27
Dispatcher:3F27;544953;46848;256;0;2;204;255;530;541
Listener:Sent_pong;541;8D93
Dispatcher:8D93;545120;25962;256;0;2;205;255;517;541
Listener:Sent_pong;541;CBB8
Dispatcher:CBB8;545153;35743;256;0;2;206;253;510;541
Listener:Sent_pong;541;FCED
Dispatcher:FCED;545196;39272;256;0;2;210;253;511;541
Listener:Sent_pong;541;A7E4
Dispatcher:A7E4;545297;33050;256;0;2;206;255;529;541
Listener:Sent_pong;541;A78F
Dispatcher:A78F;545336;24052;256;0;2;201;249;532;541
Listener:Sent_pong;541;F436
Dispatcher:F436;545439;26635;256;0;2;193;255;532;541
Listener:Sent_pong;542;3F27
Dispatcher:3F27;545962;44364;256;0;2;204;255;531;542
Listener:Sent_pong;542;8D93
Dispatcher:8D93;546135;36934;256;0;2;205;255;518;542
Listener:Sent_pong;542;CBB8
Dispatcher:CBB8;546160;39918;256;0;2;206;253;511;542
Listener:Sent_pong;542;A7E4
Dispatcher:A7E4;546306;29508;256;0;2;206;255;530;542
Listener:Sent_pong;542;A78F
Dispatcher:A78F;546344;23744;256;0;2;201;249;533;542
Listener:Sent_pong;542;F436
Dispatcher:F436;546446;24053;256;0;2;193;255;533;542
Listener:Sent_pong;543;3F27
Dispatcher:3F27;546976;45400;256;0;2;204;255;532;543
Listener:Sent_pong;543;8D93
Dispatcher:8D93;547144;36934;256;0;2;205;255;518;543
Listener:Sent_pong;543;CBB8
Dispatcher:CBB8;547192;39918;256;0;2;206;253;511;543
Listener:Sent_pong;543;FCED
Dispatcher:FCED;547231;40878;256;0;2;210;253;512;543
Listener:Sent_pong;543;A7E4
Dispatcher:A7E4;547313;27262;256;0;2;206;255;531;543
Listener:Sent_pong;543;A78F
Dispatcher:A78F;547351;27586;256;0;2;201;249;534;543
Listener:Sent_pong;543;F436
Dispatcher:F436;547454;37387;256;0;2;193;255;534;543
Listener:Sent_pong;544;3F27
Dispatcher:3F27;547985;60368;256;0;2;204;255;533;544
Listener:Sent_pong;544;8D93
Dispatcher:8D93;548151;41536;256;0;2;205;255;519;544
Listener:Sent_pong;544;CBB8
Dispatcher:CBB8;548201;55226;256;0;2;206;253;512;544
Listener:Sent_pong;544;FCED
Dispatcher:FCED;548256;43123;256;0;2;210;253;513;544
Listener:Sent_pong;544;A7E4
Dispatcher:A7E4;548325;29550;256;0;2;206;255;532;544
Listener:Sent_pong;544;A78F
Dispatcher:A78F;548359;29476;256;0;2;201;249;535;544
Listener:Sent_pong;544;F436
Dispatcher:F436;548462;36087;256;0;2;193;255;535;544
Listener:Sent_pong;545;3F27
Dispatcher:3F27;548992;49016;256;0;2;204;255;534;545
Listener:Sent_pong;545;8D93
Dispatcher:8D93;549165;47268;256;0;2;205;255;520;545
Listener:Sent_pong;545;CBB8
Dispatcher:CBB8;549209;54468;256;0;2;206;253;513;545
Listener:Sent_pong;545;FCED
Dispatcher:FCED;549267;29020;256;0;2;210;253;514;545
Listener:Sent_pong;545;A7E4
Dispatcher:A7E4;549333;27228;256;0;2;206;255;533;545
Listener:Sent_pong;545;A78F
Dispatcher:A78F;549374;33700;256;0;2;201;249;536;545
Listener:Sent_pong;545;F436
Dispatcher:F436;549477;45863;256;0;2;193;255;536;545
Listener:Sent_pong;546;3F27
Dispatcher:3F27;550008;55472;256;0;2;204;255;535;546
Listener:Sent_pong;546;8D93
Dispatcher:8D93;550173;40378;256;0;2;205;255;521;546
Listener:Sent_pong;546;CBB8
Dispatcher:CBB8;550217;55102;256;0;2;206;253;514;546
Listener:Sent_pong;546;FCED
Dispatcher:FCED;550274;27579;256;0;2;210;253;515;546
Listener:Sent_pong;546;A7E4
Dispatcher:A7E4;550341;28844;256;0;2;206;255;534;546
Listener:Sent_pong;546;A78F
Dispatcher:A78F;550381;27258;256;0;2;201;249;537;546
Listener:Sent_pong;546;F436
Dispatcher:F436;550484;40997;256;0;2;193;255;537;546
Listener:Sent_pong;547;3F27
Dispatcher:3F27;551016;54756;256;0;2;204;255;536;547
Listener:Sent_pong;547;8D93
Dispatcher:8D93;551182;41194;256;0;2;205;255;522;547
Listener:Sent_pong;547;CBB8
Dispatcher:CBB8;551225;49955;256;0;2;206;253;515;547
Listener:Sent_pong;547;FCED
Dispatcher:FCED;551281;23724;256;0;2;210;253;516;547
Listener:Sent_pong;547;A7E4
Dispatcher:A7E4;551357;35906;256;0;2;206;255;535;547
Listener:Sent_pong;547;A78F
Dispatcher:A78F;551390;28520;256;0;2;201;249;538;547
Listener:Sent_pong;547;F436
Dispatcher:F436;551492;38629;256;0;2;193;255;538;547
Listener:Sent_pong;548;3F27
Dispatcher:3F27;552024;53824;256;0;2;204;255;537;548
Listener:Sent_pong;548;8D93
Dispatcher:8D93;552193;43218;256;0;2;205;255;523;548
Listener:Sent_pong;548;CBB8
Dispatcher:CBB8;552233;49352;256;0;2;206;253;516;548
Listener:Sent_pong;548;FCED
Dispatcher:FCED;552288;28353;256;0;2;210;253;517;548
Listener:Sent_pong;548;A7E4
Dispatcher:A7E4;552365;25970;256;0;2;206;255;536;548
Listener:Sent_pong;548;A78F
Dispatcher:A78F;552403;32760;256;0;2;201;249;539;548
Listener:Sent_pong;548;F436
Dispatcher:F436;552504;44209;256;0;2;193;255;539;548
Listener:Sent_pong;549;3F27
Dispatcher:3F27;553033;58294;256;0;2;204;255;538;549
Listener:Sent_pong;549;8D93
Dispatcher:8D93;553202;45094;256;0;2;205;255;524;549
Listener:Sent_pong;549;CBB8
Dispatcher:CBB8;553241;57738;256;0;2;206;253;517;549
Listener:Sent_pong;549;FCED
Dispatcher:FCED;553298;32416;256;0;2;210;253;518;549
Listener:Sent_pong;549;A7E4
Dispatcher:A7E4;553373;26928;256;0;2;206;255;537;549
Listener:Sent_pong;549;A78F
Dispatcher:A78F;553411;26624;256;0;2;201;249;540;549
Listener:Sent_pong;549;F436
Dispatcher:F436;553513;41175;256;0;2;193;255;540;549
Listener:Sent_pong;550;3F27
Dispatcher:3F27;554042;54130;256;0;2;204;255;539;550
Listener:Sent_pong;550;8D93
Dispatcher:8D93;554210;38940;256;0;2;205;255;525;550
Listener:Sent_pong;550;CBB8
Dispatcher:CBB8;554250;56971;256;0;2;206;253;518;550
Listener:Sent_pong;550;FCED
Dispatcher:FCED;554305;24380;256;0;2;210;253;519;550
Listener:Sent_pong;550;A7E4
Dispatcher:A7E4;554387;30570;256;0;2;206;255;538;550
Listener:Sent_pong;550;A78F
Dispatcher:A78F;554419;26608;256;0;2;201;249;541;550
Listener:Sent_pong;550;F436
Dispatcher:F436;554521;38011;256;0;2;193;255;541;550
Listener:Sent_pong;551;3F27
Dispatcher:3F27;555050;47126;256;0;2;204;255;540;551
Listener:Sent_pong;551;8D93
Dispatcher:8D93;555224;44384;256;0;2;205;255;526;551
Listener:Sent_pong;551;CBB8
Dispatcher:CBB8;555259;51272;256;0;2;206;253;519;551
Listener:Sent_pong;551;FCED
Dispatcher:FCED;555312;24064;256;0;2;210;253;520;551
Listener:Sent_pong;551;A7E4
Dispatcher:A7E4;555394;25644;256;0;2;206;255;539;551
Listener:Sent_pong;551;A78F
Dispatcher:A78F;555431;32494;256;0;2;201;249;542;551
Listener:Sent_pong;551;F436
Dispatcher:F436;555531;41471;256;0;2;193;255;542;551
Listener:Sent_pong;552;3F27
Dispatcher:3F27;556063;56250;256;0;2;204;255;541;552
Listener:Sent_pong;552;8D93
Dispatcher:8D93;556231;40682;256;0;2;205;255;527;552
Listener:Sent_pong;552;CBB8
Dispatcher:CBB8;556268;53185;256;0;2;206;253;520;552
Listener:Sent_pong;552;FCED
Dispatcher:FCED;556320;27916;256;0;2;210;253;521;552
Listener:Sent_pong;552;A7E4
Dispatcher:A7E4;556401;26282;256;0;2;206;255;540;552
Listener:Sent_pong;552;A78F
Dispatcher:A78F;556440;26636;256;0;2;201;249;543;552
Listener:Sent_pong;552;F436
Dispatcher:F436;556538;36093;256;0;2;193;255;543;552
Listener:Sent_pong;553;3F27
Dispatcher:3F27;557071;50888;256;0;2;204;255;542;553
Listener:Sent_pong;553;8D93
Dispatcher:8D93;557240;36712;256;0;2;205;255;528;553
Listener:Sent_pong;553;CBB8
Dispatcher:CBB8;557276;48355;256;0;2;206;253;521;553
Listener:Sent_pong;553;FCED
Dispatcher:FCED;557327;27568;256;0;2;210;253;522;553
Listener:Sent_pong;553;A7E4
Dispatcher:A7E4;557413;29208;256;0;2;206;255;541;553
Listener:Sent_pong;553;A78F
Dispatcher:A78F;557447;25322;256;0;2;201;249;544;553
Listener:Sent_pong;553;F436
Dispatcher:F436;557545;38639;256;0;2;193;255;544;553
Listener:Sent_pong;554;3F27
Dispatcher:3F27;558078;59496;256;0;2;204;255;543;554
Listener:Sent_pong;554;8D93
Dispatcher:8D93;558250;43394;256;0;2;205;255;529;554
Listener:Sent_pong;554;CBB8
Dispatcher:CBB8;558287;55061;256;0;2;206;253;522;554
Listener:Sent_pong;554;FCED
Dispatcher:FCED;558338;27528;256;0;2;210;253;523;554
Listener:Sent_pong;554;A7E4
Dispatcher:A7E4;558421;28504;256;0;2;206;255;542;554
Listener:Sent_pong;554;A78F
Dispatcher:A78F;558461;32568;256;0;2;201;249;545;554
Listener:Sent_pong;554;F436
Dispatcher:F436;558561;45411;256;0;2;193;255;545;554
Listener:Sent_pong;555;3F27
Dispatcher:3F27;559093;56092;256;0;2;204;255;544;555
Listener:Sent_pong;555;8D93
Dispatcher:8D93;559257;40240;256;0;2;205;255;530;555
Listener:Sent_pong;555;CBB8
Dispatcher:CBB8;559295;53859;256;0;2;206;253;523;555
Listener:Sent_pong;555;FCED
Dispatcher:FCED;559347;30191;256;0;2;210;253;524;555
Listener:Sent_pong;555;A7E4
Dispatcher:A7E4;559429;26928;256;0;2;206;255;543;555
Listener:Sent_pong;555;A78F
Dispatcher:A78F;559469;27890;256;0;2;201;249;546;555
Listener:Sent_pong;555;F436
Dispatcher:F436;559570;51969;256;0;2;193;255;546;555
Listener:Sent_pong;556;3F27
Dispatcher:3F27;560100;52856;256;0;2;204;255;545;556
Listener:Sent_pong;556;8D93
Dispatcher:8D93;560264;37352;256;0;2;205;255;531;556
Listener:Sent_pong;556;CBB8
Dispatcher:CBB8;560303;52848;256;0;2;206;253;524;556
Listener:Sent_pong;556;FCED
Dispatcher:FCED;560356;26688;256;0;2;210;253;525;556
Listener:Sent_pong;556;A7E4
Dispatcher:A7E4;560443;32112;256;0;2;206;255;544;556
Listener:Sent_pong;556;A78F
Dispatcher:A78F;560476;27888;256;0;2;201;249;547;556
Listener:Sent_pong;556;F436
Dispatcher:F436;560578;38965;256;0;2;193;255;547;556
Listener:Sent_pong;557;3F27
Dispatcher:3F27;561109;50950;256;0;2;204;255;546;557
Listener:Sent_pong;557;8D93
Dispatcher:8D93;561278;45542;256;0;2;205;255;532;557
Listener:Sent_pong;557;CBB8
Dispatcher:CBB8;561314;70864;256;0;2;206;253;525;557
Listener:Sent_pong;557;FCED
Dispatcher:FCED;561364;38597;256;0;2;210;253;526;557
Listener:Sent_pong;557;A7E4
Dispatcher:A7E4;561450;24374;256;0;2;206;255;545;557
Listener:Sent_pong;557;A78F
Dispatcher:A78F;561492;33058;256;0;2;201;249;548;557
Listener:Sent_pong;557;F436
Dispatcher:F436;561593;50511;256;0;2;193;255;548;557
Listener:Sent_pong;558;3F27
Dispatcher:3F27;562123;63782;256;0;2;204;255;547;558
Listener:Sent_pong;558;8D93
Dispatcher:8D93;562287;43562;256;0;2;205;255;533;558
Listener:Sent_pong;558;CBB8
Dispatcher:CBB8;562329;63659;256;0;2;206;253;526;558
Listener:Sent_pong;558;FCED
Dispatcher:FCED;562386;41302;256;0;2;210;253;527;558
Listener:Sent_pong;558;A7E4
Dispatcher:A7E4;562458;25638;256;0;2;206;255;546;558
Listener:Sent_pong;558;A78F
Dispatcher:A78F;562500;26600;256;0;2;201;249;549;558
Listener:Sent_pong;558;F436
Dispatcher:F436;562601;44481;256;0;2;193;255;549;558
Listener:Sent_pong;559;3F27
Dispatcher:3F27;563132;61082;256;0;2;204;255;548;559
Listener:Sent_pong;559;8D93
Dispatcher:8D93;563295;37986;256;0;2;205;255;534;559
Listener:Sent_pong;559;CBB8
Dispatcher:CBB8;563338;53163;256;0;2;206;253;527;559
Listener:Sent_pong;559;FCED
Dispatcher:FCED;563395;26634;256;0;2;210;253;528;559
Listener:Sent_pong;559;A7E4
Dispatcher:A7E4;563471;38300;256;0;2;206;255;547;559
Listener:Sent_pong;559;A78F
Dispatcher:A78F;563507;24706;256;0;2;201;249;550;559
Listener:Sent_pong;559;F436
Dispatcher:F436;563609;41501;256;0;2;193;255;550;559
Listener:Sent_pong;560;3F27
Dispatcher:3F27;564141;51912;256;0;2;204;255;549;560
Listener:Sent_pong;560;8D93
Dispatcher:8D93;564310;46770;256;0;2;205;255;535;560
Listener:Sent_pong;560;CBB8
Dispatcher:CBB8;564347;51249;256;0;2;206;253;528;560
Listener:Sent_pong;560;FCED
Dispatcher:FCED;564403;25691;256;0;2;210;253;529;560
Listener:Sent_pong;560;A7E4
Dispatcher:A7E4;564480;27694;256;0;2;206;255;548;560
Listener:Sent_pong;560;A78F
Dispatcher:A78F;564520;33064;256;0;2;201;249;551;560
Listener:Sent_pong;560;F436
Dispatcher:F436;564619;41331;256;0;2;193;255;551;560
Listener:Sent_pong;561;3F27
Dispatcher:3F27;565151;50096;256;0;2;204;255;550;561
Listener:Sent_pong;561;8D93
Dispatcher:8D93;565317;37020;256;0;2;205;255;536;561
Listener:Sent_pong;561;CBB8
Dispatcher:CBB8;565354;50935;256;0;2;206;253;529;561
Listener:Sent_pong;561;FCED
Dispatcher:FCED;565410;27602;256;0;2;210;253;530;561
Listener:Sent_pong;561;A7E4
Dispatcher:A7E4;565487;27218;256;0;2;206;255;549;561
Listener:Sent_pong;561;A78F
Dispatcher:A78F;565532;34680;256;0;2;201;249;552;561
Listener:Sent_pong;561;F436
Dispatcher:F436;565627;38953;256;0;2;193;255;552;561
Listener:Sent_pong;562;3F27
Dispatcher:3F27;566158;36032;256;0;2;204;255;551;562
Listener:Sent_pong;562;8D93
Dispatcher:8D93;566325;26642;256;0;2;205;255;537;562
Listener:Sent_pong;562;CBB8
Dispatcher:CBB8;566362;40920;256;0;2;206;253;530;562
Listener:Sent_pong;562;FCED
Dispatcher:FCED;566417;25672;256;0;2;210;253;531;562
Listener:Sent_pong;562;A7E4
Dispatcher:A7E4;566501;33686;256;0;2;206;255;550;562
Listener:Sent_pong;562;A78F
Dispatcher:A78F;566563;48040;256;0;2;201;249;553;562
Listener:Sent_pong;562;F436
Dispatcher:F436;566634;39299;256;0;2;193;255;553;562
Listener:Sent_pong;563;3F27
Dispatcher:3F27;567167;39558;256;0;2;204;255;552;563
Listener:Sent_pong;563;8D93
Dispatcher:8D93;567341;34022;256;0;2;205;255;538;563
Listener:Sent_pong;563;CBB8
Dispatcher:CBB8;567368;22148;256;0;2;206;253;531;563
Listener:Sent_pong;563;FCED
Dispatcher:FCED;567425;25784;256;0;2;210;253;532;563
Listener:Sent_pong;563;A7E4
Dispatcher:A7E4;567510;29472;256;0;2;206;255;551;563
Listener:Sent_pong;563;A78F
Dispatcher:A78F;567569;23414;256;0;2;201;249;554;563
Listener:Sent_pong;563;F436
Dispatcher:F436;567650;45675;256;0;2;193;255;554;563
Listener:Sent_pong;564;3F27
Dispatcher:3F27;568180;40594;256;0;2;204;255;553;564
Listener:Sent_pong;564;8D93
Dispatcher:8D93;568348;27256;256;0;2;205;255;539;564
Listener:Sent_pong;564;CBB8
Dispatcher:CBB8;568375;29007;256;0;2;206;253;532;564
Listener:Sent_pong;564;FCED
Dispatcher:FCED;568433;27926;256;0;2;210;253;533;564
Listener:Sent_pong;564;A7E4
Dispatcher:A7E4;568518;25318;256;0;2;206;255;552;564
Listener:Sent_pong;564;A78F
Dispatcher:A78F;568577;29118;256;0;2;201;249;555;564
Listener:Sent_pong;564;F436
Dispatcher:F436;568658;41019;256;0;2;193;255;555;564
Listener:Sent_pong;565;3F27
Dispatcher:3F27;569188;37314;256;0;2;204;255;554;565
Listener:Sent_pong;565;8D93
Dispatcher:8D93;569356;26308;256;0;2;205;255;540;565
Listener:Sent_pong;565;CBB8
Dispatcher:CBB8;569382;26636;256;0;2;206;253;533;565
Listener:Sent_pong;565;FCED
Dispatcher:FCED;569442;29488;256;0;2;210;253;534;565
Listener:Sent_pong;565;A7E4
Dispatcher:A7E4;569530;29556;256;0;2;206;255;553;565
Listener:Sent_pong;565;A78F
Dispatcher:A78F;569584;27894;256;0;2;201;249;556;565
Listener:Sent_pong;565;F436
Dispatcher:F436;569666;40253;256;0;2;193;255;556;565
Listener:Sent_pong;566;3F27
Dispatcher:3F27;570195;37042;256;0;2;204;255;555;566
Listener:Sent_pong;566;8D93
Dispatcher:8D93;570368;30348;256;0;2;205;255;541;566
Listener:Sent_pong;566;CBB8
Dispatcher:CBB8;570389;24371;256;0;2;206;253;534;566
Listener:Sent_pong;566;FCED
Dispatcher:FCED;570449;23100;256;0;2;210;253;535;566
Listener:Sent_pong;566;A7E4
Dispatcher:A7E4;570537;24980;256;0;2;206;255;554;566
Listener:Sent_pong;566;A78F
Dispatcher:A78F;570593;29160;256;0;2;201;249;557;566
Listener:Sent_pong;566;F436
Dispatcher:F436;570676;38127;256;0;2;193;255;557;566
Listener:Sent_pong;567;3F27
Dispatcher:3F27;571209;46974;256;0;2;204;255;556;567
Listener:Sent_pong;567;8D93
Dispatcher:8D93;571377;28546;256;0;2;205;255;542;567
Listener:Sent_pong;567;CBB8
Dispatcher:CBB8;571400;36311;256;0;2;206;253;535;567
Listener:Sent_pong;567;FCED
Dispatcher:FCED;571456;24402;256;0;2;210;253;536;567
Listener:Sent_pong;567;A7E4
Dispatcher:A7E4;571544;24368;256;0;2;206;255;555;567
Listener:Sent_pong;567;A78F
Dispatcher:A78F;571600;27722;256;0;2;201;249;558;567
Listener:Sent_pong;567;F436
Dispatcher:F436;571684;46447;256;0;2;193;255;558;567
Listener:Sent_pong;568;3F27
Dispatcher:3F27;572218;44196;256;0;2;204;255;557;568
Listener:Sent_pong;568;8D93
Dispatcher:8D93;572384;23428;256;0;2;205;255;543;568
Listener:Sent_pong;568;CBB8
Dispatcher:CBB8;572407;24368;256;0;2;206;253;536;568
Listener:Sent_pong;568;FCED
Dispatcher:FCED;572463;25370;256;0;2;210;253;537;568
Listener:Sent_pong;568;A7E4
Dispatcher:A7E4;572559;31752;256;0;2;206;255;556;568
Listener:Sent_pong;568;A78F
Dispatcher:A78F;572607;25980;256;0;2;201;249;559;568
Listener:Sent_pong;568;F436
Dispatcher:F436;572693;38661;256;0;2;193;255;559;568
Listener:Sent_pong;569;3F27
Dispatcher:3F27;573226;42776;256;0;2;204;255;558;569
Listener:Sent_pong;569;8D93
Dispatcher:8D93;573400;41658;256;0;2;205;255;544;569
Listener:Sent_pong;569;CBB8
Dispatcher:CBB8;573429;41100;256;0;2;206;253;537;569
Listener:Sent_pong;569;FCED
Dispatcher:FCED;573470;28534;256;0;2;210;253;538;569
Listener:Sent_pong;569;A7E4
Dispatcher:A7E4;573566;26270;256;0;2;206;255;557;569
Listener:Sent_pong;569;A78F
Dispatcher:A78F;573615;25352;256;0;2;201;249;560;569
Listener:Sent_pong;569;F436
Dispatcher:F436;573708;44913;256;0;2;193;255;560;569
Listener:Sent_pong;570;3F27
Dispatcher:3F27;574239;44180;256;0;2;204;255;559;570
Listener:Sent_pong;570;8D93
Dispatcher:8D93;574408;25364;256;0;2;205;255;545;570
Listener:Sent_pong;570;CBB8
Dispatcher:CBB8;574438;25650;256;0;2;206;253;538;570
Listener:Sent_pong;570;FCED
Dispatcher:FCED;574479;30480;256;0;2;210;253;539;570
Listener:Sent_pong;570;A7E4
Dispatcher:A7E4;574572;23732;256;0;2;206;255;558;570
Listener:Sent_pong;570;A78F
Dispatcher:A78F;574623;25350;256;0;2;201;249;561;570
Listener:Sent_pong;570;F436
Dispatcher:F436;574715;35455;256;0;2;193;255;561;570
Listener:Sent_pong;571;3F27
Dispatcher:3F27;575247;50654;256;0;2;204;255;560;571
Listener:Sent_pong;571;8D93
Dispatcher:8D93;575417;29190;256;0;2;205;255;546;571
Listener:Sent_pong;571;CBB8
Dispatcher:CBB8;575446;27916;256;0;2;206;253;539;571
Listener:Sent_pong;571;FCED
Dispatcher:FCED;575487;27588;256;0;2;210;253;540;571
Listener:Sent_pong;571;A7E4
Dispatcher:A7E4;575580;30262;256;0;2;206;255;559;571
Listener:Sent_pong;571;A78F
Dispatcher:A78F;575630;28216;256;0;2;201;249;562;571
Listener:Sent_pong;571;F436
Dispatcher:F436;575722;39617;256;0;2;193;255;562;571
Listener:Sent_pong;572;3F27
Dispatcher:3F27;576255;41820;256;0;2;204;255;561;572
Listener:Sent_pong;572;8D93
Dispatcher:8D93;576424;24684;256;0;2;205;255;547;572
Listener:Sent_pong;572;CBB8
Dispatcher:CBB8;576454;25358;256;0;2;206;253;540;572
Listener:Sent_pong;572;FCED
Dispatcher:FCED;576495;25976;256;0;2;210;253;541;572
Listener:Sent_pong;572;A7E4
Dispatcher:A7E4;576587;27878;256;0;2;206;255;560;572
Listener:Sent_pong;572;A78F
Dispatcher:A78F;576637;27572;256;0;2;201;249;563;572
Listener:Sent_pong;572;F436
Dispatcher:F436;576738;46207;256;0;2;193;255;563;572
Listener:Sent_pong;573;3F27
Dispatcher:3F27;577268;56482;256;0;2;204;255;562;573
Listener:Sent_pong;573;8D93
Dispatcher:8D93;577433;27244;256;0;2;205;255;548;573
Listener:Sent_pong;573;CBB8
Dispatcher:CBB8;577461;27731;256;0;2;206;253;541;573
Listener:Sent_pong;573;FCED
Dispatcher:FCED;577503;25036;256;0;2;210;253;542;573
Listener:Sent_pong;573;A7E4
Dispatcher:A7E4;577596;26580;256;0;2;206;255;561;573
Listener:Sent_pong;573;A78F
Dispatcher:A78F;577646;30118;256;0;2;201;249;564;573
Listener:Sent_pong;573;F436
Dispatcher:F436;577745;43247;256;0;2;193;255;564;573
Listener:Sent_pong;574;3F27
Dispatcher:3F27;578277;38924;256;0;2;204;255;563;574
Listener:Sent_pong;574;8D93
Dispatcher:8D93;578440;24704;256;0;2;205;255;549;574
Listener:Sent_pong;574;FCED
Dispatcher:FCED;578515;30916;256;0;2;210;253;543;574
Listener:Sent_pong;574;A7E4
Dispatcher:A7E4;578603;27066;256;0;2;206;255;562;574
Listener:Sent_pong;574;A78F
Dispatcher:A78F;578653;26942;256;0;2;201;249;565;574
Listener:Sent_pong;574;F436
Dispatcher:F436;578752;35753;256;0;2;193;255;565;574
Listener:Sent_pong;575;3F27
Dispatcher:3F27;579286;43426;256;0;2;204;255;564;575
Listener:Sent_pong;575;8D93
Dispatcher:8D93;579455;42002;256;0;2;205;255;550;575
Listener:Sent_pong;575;CBB8
Dispatcher:CBB8;579496;26303;256;0;2;206;253;542;575
Listener:Sent_pong;575;FCED
Dispatcher:FCED;579522;28256;256;0;2;210;253;544;575
Listener:Sent_pong;575;A7E4
Dispatcher:A7E4;579610;24378;256;0;2;206;255;563;575
Listener:Sent_pong;575;A78F
Dispatcher:A78F;579664;27718;256;0;2;201;249;566;575
Listener:Sent_pong;575;F436
Dispatcher:F436;579768;48429;256;0;2;193;255;566;575
Listener:Sent_pong;576;3F27
Dispatcher:3F27;580299;55648;256;0;2;204;255;565;576
Listener:Sent_pong;576;8D93
Dispatcher:8D93;580464;27584;256;0;2;205;255;551;576
Listener:Sent_pong;576;CBB8
Dispatcher:CBB8;580505;28286;256;0;2;206;253;543;576
Listener:Sent_pong;576;FCED
Dispatcher:FCED;580530;28140;256;0;2;210;253;545;576
Listener:Sent_pong;576;A7E4
Dispatcher:A7E4;580619;28494;256;0;2;206;255;564;576
Listener:Sent_pong;576;A78F
Dispatcher:A78F;580673;29826;256;0;2;201;249;567;576
Listener:Sent_pong;576;F436
Dispatcher:F436;580776;51207;256;0;2;193;255;567;576
Listener:Sent_pong;577;3F27
Dispatcher:3F27;581308;48586;256;0;2;204;255;566;577
Listener:Sent_pong;577;8D93
Dispatcher:8D93;581471;27594;256;0;2;205;255;552;577
Listener:Sent_pong;577;CBB8
Dispatcher:CBB8;581513;25062;256;0;2;206;253;544;577
Listener:Sent_pong;577;FCED
Dispatcher:FCED;581539;28562;256;0;2;210;253;546;577
Listener:Sent_pong;577;A7E4
Dispatcher:A7E4;581627;33922;256;0;2;206;255;565;577
Listener:Sent_pong;577;A78F
Dispatcher:A78F;581681;29166;256;0;2;201;249;568;577
Listener:Sent_pong;577;F436
Dispatcher:F436;581785;42905;256;0;2;193;255;568;577
Listener:Sent_pong;578;3F27
Dispatcher:3F27;582316;33830;256;0;2;204;255;567;578
Listener:Sent_pong;578;8D93
Dispatcher:8D93;582486;31920;256;0;2;205;255;553;578
Listener:Sent_pong;578;CBB8
Dispatcher:CBB8;582520;26612;256;0;2;206;253;545;578
Listener:Sent_pong;578;FCED
Dispatcher:FCED;582548;28446;256;0;2;210;253;547;578
Listener:Sent_pong;578;A7E4
Dispatcher:A7E4;582636;26580;256;0;2;206;255;566;578
Listener:Sent_pong;578;A78F
Dispatcher:A78F;582696;34014;256;0;2;201;249;569;578
Listener:Sent_pong;578;F436
Dispatcher:F436;582799;45739;256;0;2;193;255;569;578
Listener:Sent_pong;579;3F27
Dispatcher:3F27;583325;41246;256;0;2;204;255;568;579
Listener:Sent_pong;579;8D93
Dispatcher:8D93;583493;25330;256;0;2;205;255;554;579
Listener:Sent_pong;579;CBB8
Dispatcher:CBB8;583528;27261;256;0;2;206;253;546;579
Listener:Sent_pong;579;FCED
Dispatcher:FCED;583555;25670;256;0;2;210;253;548;579
Listener:Sent_pong;579;A7E4
Dispatcher:A7E4;583643;27554;256;0;2;206;255;567;579
Listener:Sent_pong;579;A78F
Dispatcher:A78F;583705;27908;256;0;2;201;249;570;579
Listener:Sent_pong;579;F436
Dispatcher:F436;583808;45797;256;0;2;193;255;570;579
Listener:Sent_pong;580;3F27
Dispatcher:3F27;584334;39540;256;0;2;204;255;569;580
Listener:Sent_pong;580;8D93
Dispatcher:8D93;584500;24716;256;0;2;205;255;555;580
Listener:Sent_pong;580;CBB8
Dispatcher:CBB8;584535;26278;256;0;2;206;253;547;580
Listener:Sent_pong;580;FCED
Dispatcher:FCED;584564;28560;256;0;2;210;253;549;580
Listener:Sent_pong;580;A7E4
Dispatcher:A7E4;584650;23402;256;0;2;206;255;568;580
Listener:Sent_pong;580;A78F
Dispatcher:A78F;584713;27248;256;0;2;201;249;571;580
Listener:Sent_pong;580;F436
Dispatcher:F436;584814;35767;256;0;2;193;255;571;580
Listener:Sent_pong;581;3F27
Dispatcher:3F27;585341;36368;256;0;2;204;255;570;581
Listener:Sent_pong;581;8D93
Dispatcher:8D93;585516;32890;256;0;2;205;255;556;581
Listener:Sent_pong;581;CBB8
Dispatcher:CBB8;585542;25661;256;0;2;206;253;548;581
Listener:Sent_pong;581;FCED
Dispatcher:FCED;585571;24722;256;0;2;210;253;550;581
Listener:Sent_pong;581;A7E4
Dispatcher:A7E4;585659;25642;256;0;2;206;255;569;581
Listener:Sent_pong;581;A78F
Dispatcher:A78F;585723;25934;256;0;2;201;249;572;581
Listener:Sent_pong;581;F436
Dispatcher:F436;585821;37367;256;0;2;193;255;572;581
Listener:Sent_pong;582;3F27
Dispatcher:3F27;586355;42180;256;0;2;204;255;571;582
Listener:Sent_pong;582;8D93
Dispatcher:8D93;586524;25032;256;0;2;205;255;557;582
Listener:Sent_pong;582;CBB8
Dispatcher:CBB8;586551;27592;256;0;2;206;253;549;582
Listener:Sent_pong;582;FCED
Dispatcher:FCED;586579;24408;256;0;2;210;253;551;582
Listener:Sent_pong;582;A7E4
Dispatcher:A7E4;586667;26936;256;0;2;206;255;570;582
Listener:Sent_pong;582;A78F
Dispatcher:A78F;586731;25668;256;0;2;201;249;573;582
Listener:Sent_pong;582;F436
Dispatcher:F436;586828;34145;256;0;2;193;255;573;582
Listener:Sent_pong;583;3F27
Dispatcher:3F27;587363;44834;256;0;2;204;255;572;583
Listener:Sent_pong;583;8D93
Dispatcher:8D93;587531;25346;256;0;2;205;255;558;583
Listener:Sent_pong;583;CBB8
Dispatcher:CBB8;587559;24685;256;0;2;206;253;550;583
Listener:Sent_pong;583;FCED
Dispatcher:FCED;587587;27266;256;0;2;210;253;552;583
Listener:Sent_pong;583;A7E4
Dispatcher:A7E4;587676;27222;256;0;2;206;255;571;583
Listener:Sent_pong;583;A78F
Dispatcher:A78F;587739;25956;256;0;2;201;249;574;583
Listener:Sent_pong;583;F436
Dispatcher:F436;587835;41511;256;0;2;193;255;574;583
Listener:Sent_pong;584;3F27
Dispatcher:3F27;588370;37968;256;0;2;204;255;573;584
Listener:Sent_pong;584;8D93
Dispatcher:8D93;588545;32410;256;0;2;205;255;559;584
Listener:Sent_pong;584;CBB8
Dispatcher:CBB8;588567;26786;256;0;2;206;253;551;584
Listener:Sent_pong;584;FCED
Dispatcher:FCED;588596;30782;256;0;2;210;253;553;584
Listener:Sent_pong;584;A7E4
Dispatcher:A7E4;588683;25632;256;0;2;206;255;572;584
Listener:Sent_pong;584;A78F
Dispatcher:A78F;588756;35306;256;0;2;201;249;575;584
Listener:Sent_pong;584;F436
Dispatcher:F436;588843;44851;256;0;2;193;255;575;584
Listener:Sent_pong;585;3F27
Dispatcher:3F27;589387;49520;256;0;2;204;255;574;585
Listener:Sent_pong;585;8D93
Dispatcher:8D93;589552;24386;256;0;2;205;255;560;585
Listener:Sent_pong;585;CBB8
Dispatcher:CBB8;589575;28664;256;0;2;206;253;552;585
Listener:Sent_pong;585;FCED
Dispatcher:FCED;589603;26302;256;0;2;210;253;554;585
Listener:Sent_pong;585;A7E4
Dispatcher:A7E4;589691;26928;256;0;2;206;255;573;585
Listener:Sent_pong;585;A78F
Dispatcher:A78F;589764;26300;256;0;2;201;249;576;585
Listener:Sent_pong;585;F436
Dispatcher:F436;589850;48477;256;0;2;193;255;576;585
Listener:Sent_pong;586;3F27
Dispatcher:3F27;590394;46636;256;0;2;204;255;575;586
Listener:Sent_pong;586;8D93
Dispatcher:8D93;590560;29844;256;0;2;205;255;561;586
Listener:Sent_pong;586;CBB8
Dispatcher:CBB8;590587;38369;256;0;2;206;253;553;586
Listener:Sent_pong;586;FCED
Dispatcher:FCED;590623;42298;256;0;2;210;253;555;586
Listener:Sent_pong;586;A7E4
Dispatcher:A7E4;590698;26284;256;0;2;206;255;574;586
Listener:Sent_pong;586;A78F
Dispatcher:A78F;590770;23428;256;0;2;201;249;577;586
Listener:Sent_pong;586;F436
Dispatcher:F436;590856;35125;256;0;2;193;255;577;586
Listener:Sent_pong;587;3F27
Dispatcher:3F27;591403;38290;256;0;2;204;255;576;587
Listener:Sent_pong;587;8D93
Dispatcher:8D93;591574;31106;256;0;2;205;255;562;587
Listener:Sent_pong;587;CBB8
Dispatcher:CBB8;591595;24710;256;0;2;206;253;554;587
Listener:Sent_pong;587;FCED
Dispatcher:FCED;591631;26950;256;0;2;210;253;556;587
Listener:Sent_pong;587;A7E4
Dispatcher:A7E4;591705;23384;256;0;2;206;255;575;587
Listener:Sent_pong;587;A78F
Dispatcher:A78F;591785;30138;256;0;2;201;249;578;587
Listener:Sent_pong;587;F436
Dispatcher:F436;591864;59123;256;0;2;193;255;578;587
Listener:Sent_pong;588;3F27
Dispatcher:3F27;592412;44042;256;0;2;204;255;577;588
Listener:Sent_pong;588;8D93
Dispatcher:8D93;592582;34546;256;0;2;205;255;563;588
Listener:Sent_pong;588;CBB8
Dispatcher:CBB8;592623;59155;256;0;2;206;253;555;588
Listener:Sent_pong;588;FCED
Dispatcher:FCED;592661;48728;256;0;2;210;253;557;588
Listener:Sent_pong;588;A7E4
Dispatcher:A7E4;592721;35298;256;0;2;206;255;576;588
Listener:Sent_pong;588;A78F
Dispatcher:A78F;592792;33474;256;0;2;201;249;579;588
Listener:Sent_pong;588;F436
Dispatcher:F436;592871;41191;256;0;2;193;255;579;588
Listener:Sent_pong;589;3F27
Dispatcher:3F27;593420;45126;256;0;2;204;255;578;589
Listener:Sent_pong;589;8D93
Dispatcher:8D93;593590;26316;256;0;2;205;255;564;589
Listener:Sent_pong;589;CBB8
Dispatcher:CBB8;593630;26645;256;0;2;206;253;556;589
Listener:Sent_pong;589;FCED
Dispatcher:FCED;593670;25684;256;0;2;210;253;558;589
Listener:Sent_pong;589;A7E4
Dispatcher:A7E4;593730;26596;256;0;2;206;255;577;589
Listener:Sent_pong;589;A78F
Dispatcher:A78F;593799;23080;256;0;2;201;249;580;589
Listener:Sent_pong;589;F436
Dispatcher:F436;593879;40883;256;0;2;193;255;580;589
Listener:Sent_pong;590;3F27
Dispatcher:3F27;594427;41158;256;0;2;204;255;579;590
Listener:Sent_pong;590;8D93
Dispatcher:8D93;594600;26766;256;0;2;205;255;565;590
Listener:Sent_pong;590;CBB8
Dispatcher:CBB8;594639;25983;256;0;2;206;253;557;590
Listener:Sent_pong;590;FCED
Dispatcher:FCED;594679;27596;256;0;2;210;253;559;590
Listener:Sent_pong;590;A7E4
Dispatcher:A7E4;594739;26304;256;0;2;206;255;578;590
Listener:Sent_pong;590;A78F
Dispatcher:A78F;594812;32444;256;0;2;201;249;581;590
Listener:Sent_pong;590;F436
Dispatcher:F436;594888;45153;256;0;2;193;255;581;590
Listener:Sent_pong;591;3F27
Dispatcher:3F27;595443;34356;256;0;2;204;255;580;591
Listener:Sent_pong;591;8D93
Dispatcher:8D93;595608;26922;256;0;2;205;255;566;591
Listener:Sent_pong;591;CBB8
Dispatcher:CBB8;595646;28569;256;0;2;206;253;558;591
Listener:Sent_pong;591;A7E4
Dispatcher:A7E4;595746;24988;256;0;2;206;255;579;591
Listener:Sent_pong;591;A78F
Dispatcher:A78F;595820;28536;256;0;2;201;249;582;591
Listener:Sent_pong;591;F436
Dispatcher:F436;595896;41837;256;0;2;193;255;582;591
Listener:Sent_pong;592;3F27
Dispatcher:3F27;596451;27902;256;0;2;204;255;581;592
Listener:Sent_pong;592;8D93
Dispatcher:8D93;596615;24702;256;0;2;205;255;567;592
Listener:Sent_pong;592;CBB8
Dispatcher:CBB8;596655;73927;256;0;2;206;253;559;592
Listener:Sent_pong;592;FCED
Dispatcher:FCED;596719;28564;256;0;2;210;253;560;592
Listener:Sent_pong;592;A7E4
Dispatcher:A7E4;596755;28542;256;0;2;206;255;580;592
Listener:Sent_pong;592;A78F
Dispatcher:A78F;596828;27878;256;0;2;201;249;583;592
Listener:Sent_pong;592;F436
Dispatcher:F436;596904;27917;256;0;2;193;255;583;592
Listener:Sent_pong;593;3F27
Dispatcher:3F27;597460;42474;256;0;2;204;255;582;593
Listener:Sent_pong;593;8D93
Dispatcher:8D93;597633;34478;256;0;2;205;255;568;593
Listener:Sent_pong;593;CBB8
Dispatcher:CBB8;597662;40196;256;0;2;206;253;560;593
Listener:Sent_pong;593;FCED
Dispatcher:FCED;597726;57706;256;0;2;210;253;561;593
Listener:Sent_pong;593;A7E4
Dispatcher:A7E4;597765;50176;256;0;2;206;255;581;593
Listener:Sent_pong;593;A78F
Dispatcher:A78F;597850;42218;256;0;2;201;249;584;593
Listener:Sent_pong;593;F436
Dispatcher:F436;597913;25655;256;0;2;193;255;584;593
Listener:Sent_pong;594;3F27
Dispatcher:3F27;598471;41298;256;0;2;204;255;583;594
Listener:Sent_pong;594;8D93
Dispatcher:8D93;598640;25338;256;0;2;205;255;569;594
Listener:Sent_pong;594;CBB8
Dispatcher:CBB8;598672;40679;256;0;2;206;253;561;594
Listener:Sent_pong;594;FCED
Dispatcher:FCED;598733;38014;256;0;2;210;253;562;594
Listener:Sent_pong;594;A7E4
Dispatcher:A7E4;598778;46990;256;0;2;206;255;582;594
Listener:Sent_pong;594;A78F
Dispatcher:A78F;598857;25682;256;0;2;201;249;585;594
Listener:Sent_pong;594;F436
Dispatcher:F436;598922;26307;256;0;2;193;255;585;594
Listener:Sent_pong;595;3F27
Dispatcher:3F27;599480;44096;256;0;2;204;255;584;595
Listener:Sent_pong;595;8D93
Dispatcher:8D93;599649;32796;256;0;2;205;255;570;595
Listener:Sent_pong;595;CBB8
Dispatcher:CBB8;599681;53418;256;0;2;206;253;562;595
Listener:Sent_pong;595;FCED
Dispatcher:FCED;599740;34822;256;0;2;210;253;563;595
Listener:Sent_pong;595;A7E4
Dispatcher:A7E4;599787;29180;256;0;2;206;255;583;595
Listener:Sent_pong;595;A78F
Dispatcher:A78F;599866;29496;256;0;2;201;249;586;595
Listener:Sent_pong;595;F436
Dispatcher:F436;599930;26623;256;0;2;193;255;586;595
Listener:Sent_pong;596;3F27
Dispatcher:3F27;600487;34116;256;0;2;204;255;585;596
Listener:Sent_pong;596;8D93
Dispatcher:8D93;600662;34742;256;0;2;205;255;571;596
Listener:Sent_pong;596;CBB8
Dispatcher:CBB8;600688;34763;256;0;2;206;253;563;596
Listener:Sent_pong;596;FCED
Dispatcher:FCED;600746;47444;256;0;2;210;253;564;596
Listener:Sent_pong;596;A7E4
Dispatcher:A7E4;600796;28520;256;0;2;206;255;584;596
Listener:Sent_pong;596;A78F
Dispatcher:A78F;600875;30134;256;0;2;201;249;587;596
Listener:Sent_pong;596;F436
Dispatcher:F436;600937;43631;256;0;2;193;255;587;596
Listener:Sent_pong;597;3F27
Dispatcher:3F27;601501;46020;256;0;2;204;255;586;597
Listener:Sent_pong;597;8D93
Dispatcher:8D93;601671;25678;256;0;2;205;255;572;597
Listener:Sent_pong;597;CBB8
Dispatcher:CBB8;601696;42861;256;0;2;206;253;564;597
Listener:Sent_pong;597;FCED
Dispatcher:FCED;601754;43438;256;0;2;210;253;565;597
Listener:Sent_pong;597;A7E4
Dispatcher:A7E4;601804;28792;256;0;2;206;255;585;597
Listener:Sent_pong;597;A78F
Dispatcher:A78F;601883;25644;256;0;2;201;249;588;597
Listener:Sent_pong;597;F436
Dispatcher:F436;601946;29177;256;0;2;193;255;588;597
Listener:Sent_pong;598;3F27
Dispatcher:3F27;602510;50842;256;0;2;204;255;587;598
Listener:Sent_pong;598;8D93
Dispatcher:8D93;602678;23750;256;0;2;205;255;573;598
Listener:Sent_pong;598;CBB8
Dispatcher:CBB8;602703;40534;256;0;2;206;253;565;598
Listener:Sent_pong;598;FCED
Dispatcher:FCED;602761;43248;256;0;2;210;253;566;598
Listener:Sent_pong;598;A7E4
Dispatcher:A7E4;602812;24682;256;0;2;206;255;586;598
Listener:Sent_pong;598;A78F
Dispatcher:A78F;602891;27884;256;0;2;201;249;589;598
Listener:Sent_pong;598;F436
Dispatcher:F436;602958;31157;256;0;2;193;255;589;598
Listener:Sent_pong;599;3F27
Dispatcher:3F27;603519;43730;256;0;2;204;255;588;599
Listener:Sent_pong;599;8D93
Dispatcher:8D93;603687;28552;256;0;2;205;255;574;599
Listener:Sent_pong;599;CBB8
Dispatcher:CBB8;603712;43167;256;0;2;206;253;566;599
Listener:Sent_pong;599;FCED
Dispatcher:FCED;603768;55234;256;0;2;210;253;567;599
Listener:Sent_pong;599;A7E4
Dispatcher:A7E4;603821;26784;256;0;2;206;255;587;599
Listener:Sent_pong;599;A78F
Dispatcher:A78F;603899;26630;256;0;2;201;249;590;599
Listener:Sent_pong;599;F436
Dispatcher:F436;603965;24061;256;0;2;193;255;590;599
Listener:Sent_pong;600;3F27
Dispatcher:3F27;604532;40968;256;0;2;204;255;589;600
Listener:Sent_pong;600;8D93
Dispatcher:8D93;604693;25038;256;0;2;205;255;575;600
Listener:Sent_pong;600;CBB8
Dispatcher:CBB8;604721;41621;256;0;2;206;253;567;600
Listener:Sent_pong;600;FCED
Dispatcher:FCED;604775;39296;256;0;2;210;253;568;600
Listener:Sent_pong;600;A7E4
Dispatcher:A7E4;604836;34006;256;0;2;206;255;588;600
Listener:Sent_pong;600;A78F
Dispatcher:A78F;604907;28536;256;0;2;201;249;591;600
Listener:Sent_pong;600;F436
Dispatcher:F436;604974;30145;256;0;2;193;255;591;600
Listener:Sent_pong;601;3F27
Dispatcher:3F27;605540;49226;256;0;2;204;255;590;601
Listener:Sent_pong;601;8D93
Dispatcher:8D93;605700;25644;256;0;2;205;255;576;601
Listener:Sent_pong;601;CBB8
Dispatcher:CBB8;605729;36380;256;0;2;206;253;568;601
Listener:Sent_pong;601;FCED
Dispatcher:FCED;605782;39926;256;0;2;210;253;569;601
Listener:Sent_pong;601;A7E4
Dispatcher:A7E4;605845;26602;256;0;2;206;255;589;601
Listener:Sent_pong;601;A78F
Dispatcher:A78F;605916;26916;256;0;2;201;249;592;601
Listener:Sent_pong;601;F436
Dispatcher:F436;605982;28233;256;0;2;193;255;592;601
Listener:Sent_pong;602;3F27
Dispatcher:3F27;606547;37966;256;0;2;204;255;591;602
Listener:Sent_pong;602;8D93
Dispatcher:8D93;606707;32506;256;0;2;205;255;577;602
Listener:Sent_pong;602;CBB8
Dispatcher:CBB8;606737;43619;256;0;2;206;253;569;602
Listener:Sent_pong;602;FCED
Dispatcher:FCED;606790;39598;256;0;2;210;253;570;602
Listener:Sent_pong;602;A78F
Dispatcher:A78F;606929;31992;256;0;2;201;249;593;602
Listener:Sent_pong;602;F436
Dispatcher:F436;606991;27267;256;0;2;193;255;593;602
Listener:Sent_pong;603;3F27
Dispatcher:3F27;607559;42850;256;0;2;204;255;592;603
Listener:Sent_pong;603;8D93
Dispatcher:8D93;607716;30138;256;0;2;205;255;578;603
Listener:Sent_pong;603;CBB8
Dispatcher:CBB8;607746;39875;256;0;2;206;253;570;603
Listener:Sent_pong;603;FCED
Dispatcher:FCED;607797;37360;256;0;2;210;253;571;603
Listener:Sent_pong;603;A7E4
Dispatcher:A7E4;607870;29484;256;0;2;206;255;590;603
Listener:Sent_pong;603;A78F
Dispatcher:A78F;607936;25676;256;0;2;201;249;594;603
Listener:Sent_pong;603;F436
Dispatcher:F436;607999;39257;256;0;2;193;255;594;603
Listener:Sent_pong;604;3F27
Dispatcher:3F27;608567;52860;256;0;2;204;255;593;604
Listener:Sent_pong;604;8D93
Dispatcher:8D93;608723;39590;256;0;2;205;255;579;604
Listener:Sent_pong;604;CBB8
Dispatcher:CBB8;608765;39875;256;0;2;206;253;570;604
Listener:Sent_pong;604;FCED
Dispatcher:FCED;608813;37671;256;0;2;210;253;572;604
Listener:Sent_pong;604;A7E4
Dispatcher:A7E4;608878;27244;256;0;2;206;255;591;604
Listener:Sent_pong;604;A78F
Dispatcher:A78F;608943;25338;256;0;2;201;249;595;604
Listener:Sent_pong;604;F436
Dispatcher:F436;609014;44121;256;0;2;193;255;595;604
Listener:Sent_pong;605;3F27
Dispatcher:3F27;609574;50970;256;0;2;204;255;594;605
Listener:Sent_pong;605;8D93
Dispatcher:8D93;609732;45208;256;0;2;205;255;580;605
Listener:Sent_pong;605;CBB8
Dispatcher:CBB8;609772;49656;256;0;2;206;253;571;605
Listener:Sent_pong;605;FCED
Dispatcher:FCED;609820;23984;256;0;2;210;253;573;605
Listener:Sent_pong;605;A7E4
Dispatcher:A7E4;609886;28522;256;0;2;206;255;592;605
Listener:Sent_pong;605;A78F
Dispatcher:A78F;609958;31150;256;0;2;201;249;596;605
Listener:Sent_pong;605;F436
Dispatcher:F436;610023;46787;256;0;2;193;255;596;605
Listener:Sent_pong;606;3F27
Dispatcher:3F27;610589;58340;256;0;2;204;255;595;606
Listener:Sent_pong;606;8D93
Dispatcher:8D93;610739;40208;256;0;2;205;255;581;606
Listener:Sent_pong;606;CBB8
Dispatcher:CBB8;610779;52875;256;0;2;206;253;572;606
Listener:Sent_pong;606;FCED
Dispatcher:FCED;610831;30653;256;0;2;210;253;574;606
Listener:Sent_pong;606;A7E4
Dispatcher:A7E4;610895;30458;256;0;2;206;255;593;606
Listener:Sent_pong;606;A78F
Dispatcher:A78F;610965;26294;256;0;2;201;249;597;606
Listener:Sent_pong;606;F436
Dispatcher:F436;611030;38315;256;0;2;193;255;597;606
Listener:Sent_pong;607;3F27
Dispatcher:3F27;611597;57470;256;0;2;204;255;596;607
Listener:Sent_pong;607;8D93
Dispatcher:8D93;611746;38970;256;0;2;205;255;582;607
Listener:Sent_pong;607;CBB8
Dispatcher:CBB8;611787;73521;256;0;2;206;253;573;607
Listener:Sent_pong;607;FCED
Dispatcher:FCED;611841;32254;256;0;2;210;253;575;607
Listener:Sent_pong;607;A7E4
Dispatcher:A7E4;611903;26608;256;0;2;206;255;594;607
Listener:Sent_pong;607;A78F
Dispatcher:A78F;611972;23760;256;0;2;201;249;598;607
Listener:Sent_pong;607;F436
Dispatcher:F436;612041;40493;256;0;2;193;255;598;607
Listener:Sent_pong;608;3F27
Dispatcher:3F27;612605;50300;256;0;2;204;255;597;608
Listener:Sent_pong;608;8D93
Dispatcher:8D93;612753;40064;256;0;2;205;255;583;608
Listener:Sent_pong;608;CBB8
Dispatcher:CBB8;612795;51891;256;0;2;206;253;574;608
Listener:Sent_pong;608;FCED
Dispatcher:FCED;612849;25349;256;0;2;210;253;576;608
Listener:Sent_pong;608;A7E4
Dispatcher:A7E4;612911;25004;256;0;2;206;255;595;608
Listener:Sent_pong;608;A78F
Dispatcher:A78F;612987;37216;256;0;2;201;249;599;608
Listener:Sent_pong;608;F436
Dispatcher:F436;613049;37663;256;0;2;193;255;599;608
Listener:Sent_pong;609;3F27
Dispatcher:3F27;613629;68914;256;0;2;204;255;598;609
Listener:Sent_pong;609;8D93
Dispatcher:8D93;613762;39252;256;0;2;205;255;584;609
Listener:Sent_pong;609;CBB8
Dispatcher:CBB8;613803;53625;256;0;2;206;253;575;609
Listener:Sent_pong;609;FCED
Dispatcher:FCED;613856;24056;256;0;2;210;253;577;609
Listener:Sent_pong;609;A7E4
Dispatcher:A7E4;613921;28662;256;0;2;206;255;596;609
Listener:Sent_pong;609;A78F
Dispatcher:A78F;613996;26622;256;0;2;201;249;600;609
Listener:Sent_pong;609;F436
Dispatcher:F436;614056;37065;256;0;2;193;255;600;609
Listener:Sent_pong;610;3F27
Dispatcher:3F27;614637;58428;256;0;2;204;255;599;610
Listener:Sent_pong;610;8D93
Dispatcher:8D93;614770;39276;256;0;2;205;255;585;610
Listener:Sent_pong;610;CBB8
Dispatcher:CBB8;614809;49348;256;0;2;206;253;576;610
Listener:Sent_pong;610;FCED
Dispatcher:FCED;614864;26963;256;0;2;210;253;578;610
Listener:Sent_pong;610;A7E4
Dispatcher:A7E4;614929;26940;256;0;2;206;255;597;610
Listener:Sent_pong;610;A78F
Dispatcher:A78F;615005;26618;256;0;2;201;249;601;610
Listener:Sent_pong;610;F436
Dispatcher:F436;615071;47147;256;0;2;193;255;601;610
Listener:Sent_pong;611;3F27
Dispatcher:3F27;615645;59362;256;0;2;204;255;600;611
Listener:Sent_pong;611;8D93
Dispatcher:8D93;615778;39530;256;0;2;205;255;586;611
Listener:Sent_pong;611;CBB8
Dispatcher:CBB8;615817;54437;256;0;2;206;253;577;611
Listener:Sent_pong;611;FCED
Dispatcher:FCED;615871;25668;256;0;2;210;253;579;611
Listener:Sent_pong;611;A7E4
Dispatcher:A7E4;615937;26906;256;0;2;206;255;598;611
Listener:Sent_pong;611;A78F
Dispatcher:A78F;616017;31652;256;0;2;201;249;602;611
Listener:Sent_pong;611;F436
Dispatcher:F436;616080;37993;256;0;2;193;255;602;611
Listener:Sent_pong;612;3F27
Dispatcher:3F27;616652;45476;256;0;2;204;255;601;612
Listener:Sent_pong;612;8D93
Dispatcher:8D93;616784;39282;256;0;2;205;255;587;612
Listener:Sent_pong;612;CBB8
Dispatcher:CBB8;616824;49639;256;0;2;206;253;578;612
Listener:Sent_pong;612;FCED
Dispatcher:FCED;616878;27275;256;0;2;210;253;580;612
Listener:Sent_pong;612;A7E4
Dispatcher:A7E4;616944;28002;256;0;2;206;255;599;612
Listener:Sent_pong;612;A78F
Dispatcher:A78F;617025;25662;256;0;2;201;249;603;612
Listener:Sent_pong;612;F436
Dispatcher:F436;617089;40857;256;0;2;193;255;603;612
Listener:Sent_pong;613;3F27
Dispatcher:3F27;617660;50620;256;0;2;204;255;602;613
Listener:Sent_pong;613;8D93
Dispatcher:8D93;617791;36072;256;0;2;205;255;588;613
Listener:Sent_pong;613;CBB8
Dispatcher:CBB8;617831;51586;256;0;2;206;253;579;613
Listener:Sent_pong;613;FCED
Dispatcher:FCED;617887;28682;256;0;2;210;253;581;613
Listener:Sent_pong;613;A7E4
Dispatcher:A7E4;617953;28506;256;0;2;206;255;600;613
Listener:Sent_pong;613;A78F
Dispatcher:A78F;618032;25018;256;0;2;201;249;604;613
Listener:Sent_pong;613;F436
Dispatcher:F436;618101;45811;256;0;2;193;255;604;613
Listener:Sent_pong;614;3F27
Dispatcher:3F27;618668;51260;256;0;2;204;255;603;614
Listener:Sent_pong;614;8D93
Dispatcher:8D93;618798;42310;256;0;2;205;255;589;614
Listener:Sent_pong;614;CBB8
Dispatcher:CBB8;618840;52847;256;0;2;206;253;580;614
Listener:Sent_pong;614;FCED
Dispatcher:FCED;618895;27909;256;0;2;210;253;582;614
Listener:Sent_pong;614;A7E4
Dispatcher:A7E4;618960;28532;256;0;2;206;255;601;614
Listener:Sent_pong;614;A78F
Dispatcher:A78F;619046;30508;256;0;2;201;249;605;614
Listener:Sent_pong;614;F436
Dispatcher:F436;619109;48145;256;0;2;193;255;605;614
Listener:Sent_pong;615;3F27
Dispatcher:3F27;619677;54146;256;0;2;204;255;604;615
Listener:Sent_pong;615;8D93
Dispatcher:8D93;619807;39406;256;0;2;205;255;590;615
Listener:Sent_pong;615;CBB8
Dispatcher:CBB8;619848;52855;256;0;2;206;253;581;615
Listener:Sent_pong;615;FCED
Dispatcher:FCED;619904;29818;256;0;2;210;253;583;615
Listener:Sent_pong;615;A7E4
Dispatcher:A7E4;619969;33246;256;0;2;206;255;602;615
Listener:Sent_pong;615;A78F
Dispatcher:A78F;620053;24694;256;0;2;201;249;606;615
Listener:Sent_pong;615;F436
Dispatcher:F436;620117;40069;256;0;2;193;255;606;615
Listener:Sent_pong;616;3F27
Dispatcher:3F27;620686;52422;256;0;2;204;255;605;616
Listener:Sent_pong;616;8D93
Dispatcher:8D93;620823;46808;256;0;2;205;255;591;616
Listener:Sent_pong;616;CBB8
Dispatcher:CBB8;620858;52588;256;0;2;206;253;582;616
Listener:Sent_pong;616;FCED
Dispatcher:FCED;620913;27581;256;0;2;210;253;584;616
Listener:Sent_pong;616;A7E4
Dispatcher:A7E4;620978;28512;256;0;2;206;255;603;616
Listener:Sent_pong;616;A78F
Dispatcher:A78F;621062;28550;256;0;2;201;249;607;616
Listener:Sent_pong;616;F436
Dispatcher:F436;621129;43377;256;0;2;193;255;607;616
Listener:Sent_pong;617;3F27
Dispatcher:3F27;621695;50972;256;0;2;204;255;606;617
Listener:Sent_pong;617;8D93
Dispatcher:8D93;621830;33824;256;0;2;205;255;592;617
Listener:Sent_pong;617;CBB8
Dispatcher:CBB8;621866;49971;256;0;2;206;253;583;617
Listener:Sent_pong;617;FCED
Dispatcher:FCED;621920;25370;256;0;2;210;253;585;617
Listener:Sent_pong;617;A7E4
Dispatcher:A7E4;621986;25640;256;0;2;206;255;604;617
Listener:Sent_pong;617;A78F
Dispatcher:A78F;622073;31186;256;0;2;201;249;608;617
Listener:Sent_pong;617;F436
Dispatcher:F436;622136;42943;256;0;2;193;255;608;617
Listener:Sent_pong;618;3F27
Dispatcher:3F27;622705;52040;256;0;2;204;255;607;618
Listener:Sent_pong;618;8D93
Dispatcher:8D93;622838;37040;256;0;2;205;255;593;618
Listener:Sent_pong;618;CBB8
Dispatcher:CBB8;622875;54250;256;0;2;206;253;584;618
Listener:Sent_pong;618;FCED
Dispatcher:FCED;622928;26626;256;0;2;210;253;586;618
Listener:Sent_pong;618;A7E4
Dispatcher:A7E4;622994;30260;256;0;2;206;255;605;618
Listener:Sent_pong;618;A78F
Dispatcher:A78F;623081;24704;256;0;2;201;249;609;618
Listener:Sent_pong;618;F436
Dispatcher:F436;623144;38957;256;0;2;193;255;609;618
Listener:Sent_pong;619;3F27
Dispatcher:3F27;623713;56852;256;0;2;204;255;608;619
Listener:Sent_pong;619;8D93
Dispatcher:8D93;623846;39856;256;0;2;205;255;594;619
Listener:Sent_pong;619;CBB8
Dispatcher:CBB8;623883;50610;256;0;2;206;253;585;619
Listener:Sent_pong;619;FCED
Dispatcher:FCED;623936;28690;256;0;2;210;253;587;619
Listener:Sent_pong;619;A7E4
Dispatcher:A7E4;624003;26610;256;0;2;206;255;606;619
Listener:Sent_pong;619;A78F
Dispatcher:A78F;624089;26944;256;0;2;201;249;610;619
Listener:Sent_pong;619;F436
Dispatcher:F436;624151;40893;256;0;2;193;255;610;619
Listener:Sent_pong;620;3F27
Dispatcher:3F27;624720;52246;256;0;2;204;255;609;620
Listener:Sent_pong;620;8D93
Dispatcher:8D93;624853;55228;256;0;2;205;255;595;620
Listener:Sent_pong;620;CBB8
Dispatcher:CBB8;624890;50175;256;0;2;206;253;586;620
Listener:Sent_pong;620;FCED
Dispatcher:FCED;624943;23110;256;0;2;210;253;588;620
Listener:Sent_pong;620;A7E4
Dispatcher:A7E4;625011;25312;256;0;2;206;255;607;620
Listener:Sent_pong;620;A78F
Dispatcher:A78F;625105;33060;256;0;2;201;249;611;620
Listener:Sent_pong;620;F436
Dispatcher:F436;625159;38003;256;0;2;193;255;611;620
Listener:Sent_pong;621;3F27
Dispatcher:3F27;625733;57374;256;0;2;204;255;610;621
Listener:Sent_pong;621;8D93
Dispatcher:8D93;625862;39598;256;0;2;205;255;596;621
Listener:Sent_pong;621;CBB8
Dispatcher:CBB8;625897;51272;256;0;2;206;253;587;621
Listener:Sent_pong;621;FCED
Dispatcher:FCED;625951;27600;256;0;2;210;253;589;621
Listener:Sent_pong;621;A7E4
Dispatcher:A7E4;626019;34966;256;0;2;206;255;608;621
Listener:Sent_pong;621;A78F
Dispatcher:A78F;626114;29806;256;0;2;201;249;612;621
Listener:Sent_pong;621;F436
Dispatcher:F436;626165;34503;256;0;2;193;255;612;621
Listener:Sent_pong;622;3F27
Dispatcher:3F27;626740;36992;256;0;2;204;255;611;622
Listener:Sent_pong;622;8D93
Dispatcher:8D93;626878;33854;256;0;2;205;255;597;622
Listener:Sent_pong;622;CBB8
Dispatcher:CBB8;626904;26302;256;0;2;206;253;588;622
Listener:Sent_pong;622;FCED
Dispatcher:FCED;626958;23104;256;0;2;210;253;590;622
Listener:Sent_pong;622;A7E4
Dispatcher:A7E4;627027;25000;256;0;2;206;255;609;622
Listener:Sent_pong;622;A78F
Dispatcher:A78F;627122;25668;256;0;2;201;249;613;622
Listener:Sent_pong;622;F436
Dispatcher:F436;627172;38131;256;0;2;193;255;613;622
Listener:Sent_pong;623;3F27
Dispatcher:3F27;627748;41480;256;0;2;204;255;612;623
Listener:Sent_pong;623;8D93
Dispatcher:8D93;627886;30286;256;0;2;205;255;598;623
Listener:Sent_pong;623;CBB8
Dispatcher:CBB8;627912;30597;256;0;2;206;253;589;623
Listener:Sent_pong;623;FCED
Dispatcher:FCED;627966;26634;256;0;2;210;253;591;623
Listener:Sent_pong;623;A7E4
Dispatcher:A7E4;628034;24690;256;0;2;206;255;610;623
Listener:Sent_pong;623;A78F
Dispatcher:A78F;628130;29112;256;0;2;201;249;614;623
Listener:Sent_pong;623;F436
Dispatcher:F436;628179;38631;256;0;2;193;255;614;623
Listener:Sent_pong;624;3F27
Dispatcher:3F27;628761;46804;256;0;2;204;255;613;624
Listener:Sent_pong;624;8D93
Dispatcher:8D93;628894;29488;256;0;2;205;255;599;624
Listener:Sent_pong;624;CBB8
Dispatcher:CBB8;628918;24715;256;0;2;206;253;590;624
Listener:Sent_pong;624;FCED
Dispatcher:FCED;628974;26958;256;0;2;210;253;592;624
Listener:Sent_pong;624;A7E4
Dispatcher:A7E4;629041;24046;256;0;2;206;255;611;624
Listener:Sent_pong;624;A78F
Dispatcher:A78F;629138;24392;256;0;2;201;249;615;624
Listener:Sent_pong;624;F436
Dispatcher:F436;629186;34799;256;0;2;193;255;615;624
Listener:Sent_pong;625;3F27
Dispatcher:3F27;629770;39900;256;0;2;204;255;614;625
Listener:Sent_pong;625;8D93
Dispatcher:8D93;629910;38470;256;0;2;205;255;600;625
Listener:Sent_pong;625;CBB8
Dispatcher:CBB8;629935;35207;256;0;2;206;253;591;625
Listener:Sent_pong;625;FCED
Dispatcher:FCED;629981;25362;256;0;2;210;253;593;625
Listener:Sent_pong;625;A7E4
Dispatcher:A7E4;630047;23740;256;0;2;206;255;612;625
Listener:Sent_pong;625;A78F
Dispatcher:A78F;630146;27914;256;0;2;201;249;616;625
Listener:Sent_pong;625;F436
Dispatcher:F436;630194;42151;256;0;2;193;255;616;625
Listener:Sent_pong;626;3F27
Dispatcher:3F27;630776;37644;256;0;2;204;255;615;626
Listener:Sent_pong;626;8D93
Dispatcher:8D93;630917;27560;256;0;2;205;255;601;626
Listener:Sent_pong;626;CBB8
Dispatcher:CBB8;630942;28997;256;0;2;206;253;592;626
Listener:Sent_pong;626;FCED
Dispatcher:FCED;630990;29810;256;0;2;210;253;594;626
Listener:Sent_pong;626;A7E4
Dispatcher:A7E4;631054;23400;256;0;2;206;255;613;626
Listener:Sent_pong;626;A78F
Dispatcher:A78F;631161;33388;256;0;2;201;249;617;626
Listener:Sent_pong;626;F436
Dispatcher:F436;631202;40561;256;0;2;193;255;617;626
Listener:Sent_pong;627;3F27
Dispatcher:3F27;631791;45058;256;0;2;204;255;616;627
Listener:Sent_pong;627;8D93
Dispatcher:8D93;631924;26306;256;0;2;205;255;602;627
Listener:Sent_pong;627;CBB8
Dispatcher:CBB8;631951;28548;256;0;2;206;253;593;627
Listener:Sent_pong;627;FCED
Dispatcher:FCED;631997;24384;256;0;2;210;253;595;627
Listener:Sent_pong;627;A7E4
Dispatcher:A7E4;632062;27242;256;0;2;206;255;614;627
Listener:Sent_pong;627;A78F
Dispatcher:A78F;632169;25664;256;0;2;201;249;618;627
Listener:Sent_pong;627;F436
Dispatcher:F436;632209;36391;256;0;2;193;255;618;627
Listener:Sent_pong;628;3F27
Dispatcher:3F27;632800;40204;256;0;2;204;255;617;628
Listener:Sent_pong;628;8D93
Dispatcher:8D93;632933;29002;256;0;2;205;255;603;628
Listener:Sent_pong;628;CBB8
Dispatcher:CBB8;632958;26616;256;0;2;206;253;594;628
Listener:Sent_pong;628;FCED
Dispatcher:FCED;633005;26314;256;0;2;210;253;596;628
Listener:Sent_pong;628;A7E4
Dispatcher:A7E4;633068;23732;256;0;2;206;255;615;628
Listener:Sent_pong;628;A78F
Dispatcher:A78F;633178;27264;256;0;2;201;249;619;628
Listener:Sent_pong;628;F436
Dispatcher:F436;633216;41743;256;0;2;193;255;619;628
Listener:Sent_pong;629;3F27
Dispatcher:3F27;633808;42844;256;0;2;204;255;618;629
Listener:Sent_pong;629;8D93
Dispatcher:8D93;633940;24718;256;0;2;205;255;604;629
Listener:Sent_pong;629;CBB8
Dispatcher:CBB8;633965;27251;256;0;2;206;253;595;629
Listener:Sent_pong;629;FCED
Dispatcher:FCED;634013;27922;256;0;2;210;253;597;629
Listener:Sent_pong;629;A7E4
Dispatcher:A7E4;634081;30260;256;0;2;206;255;616;629
Listener:Sent_pong;629;A78F
Dispatcher:A78F;634190;30832;256;0;2;201;249;620;629
Listener:Sent_pong;629;F436
Dispatcher:F436;634223;42915;256;0;2;193;255;620;629
Listener:Sent_pong;630;3F27
Dispatcher:3F27;634822;45726;256;0;2;204;255;619;630
Listener:Sent_pong;630;8D93
Dispatcher:8D93;634948;25980;256;0;2;205;255;605;630
Listener:Sent_pong;630;CBB8
Dispatcher:CBB8;634973;28558;256;0;2;206;253;596;630
Listener:Sent_pong;630;FCED
Dispatcher:FCED;635022;25348;256;0;2;210;253;598;630
Listener:Sent_pong;630;A7E4
Dispatcher:A7E4;635089;25960;256;0;2;206;255;617;630
Listener:Sent_pong;630;A78F
Dispatcher:A78F;635199;29792;256;0;2;201;249;621;630
Listener:Sent_pong;630;F436
Dispatcher:F436;635230;39939;256;0;2;193;255;621;630
Listener:Sent_pong;631;3F27
Dispatcher:3F27;635830;49908;256;0;2;204;255;620;631
Listener:Sent_pong;631;8D93
Dispatcher:8D93;635964;45700;256;0;2;205;255;606;631
Listener:Sent_pong;631;CBB8
Dispatcher:CBB8;635997;45075;256;0;2;206;253;597;631
Listener:Sent_pong;631;FCED
Dispatcher:FCED;636030;25692;256;0;2;210;253;599;631
Listener:Sent_pong;631;A7E4
Dispatcher:A7E4;636097;23744;256;0;2;206;255;618;631
Listener:Sent_pong;631;A78F
Dispatcher:A78F;636208;28522;256;0;2;201;249;622;631
Listener:Sent_pong;631;F436
Dispatcher:F436;636237;38973;256;0;2;193;255;622;631
Listener:Sent_pong;632;3F27
Dispatcher:3F27;636838;37640;256;0;2;204;255;621;632
Listener:Sent_pong;632;8D93
Dispatcher:8D93;636971;26310;256;0;2;205;255;607;632
Listener:Sent_pong;632;CBB8
Dispatcher:CBB8;637006;25323;256;0;2;206;253;598;632
Listener:Sent_pong;632;FCED
Dispatcher:FCED;637038;24736;256;0;2;210;253;600;632
Listener:Sent_pong;632;A7E4
Dispatcher:A7E4;637110;28870;256;0;2;206;255;619;632
Listener:Sent_pong;632;A78F
Dispatcher:A78F;637220;32516;256;0;2;201;249;623;632
Listener:Sent_pong;632;F436
Dispatcher:F436;637244;37369;256;0;2;193;255;623;632
Listener:Sent_pong;633;3F27
Dispatcher:3F27;637850;41548;256;0;2;204;255;622;633
Listener:Sent_pong;633;8D93
Dispatcher:8D93;637978;24368;256;0;2;205;255;608;633
Listener:Sent_pong;633;CBB8
Dispatcher:CBB8;638014;25026;256;0;2;206;253;599;633
Listener:Sent_pong;633;FCED
Dispatcher:FCED;638047;31562;256;0;2;210;253;601;633
Listener:Sent_pong;633;A7E4
Dispatcher:A7E4;638118;25326;256;0;2;206;255;620;633
Listener:Sent_pong;633;A78F
Dispatcher:A78F;638228;24706;256;0;2;201;249;624;633
Listener:Sent_pong;633;F436
Dispatcher:F436;638258;43607;256;0;2;193;255;624;633
Listener:Sent_pong;634;3F27
Dispatcher:3F27;638858;45120;256;0;2;204;255;623;634
Listener:Sent_pong;634;8D93
Dispatcher:8D93;638993;35930;256;0;2;205;255;609;634
Listener:Sent_pong;634;CBB8
Dispatcher:CBB8;639021;25324;256;0;2;206;253;600;634
Listener:Sent_pong;634;FCED
Dispatcher:FCED;639056;27920;256;0;2;210;253;602;634
Listener:Sent_pong;634;A7E4
Dispatcher:A7E4;639125;25962;256;0;2;206;252;621;634
Listener:Sent_pong;634;A78F
Dispatcher:A78F;639237;26916;256;0;2;201;249;625;634
Listener:Sent_pong;634;F436
Dispatcher:F436;639267;42953;256;0;2;193;255;625;634
Listener:Sent_pong;635;3F27
Dispatcher:3F27;639867;43396;256;0;2;204;255;624;635
Listener:Sent_pong;635;8D93
Dispatcher:8D93;640000;26282;256;0;2;205;255;610;635
Listener:Sent_pong;635;CBB8
Dispatcher:CBB8;640028;29988;256;0;2;206;253;601;635
Listener:Sent_pong;635;FCED
Dispatcher:FCED;640064;33786;256;0;2;210;253;603;635
Listener:Sent_pong;635;A7E4
Dispatcher:A7E4;640132;27318;256;0;2;206;252;622;635
Listener:Sent_pong;635;A78F
Dispatcher:A78F;640249;30514;256;0;2;201;249;626;635
Listener:Sent_pong;635;F436
Dispatcher:F436;640275;39621;256;0;2;193;255;626;635
Listener:Sent_pong;636;3F27
Dispatcher:3F27;640880;42822;256;0;2;204;255;625;636
Listener:Sent_pong;636;8D93
Dispatcher:8D93;641009;27270;256;0;2;205;255;611;636
Listener:Sent_pong;636;CBB8
Dispatcher:CBB8;641037;25343;256;0;2;206;253;602;636
Listener:Sent_pong;636;FCED
Dispatcher:FCED;641072;28694;256;0;2;210;253;604;636
Listener:Sent_pong;636;A7E4
Dispatcher:A7E4;641139;25644;256;0;2;206;252;623;636
Listener:Sent_pong;636;A78F
Dispatcher:A78F;641256;25964;256;0;2;201;249;627;636
Listener:Sent_pong;636;F436
Dispatcher:F436;641294;49139;256;0;2;193;255;627;636
Listener:Sent_pong;637;3F27
Dispatcher:3F27;641887;36698;256;0;2;204;255;626;637
Listener:Sent_pong;637;8D93
Dispatcher:8D93;642027;36388;256;0;2;205;255;612;637
Listener:Sent_pong;637;CBB8
Dispatcher:CBB8;642051;31805;256;0;2;206;253;603;637
Listener:Sent_pong;637;FCED
Dispatcher:FCED;642079;26306;256;0;2;210;253;605;637
Listener:Sent_pong;637;A7E4
Dispatcher:A7E4;642146;24664;256;0;2;206;252;624;637
Listener:Sent_pong;637;A78F
Dispatcher:A78F;642265;27564;256;0;2;201;249;628;637
Listener:Sent_pong;637;F436
Dispatcher:F436;642301;36737;256;0;2;193;255;628;637
Listener:Sent_pong;638;3F27
Dispatcher:3F27;642895;38304;256;0;2;204;255;627;638
Listener:Sent_pong;638;8D93
Dispatcher:8D93;643036;27592;256;0;2;205;255;613;638
Listener:Sent_pong;638;CBB8
Dispatcher:CBB8;643058;26106;256;0;2;206;253;604;638
Listener:Sent_pong;638;FCED
Dispatcher:FCED;643087;27914;256;0;2;210;253;606;638
Listener:Sent_pong;638;A7E4
Dispatcher:A7E4;643154;29942;256;0;2;206;252;625;638
Listener:Sent_pong;638;A78F
Dispatcher:A78F;643278;31544;256;0;2;201;249;629;638
Listener:Sent_pong;638;F436
Dispatcher:F436;643308;34797;256;0;2;193;255;629;638
Listener:Sent_pong;639;3F27
Dispatcher:3F27;643909;46664;256;0;2;204;255;628;639
Listener:Sent_pong;639;8D93
Dispatcher:8D93;644043;26614;256;0;2;205;255;614;639
Listener:Sent_pong;639;CBB8
Dispatcher:CBB8;644067;30280;256;0;2;206;253;605;639
Listener:Sent_pong;639;FCED
Dispatcher:FCED;644095;28362;256;0;2;210;253;607;639
Listener:Sent_pong;639;A7E4
Dispatcher:A7E4;644161;26582;256;0;2;206;252;626;639
Listener:Sent_pong;639;A78F
Dispatcher:A78F;644285;27258;256;0;2;201;249;630;639
Listener:Sent_pong;639;F436
Dispatcher:F436;644315;41187;256;0;2;193;255;630;639
Listener:Sent_pong;640;3F27
Dispatcher:3F27;644917;43536;256;0;2;204;255;629;640
Listener:Sent_pong;640;8D93
Dispatcher:8D93;645051;25344;256;0;2;205;255;615;640
Listener:Sent_pong;640;CBB8
Dispatcher:CBB8;645076;30166;256;0;2;206;253;606;640
Listener:Sent_pong;640;FCED
Dispatcher:FCED;645104;28430;256;0;2;210;253;608;640
Listener:Sent_pong;640;A7E4
Dispatcher:A7E4;645169;24674;256;0;2;206;252;627;640
Listener:Sent_pong;640;A78F
Dispatcher:A78F;645292;26952;256;0;2;201;249;631;640
Listener:Sent_pong;640;F436
Dispatcher:F436;645324;44235;256;0;2;193;255;631;640
Listener:Sent_pong;641;3F27
Dispatcher:3F27;645925;39904;256;0;2;204;255;630;641
Listener:Sent_pong;641;8D93
Dispatcher:8D93;646069;36174;256;0;2;205;255;616;641
Listener:Sent_pong;641;CBB8
Dispatcher:CBB8;646091;43544;256;0;2;206;253;607;641
Listener:Sent_pong;641;FCED
Dispatcher:FCED;646127;47660;256;0;2;210;253;609;641
Listener:Sent_pong;641;A7E4
Dispatcher:A7E4;646175;25310;256;0;2;206;252;628;641
Listener:Sent_pong;641;A78F
Dispatcher:A78F;646308;34654;256;0;2;201;249;632;641
Listener:Sent_pong;641;F436
Dispatcher:F436;646332;38983;256;0;2;193;255;632;641
Listener:Sent_pong;642;3F27
Dispatcher:3F27;646941;49868;256;0;2;204;255;631;642
Listener:Sent_pong;642;8D93
Dispatcher:8D93;647077;25634;256;0;2;205;255;617;642
Listener:Sent_pong;642;CBB8
Dispatcher:CBB8;647099;26795;256;0;2;206;253;608;642
Listener:Sent_pong;642;FCED
Dispatcher:FCED;647135;30302;256;0;2;210;253;610;642
Listener:Sent_pong;642;A7E4
Dispatcher:A7E4;647182;25646;256;0;2;206;252;629;642
Listener:Sent_pong;642;A78F
Dispatcher:A78F;647316;26610;256;0;2;201;249;633;642
Listener:Sent_pong;642;F436
Dispatcher:F436;647345;47935;256;0;2;193;255;633;642
Listener:Sent_pong;643;3F27
Dispatcher:3F27;647950;45776;256;0;2;204;255;632;643
Listener:Sent_pong;643;8D93
Dispatcher:8D93;648084;26010;256;0;2;205;255;618;643
Listener:Sent_pong;643;CBB8
Dispatcher:CBB8;648107;25691;256;0;2;206;253;609;643
Listener:Sent_pong;643;FCED
Dispatcher:FCED;648143;23440;256;0;2;210;253;611;643
Listener:Sent_pong;643;A7E4
Dispatcher:A7E4;648189;23720;256;0;2;206;252;630;643
Listener:Sent_pong;643;A78F
Dispatcher:A78F;648324;25980;256;0;2;201;249;634;643
Listener:Sent_pong;643;F436
Dispatcher:F436;648354;38013;256;0;2;193;255;634;643
Listener:Sent_pong;644;3F27
Dispatcher:3F27;648959;37964;256;0;2;204;255;633;644
Listener:Sent_pong;644;8D93
Dispatcher:8D93;649091;25670;256;0;2;205;255;619;644
Listener:Sent_pong;644;CBB8
Dispatcher:CBB8;649114;23121;256;0;2;206;253;610;644
Listener:Sent_pong;644;FCED
Dispatcher:FCED;649151;25354;256;0;2;210;253;612;644
Listener:Sent_pong;644;A7E4
Dispatcher:A7E4;649198;26936;256;0;2;206;252;631;644
Listener:Sent_pong;644;A78F
Dispatcher:A78F;649334;31226;256;0;2;201;249;635;644
Listener:Sent_pong;644;F436
Dispatcher:F436;649361;37811;256;0;2;193;255;635;644
Listener:Sent_pong;645;3F27
Dispatcher:3F27;649967;40206;256;0;2;204;255;634;645
Listener:Sent_pong;645;8D93
Dispatcher:8D93;650100;27892;256;0;2;205;255;620;645
Listener:Sent_pong;645;CBB8
Dispatcher:CBB8;650122;28637;256;0;2;206;253;611;645
Listener:Sent_pong;645;FCED
Dispatcher:FCED;650159;29648;256;0;2;210;253;613;645
Listener:Sent_pong;645;A7E4
Dispatcher:A7E4;650205;24034;256;0;2;206;252;632;645
Listener:Sent_pong;645;A78F
Dispatcher:A78F;650343;25354;256;0;2;201;249;636;645
Listener:Sent_pong;645;F436
Dispatcher:F436;650375;45377;256;0;2;193;255;636;645
Listener:Sent_pong;646;3F27
Dispatcher:3F27;650975;37322;256;0;2;204;255;635;646
Listener:Sent_pong;646;8D93
Dispatcher:8D93;651109;29260;256;0;2;205;255;621;646
Listener:Sent_pong;646;CBB8
Dispatcher:CBB8;651134;29538;256;0;2;206;253;612;646
Listener:Sent_pong;646;FCED
Dispatcher:FCED;651166;22772;256;0;2;210;253;614;646
Listener:Sent_pong;646;A7E4
Dispatcher:A7E4;651212;24064;256;0;2;206;252;633;646
Listener:Sent_pong;646;A78F
Dispatcher:A78F;651349;23430;256;0;2;201;249;637;646
Listener:Sent_pong;646;F436
Dispatcher:F436;651384;49931;256;0;2;193;255;637;646
Listener:Sent_pong;647;3F27
Dispatcher:3F27;651982;37964;256;0;2;204;255;636;647
Listener:Sent_pong;647;8D93
Dispatcher:8D93;652118;25352;256;0;2;205;255;622;647
Listener:Sent_pong;647;CBB8
Dispatcher:CBB8;652143;33771;256;0;2;206;253;613;647
Listener:Sent_pong;647;FCED
Dispatcher:FCED;652175;30972;256;0;2;210;253;615;647
Listener:Sent_pong;647;A7E4
Dispatcher:A7E4;652219;25008;256;0;2;206;252;634;647
Listener:Sent_pong;647;A78F
Dispatcher:A78F;652365;39752;256;0;2;201;249;638;647
Listener:Sent_pong;647;F436
Dispatcher:F436;652393;41839;256;0;2;193;255;638;647
Listener:Sent_pong;648;3F27
Dispatcher:3F27;652995;43760;256;0;2;204;255;637;648
Listener:Sent_pong;648;8D93
Dispatcher:8D93;653125;26306;256;0;2;205;255;623;648
Listener:Sent_pong;648;FCED
Dispatcher:FCED;653183;25982;256;0;2;210;253;616;648
Listener:Sent_pong;648;A7E4
Dispatcher:A7E4;653226;28178;256;0;2;206;252;635;648
Listener:Sent_pong;648;A78F
Dispatcher:A78F;653373;25032;256;0;2;201;249;639;648
Listener:Sent_pong;648;F436
Dispatcher:F436;653404;42293;256;0;2;193;255;639;648
Listener:Sent_pong;649;3F27
Dispatcher:3F27;654002;36682;256;0;2;204;255;638;649
Listener:Sent_pong;649;8D93
Dispatcher:8D93;654140;26306;256;0;2;205;255;623;649
Listener:Sent_pong;649;CBB8
Dispatcher:CBB8;654178;26315;256;0;2;206;253;614;649
Listener:Sent_pong;649;FCED
Dispatcher:FCED;654208;43154;256;0;2;210;253;617;649
Listener:Sent_pong;649;A7E4
Dispatcher:A7E4;654241;33988;256;0;2;206;252;636;649
Listener:Sent_pong;649;A78F
Dispatcher:A78F;654381;25028;256;0;2;201;249;640;649
Listener:Sent_pong;649;F436
Dispatcher:F436;654412;36405;256;0;2;193;255;640;649
Listener:Sent_pong;650;3F27
Dispatcher:3F27;655009;39580;256;0;2;204;255;639;650
Listener:Sent_pong;650;8D93
Dispatcher:8D93;655149;29218;256;0;2;205;255;624;650
Listener:Sent_pong;650;CBB8
Dispatcher:CBB8;655187;29832;256;0;2;206;253;615;650
Listener:Sent_pong;650;FCED
Dispatcher:FCED;655216;26654;256;0;2;210;253;618;650
Listener:Sent_pong;650;A7E4
Dispatcher:A7E4;655249;25318;256;0;2;206;252;637;650
Listener:Sent_pong;650;A78F
Dispatcher:A78F;655394;33068;256;0;2;201;249;641;650
Listener:Sent_pong;650;F436
Dispatcher:F436;655421;37041;256;0;2;193;255;641;650
Listener:Sent_pong;651;3F27
Dispatcher:3F27;656016;31052;256;0;2;204;255;640;651
Listener:Sent_pong;651;8D93
Dispatcher:8D93;656157;27916;256;0;2;205;255;625;651
Listener:Sent_pong;651;CBB8
Dispatcher:CBB8;656194;29856;256;0;2;206;253;616;651
Listener:Sent_pong;651;FCED
Dispatcher:FCED;656226;28688;256;0;2;210;253;619;651
Listener:Sent_pong;651;A7E4
Dispatcher:A7E4;656255;23698;256;0;2;206;252;638;651
Listener:Sent_pong;651;A78F
Dispatcher:A78F;656403;29802;256;0;2;201;249;642;651
Listener:Sent_pong;651;F436
Dispatcher:F436;656435;46391;256;0;2;193;255;642;651
Listener:Sent_pong;652;3F27
Dispatcher:3F27;657024;25362;256;0;2;204;255;641;652
Listener:Sent_pong;652;8D93
Dispatcher:8D93;657169;31814;256;0;2;205;255;626;652
Listener:Sent_pong;652;CBB8
Dispatcher:CBB8;657203;30480;256;0;2;206;252;617;652
Listener:Sent_pong;652;FCED
Dispatcher:FCED;657233;27586;256;0;2;210;253;620;652
Listener:Sent_pong;652;A7E4
Dispatcher:A7E4;657270;33370;256;0;2;206;252;639;652
Listener:Sent_pong;652;A78F
Dispatcher:A78F;657410;28518;256;0;2;201;249;643;652
Listener:Sent_pong;652;F436
Dispatcher:F436;657443;42951;256;0;2;193;255;643;652
Listener:Sent_pong;653;3F27
Dispatcher:3F27;658031;25332;256;0;2;204;255;642;653
Listener:Sent_pong;653;8D93
Dispatcher:8D93;658178;28208;256;0;2;205;255;627;653
Listener:Sent_pong;653;CBB8
Dispatcher:CBB8;658211;26948;256;0;2;206;252;618;653
Listener:Sent_pong;653;FCED
Dispatcher:FCED;658240;25974;256;0;2;210;253;621;653
Listener:Sent_pong;653;A7E4
Dispatcher:A7E4;658290;68826;256;0;2;206;252;640;653
Listener:Sent_pong;653;A78F
Dispatcher:A78F;658424;33078;256;0;2;201;249;644;653
Listener:Sent_pong;653;F436
Dispatcher:F436;658450;38659;256;0;2;193;255;644;653
Listener:Sent_pong;654;3F27
Dispatcher:3F27;659039;27410;256;0;2;204;255;643;654
Listener:Sent_pong;654;8D93
Dispatcher:8D93;659187;27914;256;0;2;205;255;628;654
Listener:Sent_pong;654;CBB8
Dispatcher:CBB8;659219;37011;256;0;2;206;252;619;654
Listener:Sent_pong;654;FCED
Dispatcher:FCED;659261;49738;256;0;2;210;253;622;654
Listener:Sent_pong;654;A7E4
Dispatcher:A7E4;659297;36678;256;0;2;206;252;641;654
Listener:Sent_pong;654;A78F
Dispatcher:A78F;659431;22302;256;0;2;201;249;645;654
Listener:Sent_pong;654;F436
Dispatcher:F436;659465;44909;256;0;2;193;255;645;654
Listener:Sent_pong;655;3F27
Dispatcher:3F27;660046;25978;256;0;2;204;255;644;655
Listener:Sent_pong;655;8D93
Dispatcher:8D93;660197;27388;256;0;2;205;255;629;655
Listener:Sent_pong;655;CBB8
Dispatcher:CBB8;660228;36988;256;0;2;206;252;620;655
Listener:Sent_pong;655;FCED
Dispatcher:FCED;660268;41056;256;0;2;210;253;623;655
Listener:Sent_pong;655;A7E4
Dispatcher:A7E4;660314;56606;256;0;2;206;252;642;655
Listener:Sent_pong;655;A78F
Dispatcher:A78F;660438;25024;256;0;2;201;249;646;655
Listener:Sent_pong;655;F436
Dispatcher:F436;660472;41341;256;0;2;193;255;646;655
Listener:Sent_pong;656;3F27
Dispatcher:3F27;661053;36354;256;0;2;204;255;645;656
Listener:Sent_pong;656;8D93
Dispatcher:8D93;661205;25026;256;0;2;205;255;630;656
Listener:Sent_pong;656;CBB8
Dispatcher:CBB8;661235;41353;256;0;2;206;252;621;656
Listener:Sent_pong;656;FCED
Dispatcher:FCED;661275;38070;256;0;2;210;253;624;656
Listener:Sent_pong;656;A7E4
Dispatcher:A7E4;661322;25642;256;0;2;206;252;643;656
Listener:Sent_pong;656;A78F
Dispatcher:A78F;661452;32238;256;0;2;201;249;647;656
Listener:Sent_pong;656;F436
Dispatcher:F436;661480;24721;256;0;2;193;255;647;656
Listener:Sent_pong;657;3F27
Dispatcher:3F27;662061;41574;256;0;2;204;255;646;657
Listener:Sent_pong;657;8D93
Dispatcher:8D93;662214;26622;256;0;2;205;255;631;657
Listener:Sent_pong;657;CBB8
Dispatcher:CBB8;662243;37964;256;0;2;206;252;622;657
Listener:Sent_pong;657;FCED
Dispatcher:FCED;662285;42612;256;0;2;210;253;625;657
Listener:Sent_pong;657;A78F
Dispatcher:A78F;662461;28198;256;0;2;201;249;648;657
Listener:Sent_pong;657;F436
Dispatcher:F436;662491;28365;256;0;2;193;255;648;657
Listener:Sent_pong;658;3F27
Dispatcher:3F27;663069;42200;256;0;2;204;255;647;658
Listener:Sent_pong;658;8D93
Dispatcher:8D93;663228;37816;256;0;2;205;255;632;658
Listener:Sent_pong;658;CBB8
Dispatcher:CBB8;663257;37964;256;0;2;206;252;622;658
Listener:Sent_pong;658;FCED
Dispatcher:FCED;663294;42612;256;0;2;210;253;625;658
Listener:Sent_pong;658;A7E4
Dispatcher:A7E4;663336;27256;256;0;2;206;252;644;658
Listener:Sent_pong;658;A78F
Dispatcher:A78F;663470;26622;256;0;2;201;249;649;658
Listener:Sent_pong;658;F436
Dispatcher:F436;663499;26613;256;0;2;193;255;649;658
Listener:Sent_pong;659;3F27
Dispatcher:3F27;664076;34786;256;0;2;204;255;648;659
Listener:Sent_pong;659;8D93
Dispatcher:8D93;664237;26618;256;0;2;205;255;633;659
Listener:Sent_pong;659;CBB8
Dispatcher:CBB8;664264;40973;256;0;2;206;252;623;659
Listener:Sent_pong;659;FCED
Dispatcher:FCED;664304;40416;256;0;2;210;253;626;659
Listener:Sent_pong;659;A7E4
Dispatcher:A7E4;664343;23418;256;0;2;206;252;645;659
Listener:Sent_pong;659;A78F
Dispatcher:A78F;664484;33438;256;0;2;201;249;650;659
Listener:Sent_pong;659;F436
Dispatcher:F436;664507;26975;256;0;2;193;255;650;659
Listener:Sent_pong;660;3F27
Dispatcher:3F27;665083;41896;256;0;2;204;255;649;660
Listener:Sent_pong;660;8D93
Dispatcher:8D93;665245;26322;256;0;2;205;255;634;660
Listener:Sent_pong;660;CBB8
Dispatcher:CBB8;665272;38953;256;0;2;206;252;624;660
Listener:Sent_pong;660;FCED
Dispatcher:FCED;665313;37682;256;0;2;210;253;627;660
Listener:Sent_pong;660;A7E4
Dispatcher:A7E4;665350;26268;256;0;2;206;252;646;660
Listener:Sent_pong;660;A78F
Dispatcher:A78F;665492;28494;256;0;2;201;249;651;660
Listener:Sent_pong;660;F436
Dispatcher:F436;665522;33087;256;0;2;193;255;651;660
Listener:Sent_pong;661;3F27
Dispatcher:3F27;666091;37642;256;0;2;204;255;650;661
Listener:Sent_pong;661;8D93
Dispatcher:8D93;666254;28864;256;0;2;205;255;635;661
Listener:Sent_pong;661;CBB8
Dispatcher:CBB8;666280;38288;256;0;2;206;252;625;661
Listener:Sent_pong;661;FCED
Dispatcher:FCED;666321;37032;256;0;2;210;253;628;661
Listener:Sent_pong;661;A7E4
Dispatcher:A7E4;666357;27244;256;0;2;206;252;647;661
Listener:Sent_pong;661;A78F
Dispatcher:A78F;666501;26936;256;0;2;201;249;652;661
Listener:Sent_pong;661;F436
Dispatcher:F436;666530;23731;256;0;2;193;255;652;661
Listener:Sent_pong;662;3F27
Dispatcher:3F27;667105;45774;256;0;2;204;255;651;662
Listener:Sent_pong;662;8D93
Dispatcher:8D93;667262;26616;256;0;2;205;255;636;662
Listener:Sent_pong;662;CBB8
Dispatcher:CBB8;667287;40857;256;0;2;206;252;626;662
Listener:Sent_pong;662;FCED
Dispatcher:FCED;667333;39660;256;0;2;210;253;629;662
Listener:Sent_pong;662;A78F
Dispatcher:A78F;667510;28214;256;0;2;201;249;653;662
Listener:Sent_pong;662;F436
Dispatcher:F436;667536;26611;256;0;2;193;255;653;662
Listener:Sent_pong;663;3F27
Dispatcher:3F27;668113;50142;256;0;2;204;255;652;663
Listener:Sent_pong;663;8D93
Dispatcher:8D93;668269;55662;256;0;2;205;255;637;663
Listener:Sent_pong;663;CBB8
Dispatcher:CBB8;668305;77513;256;0;2;206;252;627;663
Listener:Sent_pong;663;FCED
Dispatcher:FCED;668349;89403;256;0;2;210;253;630;663
Listener:Sent_pong;663;A7E4
Dispatcher:A7E4;668396;26416;256;0;2;206;252;648;663
Listener:Sent_pong;663;A78F
Dispatcher:A78F;668517;26930;256;0;2;201;249;654;663
Listener:Sent_pong;663;F436
Dispatcher:F436;668551;46031;256;0;2;193;255;654;663
Listener:Sent_pong;664;3F27
Dispatcher:3F27;669120;46786;256;0;2;204;255;653;664
Listener:Sent_pong;664;8D93
Dispatcher:8D93;669276;38752;256;0;2;205;255;638;664
Listener:Sent_pong;664;CBB8
Dispatcher:CBB8;669313;81401;256;0;2;206;252;628;664
Listener:Sent_pong;664;FCED
Dispatcher:FCED;669361;32180;256;0;2;210;253;631;664
Listener:Sent_pong;664;A7E4
Dispatcher:A7E4;669404;27572;256;0;2;206;252;649;664
Listener:Sent_pong;664;A78F
Dispatcher:A78F;669526;28836;256;0;2;201;249;655;664
Listener:Sent_pong;664;F436
Dispatcher:F436;669558;32875;256;0;2;193;255;655;664
Listener:Sent_pong;665;3F27
Dispatcher:3F27;670128;50312;256;0;2;204;255;654;665
Listener:Sent_pong;665;8D93
Dispatcher:8D93;670283;65678;256;0;2;205;255;639;665
Listener:Sent_pong;665;CBB8
Dispatcher:CBB8;670327;65953;256;0;2;206;252;629;665
Listener:Sent_pong;665;FCED
Dispatcher:FCED;670376;37207;256;0;2;210;253;632;665
Listener:Sent_pong;665;A7E4
Dispatcher:A7E4;670412;32832;256;0;2;206;252;650;665
Listener:Sent_pong;665;A78F
Dispatcher:A78F;670541;34968;256;0;2;201;249;656;665
Listener:Sent_pong;665;F436
Dispatcher:F436;670565;41523;256;0;2;193;255;656;665
Listener:Sent_pong;666;3F27
Dispatcher:3F27;671136;55410;256;0;2;204;255;655;666
Listener:Sent_pong;666;8D93
Dispatcher:8D93;671291;40560;256;0;2;205;255;640;666
Listener:Sent_pong;666;CBB8
Dispatcher:CBB8;671335;54130;256;0;2;206;252;630;666
Listener:Sent_pong;666;FCED
Dispatcher:FCED;671387;29158;256;0;2;210;253;633;666
Listener:Sent_pong;666;A7E4
Dispatcher:A7E4;671419;24342;256;0;2;206;252;651;666
Listener:Sent_pong;666;A78F
Dispatcher:A78F;671548;26268;256;0;2;201;249;657;666
Listener:Sent_pong;666;F436
Dispatcher:F436;671579;46189;256;0;2;193;255;657;666
Listener:Sent_pong;667;3F27
Dispatcher:3F27;672143;49644;256;0;2;204;255;656;667
Listener:Sent_pong;667;8D93
Dispatcher:8D93;672299;48900;256;0;2;205;255;641;667
Listener:Sent_pong;667;CBB8
Dispatcher:CBB8;672345;56639;256;0;2;206;252;631;667
Listener:Sent_pong;667;FCED
Dispatcher:FCED;672397;30533;256;0;2;210;253;634;667
Listener:Sent_pong;667;A7E4
Dispatcher:A7E4;672426;27576;256;0;2;206;252;652;667
Listener:Sent_pong;667;A78F
Dispatcher:A78F;672557;27256;256;0;2;201;249;658;667
Listener:Sent_pong;667;F436
Dispatcher:F436;672588;44193;256;0;2;193;255;658;667
Listener:Sent_pong;668;3F27
Dispatcher:3F27;673158;59334;256;0;2;204;255;657;668
Listener:Sent_pong;668;8D93
Dispatcher:8D93;673306;37986;256;0;2;205;255;642;668
Listener:Sent_pong;668;CBB8
Dispatcher:CBB8;673357;55243;256;0;2;206;252;632;668
Listener:Sent_pong;668;FCED
Dispatcher:FCED;673406;29174;256;0;2;210;253;635;668
Listener:Sent_pong;668;A7E4
Dispatcher:A7E4;673433;27542;256;0;2;206;252;653;668
Listener:Sent_pong;668;A78F
Dispatcher:A78F;673568;28674;256;0;2;201;249;659;668
Listener:Sent_pong;668;F436
Dispatcher:F436;673596;35781;256;0;2;193;255;659;668
Listener:Sent_pong;669;3F27
Dispatcher:3F27;674166;53964;256;0;2;204;255;658;669
Listener:Sent_pong;669;8D93
Dispatcher:8D93;674314;43886;256;0;2;205;255;643;669
Listener:Sent_pong;669;CBB8
Dispatcher:CBB8;674364;56816;256;0;2;206;252;633;669
Listener:Sent_pong;669;FCED
Dispatcher:FCED;674421;32187;256;0;2;210;253;636;669
Listener:Sent_pong;669;A7E4
Dispatcher:A7E4;674445;30182;256;0;2;206;252;654;669
Listener:Sent_pong;669;A78F
Dispatcher:A78F;674576;27592;256;0;2;201;249;660;669
Listener:Sent_pong;669;F436
Dispatcher:F436;674610;49585;256;0;2;193;255;660;669
Listener:Sent_pong;670;3F27
Dispatcher:3F27;675175;56388;256;0;2;204;255;659;670
Listener:Sent_pong;670;8D93
Dispatcher:8D93;675322;40206;256;0;2;205;255;644;670
Listener:Sent_pong;670;CBB8
Dispatcher:CBB8;675372;50950;256;0;2;206;252;634;670
Listener:Sent_pong;670;FCED
Dispatcher:FCED;675428;24988;256;0;2;210;253;637;670
Listener:Sent_pong;670;A7E4
Dispatcher:A7E4;675453;29494;256;0;2;206;252;655;670
Listener:Sent_pong;670;A78F
Dispatcher:A78F;675584;27268;256;0;2;201;249;661;670
Listener:Sent_pong;670;F436
Dispatcher:F436;675619;50055;256;0;2;193;255;661;670
Listener:Sent_pong;671;3F27
Dispatcher:3F27;676183;51568;256;0;2;204;255;660;671
Listener:Sent_pong;671;8D93
Dispatcher:8D93;676331;39926;256;0;2;205;255;645;671
Listener:Sent_pong;671;CBB8
Dispatcher:CBB8;676379;50608;256;0;2;206;252;635;671
Listener:Sent_pong;671;FCED
Dispatcher:FCED;676435;27941;256;0;2;210;253;638;671
Listener:Sent_pong;671;A7E4
Dispatcher:A7E4;676461;26346;256;0;2;206;252;656;671
Listener:Sent_pong;671;A78F
Dispatcher:A78F;676599;30820;256;0;2;201;249;662;671
Listener:Sent_pong;671;F436
Dispatcher:F436;676627;41537;256;0;2;193;255;662;671
Listener:Sent_pong;672;3F27
Dispatcher:3F27;677192;53810;256;0;2;204;255;661;672
Listener:Sent_pong;672;8D93
Dispatcher:8D93;677338;37008;256;0;2;205;255;646;672
Listener:Sent_pong;672;CBB8
Dispatcher:CBB8;677386;56187;256;0;2;206;252;636;672
Listener:Sent_pong;672;FCED
Dispatcher:FCED;677444;27914;256;0;2;210;253;639;672
Listener:Sent_pong;672;A7E4
Dispatcher:A7E4;677469;29140;256;0;2;206;252;657;672
Listener:Sent_pong;672;A78F
Dispatcher:A78F;677606;25690;256;0;2;201;249;663;672
Listener:Sent_pong;672;F436
Dispatcher:F436;677637;40999;256;0;2;193;255;663;672
Listener:Sent_pong;673;3F27
Dispatcher:3F27;678200;50622;256;0;2;204;255;662;673
Listener:Sent_pong;673;8D93
Dispatcher:8D93;678347;42604;256;0;2;205;255;647;673
Listener:Sent_pong;673;CBB8
Dispatcher:CBB8;678393;48367;256;0;2;206;252;637;673
Listener:Sent_pong;673;FCED
Dispatcher:FCED;678453;31568;256;0;2;210;253;640;673
Listener:Sent_pong;673;A7E4
Dispatcher:A7E4;678482;33456;256;0;2;206;252;658;673
Listener:Sent_pong;673;A78F
Dispatcher:A78F;678613;23398;256;0;2;201;249;664;673
Listener:Sent_pong;673;F436
Dispatcher:F436;678645;38623;256;0;2;193;255;664;673
Listener:Sent_pong;674;3F27
Dispatcher:3F27;679213;61242;256;0;2;204;255;663;674
Listener:Sent_pong;674;8D93
Dispatcher:8D93;679355;38968;256;0;2;205;255;648;674
Listener:Sent_pong;674;CBB8
Dispatcher:CBB8;679400;59498;256;0;2;206;252;638;674
Listener:Sent_pong;674;FCED
Dispatcher:FCED;679461;25666;256;0;2;210;253;641;674
Listener:Sent_pong;674;A7E4
Dispatcher:A7E4;679489;27888;256;0;2;206;252;659;674
Listener:Sent_pong;674;A78F
Dispatcher:A78F;679628;36260;256;0;2;201;249;665;674
Listener:Sent_pong;674;F436
Dispatcher:F436;679653;40559;256;0;2;193;255;665;674
Listener:Sent_pong;675;3F27
Dispatcher:3F27;680222;61748;256;0;2;204;255;664;675
Listener:Sent_pong;675;8D93
Dispatcher:8D93;680363;42808;256;0;2;205;255;649;675
Listener:Sent_pong;675;CBB8
Dispatcher:CBB8;680407;50611;256;0;2;206;252;639;675
Listener:Sent_pong;675;FCED
Dispatcher:FCED;680468;22498;256;0;2;210;253;642;675
Listener:Sent_pong;675;A7E4
Dispatcher:A7E4;680498;28542;256;0;2;206;252;660;675
Listener:Sent_pong;675;A78F
Dispatcher:A78F;680637;28216;256;0;2;201;249;666;675
Listener:Sent_pong;675;F436
Dispatcher:F436;680668;44751;256;0;2;193;255;666;675
Listener:Sent_pong;676;3F27
Dispatcher:3F27;681230;54774;256;0;2;204;255;665;676
Listener:Sent_pong;676;8D93
Dispatcher:8D93;681371;39720;256;0;2;205;255;650;676
Listener:Sent_pong;676;CBB8
Dispatcher:CBB8;681413;47738;256;0;2;206;252;640;676
Listener:Sent_pong;676;FCED
Dispatcher:FCED;681474;23740;256;0;2;210;253;643;676
Listener:Sent_pong;676;A7E4
Dispatcher:A7E4;681506;28188;256;0;2;206;252;661;676
Listener:Sent_pong;676;A78F
Dispatcher:A78F;681645;27892;256;0;2;201;249;667;676
Listener:Sent_pong;676;F436
Dispatcher:F436;681676;49919;256;0;2;193;255;667;676
Listener:Sent_pong;677;3F27
Dispatcher:3F27;682244;59290;256;0;2;204;255;666;677
Listener:Sent_pong;677;8D93
Dispatcher:8D93;682379;39930;256;0;2;205;255;651;677
Listener:Sent_pong;677;CBB8
Dispatcher:CBB8;682420;49959;256;0;2;206;252;641;677
Listener:Sent_pong;677;FCED
Dispatcher:FCED;682482;25350;256;0;2;210;253;644;677
Listener:Sent_pong;677;A7E4
Dispatcher:A7E4;682514;26262;256;0;2;206;252;662;677
Listener:Sent_pong;677;A78F
Dispatcher:A78F;682658;31154;256;0;2;201;249;668;677
Listener:Sent_pong;677;F436
Dispatcher:F436;682684;41203;256;0;2;193;255;668;677
Listener:Sent_pong;678;3F27
Dispatcher:3F27;683252;55384;256;0;2;204;255;667;678
Listener:Sent_pong;678;8D93
Dispatcher:8D93;683385;37972;256;0;2;205;255;652;678
Listener:Sent_pong;678;CBB8
Dispatcher:CBB8;683428;50638;256;0;2;206;252;642;678
Listener:Sent_pong;678;FCED
Dispatcher:FCED;683490;26302;256;0;2;210;253;645;678
Listener:Sent_pong;678;A7E4
Dispatcher:A7E4;683521;28854;256;0;2;206;252;663;678
Listener:Sent_pong;678;A78F
Dispatcher:A78F;683667;28850;256;0;2;201;249;669;678
Listener:Sent_pong;678;F436
Dispatcher:F436;683697;44219;256;0;2;193;255;669;678
Listener:Sent_pong;679;3F27
Dispatcher:3F27;684261;50610;256;0;2;204;255;668;679
Listener:Sent_pong;679;8D93
Dispatcher:8D93;684394;45492;256;0;2;205;255;653;679
Listener:Sent_pong;679;CBB8
Dispatcher:CBB8;684435;55420;256;0;2;206;252;643;679
Listener:Sent_pong;679;FCED
Dispatcher:FCED;684499;27574;256;0;2;210;253;646;679
Listener:Sent_pong;679;A7E4
Dispatcher:A7E4;684535;33444;256;0;2;206;252;664;679
Listener:Sent_pong;679;A78F
Dispatcher:A78F;684674;25978;256;0;2;201;249;670;679
Listener:Sent_pong;679;F436
Dispatcher:F436;684704;43687;256;0;2;193;255;670;679
Listener:Sent_pong;680;3F27
Dispatcher:3F27;685274;64800;256;0;2;204;255;669;680
Listener:Sent_pong;680;8D93
Dispatcher:8D93;685402;40862;256;0;2;205;255;654;680
Listener:Sent_pong;680;CBB8
Dispatcher:CBB8;685442;53184;256;0;2;206;252;644;680
Listener:Sent_pong;680;FCED
Dispatcher:FCED;685507;27900;256;0;2;210;253;647;680
Listener:Sent_pong;680;A7E4
Dispatcher:A7E4;685543;28822;256;0;2;206;252;665;680
Listener:Sent_pong;680;A78F
Dispatcher:A78F;685684;29638;256;0;2;201;249;671;680
Listener:Sent_pong;680;F436
Dispatcher:F436;685711;34787;256;0;2;193;255;671;680
Listener:Sent_pong;681;3F27
Dispatcher:3F27;686283;53128;256;0;2;204;255;670;681
Listener:Sent_pong;681;8D93
Dispatcher:8D93;686416;46384;256;0;2;205;255;655;681
Listener:Sent_pong;681;CBB8
Dispatcher:CBB8;686451;53454;256;0;2;206;252;645;681
Listener:Sent_pong;681;FCED
Dispatcher:FCED;686518;29630;256;0;2;210;253;648;681
Listener:Sent_pong;681;A7E4
Dispatcher:A7E4;686551;28836;256;0;2;206;252;666;681
Listener:Sent_pong;681;A78F
Dispatcher:A78F;686692;26954;256;0;2;201;249;672;681
Listener:Sent_pong;681;F436
Dispatcher:F436;686727;46837;256;0;2;193;255;672;681
Listener:Sent_pong;682;3F27
Dispatcher:3F27;687302;50702;256;0;2;204;255;671;682
Listener:Sent_pong;682;8D93
Dispatcher:8D93;687423;25334;256;0;2;205;255;656;682
Listener:Sent_pong;682;CBB8
Dispatcher:CBB8;687459;38628;256;0;2;206;252;646;682
Listener:Sent_pong;682;FCED
Dispatcher:FCED;687526;27610;256;0;2;210;253;649;682
Listener:Sent_pong;682;A7E4
Dispatcher:A7E4;687564;33684;256;0;2;206;252;667;682
Listener:Sent_pong;682;A78F
Dispatcher:A78F;687700;24374;256;0;2;201;249;673;682
Listener:Sent_pong;682;F436
Dispatcher:F436;687736;42919;256;0;2;193;255;673;682
Listener:Sent_pong;683;3F27
Dispatcher:3F27;688311;43738;256;0;2;204;255;672;683
Listener:Sent_pong;683;8D93
Dispatcher:8D93;688432;27268;256;0;2;205;255;657;683
Listener:Sent_pong;683;CBB8
Dispatcher:CBB8;688466;25022;256;0;2;206;252;647;683
Listener:Sent_pong;683;FCED
Dispatcher:FCED;688535;27280;256;0;2;210;253;650;683
Listener:Sent_pong;683;A7E4
Dispatcher:A7E4;688571;25962;256;0;2;206;252;668;683
Listener:Sent_pong;683;A78F
Dispatcher:A78F;688713;32564;256;0;2;201;249;674;683
Listener:Sent_pong;683;F436
Dispatcher:F436;688744;42793;256;0;2;193;255;674;683
Listener:Sent_pong;684;3F27
Dispatcher:3F27;689319;53732;256;0;2;204;255;673;684
Listener:Sent_pong;684;8D93
Dispatcher:8D93;689445;32726;256;0;2;205;255;658;684
Listener:Sent_pong;684;CBB8
Dispatcher:CBB8;689473;22147;256;0;2;206;252;648;684
Listener:Sent_pong;684;FCED
Dispatcher:FCED;689548;28032;256;0;2;210;253;651;684
Listener:Sent_pong;684;A7E4
Dispatcher:A7E4;689580;24694;256;0;2;206;252;669;684
Listener:Sent_pong;684;A78F
Dispatcher:A78F;689722;27578;256;0;2;201;249;675;684
Listener:Sent_pong;684;F436
Dispatcher:F436;689753;37663;256;0;2;193;255;675;684
Listener:Sent_pong;685;3F27
Dispatcher:3F27;690327;37010;256;0;2;204;255;674;685
Listener:Sent_pong;685;8D93
Dispatcher:8D93;690453;25166;256;0;2;205;255;659;685
Listener:Sent_pong;685;CBB8
Dispatcher:CBB8;690480;26749;256;0;2;206;252;649;685
Listener:Sent_pong;685;FCED
Dispatcher:FCED;690556;27266;256;0;2;210;253;652;685
Listener:Sent_pong;685;A7E4
Dispatcher:A7E4;690592;31848;256;0;2;206;252;670;685
Listener:Sent_pong;685;A78F
Dispatcher:A78F;690730;26294;256;0;2;201;249;676;685
Listener:Sent_pong;685;F436
Dispatcher:F436;690759;35751;256;0;2;193;255;676;685
Listener:Sent_pong;686;3F27
Dispatcher:3F27;691335;38642;256;0;2;204;255;675;686
Listener:Sent_pong;686;8D93
Dispatcher:8D93;691460;26304;256;0;2;205;255;660;686
Listener:Sent_pong;686;CBB8
Dispatcher:CBB8;691487;24071;256;0;2;206;252;650;686
Listener:Sent_pong;686;FCED
Dispatcher:FCED;691564;26934;256;0;2;210;253;653;686
Listener:Sent_pong;686;A7E4
Dispatcher:A7E4;691600;27882;256;0;2;206;252;671;686
Listener:Sent_pong;686;A78F
Dispatcher:A78F;691746;35584;256;0;2;201;249;677;686
Listener:Sent_pong;686;F436
Dispatcher:F436;691766;41499;256;0;2;193;255;677;686
Listener:Sent_pong;687;3F27
Dispatcher:3F27;692342;48286;256;0;2;204;255;676;687
Listener:Sent_pong;687;8D93
Dispatcher:8D93;692473;32290;256;0;2;205;255;661;687
Listener:Sent_pong;687;CBB8
Dispatcher:CBB8;692496;25925;256;0;2;206;252;651;687
Listener:Sent_pong;687;FCED
Dispatcher:FCED;692572;28682;256;0;2;210;253;654;687
Listener:Sent_pong;687;A7E4
Dispatcher:A7E4;692608;25010;256;0;2;206;252;672;687
Listener:Sent_pong;687;A78F
Dispatcher:A78F;692755;27552;256;0;2;201;249;678;687
Listener:Sent_pong;687;F436
Dispatcher:F436;692782;45861;256;0;2;193;255;678;687
Listener:Sent_pong;688;3F27
Dispatcher:3F27;693350;39544;256;0;2;204;255;677;688
Listener:Sent_pong;688;8D93
Dispatcher:8D93;693482;27960;256;0;2;205;255;662;688
Listener:Sent_pong;688;CBB8
Dispatcher:CBB8;693504;26498;256;0;2;206;252;652;688
Listener:Sent_pong;688;FCED
Dispatcher:FCED;693578;25684;256;0;2;210;253;655;688
Listener:Sent_pong;688;A7E4
Dispatcher:A7E4;693621;33048;256;0;2;206;252;673;688
Listener:Sent_pong;688;A78F
Dispatcher:A78F;693763;27884;256;0;2;201;249;679;688
Listener:Sent_pong;688;F436
Dispatcher:F436;693791;39941;256;0;2;193;255;679;688
Listener:Sent_pong;689;3F27
Dispatcher:3F27;694360;43848;256;0;2;204;255;678;689
Listener:Sent_pong;689;8D93
Dispatcher:8D93;694490;27898;256;0;2;205;255;663;689
Listener:Sent_pong;689;CBB8
Dispatcher:CBB8;694514;25920;256;0;2;206;252;653;689
Listener:Sent_pong;689;FCED
Dispatcher:FCED;694585;25978;256;0;2;210;253;656;689
Listener:Sent_pong;689;A7E4
Dispatcher:A7E4;694628;25646;256;0;2;206;252;674;689
Listener:Sent_pong;689;A78F
Dispatcher:A78F;694772;30156;256;0;2;201;249;680;689
Listener:Sent_pong;689;F436
Dispatcher:F436;694799;38321;256;0;2;193;255;680;689
Listener:Sent_pong;690;3F27
Dispatcher:3F27;695368;43228;256;0;2;204;255;679;690
Listener:Sent_pong;690;8D93
Dispatcher:8D93;695505;39412;256;0;2;205;255;664;690
Listener:Sent_pong;690;CBB8
Dispatcher:CBB8;695534;39642;256;0;2;206;252;654;690
Listener:Sent_pong;690;FCED
Dispatcher:FCED;695592;25040;256;0;2;210;253;657;690
Listener:Sent_pong;690;A7E4
Dispatcher:A7E4;695636;27856;256;0;2;206;252;675;690
Listener:Sent_pong;690;A78F
Dispatcher:A78F;695792;39016;256;0;2;201;249;681;690
Listener:Sent_pong;690;F436
Dispatcher:F436;695838;72939;256;0;2;193;255;681;690
Listener:Sent_pong;691;3F27
Dispatcher:3F27;696377;38270;256;0;2;204;255;680;691
Listener:Sent_pong;691;8D93
Dispatcher:8D93;696512;25680;256;0;2;205;255;665;691
Listener:Sent_pong;691;CBB8
Dispatcher:CBB8;696543;27553;256;0;2;206;252;655;691
Listener:Sent_pong;691;FCED
Dispatcher:FCED;696601;29180;256;0;2;210;253;658;691
Listener:Sent_pong;691;A7E4
Dispatcher:A7E4;696651;36230;256;0;2;206;252;676;691
Listener:Sent_pong;691;A78F
Dispatcher:A78F;696801;25668;256;0;2;201;249;682;691
Listener:Sent_pong;691;F436
Dispatcher:F436;696846;44217;256;0;2;193;255;682;691
Listener:Sent_pong;692;3F27
Dispatcher:3F27;697389;47682;256;0;2;204;255;681;692
Listener:Sent_pong;692;8D93
Dispatcher:8D93;697520;26302;256;0;2;205;255;666;692
Listener:Sent_pong;692;CBB8
Dispatcher:CBB8;697550;24705;256;0;2;206;252;656;692
Listener:Sent_pong;692;FCED
Dispatcher:FCED;697608;27582;256;0;2;210;253;659;692
Listener:Sent_pong;692;A7E4
Dispatcher:A7E4;697659;28202;256;0;2;206;252;677;692
Listener:Sent_pong;692;A78F
Dispatcher:A78F;697809;26596;256;0;2;201;249;683;692
Listener:Sent_pong;692;F436
Dispatcher:F436;697854;36721;256;0;2;193;255;683;692
Listener:Sent_pong;693;3F27
Dispatcher:3F27;698397;38594;256;0;2;204;255;682;693
Listener:Sent_pong;693;8D93
Dispatcher:8D93;698531;32188;256;0;2;205;255;667;693
Listener:Sent_pong;693;CBB8
Dispatcher:CBB8;698557;25035;256;0;2;206;252;657;693
Listener:Sent_pong;693;FCED
Dispatcher:FCED;698617;32976;256;0;2;210;253;660;693
Listener:Sent_pong;693;A7E4
Dispatcher:A7E4;698666;25634;256;0;2;206;252;678;693
Listener:Sent_pong;693;A78F
Dispatcher:A78F;698817;27890;256;0;2;201;249;684;693
Listener:Sent_pong;693;F436
Dispatcher:F436;698862;37983;256;0;2;193;255;684;693
Listener:Sent_pong;694;3F27
Dispatcher:3F27;699405;40852;256;0;2;204;255;683;694
Listener:Sent_pong;694;8D93
Dispatcher:8D93;699538;26618;256;0;2;205;255;668;694
Listener:Sent_pong;694;CBB8
Dispatcher:CBB8;699564;24385;256;0;2;206;252;658;694
Listener:Sent_pong;694;FCED
Dispatcher:FCED;699625;25978;256;0;2;210;253;661;694
Listener:Sent_pong;694;A7E4
Dispatcher:A7E4;699680;30834;256;0;2;206;252;679;694
Listener:Sent_pong;694;A78F
Dispatcher:A78F;699825;26940;256;0;2;201;249;685;694
Listener:Sent_pong;694;F436
Dispatcher:F436;699869;39917;256;0;2;193;255;685;694
Listener:Sent_pong;695;3F27
Dispatcher:3F27;700417;45398;256;0;2;204;255;684;695
Listener:Sent_pong;695;8D93
Dispatcher:8D93;700547;25378;256;0;2;205;255;669;695
Listener:Sent_pong;695;CBB8
Dispatcher:CBB8;700573;28636;256;0;2;206;252;659;695
Listener:Sent_pong;695;FCED
Dispatcher:FCED;700634;30452;256;0;2;210;253;662;695
Listener:Sent_pong;695;A7E4
Dispatcher:A7E4;700687;26940;256;0;2;206;252;680;695
Listener:Sent_pong;695;A78F
Dispatcher:A78F;700833;26618;256;0;2;201;249;686;695
Listener:Sent_pong;695;F436
Dispatcher:F436;700876;38755;256;0;2;193;255;686;695
Listener:Sent_pong;696;3F27
Dispatcher:3F27;701424;37952;256;0;2;204;255;685;696
Listener:Sent_pong;696;8D93
Dispatcher:8D93;701565;36724;256;0;2;205;255;670;696
Listener:Sent_pong;696;CBB8
Dispatcher:CBB8;701590;35615;256;0;2;206;252;660;696
Listener:Sent_pong;696;FCED
Dispatcher:FCED;701642;29496;256;0;2;210;253;663;696
Listener:Sent_pong;696;A7E4
Dispatcher:A7E4;701695;27884;256;0;2;206;252;681;696
Listener:Sent_pong;696;A78F
Dispatcher:A78F;701839;26280;256;0;2;201;249;687;696
Listener:Sent_pong;696;F436
Dispatcher:F436;701883;38311;256;0;2;193;255;687;696
Listener:Sent_pong;697;3F27
Dispatcher:3F27;702432;38624;256;0;2;204;255;686;697
Listener:Sent_pong;697;8D93
Dispatcher:8D93;702572;25676;256;0;2;205;255;671;697
Listener:Sent_pong;697;CBB8
Dispatcher:CBB8;702597;28039;256;0;2;206;252;661;697
Listener:Sent_pong;697;FCED
Dispatcher:FCED;702648;25050;256;0;2;210;253;664;697
Listener:Sent_pong;697;A7E4
Dispatcher:A7E4;702710;34946;256;0;2;206;252;682;697
Listener:Sent_pong;697;A78F
Dispatcher:A78F;702846;25330;256;0;2;201;249;688;697
Listener:Sent_pong;697;F436
Dispatcher:F436;702892;38003;256;0;2;193;255;688;697
Listener:Sent_pong;698;3F27
Dispatcher:3F27;703439;38444;256;0;2;204;255;687;698
Listener:Sent_pong;698;8D93
Dispatcher:8D93;703580;26634;256;0;2;205;255;672;698
Listener:Sent_pong;698;CBB8
Dispatcher:CBB8;703606;28536;256;0;2;206;252;662;698
Listener:Sent_pong;698;FCED
Dispatcher:FCED;703655;23424;256;0;2;210;253;665;698
Listener:Sent_pong;698;A7E4
Dispatcher:A7E4;703718;25010;256;0;2;206;252;683;698
Listener:Sent_pong;698;A78F
Dispatcher:A78F;703862;33400;256;0;2;201;249;689;698
Listener:Sent_pong;698;F436
Dispatcher:F436;703899;40881;256;0;2;193;255;689;698
Listener:Sent_pong;699;3F27
Dispatcher:3F27;704445;41816;256;0;2;204;255;688;699
Listener:Sent_pong;699;8D93
Dispatcher:8D93;704588;30176;256;0;2;205;255;673;699
Listener:Sent_pong;699;CBB8
Dispatcher:CBB8;704613;25080;256;0;2;206;250;663;699
Listener:Sent_pong;699;FCED
Dispatcher:FCED;704663;26312;256;0;2;210;253;666;699
Listener:Sent_pong;699;A7E4
Dispatcher:A7E4;704725;27234;256;0;2;206;252;684;699
Listener:Sent_pong;699;A78F
Dispatcher:A78F;704870;25354;256;0;2;201;249;690;699
Listener:Sent_pong;699;F436
Dispatcher:F436;704907;38009;256;0;2;193;255;690;699
Listener:Sent_pong;700;3F27
Dispatcher:3F27;705453;40198;256;0;2;204;255;689;700
Listener:Sent_pong;700;8D93
Dispatcher:8D93;705597;30132;256;0;2;205;255;674;700
Listener:Sent_pong;700;CBB8
Dispatcher:CBB8;705622;28692;256;0;2;206;250;664;700
Listener:Sent_pong;700;FCED
Dispatcher:FCED;705671;26624;256;0;2;210;253;667;700
Listener:Sent_pong;700;A7E4
Dispatcher:A7E4;705738;32420;256;0;2;206;252;685;700
Listener:Sent_pong;700;A78F
Dispatcher:A78F;705878;27596;256;0;2;201;249;691;700
Listener:Sent_pong;700;F436
Dispatcher:F436;705914;44279;256;0;2;193;255;691;700
Listener:Sent_pong;701;3F27
Dispatcher:3F27;706460;42306;256;0;2;204;255;690;701
Listener:Sent_pong;701;8D93
Dispatcher:8D93;706604;23108;256;0;2;205;255;675;701
Listener:Sent_pong;701;CBB8
Dispatcher:CBB8;706629;25974;256;0;2;206;250;665;701
Listener:Sent_pong;701;FCED
Dispatcher:FCED;706679;28552;256;0;2;210;253;668;701
Listener:Sent_pong;701;A7E4
Dispatcher:A7E4;706746;26286;256;0;2;206;252;686;701
Listener:Sent_pong;701;A78F
Dispatcher:A78F;706891;32750;256;0;2;201;249;692;701
Listener:Sent_pong;701;F436
Dispatcher:F436;706923;40249;256;0;2;193;255;692;701
Listener:Sent_pong;702;3F27
Dispatcher:3F27;707467;36692;256;0;2;204;255;691;702
Listener:Sent_pong;702;8D93
Dispatcher:8D93;707610;27864;256;0;2;205;255;676;702
Listener:Sent_pong;702;CBB8
Dispatcher:CBB8;707638;25648;256;0;2;206;250;666;702
Listener:Sent_pong;702;FCED
Dispatcher:FCED;707686;22180;256;0;2;210;253;669;702
Listener:Sent_pong;702;A7E4
Dispatcher:A7E4;707753;24666;256;0;2;206;252;687;702
Listener:Sent_pong;702;A78F
Dispatcher:A78F;707899;28886;256;0;2;201;249;693;702
Listener:Sent_pong;702;F436
Dispatcher:F436;707932;40549;256;0;2;193;255;693;702
Listener:Sent_pong;703;3F27
Dispatcher:3F27;708476;37016;256;0;2;204;255;692;703
Listener:Sent_pong;703;8D93
Dispatcher:8D93;708618;23740;256;0;2;205;255;677;703
Listener:Sent_pong;703;CBB8
Dispatcher:CBB8;708646;29637;256;0;2;206;250;667;703
Listener:Sent_pong;703;FCED
Dispatcher:FCED;708693;25682;256;0;2;210;253;670;703
Listener:Sent_pong;703;A7E4
Dispatcher:A7E4;708768;34628;256;0;2;206;252;688;703
Listener:Sent_pong;703;A78F
Dispatcher:A78F;708908;26304;256;0;2;201;249;694;703
Listener:Sent_pong;703;F436
Dispatcher:F436;708940;48067;256;0;2;193;255;694;703
Listener:Sent_pong;704;3F27
Dispatcher:3F27;709484;45696;256;0;2;204;255;693;704
Listener:Sent_pong;704;8D93
Dispatcher:8D93;709625;26300;256;0;2;205;255;678;704
Listener:Sent_pong;704;CBB8
Dispatcher:CBB8;709654;30138;256;0;2;206;250;668;704
Listener:Sent_pong;704;FCED
Dispatcher:FCED;709701;29258;256;0;2;210;253;671;704
Listener:Sent_pong;704;A7E4
Dispatcher:A7E4;709777;26918;256;0;2;206;252;689;704
Listener:Sent_pong;704;A78F
Dispatcher:A78F;709921;32816;256;0;2;201;249;695;704
Listener:Sent_pong;704;F436
Dispatcher:F436;709948;41227;256;0;2;193;255;695;704
Listener:Sent_pong;705;3F27
Dispatcher:3F27;710492;37350;256;0;2;204;255;694;705
Listener:Sent_pong;705;8D93
Dispatcher:8D93;710634;29332;256;0;2;205;255;679;705
Listener:Sent_pong;705;CBB8
Dispatcher:CBB8;710662;27596;256;0;2;206;250;669;705
Listener:Sent_pong;705;FCED
Dispatcher:FCED;710708;22780;256;0;2;210;253;672;705
Listener:Sent_pong;705;A7E4
Dispatcher:A7E4;710783;24382;256;0;2;206;252;690;705
Listener:Sent_pong;705;A78F
Dispatcher:A78F;710929;26606;256;0;2;201;249;696;705
Listener:Sent_pong;705;F436
Dispatcher:F436;710956;41819;256;0;2;193;255;696;705
Listener:Sent_pong;706;3F27
Dispatcher:3F27;711501;45084;256;0;2;204;255;695;706
Listener:Sent_pong;706;8D93
Dispatcher:8D93;711641;25328;256;0;2;205;255;680;706
Listener:Sent_pong;706;CBB8
Dispatcher:CBB8;711669;37659;256;0;2;206;250;670;706
Listener:Sent_pong;706;FCED
Dispatcher:FCED;711716;27286;256;0;2;210;253;673;706
Listener:Sent_pong;706;A7E4
Dispatcher:A7E4;711799;35580;256;0;2;206;252;691;706
Listener:Sent_pong;706;A78F
Dispatcher:A78F;711938;26620;256;0;2;201;249;697;706
Listener:Sent_pong;706;F436
Dispatcher:F436;711964;38335;256;0;2;193;255;697;706
Listener:Sent_pong;707;3F27
Dispatcher:3F27;712510;39880;256;0;2;204;255;696;707
Listener:Sent_pong;707;8D93
Dispatcher:8D93;712648;28572;256;0;2;205;255;681;707
Listener:Sent_pong;707;CBB8
Dispatcher:CBB8;712678;27902;256;0;2;206;250;671;707
Listener:Sent_pong;707;FCED
Dispatcher:FCED;712725;28560;256;0;2;210;253;674;707
Listener:Sent_pong;707;A7E4
Dispatcher:A7E4;712807;27216;256;0;2;206;252;692;707
Listener:Sent_pong;707;A78F
Dispatcher:A78F;712947;27990;256;0;2;201;249;698;707
Listener:Sent_pong;707;F436
Dispatcher:F436;712971;39905;256;0;2;193;255;698;707
Listener:Sent_pong;708;3F27
Dispatcher:3F27;713518;35716;256;0;2;204;255;697;708
Listener:Sent_pong;708;8D93
Dispatcher:8D93;713656;35030;256;0;2;205;255;682;708
Listener:Sent_pong;708;CBB8
Dispatcher:CBB8;713686;28442;256;0;2;206;250;672;708
Listener:Sent_pong;708;FCED
Dispatcher:FCED;713734;26964;256;0;2;210;253;675;708
Listener:Sent_pong;708;A7E4
Dispatcher:A7E4;713815;27578;256;0;2;206;252;693;708
Listener:Sent_pong;708;A78F
Dispatcher:A78F;713955;27260;256;0;2;201;249;699;708
Listener:Sent_pong;708;F436
Dispatcher:F436;713991;53161;256;0;2;193;255;699;708
Listener:Sent_pong;709;3F27
Dispatcher:3F27;714525;37640;256;0;2;204;255;698;709
Listener:Sent_pong;709;8D93
Dispatcher:8D93;714663;27602;256;0;2;205;255;683;709
Listener:Sent_pong;709;CBB8
Dispatcher:CBB8;714694;25642;256;0;2;206;250;673;709
Listener:Sent_pong;709;FCED
Dispatcher:FCED;714742;28220;256;0;2;210;253;676;709
Listener:Sent_pong;709;A7E4
Dispatcher:A7E4;714823;29790;256;0;2;206;252;694;709
Listener:Sent_pong;709;A78F
Dispatcher:A78F;714964;27394;256;0;2;201;249;700;709
Listener:Sent_pong;709;F436
Dispatcher:F436;714999;47999;256;0;2;193;255;700;709
Listener:Sent_pong;710;3F27
Dispatcher:3F27;715531;45728;256;0;2;204;255;699;710
Listener:Sent_pong;710;8D93
Dispatcher:8D93;715672;25658;256;0;2;205;255;684;710
Listener:Sent_pong;710;CBB8
Dispatcher:CBB8;715701;25665;256;0;2;206;250;674;710
Listener:Sent_pong;710;FCED
Dispatcher:FCED;715750;31872;256;0;2;210;253;677;710
Listener:Sent_pong;710;A7E4
Dispatcher:A7E4;715831;28200;256;0;2;206;252;695;710
Listener:Sent_pong;710;A78F
Dispatcher:A78F;715979;32716;256;0;2;201;249;701;710
Listener:Sent_pong;710;F436
Dispatcher:F436;716008;40245;256;0;2;193;255;701;710
Listener:Sent_pong;711;3F27
Dispatcher:3F27;716539;25344;256;0;2;204;255;700;711
Listener:Sent_pong;711;8D93
Dispatcher:8D93;716679;24706;256;0;2;205;255;685;711
Listener:Sent_pong;711;CBB8
Dispatcher:CBB8;716708;28861;256;0;2;206;250;675;711
Listener:Sent_pong;711;FCED
Dispatcher:FCED;716757;29816;256;0;2;210;253;678;711
Listener:Sent_pong;711;A7E4
Dispatcher:A7E4;716839;28186;256;0;2;206;252;696;711
Listener:Sent_pong;711;A78F
Dispatcher:A78F;716987;26624;256;0;2;201;249;702;711
Listener:Sent_pong;711;F436
Dispatcher:F436;717016;38013;256;0;2;193;255;702;711
Listener:Sent_pong;712;3F27
Dispatcher:3F27;717547;26322;256;0;2;204;255;701;712
Listener:Sent_pong;712;8D93
Dispatcher:8D93;717686;23116;256;0;2;205;255;686;712
Listener:Sent_pong;712;CBB8
Dispatcher:CBB8;717715;24369;256;0;2;206;250;676;712
Listener:Sent_pong;712;FCED
Dispatcher:FCED;717764;25674;256;0;2;210;253;679;712
Listener:Sent_pong;712;A7E4
Dispatcher:A7E4;717846;27878;256;0;2;206;252;697;712
Listener:Sent_pong;712;A78F
Dispatcher:A78F;717994;24088;256;0;2;201;249;703;712
Listener:Sent_pong;712;F436
Dispatcher:F436;718022;34515;256;0;2;193;255;703;712
Listener:Sent_pong;713;3F27
Dispatcher:3F27;718555;24782;256;0;2;204;255;702;713
Listener:Sent_pong;713;8D93
Dispatcher:8D93;718693;25324;256;0;2;205;255;687;713
Listener:Sent_pong;713;CBB8
Dispatcher:CBB8;718722;36720;256;0;2;206;250;677;713
Listener:Sent_pong;713;FCED
Dispatcher:FCED;718771;47154;256;0;2;210;253;680;713
Listener:Sent_pong;713;A7E4
Dispatcher:A7E4;718854;42800;256;0;2;206;252;698;713
Listener:Sent_pong;713;A78F
Dispatcher:A78F;719007;32204;256;0;2;201;249;704;713
Listener:Sent_pong;713;F436
Dispatcher:F436;719029;39929;256;0;2;193;255;704;713
Listener:Sent_pong;714;3F27
Dispatcher:3F27;719561;25332;256;0;2;204;255;703;714
Listener:Sent_pong;714;8D93
Dispatcher:8D93;719700;26936;256;0;2;205;255;688;714
Listener:Sent_pong;714;CBB8
Dispatcher:CBB8;719729;40343;256;0;2;206;250;678;714
Listener:Sent_pong;714;FCED
Dispatcher:FCED;719779;40560;256;0;2;210;253;681;714
Listener:Sent_pong;714;A7E4
Dispatcher:A7E4;719861;38312;256;0;2;206;252;699;714
Listener:Sent_pong;714;A78F
Dispatcher:A78F;720014;25018;256;0;2;201;249;705;714
Listener:Sent_pong;714;F436
Dispatcher:F436;720046;46167;256;0;2;193;255;705;714
Listener:Sent_pong;715;3F27
Dispatcher:3F27;720568;26432;256;0;2;204;255;704;715
Listener:Sent_pong;715;8D93
Dispatcher:8D93;720708;25040;256;0;2;205;255;689;715
Listener:Sent_pong;715;CBB8
Dispatcher:CBB8;720737;36049;256;0;2;206;250;679;715
Listener:Sent_pong;715;FCED
Dispatcher:FCED;720787;39286;256;0;2;210;253;682;715
Listener:Sent_pong;715;A7E4
Dispatcher:A7E4;720869;53080;256;0;2;206;252;700;715
Listener:Sent_pong;715;A78F
Dispatcher:A78F;721021;26312;256;0;2;201;249;706;715
Listener:Sent_pong;715;F436
Dispatcher:F436;721061;37733;256;0;2;193;255;706;715
Listener:Sent_pong;716;3F27
Dispatcher:3F27;721576;38288;256;0;2;204;255;705;716
Listener:Sent_pong;716;8D93
Dispatcher:8D93;721725;34298;256;0;2;205;255;690;716
Listener:Sent_pong;716;CBB8
Dispatcher:CBB8;721745;39797;256;0;2;206;250;680;716
Listener:Sent_pong;716;FCED
Dispatcher:FCED;721796;41212;256;0;2;210;253;683;716
Listener:Sent_pong;716;A7E4
Dispatcher:A7E4;721878;39270;256;0;2;206;252;701;716
Listener:Sent_pong;716;A78F
Dispatcher:A78F;722037;33510;256;0;2;201;249;707;716
Listener:Sent_pong;716;F436
Dispatcher:F436;722073;29321;256;0;2;193;255;707;716
Listener:Sent_pong;717;3F27
Dispatcher:3F27;722585;41174;256;0;2;204;255;706;717
Listener:Sent_pong;717;8D93
Dispatcher:8D93;722732;27282;256;0;2;205;255;691;717
Listener:Sent_pong;717;CBB8
Dispatcher:CBB8;722756;41510;256;0;2;206;250;681;717
Listener:Sent_pong;717;FCED
Dispatcher:FCED;722805;41202;256;0;2;210;253;684;717
Listener:Sent_pong;717;A7E4
Dispatcher:A7E4;722886;38000;256;0;2;206;252;702;717
Listener:Sent_pong;717;A78F
Dispatcher:A78F;723046;28034;256;0;2;201;249;708;717
Listener:Sent_pong;717;F436
Dispatcher:F436;723080;26621;256;0;2;193;255;708;717
Listener:Sent_pong;718;3F27
Dispatcher:3F27;723593;37162;256;0;2;204;255;707;718
Listener:Sent_pong;718;8D93
Dispatcher:8D93;723739;24714;256;0;2;205;255;692;718
Listener:Sent_pong;718;CBB8
Dispatcher:CBB8;723762;39248;256;0;2;206;250;682;718
Listener:Sent_pong;718;FCED
Dispatcher:FCED;723812;39270;256;0;2;210;253;685;718
Listener:Sent_pong;718;A7E4
Dispatcher:A7E4;723893;45686;256;0;2;206;252;703;718
Listener:Sent_pong;718;A78F
Dispatcher:A78F;724054;26948;256;0;2;201;249;709;718
Listener:Sent_pong;718;F436
Dispatcher:F436;724087;25335;256;0;2;193;255;709;718
Listener:Sent_pong;719;3F27
Dispatcher:3F27;724600;37314;256;0;2;204;255;708;719
Listener:Sent_pong;719;8D93
Dispatcher:8D93;724748;28228;256;0;2;205;255;693;719
Listener:Sent_pong;719;CBB8
Dispatcher:CBB8;724770;38112;256;0;2;206;250;683;719
Listener:Sent_pong;719;FCED
Dispatcher:FCED;724820;35768;256;0;2;210;253;686;719
Listener:Sent_pong;719;A7E4
Dispatcher:A7E4;724901;26916;256;0;2;206;252;704;719
Listener:Sent_pong;719;A78F
Dispatcher:A78F;725064;32194;256;0;2;201;249;710;719
Listener:Sent_pong;719;F436
Dispatcher:F436;725096;30795;256;0;2;193;255;710;719
Listener:Sent_pong;720;3F27
Dispatcher:3F27;725608;42458;256;0;2;204;255;709;720
Listener:Sent_pong;720;8D93
Dispatcher:8D93;725757;30792;256;0;2;205;255;694;720
Listener:Sent_pong;720;CBB8
Dispatcher:CBB8;725783;52133;256;0;2;206;250;684;720
Listener:Sent_pong;720;FCED
Dispatcher:FCED;725828;35360;256;0;2;210;253;687;720
Listener:Sent_pong;720;A7E4
Dispatcher:A7E4;725909;23434;256;0;2;206;252;705;720
Listener:Sent_pong;720;A78F
Dispatcher:A78F;726070;22446;256;0;2;201;249;711;720
Listener:Sent_pong;720;F436
Dispatcher:F436;726104;25023;256;0;2;193;255;711;720
Listener:Sent_pong;721;3F27
Dispatcher:3F27;726617;44914;256;0;2;204;255;710;721
Listener:Sent_pong;721;8D93
Dispatcher:8D93;726765;24712;256;0;2;205;255;695;721
Listener:Sent_pong;721;CBB8
Dispatcher:CBB8;726790;37656;256;0;2;206;250;685;721
Listener:Sent_pong;721;FCED
Dispatcher:FCED;726836;35482;256;0;2;210;253;688;721
Listener:Sent_pong;721;A7E4
Dispatcher:A7E4;726917;25964;256;0;2;206;252;706;721
Listener:Sent_pong;721;A78F
Dispatcher:A78F;727077;27570;256;0;2;201;249;712;721
Listener:Sent_pong;721;F436
Dispatcher:F436;727113;26943;256;0;2;193;255;712;721
Listener:Sent_pong;722;3F27
Dispatcher:3F27;727626;39558;256;0;2;204;255;711;722
Listener:Sent_pong;722;8D93
Dispatcher:8D93;727780;34200;256;0;2;205;255;696;722
Listener:Sent_pong;722;CBB8
Dispatcher:CBB8;727802;43661;256;0;2;206;250;686;722
Listener:Sent_pong;722;FCED
Dispatcher:FCED;727850;37364;256;0;2;210;253;689;722
Listener:Sent_pong;722;A7E4
Dispatcher:A7E4;727926;29486;256;0;2;206;252;707;722
Listener:Sent_pong;722;A78F
Dispatcher:A78F;728094;34024;256;0;2;201;249;713;722
Listener:Sent_pong;722;F436
Dispatcher:F436;728120;27565;256;0;2;193;255;713;722
Listener:Sent_pong;723;3F27
Dispatcher:3F27;728634;58920;256;0;2;204;255;712;723
Listener:Sent_pong;723;8D93
Dispatcher:8D93;728788;54264;256;0;2;205;255;697;723
Listener:Sent_pong;723;FCED
Dispatcher:FCED;728874;40053;256;0;2;210;253;690;723
Listener:Sent_pong;723;A7E4
Dispatcher:A7E4;728933;22738;256;0;2;206;252;708;723
Listener:Sent_pong;723;A78F
Dispatcher:A78F;729102;26940;256;0;2;201;249;714;723
Listener:Sent_pong;723;F436
Dispatcher:F436;729135;46681;256;0;2;193;255;714;723
Listener:Sent_pong;724;3F27
Dispatcher:3F27;729642;55564;256;0;2;204;255;713;724
Listener:Sent_pong;724;8D93
Dispatcher:8D93;729796;44860;256;0;2;205;255;698;724
Listener:Sent_pong;724;CBB8
Dispatcher:CBB8;729819;66327;256;0;2;206;250;687;724
Listener:Sent_pong;724;FCED
Dispatcher:FCED;729882;25366;256;0;2;210;253;691;724
Listener:Sent_pong;724;A7E4
Dispatcher:A7E4;729940;26274;256;0;2;206;252;709;724
Listener:Sent_pong;724;A78F
Dispatcher:A78F;730111;29180;256;0;2;201;249;715;724
Listener:Sent_pong;724;F436
Dispatcher:F436;730143;46859;256;0;2;193;255;715;724
Listener:Sent_pong;725;3F27
Dispatcher:3F27;730649;50622;256;0;2;204;255;714;725
Listener:Sent_pong;725;8D93
Dispatcher:8D93;730809;44860;256;0;2;205;255;698;725
Listener:Sent_pong;725;CBB8
Dispatcher:CBB8;730830;65999;256;0;2;206;250;688;725
Listener:Sent_pong;725;FCED
Dispatcher:FCED;730893;37257;256;0;2;210;253;692;725
Listener:Sent_pong;725;A7E4
Dispatcher:A7E4;730949;27262;256;0;2;206;252;710;725
Listener:Sent_pong;725;A78F
Dispatcher:A78F;731125;34426;256;0;2;201;249;716;725
Listener:Sent_pong;725;F436
Dispatcher:F436;731150;44369;256;0;2;193;255;716;725
Listener:Sent_pong;726;3F27
Dispatcher:3F27;731657;54148;256;0;2;204;255;715;726
Listener:Sent_pong;726;8D93
Dispatcher:8D93;731817;44860;256;0;2;205;255;698;726
Listener:Sent_pong;726;CBB8
Dispatcher:CBB8;731845;78525;256;0;2;206;250;689;726
Listener:Sent_pong;726;FCED
Dispatcher:FCED;731904;34607;256;0;2;210;253;693;726
Listener:Sent_pong;726;A7E4
Dispatcher:A7E4;731957;28204;256;0;2;206;252;711;726
Listener:Sent_pong;726;A78F
Dispatcher:A78F;732133;27896;256;0;2;201;249;717;726
Listener:Sent_pong;726;F436
Dispatcher:F436;732161;41985;256;0;2;193;255;717;726
Listener:Sent_pong;727;3F27
Dispatcher:3F27;732665;54896;256;0;2;204;255;716;727
Listener:Sent_pong;727;8D93
Dispatcher:8D93;732824;44860;256;0;2;205;255;698;727
Listener:Sent_pong;727;CBB8
Dispatcher:CBB8;732854;83863;256;0;2;206;250;690;727
Listener:Sent_pong;727;FCED
Dispatcher:FCED;732917;39806;256;0;2;210;253;694;727
Listener:Sent_pong;727;A7E4
Dispatcher:A7E4;732965;27884;256;0;2;206;252;712;727
Listener:Sent_pong;727;A78F
Dispatcher:A78F;733140;27586;256;0;2;201;249;718;727
Listener:Sent_pong;727;F436
Dispatcher:F436;733169;51829;256;0;2;193;255;718;727
Listener:Sent_pong;728;3F27
Dispatcher:3F27;733674;55764;256;0;2;204;255;717;728
Listener:Sent_pong;728;8D93
Dispatcher:8D93;733838;44860;256;0;2;205;255;698;728
Listener:Sent_pong;728;CBB8
Dispatcher:CBB8;733865;53820;256;0;2;206;250;691;728
Listener:Sent_pong;728;FCED
Dispatcher:FCED;733925;27282;256;0;2;210;253;695;728
Listener:Sent_pong;728;A7E4
Dispatcher:A7E4;733973;24996;256;0;2;206;252;713;728
Listener:Sent_pong;728;A78F
Dispatcher:A78F;734157;34788;256;0;2;201;249;719;728
Listener:Sent_pong;728;F436
Dispatcher:F436;734176;39587;256;0;2;193;255;719;728
Listener:Sent_pong;729;3F27
Dispatcher:3F27;734681;51584;256;0;2;204;255;718;729
Listener:Sent_pong;729;8D93
Dispatcher:8D93;734846;34784;256;0;2;205;255;699;729
Listener:Sent_pong;729;CBB8
Dispatcher:CBB8;734880;57273;256;0;2;206;250;692;729
Listener:Sent_pong;729;FCED
Dispatcher:FCED;734933;29822;256;0;2;210;253;696;729
Listener:Sent_pong;729;A7E4
Dispatcher:A7E4;734986;30562;256;0;2;206;252;714;729
Listener:Sent_pong;729;A78F
Dispatcher:A78F;735164;25650;256;0;2;201;249;720;729
Listener:Sent_pong;729;F436
Dispatcher:F436;735192;47137;256;0;2;193;255;720;729
Listener:Sent_pong;730;3F27
Dispatcher:3F27;735690;56664;256;0;2;204;255;719;730
Listener:Sent_pong;730;8D93
Dispatcher:8D93;735854;40574;256;0;2;205;255;700;730
Listener:Sent_pong;730;CBB8
Dispatcher:CBB8;735889;59459;256;0;2;206;250;693;730
Listener:Sent_pong;730;FCED
Dispatcher:FCED;735951;31703;256;0;2;210;253;697;730
Listener:Sent_pong;730;A7E4
Dispatcher:A7E4;735994;25970;256;0;2;206;252;715;730
Listener:Sent_pong;730;A78F
Dispatcher:A78F;736172;29508;256;0;2;201;249;721;730
Listener:Sent_pong;730;F436
Dispatcher:F436;736206;51929;256;0;2;193;255;721;730
Listener:Sent_pong;731;3F27
Dispatcher:3F27;736697;52238;256;0;2;204;255;720;731
Listener:Sent_pong;731;8D93
Dispatcher:8D93;736869;40574;256;0;2;205;255;700;731
Listener:Sent_pong;731;CBB8
Dispatcher:CBB8;736903;59459;256;0;2;206;250;693;731
Listener:Sent_pong;731;FCED
Dispatcher:FCED;736964;36444;256;0;2;210;253;698;731
Listener:Sent_pong;731;A7E4
Dispatcher:A7E4;737003;28210;256;0;2;206;252;716;731
Listener:Sent_pong;731;A78F
Dispatcher:A78F;737180;25674;256;0;2;201;249;722;731
Listener:Sent_pong;731;F436
Dispatcher:F436;737215;38941;256;0;2;193;255;722;731
Listener:Sent_pong;732;3F27
Dispatcher:3F27;737707;54102;256;0;2;204;255;721;732
Listener:Sent_pong;732;8D93
Dispatcher:8D93;737877;41632;256;0;2;205;255;701;732
Listener:Sent_pong;732;CBB8
Dispatcher:CBB8;737916;58993;256;0;2;206;250;694;732
Listener:Sent_pong;732;FCED
Dispatcher:FCED;737972;25998;256;0;2;210;253;699;732
Listener:Sent_pong;732;A7E4
Dispatcher:A7E4;738015;30800;256;0;2;206;252;717;732
Listener:Sent_pong;732;A78F
Dispatcher:A78F;738187;37756;256;0;2;201;249;723;732
Listener:Sent_pong;732;F436
Dispatcher:F436;738224;40903;256;0;2;193;255;723;732
Listener:Sent_pong;733;3F27
Dispatcher:3F27;738716;51870;256;0;2;204;255;722;733
Listener:Sent_pong;733;8D93
Dispatcher:8D93;738886;41842;256;0;2;205;255;702;733
Listener:Sent_pong;733;CBB8
Dispatcher:CBB8;738925;54560;256;0;2;206;250;695;733
Listener:Sent_pong;733;FCED
Dispatcher:FCED;738980;26643;256;0;2;210;253;700;733
Listener:Sent_pong;733;A7E4
Dispatcher:A7E4;739024;27868;256;0;2;206;252;718;733
Listener:Sent_pong;733;A78F
Dispatcher:A78F;739195;28216;256;0;2;201;249;724;733
Listener:Sent_pong;733;F436
Dispatcher:F436;739233;47691;256;0;2;193;255;724;733
Listener:Sent_pong;734;3F27
Dispatcher:3F27;739725;55134;256;0;2;204;255;723;734
Listener:Sent_pong;734;8D93
Dispatcher:8D93;739895;39592;256;0;2;205;255;703;734
Listener:Sent_pong;734;CBB8
Dispatcher:CBB8;739933;51255;256;0;2;206;250;696;734
Listener:Sent_pong;734;FCED
Dispatcher:FCED;739989;29654;256;0;2;210;253;701;734
Listener:Sent_pong;734;A7E4
Dispatcher:A7E4;740031;24356;256;0;2;206;252;719;734
Listener:Sent_pong;734;A78F
Dispatcher:A78F;740210;32088;256;0;2;201;249;725;734
Listener:Sent_pong;734;F436
Dispatcher:F436;740240;38639;256;0;2;193;255;725;734
Listener:Sent_pong;735;3F27
Dispatcher:3F27;740739;56738;256;0;2;204;255;724;735
Listener:Sent_pong;735;8D93
Dispatcher:8D93;740903;39282;256;0;2;205;255;704;735
Listener:Sent_pong;735;CBB8
Dispatcher:CBB8;740942;54129;256;0;2;206;250;697;735
Listener:Sent_pong;735;FCED
Dispatcher:FCED;740997;28239;256;0;2;210;253;702;735
Listener:Sent_pong;735;A7E4
Dispatcher:A7E4;741046;36866;256;0;2;206;252;720;735
Listener:Sent_pong;735;A78F
Dispatcher:A78F;741218;29476;256;0;2;201;249;726;735
Listener:Sent_pong;735;F436
Dispatcher:F436;741247;40575;256;0;2;193;255;726;735
Listener:Sent_pong;736;3F27
Dispatcher:3F27;741748;50940;256;0;2;204;255;725;736
Listener:Sent_pong;736;8D93
Dispatcher:8D93;741912;39902;256;0;2;205;255;705;736
Listener:Sent_pong;736;CBB8
Dispatcher:CBB8;741950;49328;256;0;2;206;250;698;736
Listener:Sent_pong;736;FCED
Dispatcher:FCED;742005;24076;256;0;2;210;253;703;736
Listener:Sent_pong;736;A7E4
Dispatcher:A7E4;742054;25938;256;0;2;206;252;721;736
Listener:Sent_pong;736;A78F
Dispatcher:A78F;742226;27900;256;0;2;201;249;727;736
Listener:Sent_pong;736;F436
Dispatcher:F436;742254;36711;256;0;2;193;255;727;736
Listener:Sent_pong;737;3F27
Dispatcher:3F27;742754;47736;256;0;2;204;255;726;737
Listener:Sent_pong;737;8D93
Dispatcher:8D93;742927;46670;256;0;2;205;255;706;737
Listener:Sent_pong;737;CBB8
Dispatcher:CBB8;742962;56309;256;0;2;206;250;699;737
Listener:Sent_pong;737;FCED
Dispatcher:FCED;743012;27241;256;0;2;210;253;704;737
Listener:Sent_pong;737;A7E4
Dispatcher:A7E4;743063;26590;256;0;2;206;252;722;737
Listener:Sent_pong;737;A78F
Dispatcher:A78F;743240;33038;256;0;2;201;249;728;737
Listener:Sent_pong;737;F436
Dispatcher:F436;743263;40889;256;0;2;193;255;728;737
Listener:Sent_pong;738;3F27
Dispatcher:3F27;743767;57380;256;0;2;204;255;727;738
Listener:Sent_pong;738;8D93
Dispatcher:8D93;743933;41966;256;0;2;205;255;707;738
Listener:Sent_pong;738;CBB8
Dispatcher:CBB8;743973;55062;256;0;2;206;250;700;738
Listener:Sent_pong;738;FCED
Dispatcher:FCED;744026;33470;256;0;2;210;253;705;738
Listener:Sent_pong;738;A7E4
Dispatcher:A7E4;744072;26892;256;0;2;206;252;723;738
Listener:Sent_pong;738;A78F
Dispatcher:A78F;744249;29800;256;0;2;201;249;729;738
Listener:Sent_pong;738;F436
Dispatcher:F436;744280;56085;256;0;2;193;255;729;738
Listener:Sent_pong;739;3F27
Dispatcher:3F27;744775;54452;256;0;2;204;255;728;739
Listener:Sent_pong;739;8D93
Dispatcher:8D93;744941;40254;256;0;2;205;255;708;739
Listener:Sent_pong;739;CBB8
Dispatcher:CBB8;744980;55062;256;0;2;206;250;700;739
Listener:Sent_pong;739;FCED
Dispatcher:FCED;745033;23453;256;0;2;210;253;706;739
Listener:Sent_pong;739;A7E4
Dispatcher:A7E4;745080;27224;256;0;2;206;252;724;739
Listener:Sent_pong;739;A78F
Dispatcher:A78F;745256;29948;256;0;2;201;249;730;739
Listener:Sent_pong;739;F436
Dispatcher:F436;745289;39947;256;0;2;193;255;730;739
Listener:Sent_pong;740;3F27
Dispatcher:3F27;745782;49354;256;0;2;204;255;729;740
Listener:Sent_pong;740;8D93
Dispatcher:8D93;745955;44766;256;0;2;205;255;709;740
Listener:Sent_pong;740;CBB8
Dispatcher:CBB8;745989;52822;256;0;2;206;250;701;740
Listener:Sent_pong;740;FCED
Dispatcher:FCED;746040;31852;256;0;2;210;253;707;740
Listener:Sent_pong;740;A7E4
Dispatcher:A7E4;746088;27558;256;0;2;206;252;725;740
Listener:Sent_pong;740;A78F
Dispatcher:A78F;746268;33134;256;0;2;201;249;731;740
Listener:Sent_pong;740;F436
Dispatcher:F436;746297;40553;256;0;2;193;255;731;740
Listener:Sent_pong;741;3F27
Dispatcher:3F27;746795;53536;256;0;2;204;255;730;741
Listener:Sent_pong;741;8D93
Dispatcher:8D93;746962;36078;256;0;2;205;255;710;741
Listener:Sent_pong;741;CBB8
Dispatcher:CBB8;746997;52507;256;0;2;206;250;702;741
Listener:Sent_pong;741;FCED
Dispatcher:FCED;747048;24960;256;0;2;210;253;708;741
Listener:Sent_pong;741;A7E4
Dispatcher:A7E4;747101;31766;256;0;2;206;252;726;741
Listener:Sent_pong;741;A78F
Dispatcher:A78F;747277;26924;256;0;2;201;249;732;741
Listener:Sent_pong;741;F436
Dispatcher:F436;747335;69983;256;0;2;193;255;732;741
Listener:Sent_pong;742;3F27
Dispatcher:3F27;747804;36434;256;0;2;204;255;731;742
Listener:Sent_pong;742;8D93
Dispatcher:8D93;747971;27892;256;0;2;205;255;711;742
Listener:Sent_pong;742;CBB8
Dispatcher:CBB8;748006;51199;256;0;2;206;250;703;742
Listener:Sent_pong;742;FCED
Dispatcher:FCED;748054;26062;256;0;2;210;253;709;742
Listener:Sent_pong;742;A7E4
Dispatcher:A7E4;748109;26622;256;0;2;206;252;727;742
Listener:Sent_pong;742;A78F
Dispatcher:A78F;748284;26616;256;0;2;201;249;733;742
Listener:Sent_pong;742;F436
Dispatcher:F436;748352;50965;256;0;2;193;255;733;742
Listener:Sent_pong;743;3F27
Dispatcher:3F27;748813;39866;256;0;2;204;255;732;743
Listener:Sent_pong;743;8D93
Dispatcher:8D93;748986;33214;256;0;2;205;255;712;743
Listener:Sent_pong;743;CBB8
Dispatcher:CBB8;749013;24065;256;0;2;206;250;704;743
Listener:Sent_pong;743;FCED
Dispatcher:FCED;749063;30268;256;0;2;210;253;710;743
Listener:Sent_pong;743;A7E4
Dispatcher:A7E4;749116;29184;256;0;2;206;252;728;743
Listener:Sent_pong;743;A78F
Dispatcher:A78F;749299;33694;256;0;2;201;249;734;743
Listener:Sent_pong;743;F436
Dispatcher:F436;749361;41523;256;0;2;193;255;734;743
Listener:Sent_pong;744;3F27
Dispatcher:3F27;749825;40324;256;0;2;204;255;733;744
Listener:Sent_pong;744;8D93
Dispatcher:8D93;749993;27264;256;0;2;205;255;713;744
Listener:Sent_pong;744;CBB8
Dispatcher:CBB8;750020;26073;256;0;2;206;250;705;744
Listener:Sent_pong;744;FCED
Dispatcher:FCED;750072;27894;256;0;2;210;253;711;744
Listener:Sent_pong;744;A7E4
Dispatcher:A7E4;750130;30814;256;0;2;206;252;729;744
Listener:Sent_pong;744;A78F
Dispatcher:A78F;750306;26290;256;0;2;201;249;735;744
Listener:Sent_pong;744;F436
Dispatcher:F436;750368;39611;256;0;2;193;255;735;744
Listener:Sent_pong;745;3F27
Dispatcher:3F27;750833;50336;256;0;2;204;255;734;745
Listener:Sent_pong;745;8D93
Dispatcher:8D93;751002;29180;256;0;2;205;255;714;745
Listener:Sent_pong;745;CBB8
Dispatcher:CBB8;751028;26951;256;0;2;206;250;706;745
Listener:Sent_pong;745;FCED
Dispatcher:FCED;751081;27274;256;0;2;210;253;712;745
Listener:Sent_pong;745;A7E4
Dispatcher:A7E4;751137;23716;256;0;2;206;252;730;745
Listener:Sent_pong;745;A78F
Dispatcher:A78F;751314;26608;256;0;2;201;249;736;745
Listener:Sent_pong;745;F436
Dispatcher:F436;751382;49969;256;0;2;193;255;736;745
Listener:Sent_pong;746;3F27
Dispatcher:3F27;751842;42448;256;0;2;204;255;735;746
Listener:Sent_pong;746;8D93
Dispatcher:8D93;752019;36392;256;0;2;205;255;715;746
Listener:Sent_pong;746;CBB8
Dispatcher:CBB8;752042;32911;256;0;2;206;250;707;746
Listener:Sent_pong;746;FCED
Dispatcher:FCED;752088;23754;256;0;2;210;253;713;746
Listener:Sent_pong;746;A7E4
Dispatcher:A7E4;752145;27270;256;0;2;206;252;731;746
Listener:Sent_pong;746;A78F
Dispatcher:A78F;752327;29886;256;0;2;201;249;737;746
Listener:Sent_pong;746;F436
Dispatcher:F436;752389;36103;256;0;2;193;255;737;746
Listener:Sent_pong;747;3F27
Dispatcher:3F27;752856;46262;256;0;2;204;255;736;747
Listener:Sent_pong;747;8D93
Dispatcher:8D93;753026;26932;256;0;2;205;255;716;747
Listener:Sent_pong;747;CBB8
Dispatcher:CBB8;753053;29677;256;0;2;206;250;708;747
Listener:Sent_pong;747;FCED
Dispatcher:FCED;753095;28874;256;0;2;210;253;714;747
Listener:Sent_pong;747;A7E4
Dispatcher:A7E4;753158;32730;256;0;2;206;252;732;747
Listener:Sent_pong;747;A78F
Dispatcher:A78F;753335;26632;256;0;2;201;249;738;747
Listener:Sent_pong;747;F436
Dispatcher:F436;753398;43119;256;0;2;193;255;738;747
Listener:Sent_pong;748;3F27
Dispatcher:3F27;753863;47314;256;0;2;204;255;737;748
Listener:Sent_pong;748;8D93
Dispatcher:8D93;754035;28882;256;0;2;205;255;717;748
Listener:Sent_pong;748;CBB8
Dispatcher:CBB8;754061;25022;256;0;2;206;250;709;748
Listener:Sent_pong;748;FCED
Dispatcher:FCED;754102;26288;256;0;2;210;253;715;748
Listener:Sent_pong;748;A7E4
Dispatcher:A7E4;754167;27556;256;0;2;206;252;733;748
Listener:Sent_pong;748;A78F
Dispatcher:A78F;754344;33786;256;0;2;201;249;739;748
Listener:Sent_pong;748;F436
Dispatcher:F436;754412;45541;256;0;2;193;255;739;748
Listener:Sent_pong;749;3F27
Dispatcher:3F27;754872;42416;256;0;2;204;255;738;749
Listener:Sent_pong;749;8D93
Dispatcher:8D93;755042;26314;256;0;2;205;255;718;749
Listener:Sent_pong;749;CBB8
Dispatcher:CBB8;755069;24710;256;0;2;206;250;710;749
Listener:Sent_pong;749;FCED
Dispatcher:FCED;755110;25670;256;0;2;210;253;716;749
Listener:Sent_pong;749;A7E4
Dispatcher:A7E4;755174;24502;256;0;2;206;252;734;749
Listener:Sent_pong;749;A78F
Dispatcher:A78F;755355;28000;256;0;2;201;249;740;749
Listener:Sent_pong;749;F436
Dispatcher:F436;755419;41973;256;0;2;193;255;740;749
Listener:Sent_pong;750;3F27
Dispatcher:3F27;755881;38938;256;0;2;204;255;739;750
Listener:Sent_pong;750;8D93
Dispatcher:8D93;756049;25670;256;0;2;205;255;719;750
Listener:Sent_pong;750;CBB8
Dispatcher:CBB8;756076;29282;256;0;2;206;250;711;750
Listener:Sent_pong;750;FCED
Dispatcher:FCED;756119;28254;256;0;2;210;253;717;750
Listener:Sent_pong;750;A7E4
Dispatcher:A7E4;756191;35286;256;0;2;206;252;735;750
Listener:Sent_pong;750;A78F
Dispatcher:A78F;756362;24370;256;0;2;201;249;741;750
Listener:Sent_pong;750;F436
Dispatcher:F436;756428;38003;256;0;2;193;255;741;750
Listener:Sent_pong;751;3F27
Dispatcher:3F27;756889;37640;256;0;2;204;255;740;751
Listener:Sent_pong;751;8D93
Dispatcher:8D93;757057;28550;256;0;2;205;255;720;751
Listener:Sent_pong;751;CBB8
Dispatcher:CBB8;757084;28210;256;0;2;206;250;712;751
Listener:Sent_pong;751;FCED
Dispatcher:FCED;757131;29312;256;0;2;210;253;718;751
Listener:Sent_pong;751;A7E4
Dispatcher:A7E4;757199;26278;256;0;2;206;252;736;751
Listener:Sent_pong;751;A78F
Dispatcher:A78F;757370;26290;256;0;2;201;249;742;751
Listener:Sent_pong;751;F436
Dispatcher:F436;757442;46757;256;0;2;193;255;742;751
Listener:Sent_pong;752;3F27
Dispatcher:3F27;757897;43102;256;0;2;204;255;741;752
Listener:Sent_pong;752;8D93
Dispatcher:8D93;758074;34482;256;0;2;205;255;721;752
Listener:Sent_pong;752;CBB8
Dispatcher:CBB8;758095;28035;256;0;2;206;250;713;752
Listener:Sent_pong;752;FCED
Dispatcher:FCED;758138;28544;256;0;2;210;253;719;752
Listener:Sent_pong;752;A7E4
Dispatcher:A7E4;758208;28214;256;0;2;206;252;737;752
Listener:Sent_pong;752;A78F
Dispatcher:A78F;758384;35124;256;0;2;201;249;743;752
Listener:Sent_pong;752;F436
Dispatcher:F436;758450;53853;256;0;2;193;255;743;752
Listener:Sent_pong;753;3F27
Dispatcher:3F27;758912;43760;256;0;2;204;255;742;753
Listener:Sent_pong;753;8D93
Dispatcher:8D93;759083;28852;256;0;2;205;255;722;753
Listener:Sent_pong;753;CBB8
Dispatcher:CBB8;759108;31801;256;0;2;206;250;714;753
Listener:Sent_pong;753;FCED
Dispatcher:FCED;759146;27604;256;0;2;210;253;720;753
Listener:Sent_pong;753;A7E4
Dispatcher:A7E4;759217;29782;256;0;2;206;252;738;753
Listener:Sent_pong;753;A78F
Dispatcher:A78F;759392;28872;256;0;2;201;249;744;753
Listener:Sent_pong;753;F436
Dispatcher:F436;759458;42805;256;0;2;193;255;744;753
Listener:Sent_pong;754;3F27
Dispatcher:3F27;759919;34788;256;0;2;204;255;743;754
Listener:Sent_pong;754;8D93
Dispatcher:8D93;760091;25366;256;0;2;205;255;723;754
Listener:Sent_pong;754;CBB8
Dispatcher:CBB8;760117;28532;256;0;2;206;250;715;754
Listener:Sent_pong;754;FCED
Dispatcher:FCED;760154;24070;256;0;2;210;253;721;754
Listener:Sent_pong;754;A7E4
Dispatcher:A7E4;760225;26300;256;0;2;206;252;739;754
Listener:Sent_pong;754;A78F
Dispatcher:A78F;760399;24704;256;0;2;201;249;745;754
Listener:Sent_pong;754;F436
Dispatcher:F436;760467;39903;256;0;2;193;255;745;754
Listener:Sent_pong;755;3F27
Dispatcher:3F27;760927;34788;256;0;2;204;255;743;755
Listener:Sent_pong;755;8D93
Dispatcher:8D93;761098;26630;256;0;2;205;255;724;755
Listener:Sent_pong;755;CBB8
Dispatcher:CBB8;761125;28859;256;0;2;206;250;716;755
Listener:Sent_pong;755;FCED
Dispatcher:FCED;761163;28576;256;0;2;210;253;722;755
Listener:Sent_pong;755;A7E4
Dispatcher:A7E4;761231;23732;256;0;2;206;252;740;755
Listener:Sent_pong;755;A78F
Dispatcher:A78F;761416;34358;256;0;2;201;249;746;755
Listener:Sent_pong;755;F436
Dispatcher:F436;761474;36099;256;0;2;193;255;746;755
Listener:Sent_pong;756;3F27
Dispatcher:3F27;761942;47594;256;0;2;204;255;744;756
Listener:Sent_pong;756;8D93
Dispatcher:8D93;762106;27282;256;0;2;205;255;725;756
Listener:Sent_pong;756;CBB8
Dispatcher:CBB8;762134;32526;256;0;2;206;250;717;756
Listener:Sent_pong;756;FCED
Dispatcher:FCED;762170;24402;256;0;2;210;253;723;756
Listener:Sent_pong;756;A7E4
Dispatcher:A7E4;762239;26936;256;0;2;206;252;741;756
Listener:Sent_pong;756;A78F
Dispatcher:A78F;762425;29838;256;0;2;201;249;747;756
Listener:Sent_pong;756;F436
Dispatcher:F436;762481;58449;256;0;2;193;255;747;756
Listener:Sent_pong;757;3F27
Dispatcher:3F27;762951;49898;256;0;2;204;255;745;757
Listener:Sent_pong;757;8D93
Dispatcher:8D93;763120;34436;256;0;2;205;255;726;757
Listener:Sent_pong;757;CBB8
Dispatcher:CBB8;763144;28384;256;0;2;206;250;718;757
Listener:Sent_pong;757;FCED
Dispatcher:FCED;763178;32860;256;0;2;210;253;724;757
Listener:Sent_pong;757;A7E4
Dispatcher:A7E4;763246;26904;256;0;2;206;252;742;757
Listener:Sent_pong;757;A78F
Dispatcher:A78F;763433;26282;256;0;2;201;249;748;757
Listener:Sent_pong;757;F436
Dispatcher:F436;763488;43723;256;0;2;193;255;748;757
Listener:Sent_pong;758;3F27
Dispatcher:3F27;763960;41154;256;0;2;204;255;746;758
Listener:Sent_pong;758;8D93
Dispatcher:8D93;764127;27914;256;0;2;205;255;727;758
Listener:Sent_pong;758;CBB8
Dispatcher:CBB8;764152;26736;256;0;2;206;250;719;758
Listener:Sent_pong;758;FCED
Dispatcher:FCED;764186;26000;256;0;2;210;253;725;758
Listener:Sent_pong;758;A7E4
Dispatcher:A7E4;764253;24676;256;0;2;206;252;743;758
Listener:Sent_pong;758;A78F
Dispatcher:A78F;764448;32748;256;0;2;201;249;749;758
Listener:Sent_pong;758;F436
Dispatcher:F436;764496;41201;256;0;2;193;255;749;758
Listener:Sent_pong;759;3F27
Dispatcher:3F27;764973;45778;256;0;2;204;255;747;759
Listener:Sent_pong;759;8D93
Dispatcher:8D93;765134;23760;256;0;2;205;255;728;759
Listener:Sent_pong;759;CBB8
Dispatcher:CBB8;765159;26291;256;0;2;206;250;720;759
Listener:Sent_pong;759;FCED
Dispatcher:FCED;765195;27576;256;0;2;210;253;726;759
Listener:Sent_pong;759;A7E4
Dispatcher:A7E4;765262;26948;256;0;2;206;252;744;759
Listener:Sent_pong;759;A78F
Dispatcher:A78F;765456;26640;256;0;2;201;249;750;759
Listener:Sent_pong;759;F436
Dispatcher:F436;765503;41213;256;0;2;193;255;750;759
Listener:Sent_pong;760;3F27
Dispatcher:3F27;765981;48116;256;0;2;204;255;748;760
Listener:Sent_pong;760;8D93
Dispatcher:8D93;766142;26960;256;0;2;205;255;729;760
Listener:Sent_pong;760;CBB8
Dispatcher:CBB8;766167;27598;256;0;2;206;250;721;760
Listener:Sent_pong;760;FCED
Dispatcher:FCED;766202;28542;256;0;2;210;253;727;760
Listener:Sent_pong;760;A7E4
Dispatcher:A7E4;766269;24046;256;0;2;206;252;745;760
Listener:Sent_pong;760;A78F
Dispatcher:A78F;766462;25020;256;0;2;201;249;751;760
Listener:Sent_pong;760;F436
Dispatcher:F436;766512;42797;256;0;2;193;255;751;760
Listener:Sent_pong;761;3F27
Dispatcher:3F27;766988;37956;256;0;2;204;255;749;761
Listener:Sent_pong;761;8D93
Dispatcher:8D93;767161;44016;256;0;2;205;255;730;761
Listener:Sent_pong;761;CBB8
Dispatcher:CBB8;767196;47962;256;0;2;206;250;722;761
Listener:Sent_pong;761;FCED
Dispatcher:FCED;767223;39046;256;0;2;210;253;728;761
Listener:Sent_pong;761;A7E4
Dispatcher:A7E4;767277;24700;256;0;2;206;252;746;761
Listener:Sent_pong;761;A78F
Dispatcher:A78F;767472;28648;256;0;2;201;249;752;761
Listener:Sent_pong;761;F436
Dispatcher:F436;767520;39925;256;0;2;193;255;752;761
Listener:Sent_pong;762;3F27
Dispatcher:3F27;767997;42872;256;0;2;204;255;750;762
Listener:Sent_pong;762;8D93
Dispatcher:8D93;768169;28854;256;0;2;205;255;731;762
Listener:Sent_pong;762;CBB8
Dispatcher:CBB8;768204;28906;256;0;2;206;250;723;762
Listener:Sent_pong;762;FCED
Dispatcher:FCED;768230;26380;256;0;2;210;253;729;762
Listener:Sent_pong;762;A7E4
Dispatcher:A7E4;768284;28450;256;0;2;206;252;747;762
Listener:Sent_pong;762;A78F
Dispatcher:A78F;768481;25980;256;0;2;201;249;753;762
Listener:Sent_pong;762;F436
Dispatcher:F436;768529;38335;256;0;2;193;255;753;762
Listener:Sent_pong;763;3F27
Dispatcher:3F27;769006;38606;256;0;2;204;255;751;763
Listener:Sent_pong;763;8D93
Dispatcher:8D93;769178;29840;256;0;2;205;255;732;763
Listener:Sent_pong;763;CBB8
Dispatcher:CBB8;769211;24069;256;0;2;206;250;724;763
Listener:Sent_pong;763;FCED
Dispatcher:FCED;769238;25978;256;0;2;210;253;730;763
Listener:Sent_pong;763;A7E4
Dispatcher:A7E4;769293;29166;256;0;2;206;252;748;763
Listener:Sent_pong;763;A78F
Dispatcher:A78F;769489;29456;256;0;2;201;249;754;763
Listener:Sent_pong;763;F436
Dispatcher:F436;769536;41215;256;0;2;193;255;754;763
Listener:Sent_pong;764;8D93
Dispatcher:8D93;770187;28568;256;0;2;205;255;733;764
Listener:Sent_pong;764;CBB8
Dispatcher:CBB8;770218;23086;256;0;2;206;250;725;764
Listener:Sent_pong;764;FCED
Dispatcher:FCED;770246;25040;256;0;2;210;253;731;764
Listener:Sent_pong;764;A7E4
Dispatcher:A7E4;770302;29820;256;0;2;206;252;749;764
Listener:Sent_pong;764;A78F
Dispatcher:A78F;770502;34354;256;0;2;201;249;755;764
Listener:Sent_pong;764;F436
Dispatcher:F436;770545;41213;256;0;2;193;255;755;764
Listener:Sent_pong;765;3F27
Dispatcher:3F27;771022;37644;256;0;2;204;255;752;765
Listener:Sent_pong;765;8D93
Dispatcher:8D93;771194;25968;256;0;2;205;255;734;765
Listener:Sent_pong;765;CBB8
Dispatcher:CBB8;771225;27719;256;0;2;206;250;726;765
Listener:Sent_pong;765;FCED
Dispatcher:FCED;771254;27928;256;0;2;210;253;732;765
Listener:Sent_pong;765;A7E4
Dispatcher:A7E4;771310;25652;256;0;2;206;252;750;765
Listener:Sent_pong;765;A78F
Dispatcher:A78F;771511;27606;256;0;2;201;249;756;765
Listener:Sent_pong;765;F436
Dispatcher:F436;771552;39607;256;0;2;193;255;756;765
Listener:Sent_pong;766;3F27
Dispatcher:3F27;772029;36694;256;0;2;204;255;753;766
Listener:Sent_pong;766;8D93
Dispatcher:8D93;772201;24042;256;0;2;205;255;735;766
Listener:Sent_pong;766;CBB8
Dispatcher:CBB8;772232;24707;256;0;2;206;250;727;766
Listener:Sent_pong;766;FCED
Dispatcher:FCED;772262;24058;256;0;2;210;253;733;766
Listener:Sent_pong;766;A7E4
Dispatcher:A7E4;772318;27572;256;0;2;206;252;751;766
Listener:Sent_pong;766;A78F
Dispatcher:A78F;772518;26628;256;0;2;201;249;757;766
Listener:Sent_pong;766;F436
Dispatcher:F436;772559;38337;256;0;2;193;255;757;766
Listener:Sent_pong;767;3F27
Dispatcher:3F27;773037;38316;256;0;2;204;255;754;767
Listener:Sent_pong;767;8D93
Dispatcher:8D93;773216;34338;256;0;2;205;255;736;767
Listener:Sent_pong;767;CBB8
Dispatcher:CBB8;773241;28865;256;0;2;206;250;728;767
Listener:Sent_pong;767;FCED
Dispatcher:FCED;773270;26000;256;0;2;210;253;734;767
Listener:Sent_pong;767;A7E4
Dispatcher:A7E4;773325;25006;256;0;2;206;252;752;767
Listener:Sent_pong;767;A78F
Dispatcher:A78F;773532;33356;256;0;2;201;249;758;767
Listener:Sent_pong;767;F436
Dispatcher:F436;773567;41509;256;0;2;193;255;758;767
Listener:Sent_pong;768;3F27
Dispatcher:3F27;774043;37970;256;0;2;204;255;755;768
Listener:Sent_pong;768;8D93
Dispatcher:8D93;774224;25954;256;0;2;205;255;737;768
Listener:Sent_pong;768;CBB8
Dispatcher:CBB8;774247;23731;256;0;2;206;250;729;768
Listener:Sent_pong;768;FCED
Dispatcher:FCED;774278;27578;256;0;2;210;253;735;768
Listener:Sent_pong;768;A7E4
Dispatcher:A7E4;774333;25018;256;0;2;206;252;753;768
Listener:Sent_pong;768;A78F
Dispatcher:A78F;774541;29812;256;0;2;201;249;759;768
Listener:Sent_pong;768;F436
Dispatcher:F436;774576;43563;256;0;2;193;255;759;768
Listener:Sent_pong;769;3F27
Dispatcher:3F27;775050;37332;256;0;2;204;255;756;769
Listener:Sent_pong;769;8D93
Dispatcher:8D93;775231;28864;256;0;2;205;255;738;769
Listener:Sent_pong;769;CBB8
Dispatcher:CBB8;775256;28638;256;0;2;206;250;730;769
Listener:Sent_pong;769;FCED
Dispatcher:FCED;775286;26942;256;0;2;210;253;736;769
Listener:Sent_pong;769;A7E4
Dispatcher:A7E4;775340;24680;256;0;2;206;252;754;769
Listener:Sent_pong;769;A78F
Dispatcher:A78F;775550;28510;256;0;2;201;249;760;769
Listener:Sent_pong;769;F436
Dispatcher:F436;775585;45597;256;0;2;193;255;760;769
Listener:Sent_pong;770;3F27
Dispatcher:3F27;776057;39500;256;0;2;204;255;757;770
Listener:Sent_pong;770;8D93
Dispatcher:8D93;776247;28864;256;0;2;205;255;738;770
Listener:Sent_pong;770;CBB8
Dispatcher:CBB8;776278;57490;256;0;2;206;250;731;770
Listener:Sent_pong;770;FCED
Dispatcher:FCED;776321;53268;256;0;2;210;253;737;770
Listener:Sent_pong;770;A7E4
Dispatcher:A7E4;776348;26296;256;0;2;206;252;755;770
Listener:Sent_pong;770;A78F
Dispatcher:A78F;776559;28246;256;0;2;201;249;761;770
Listener:Sent_pong;770;F436
Dispatcher:F436;776592;38619;256;0;2;193;255;761;770
Listener:Sent_pong;771;3F27
Dispatcher:3F27;777065;33946;256;0;2;204;255;758;771
Listener:Sent_pong;771;8D93
Dispatcher:8D93;777255;28542;256;0;2;205;255;739;771
Listener:Sent_pong;771;CBB8
Dispatcher:CBB8;777287;30451;256;0;2;206;250;732;771
Listener:Sent_pong;771;FCED
Dispatcher:FCED;777330;27614;256;0;2;210;253;738;771
Listener:Sent_pong;771;A7E4
Dispatcher:A7E4;777354;23394;256;0;2;206;252;756;771
Listener:Sent_pong;771;A78F
Dispatcher:A78F;777567;25328;256;0;2;201;249;762;771
Listener:Sent_pong;771;F436
Dispatcher:F436;777601;40233;256;0;2;193;255;762;771
Listener:Sent_pong;772;3F27
Dispatcher:3F27;778073;24714;256;0;2;204;255;759;772
Listener:Sent_pong;772;8D93
Dispatcher:8D93;778262;26002;256;0;2;205;255;740;772
Listener:Sent_pong;772;CBB8
Dispatcher:CBB8;778295;25973;256;0;2;206;250;733;772
Listener:Sent_pong;772;FCED
Dispatcher:FCED;778337;27920;256;0;2;210;253;739;772
Listener:Sent_pong;772;A7E4
Dispatcher:A7E4;778363;29160;256;0;2;206;252;757;772
Listener:Sent_pong;772;A78F
Dispatcher:A78F;778574;28530;256;0;2;201;249;763;772
Listener:Sent_pong;772;F436
Dispatcher:F436;778609;45919;256;0;2;193;255;763;772
Listener:Sent_pong;773;3F27
Dispatcher:3F27;779080;23434;256;0;2;204;255;760;773
Listener:Sent_pong;773;8D93
Dispatcher:8D93;779276;34052;256;0;2;205;255;741;773
Listener:Sent_pong;773;CBB8
Dispatcher:CBB8;779303;36680;256;0;2;206;250;734;773
Listener:Sent_pong;773;FCED
Dispatcher:FCED;779345;42948;256;0;2;210;253;740;773
Listener:Sent_pong;773;A7E4
Dispatcher:A7E4;779376;48366;256;0;2;206;252;758;773
Listener:Sent_pong;773;A78F
Dispatcher:A78F;779589;35394;256;0;2;201;249;764;773
Listener:Sent_pong;773;F436
Dispatcher:F436;779616;41509;256;0;2;193;255;764;773
Listener:Sent_pong;774;3F27
Dispatcher:3F27;780087;23740;256;0;2;204;255;761;774
Listener:Sent_pong;774;8D93
Dispatcher:8D93;780285;29834;256;0;2;205;255;742;774
Listener:Sent_pong;774;CBB8
Dispatcher:CBB8;780310;40669;256;0;2;206;250;735;774
Listener:Sent_pong;774;FCED
Dispatcher:FCED;780353;45796;256;0;2;210;253;741;774
Listener:Sent_pong;774;A7E4
Dispatcher:A7E4;780386;54160;256;0;2;206;252;759;774
Listener:Sent_pong;774;A78F
Dispatcher:A78F;780597;27888;256;0;2;201;249;765;774
Listener:Sent_pong;774;F436
Dispatcher:F436;780630;45169;256;0;2;193;255;765;774
Listener:Sent_pong;775;3F27
Dispatcher:3F27;781094;38268;256;0;2;204;255;762;775
Listener:Sent_pong;775;8D93
Dispatcher:8D93;781292;24396;256;0;2;205;255;743;775
Listener:Sent_pong;775;CBB8
Dispatcher:CBB8;781316;37351;256;0;2;206;250;736;775
Listener:Sent_pong;775;FCED
Dispatcher:FCED;781361;40564;256;0;2;210;253;742;775
Listener:Sent_pong;775;A7E4
Dispatcher:A7E4;781406;55180;256;0;2;206;252;760;775
Listener:Sent_pong;775;A78F
Dispatcher:A78F;781605;26938;256;0;2;201;249;766;775
Listener:Sent_pong;775;F436
Dispatcher:F436;781639;27911;256;0;2;193;255;766;775
Listener:Sent_pong;776;3F27
Dispatcher:3F27;782101;38910;256;0;2;204;255;763;776
Listener:Sent_pong;776;8D93
Dispatcher:8D93;782305;32554;256;0;2;205;255;744;776
Listener:Sent_pong;776;CBB8
Dispatcher:CBB8;782327;45340;256;0;2;206;250;737;776
Listener:Sent_pong;776;FCED
Dispatcher:FCED;782369;39732;256;0;2;210;253;743;776
Listener:Sent_pong;776;A7E4
Dispatcher:A7E4;782413;38294;256;0;2;206;252;761;776
Listener:Sent_pong;776;A78F
Dispatcher:A78F;782619;33388;256;0;2;201;249;767;776
Listener:Sent_pong;776;F436
Dispatcher:F436;782646;25329;256;0;2;193;255;767;776
Listener:Sent_pong;777;3F27
Dispatcher:3F27;783109;36348;256;0;2;204;255;764;777
Listener:Sent_pong;777;8D93
Dispatcher:8D93;783313;25034;256;0;2;205;255;745;777
Listener:Sent_pong;777;CBB8
Dispatcher:CBB8;783336;42565;256;0;2;206;250;738;777
Listener:Sent_pong;777;FCED
Dispatcher:FCED;783377;35460;256;0;2;210;253;744;777
Listener:Sent_pong;777;A7E4
Dispatcher:A7E4;783422;44136;256;0;2;206;252;762;777
Listener:Sent_pong;777;A78F
Dispatcher:A78F;783626;25664;256;0;2;201;249;768;777
Listener:Sent_pong;777;F436
Dispatcher:F436;783656;29003;256;0;2;193;255;768;777
Listener:Sent_pong;778;3F27
Dispatcher:3F27;784115;37968;256;0;2;204;255;765;778
Listener:Sent_pong;778;8D93
Dispatcher:8D93;784320;27592;256;0;2;205;255;746;778
Listener:Sent_pong;778;CBB8
Dispatcher:CBB8;784345;39625;256;0;2;206;250;739;778
Listener:Sent_pong;778;FCED
Dispatcher:FCED;784384;41644;256;0;2;210;253;745;778
Listener:Sent_pong;778;A7E4
Dispatcher:A7E4;784429;34764;256;0;2;206;252;763;778
Listener:Sent_pong;778;A78F
Dispatcher:A78F;784633;24044;256;0;2;201;249;769;778
Listener:Sent_pong;778;F436
Dispatcher:F436;784665;31033;256;0;2;193;255;769;778
Listener:Sent_pong;779;3F27
Dispatcher:3F27;785128;45688;256;0;2;204;255;766;779
Listener:Sent_pong;779;8D93
Dispatcher:8D93;785334;27592;256;0;2;205;255;746;779
Listener:Sent_pong;779;CBB8
Dispatcher:CBB8;785365;49921;256;0;2;206;250;740;779
Listener:Sent_pong;779;FCED
Dispatcher:FCED;785405;51294;256;0;2;210;253;746;779
Listener:Sent_pong;779;A7E4
Dispatcher:A7E4;785440;32808;256;0;2;206;252;764;779
Listener:Sent_pong;779;A78F
Dispatcher:A78F;785647;31246;256;0;2;201;249;770;779
Listener:Sent_pong;779;F436
Dispatcher:F436;785673;24697;256;0;2;193;255;770;779
Listener:Sent_pong;780;3F27
Dispatcher:3F27;786136;46542;256;0;2;204;255;767;780
Listener:Sent_pong;780;8D93
Dispatcher:8D93;786343;28856;256;0;2;205;255;747;780
Listener:Sent_pong;780;CBB8
Dispatcher:CBB8;786373;38606;256;0;2;206;250;741;780
Listener:Sent_pong;780;FCED
Dispatcher:FCED;786413;41210;256;0;2;210;253;747;780
Listener:Sent_pong;780;A7E4
Dispatcher:A7E4;786451;28188;256;0;2;206;252;765;780
Listener:Sent_pong;780;A78F
Dispatcher:A78F;786655;25680;256;0;2;201;249;771;780
Listener:Sent_pong;780;F436
Dispatcher:F436;786688;39083;256;0;2;193;255;771;780
Listener:Sent_pong;781;3F27
Dispatcher:3F27;787143;41812;256;0;2;204;255;768;781
Listener:Sent_pong;781;8D93
Dispatcher:8D93;787350;25004;256;0;2;205;255;748;781
Listener:Sent_pong;781;CBB8
Dispatcher:CBB8;787382;44931;256;0;2;206;250;742;781
Listener:Sent_pong;781;FCED
Dispatcher:FCED;787425;43884;256;0;2;210;253;748;781
Listener:Sent_pong;781;A7E4
Dispatcher:A7E4;787467;32940;256;0;2;206;252;766;781
Listener:Sent_pong;781;A78F
Dispatcher:A78F;787663;26622;256;0;2;201;249;772;781
Listener:Sent_pong;781;F436
Dispatcher:F436;787696;28841;256;0;2;193;255;772;781
Listener:Sent_pong;782;3F27
Dispatcher:3F27;788157;48926;256;0;2;204;255;769;782
Listener:Sent_pong;782;8D93
Dispatcher:8D93;788363;33468;256;0;2;205;255;749;782
Listener:Sent_pong;782;CBB8
Dispatcher:CBB8;788391;39688;256;0;2;206;250;743;782
Listener:Sent_pong;782;FCED
Dispatcher:FCED;788434;40248;256;0;2;210;253;749;782
Listener:Sent_pong;782;A7E4
Dispatcher:A7E4;788476;26294;256;0;2;206;252;767;782
Listener:Sent_pong;782;A78F
Dispatcher:A78F;788678;33210;256;0;2;201;249;773;782
Listener:Sent_pong;782;F436
Dispatcher:F436;788704;28841;256;0;2;193;255;772;782
Listener:Sent_pong;783;3F27
Dispatcher:3F27;789164;44608;256;0;2;204;255;770;783
Listener:Sent_pong;783;8D93
Dispatcher:8D93;789370;23474;256;0;2;205;255;750;783
Listener:Sent_pong;783;CBB8
Dispatcher:CBB8;789397;39378;256;0;2;206;250;744;783
Listener:Sent_pong;783;FCED
Dispatcher:FCED;789442;37384;256;0;2;210;253;750;783
Listener:Sent_pong;783;A7E4
Dispatcher:A7E4;789484;25970;256;0;2;206;252;768;783
Listener:Sent_pong;783;A78F
Dispatcher:A78F;789685;25996;256;0;2;201;249;774;783
Listener:Sent_pong;783;F436
Dispatcher:F436;789714;32207;256;0;2;193;255;773;783
Listener:Sent_pong;784;3F27
Dispatcher:3F27;790171;38964;256;0;2;204;255;771;784
Listener:Sent_pong;784;8D93
Dispatcher:8D93;790377;24690;256;0;2;205;255;751;784
Listener:Sent_pong;784;CBB8
Dispatcher:CBB8;790406;50051;256;0;2;206;250;745;784
Listener:Sent_pong;784;FCED
Dispatcher:FCED;790454;42442;256;0;2;210;253;751;784
Listener:Sent_pong;784;A7E4
Dispatcher:A7E4;790491;24060;256;0;2;206;252;769;784
Listener:Sent_pong;784;A78F
Dispatcher:A78F;790692;26314;256;0;2;201;249;775;784
Listener:Sent_pong;784;F436
Dispatcher:F436;790723;29493;256;0;2;193;255;774;784
Listener:Sent_pong;785;3F27
Dispatcher:3F27;791178;41406;256;0;2;204;255;772;785
Listener:Sent_pong;785;8D93
Dispatcher:8D93;791393;35352;256;0;2;205;255;752;785
Listener:Sent_pong;785;CBB8
Dispatcher:CBB8;791415;41226;256;0;2;206;250;746;785
Listener:Sent_pong;785;FCED
Dispatcher:FCED;791462;40604;256;0;2;210;253;752;785
Listener:Sent_pong;785;A7E4
Dispatcher:A7E4;791500;27748;256;0;2;206;252;770;785
Listener:Sent_pong;785;A78F
Dispatcher:A78F;791706;31148;256;0;2;201;249;776;785
Listener:Sent_pong;785;F436
Dispatcher:F436;791729;55655;256;0;2;193;255;775;785
Listener:Sent_pong;786;3F27
Dispatcher:3F27;792185;39852;256;0;2;204;255;773;786
Listener:Sent_pong;786;8D93
Dispatcher:8D93;792401;27898;256;0;2;205;255;753;786
Listener:Sent_pong;786;CBB8
Dispatcher:CBB8;792425;44805;256;0;2;206;250;747;786
Listener:Sent_pong;786;FCED
Dispatcher:FCED;792470;42300;256;0;2;210;253;753;786
Listener:Sent_pong;786;A7E4
Dispatcher:A7E4;792511;30560;256;0;2;206;252;771;786
Listener:Sent_pong;786;A78F
Dispatcher:A78F;792714;27256;256;0;2;201;249;777;786
Listener:Sent_pong;786;F436
Dispatcher:F436;792752;41263;256;0;2;193;255;776;786
Listener:Sent_pong;787;3F27
Dispatcher:3F27;793194;38312;256;0;2;204;255;774;787
Listener:Sent_pong;787;8D93
Dispatcher:8D93;793410;25344;256;0;2;205;255;754;787
Listener:Sent_pong;787;CBB8
Dispatcher:CBB8;793434;36683;256;0;2;206;250;748;787
Listener:Sent_pong;787;FCED
Dispatcher:FCED;793479;40278;256;0;2;210;253;754;787
Listener:Sent_pong;787;A7E4
Dispatcher:A7E4;793519;24688;256;0;2;206;252;772;787
Listener:Sent_pong;787;A78F
Dispatcher:A78F;793723;27910;256;0;2;201;249;778;787
Listener:Sent_pong;787;F436
Dispatcher:F436;793759;23443;256;0;2;193;255;777;787
Listener:Sent_pong;788;3F27
Dispatcher:3F27;794201;38312;256;0;2;204;255;774;788
Listener:Sent_pong;788;8D93
Dispatcher:8D93;794420;28848;256;0;2;205;255;755;788
Listener:Sent_pong;788;CBB8
Dispatcher:CBB8;794443;41938;256;0;2;206;250;749;788
Listener:Sent_pong;788;FCED
Dispatcher:FCED;794488;46450;256;0;2;210;253;755;788
Listener:Sent_pong;788;A7E4
Dispatcher:A7E4;794533;31034;256;0;2;206;252;773;788
Listener:Sent_pong;788;A78F
Dispatcher:A78F;794736;31552;256;0;2;201;249;779;788
Listener:Sent_pong;788;F436
Dispatcher:F436;794768;30551;256;0;2;193;255;778;788
Listener:Sent_pong;789;3F27
Dispatcher:3F27;795208;46126;256;0;2;204;255;775;789
Listener:Sent_pong;789;8D93
Dispatcher:8D93;795428;45122;256;0;2;205;255;756;789
Listener:Sent_pong;789;CBB8
Dispatcher:CBB8;795456;90504;256;0;2;206;250;750;789
Listener:Sent_pong;789;FCED
Dispatcher:FCED;795500;30718;256;0;2;210;253;756;789
Listener:Sent_pong;789;A7E4
Dispatcher:A7E4;795542;26269;256;0;2;206;252;774;789
Listener:Sent_pong;789;A78F
Dispatcher:A78F;795743;23450;256;0;2;201;249;780;789
Listener:Sent_pong;789;F436
Dispatcher:F436;795775;37703;256;0;2;193;255;779;789
Listener:Sent_pong;790;3F27
Dispatcher:3F27;796215;52536;256;0;2;204;255;776;790
Listener:Sent_pong;790;8D93
Dispatcher:8D93;796436;45122;256;0;2;205;255;756;790
Listener:Sent_pong;790;CBB8
Dispatcher:CBB8;796464;62525;256;0;2;206;250;751;790
Listener:Sent_pong;790;FCED
Dispatcher:FCED;796512;31595;256;0;2;210;253;757;790
Listener:Sent_pong;790;A78F
Dispatcher:A78F;796749;23112;256;0;2;201;249;781;790
Listener:Sent_pong;790;F436
Dispatcher:F436;796783;44201;256;0;2;193;255;780;790
Listener:Sent_pong;791;3F27
Dispatcher:3F27;797222;58274;256;0;2;204;255;777;791
Listener:Sent_pong;791;8D93
Dispatcher:8D93;797453;51108;256;0;2;205;255;757;791
Listener:Sent_pong;791;CBB8
Dispatcher:CBB8;797474;66318;256;0;2;206;250;752;791
Listener:Sent_pong;791;FCED
Dispatcher:FCED;797537;31595;256;0;2;210;253;757;791
Listener:Sent_pong;791;A7E4
Dispatcher:A7E4;797580;26918;256;0;2;206;252;775;791
Listener:Sent_pong;791;A78F
Dispatcher:A78F;797763;33148;256;0;2;201;249;782;791
Listener:Sent_pong;791;F436
Dispatcher:F436;797791;41203;256;0;2;193;255;781;791
Listener:Sent_pong;792;3F27
Dispatcher:3F27;798231;53196;256;0;2;204;255;778;792
Listener:Sent_pong;792;8D93
Dispatcher:8D93;798460;53672;256;0;2;205;255;758;792
Listener:Sent_pong;792;CBB8
Dispatcher:CBB8;798482;62919;256;0;2;206;250;753;792
Listener:Sent_pong;792;FCED
Dispatcher:FCED;798544;26610;256;0;2;210;253;758;792
Listener:Sent_pong;792;A7E4
Dispatcher:A7E4;798586;28790;256;0;2;206;252;776;792
Listener:Sent_pong;792;A78F
Dispatcher:A78F;798771;23750;256;0;2;201;249;783;792
Listener:Sent_pong;792;F436
Dispatcher:F436;798805;45809;256;0;2;193;255;782;792
Listener:Sent_pong;793;3F27
Dispatcher:3F27;799238;47396;256;0;2;204;255;779;793
Listener:Sent_pong;793;8D93
Dispatcher:8D93;799468;53672;256;0;2;205;255;758;793
Listener:Sent_pong;793;CBB8
Dispatcher:CBB8;799489;79937;256;0;2;206;250;754;793
Listener:Sent_pong;793;FCED
Dispatcher:FCED;799552;43566;256;0;2;210;253;759;793
Listener:Sent_pong;793;A7E4
Dispatcher:A7E4;799594;27640;256;0;2;206;252;777;793
Listener:Sent_pong;793;A78F
Dispatcher:A78F;799778;24388;256;0;2;201;249;784;793
Listener:Sent_pong;793;F436
Dispatcher:F436;799814;48021;256;0;2;193;255;783;793
Listener:Sent_pong;794;3F27
Dispatcher:3F27;800246;51594;256;0;2;204;255;780;794
Listener:Sent_pong;794;8D93
Dispatcher:8D93;800479;53100;256;0;2;205;255;759;794
Listener:Sent_pong;794;CBB8
Dispatcher:CBB8;800507;79321;256;0;2;206;250;755;794
Listener:Sent_pong;794;FCED
Dispatcher:FCED;800565;35615;256;0;2;210;253;760;794
Listener:Sent_pong;794;A7E4
Dispatcher:A7E4;800603;28508;256;0;2;206;252;778;794
Listener:Sent_pong;794;A78F
Dispatcher:A78F;800784;35158;256;0;2;201;249;785;794
Listener:Sent_pong;794;F436
Dispatcher:F436;800823;39929;256;0;2;193;255;784;794
Listener:Sent_pong;795;3F27
Dispatcher:3F27;801253;53182;256;0;2;204;255;781;795
Listener:Sent_pong;795;8D93
Dispatcher:8D93;801488;53100;256;0;2;205;255;759;795
Listener:Sent_pong;795;CBB8
Dispatcher:CBB8;801518;58867;256;0;2;206;250;756;795
Listener:Sent_pong;795;FCED
Dispatcher:FCED;801573;24721;256;0;2;210;253;761;795
Listener:Sent_pong;795;A7E4
Dispatcher:A7E4;801610;31526;256;0;2;206;252;779;795
Listener:Sent_pong;795;A78F
Dispatcher:A78F;801793;26304;256;0;2;201;249;786;795
Listener:Sent_pong;795;F436
Dispatcher:F436;801831;38309;256;0;2;193;255;785;795
Listener:Sent_pong;796;3F27
Dispatcher:3F27;802262;54480;256;0;2;204;255;782;796
Listener:Sent_pong;796;8D93
Dispatcher:8D93;802497;39572;256;0;2;205;255;760;796
Listener:Sent_pong;796;CBB8
Dispatcher:CBB8;802532;61303;256;0;2;206;250;757;796
Listener:Sent_pong;796;FCED
Dispatcher:FCED;802587;33286;256;0;2;210;253;762;796
Listener:Sent_pong;796;A7E4
Dispatcher:A7E4;802618;26292;256;0;2;206;252;780;796
Listener:Sent_pong;796;A78F
Dispatcher:A78F;802800;24318;256;0;2;201;249;787;796
Listener:Sent_pong;796;F436
Dispatcher:F436;802839;38305;256;0;2;193;255;786;796
Listener:Sent_pong;797;3F27
Dispatcher:3F27;803270;52222;256;0;2;204;255;783;797
Listener:Sent_pong;797;8D93
Dispatcher:8D93;803507;41302;256;0;2;205;255;761;797
Listener:Sent_pong;797;CBB8
Dispatcher:CBB8;803542;53181;256;0;2;206;250;758;797
Listener:Sent_pong;797;FCED
Dispatcher:FCED;803593;25014;256;0;2;210;253;763;797
Listener:Sent_pong;797;A7E4
Dispatcher:A7E4;803625;24702;256;0;2;206;252;781;797
Listener:Sent_pong;797;A78F
Dispatcher:A78F;803807;27824;256;0;2;201;249;788;797
Listener:Sent_pong;797;F436
Dispatcher:F436;803846;35115;256;0;2;193;255;787;797
Listener:Sent_pong;798;3F27
Dispatcher:3F27;804279;53794;256;0;2;204;255;784;798
Listener:Sent_pong;798;8D93
Dispatcher:8D93;804515;41302;256;0;2;205;255;761;798
Listener:Sent_pong;798;CBB8
Dispatcher:CBB8;804550;62251;256;0;2;206;250;759;798
Listener:Sent_pong;798;FCED
Dispatcher:FCED;804614;37119;256;0;2;210;253;764;798
Listener:Sent_pong;798;A7E4
Dispatcher:A7E4;804637;37014;256;0;2;206;252;782;798
Listener:Sent_pong;798;A78F
Dispatcher:A78F;804815;27900;256;0;2;201;249;789;798
Listener:Sent_pong;798;F436
Dispatcher:F436;804860;44555;256;0;2;193;255;788;798
Listener:Sent_pong;799;3F27
Dispatcher:3F27;805288;51384;256;0;2;204;255;785;799
Listener:Sent_pong;799;8D93
Dispatcher:8D93;805522;37984;256;0;2;205;255;762;799
Listener:Sent_pong;799;CBB8
Dispatcher:CBB8;805559;59057;256;0;2;206;250;760;799
Listener:Sent_pong;799;FCED
Dispatcher:FCED;805622;26952;256;0;2;210;253;765;799
Listener:Sent_pong;799;A7E4
Dispatcher:A7E4;805647;28836;256;0;2;206;252;783;799
Listener:Sent_pong;799;A78F
Dispatcher:A78F;805823;27866;256;0;2;201;249;790;799
Listener:Sent_pong;799;F436
Dispatcher:F436;805867;40253;256;0;2;193;255;789;799
Listener:Sent_pong;800;3F27
Dispatcher:3F27;806297;54044;256;0;2;204;255;786;800
Listener:Sent_pong;800;8D93
Dispatcher:8D93;806537;42678;256;0;2;205;255;763;800
Listener:Sent_pong;800;CBB8
Dispatcher:CBB8;806568;51113;256;0;2;206;250;761;800
Listener:Sent_pong;800;FCED
Dispatcher:FCED;806631;31236;256;0;2;210;253;766;800
Listener:Sent_pong;800;A7E4
Dispatcher:A7E4;806661;34100;256;0;2;206;252;784;800
Listener:Sent_pong;800;A78F
Dispatcher:A78F;806831;34348;256;0;2;201;249;791;800
Listener:Sent_pong;800;F436
Dispatcher:F436;806874;43897;256;0;2;193;255;790;800
Listener:Sent_pong;801;3F27
Dispatcher:3F27;807305;49970;256;0;2;204;255;787;801
Listener:Sent_pong;801;8D93
Dispatcher:8D93;807544;27236;256;0;2;205;255;764;801
Listener:Sent_pong;801;CBB8
Dispatcher:CBB8;807578;39638;256;0;2;206;250;762;801
Listener:Sent_pong;801;FCED
Dispatcher:FCED;807638;26634;256;0;2;210;253;767;801
Listener:Sent_pong;801;A7E4
Dispatcher:A7E4;807669;31078;256;0;2;206;252;785;801
Listener:Sent_pong;801;A78F
Dispatcher:A78F;807838;26624;256;0;2;201;249;792;801
Listener:Sent_pong;801;F436
Dispatcher:F436;807881;36341;256;0;2;193;255;791;801
Listener:Sent_pong;802;3F27
Dispatcher:3F27;808319;42172;256;0;2;204;255;788;802
Listener:Sent_pong;802;8D93
Dispatcher:8D93;808553;25322;256;0;2;205;255;765;802
Listener:Sent_pong;802;CBB8
Dispatcher:CBB8;808586;37316;256;0;2;206;250;763;802
Listener:Sent_pong;802;FCED
Dispatcher:FCED;808646;26628;256;0;2;210;253;768;802
Listener:Sent_pong;802;A7E4
Dispatcher:A7E4;808678;27564;256;0;2;206;252;786;802
Listener:Sent_pong;802;A78F
Dispatcher:A78F;808847;26942;256;0;2;201;249;793;802
Listener:Sent_pong;802;F436
Dispatcher:F436;808888;39619;256;0;2;193;255;792;802
Listener:Sent_pong;803;3F27
Dispatcher:3F27;809326;46690;256;0;2;204;255;789;803
Listener:Sent_pong;803;8D93
Dispatcher:8D93;809567;36560;256;0;2;205;255;766;803
Listener:Sent_pong;803;CBB8
Dispatcher:CBB8;809595;26932;256;0;2;206;250;764;803
Listener:Sent_pong;803;FCED
Dispatcher:FCED;809653;27074;256;0;2;210;253;769;803
Listener:Sent_pong;803;A7E4
Dispatcher:A7E4;809687;26266;256;0;2;206;252;787;803
Listener:Sent_pong;803;A78F
Dispatcher:A78F;809856;26954;256;0;2;201;249;794;803
Listener:Sent_pong;803;F436
Dispatcher:F436;809897;39615;256;0;2;193;255;793;803
Listener:Sent_pong;804;3F27
Dispatcher:3F27;810333;41138;256;0;2;204;255;790;804
Listener:Sent_pong;804;8D93
Dispatcher:8D93;810574;26298;256;0;2;205;255;767;804
Listener:Sent_pong;804;CBB8
Dispatcher:CBB8;810602;27076;256;0;2;206;250;765;804
Listener:Sent_pong;804;FCED
Dispatcher:FCED;810661;29200;256;0;2;210;253;770;804
Listener:Sent_pong;804;A7E4
Dispatcher:A7E4;810695;31800;256;0;2;206;252;788;804
Listener:Sent_pong;804;A78F
Dispatcher:A78F;810865;29834;256;0;2;201;249;795;804
Listener:Sent_pong;804;F436
Dispatcher:F436;810905;40193;256;0;2;193;255;794;804
Listener:Sent_pong;805;3F27
Dispatcher:3F27;811347;41872;256;0;2;204;255;791;805
Listener:Sent_pong;805;8D93
Dispatcher:8D93;811583;25990;256;0;2;205;255;768;805
Listener:Sent_pong;805;CBB8
Dispatcher:CBB8;811608;26655;256;0;2;206;250;766;805
Listener:Sent_pong;805;FCED
Dispatcher:FCED;811670;26964;256;0;2;210;253;771;805
Listener:Sent_pong;805;A7E4
Dispatcher:A7E4;811701;26610;256;0;2;206;252;789;805
Listener:Sent_pong;805;A78F
Dispatcher:A78F;811873;29188;256;0;2;201;249;796;805
Listener:Sent_pong;805;F436
Dispatcher:F436;811912;38007;256;0;2;193;255;795;805
Listener:Sent_pong;806;3F27
Dispatcher:3F27;812354;38592;256;0;2;204;255;792;806
Listener:Sent_pong;806;8D93
Dispatcher:8D93;812598;34178;256;0;2;205;255;769;806
Listener:Sent_pong;806;CBB8
Dispatcher:CBB8;812623;34216;256;0;2;206;250;767;806
Listener:Sent_pong;806;FCED
Dispatcher:FCED;812677;27580;256;0;2;210;253;772;806
Listener:Sent_pong;806;A7E4
Dispatcher:A7E4;812708;24990;256;0;2;206;252;790;806
Listener:Sent_pong;806;A78F
Dispatcher:A78F;812881;26314;256;0;2;201;249;797;806
Listener:Sent_pong;806;F436
Dispatcher:F436;812920;37975;256;0;2;193;255;796;806
Listener:Sent_pong;807;3F27
Dispatcher:3F27;813362;38928;256;0;2;204;255;793;807
Listener:Sent_pong;807;8D93
Dispatcher:8D93;813606;26944;256;0;2;205;255;770;807
Listener:Sent_pong;807;CBB8
Dispatcher:CBB8;813632;33792;256;0;2;206;250;768;807
Listener:Sent_pong;807;FCED
Dispatcher:FCED;813685;28256;256;0;2;210;253;773;807
Listener:Sent_pong;807;A7E4
Dispatcher:A7E4;813715;24376;256;0;2;206;252;791;807
Listener:Sent_pong;807;A78F
Dispatcher:A78F;813889;27912;256;0;2;201;249;798;807
Listener:Sent_pong;807;F436
Dispatcher:F436;813927;41527;256;0;2;193;255;797;807
Listener:Sent_pong;808;3F27
Dispatcher:3F27;814375;44452;256;0;2;204;255;794;808
Listener:Sent_pong;808;8D93
Dispatcher:8D93;814615;29808;256;0;2;205;255;771;808
Listener:Sent_pong;808;CBB8
Dispatcher:CBB8;814640;28596;256;0;2;206;250;769;808
Listener:Sent_pong;808;FCED
Dispatcher:FCED;814693;26646;256;0;2;210;253;774;808
Listener:Sent_pong;808;A7E4
Dispatcher:A7E4;814723;24022;256;0;2;206;252;792;808
Listener:Sent_pong;808;A78F
Dispatcher:A78F;814896;24370;256;0;2;201;249;799;808
Listener:Sent_pong;808;F436
Dispatcher:F436;814935;39601;256;0;2;193;255;798;808
Listener:Sent_pong;809;3F27
Dispatcher:3F27;815382;39250;256;0;2;204;255;795;809
Listener:Sent_pong;809;8D93
Dispatcher:8D93;815624;29828;256;0;2;205;255;772;809
Listener:Sent_pong;809;CBB8
Dispatcher:CBB8;815648;26639;256;0;2;206;250;770;809
Listener:Sent_pong;809;FCED
Dispatcher:FCED;815700;25676;256;0;2;210;253;775;809
Listener:Sent_pong;809;A7E4
Dispatcher:A7E4;815731;25330;256;0;2;206;252;793;809
Listener:Sent_pong;809;A78F
Dispatcher:A78F;815902;26898;256;0;2;201;249;800;809
Listener:Sent_pong;809;F436
Dispatcher:F436;815943;42453;256;0;2;193;255;799;809
Listener:Sent_pong;810;3F27
Dispatcher:3F27;816391;42104;256;0;2;204;255;796;810
Listener:Sent_pong;810;8D93
Dispatcher:8D93;816633;27584;256;0;2;205;255;773;810
Listener:Sent_pong;810;CBB8
Dispatcher:CBB8;816656;26314;256;0;2;206;250;771;810
Listener:Sent_pong;810;FCED
Dispatcher:FCED;816714;32532;256;0;2;210;253;776;810
Listener:Sent_pong;810;A7E4
Dispatcher:A7E4;816738;22766;256;0;2;206;252;794;810
Listener:Sent_pong;810;A78F
Dispatcher:A78F;816910;26286;256;0;2;201;249;801;810
Listener:Sent_pong;810;F436
Dispatcher:F436;816950;41337;256;0;2;193;255;800;810
Listener:Sent_pong;811;3F27
Dispatcher:3F27;817404;42836;256;0;2;204;255;797;811
Listener:Sent_pong;811;8D93
Dispatcher:8D93;817640;25350;256;0;2;205;255;774;811
Listener:Sent_pong;811;CBB8
Dispatcher:CBB8;817663;23407;256;0;2;206;250;772;811
Listener:Sent_pong;811;FCED
Dispatcher:FCED;817721;24714;256;0;2;210;253;777;811
Listener:Sent_pong;811;A7E4
Dispatcher:A7E4;817745;25694;256;0;2;206;252;795;811
Listener:Sent_pong;811;A78F
Dispatcher:A78F;817925;35958;256;0;2;201;249;802;811
Listener:Sent_pong;811;F436
Dispatcher:F436;817958;40893;256;0;2;193;255;801;811
Listener:Sent_pong;812;3F27
Dispatcher:3F27;818412;36686;256;0;2;204;255;798;812
Listener:Sent_pong;812;8D93
Dispatcher:8D93;818653;30676;256;0;2;205;255;775;812
Listener:Sent_pong;812;CBB8
Dispatcher:CBB8;818673;27795;256;0;2;206;250;773;812
Listener:Sent_pong;812;FCED
Dispatcher:FCED;818728;25988;256;0;2;210;253;778;812
Listener:Sent_pong;812;A7E4
Dispatcher:A7E4;818757;31662;256;0;2;206;252;796;812
Listener:Sent_pong;812;A78F
Dispatcher:A78F;818933;26310;256;0;2;201;249;803;812
Listener:Sent_pong;812;F436
Dispatcher:F436;818967;40555;256;0;2;193;255;802;812
Listener:Sent_pong;813;3F27
Dispatcher:3F27;819420;39266;256;0;2;204;255;799;813
Listener:Sent_pong;813;8D93
Dispatcher:8D93;819659;25408;256;0;2;205;255;776;813
Listener:Sent_pong;813;CBB8
Dispatcher:CBB8;819681;27888;256;0;2;206;250;774;813
Listener:Sent_pong;813;FCED
Dispatcher:FCED;819735;27564;256;0;2;210;253;779;813
Listener:Sent_pong;813;A7E4
Dispatcher:A7E4;819765;27886;256;0;2;206;252;797;813
Listener:Sent_pong;813;A78F
Dispatcher:A78F;819939;25330;256;0;2;201;249;804;813
Listener:Sent_pong;813;F436
Dispatcher:F436;819976;45785;256;0;2;193;255;803;813
Listener:Sent_pong;814;3F27
Dispatcher:3F27;820434;45386;256;0;2;204;255;800;814
Listener:Sent_pong;814;8D93
Dispatcher:8D93;820666;24366;256;0;2;205;255;777;814
Listener:Sent_pong;814;CBB8
Dispatcher:CBB8;820690;28876;256;0;2;206;250;775;814
Listener:Sent_pong;814;FCED
Dispatcher:FCED;820743;27908;256;0;2;210;253;780;814
Listener:Sent_pong;814;A7E4
Dispatcher:A7E4;820772;25640;256;0;2;206;252;798;814
Listener:Sent_pong;814;A78F
Dispatcher:A78F;820955;35978;256;0;2;201;249;805;814
Listener:Sent_pong;814;F436
Dispatcher:F436;820982;37371;256;0;2;193;255;804;814
Listener:Sent_pong;815;3F27
Dispatcher:3F27;821442;36066;256;0;2;204;255;801;815
Listener:Sent_pong;815;8D93
Dispatcher:8D93;821673;28986;256;0;2;205;255;778;815
Listener:Sent_pong;815;CBB8
Dispatcher:CBB8;821698;26444;256;0;2;206;250;776;815
Listener:Sent_pong;815;FCED
Dispatcher:FCED;821752;27272;256;0;2;210;253;781;815
Listener:Sent_pong;815;A7E4
Dispatcher:A7E4;821786;30826;256;0;2;206;252;799;815
Listener:Sent_pong;815;A78F
Dispatcher:A78F;821964;29808;256;0;2;201;249;806;815
Listener:Sent_pong;815;F436
Dispatcher:F436;821990;37689;256;0;2;193;255;805;815
Listener:Sent_pong;816;3F27
Dispatcher:3F27;822449;36036;256;0;2;204;255;802;816
Listener:Sent_pong;816;8D93
Dispatcher:8D93;822681;26312;256;0;2;205;255;779;816
Listener:Sent_pong;816;CBB8
Dispatcher:CBB8;822706;34971;256;0;2;206;250;777;816
Listener:Sent_pong;816;FCED
Dispatcher:FCED;822758;23418;256;0;2;210;253;782;816
Listener:Sent_pong;816;A7E4
Dispatcher:A7E4;822793;28214;256;0;2;206;252;800;816
Listener:Sent_pong;816;A78F
Dispatcher:A78F;822971;24404;256;0;2;201;249;807;816
Listener:Sent_pong;816;F436
Dispatcher:F436;822996;36115;256;0;2;193;255;806;816
Listener:Sent_pong;817;3F27
Dispatcher:3F27;823463;45650;256;0;2;204;255;803;817
Listener:Sent_pong;817;8D93
Dispatcher:8D93;823688;27912;256;0;2;205;255;780;817
Listener:Sent_pong;817;CBB8
Dispatcher:CBB8;823715;29209;256;0;2;206;250;778;817
Listener:Sent_pong;817;FCED
Dispatcher:FCED;823765;30274;256;0;2;210;253;783;817
Listener:Sent_pong;817;A7E4
Dispatcher:A7E4;823801;27220;256;0;2;206;252;801;817
Listener:Sent_pong;817;A78F
Dispatcher:A78F;823983;31224;256;0;2;201;249;808;817
Listener:Sent_pong;817;F436
Dispatcher:F436;824003;37043;256;0;2;193;255;807;817
Listener:Sent_pong;818;3F27
Dispatcher:3F27;824471;38278;256;0;2;204;255;804;818
Listener:Sent_pong;818;8D93
Dispatcher:8D93;824697;27912;256;0;2;205;255;780;818
Listener:Sent_pong;818;CBB8
Dispatcher:CBB8;824749;51586;256;0;2;206;250;779;818
Listener:Sent_pong;818;FCED
Dispatcher:FCED;824772;22224;256;0;2;210;253;784;818
Listener:Sent_pong;818;A7E4
Dispatcher:A7E4;824815;31152;256;0;2;206;252;802;818
Listener:Sent_pong;818;A78F
Dispatcher:A78F;824991;26312;256;0;2;201;249;809;818
Listener:Sent_pong;818;F436
Dispatcher:F436;825021;48087;256;0;2;193;255;808;818
Listener:Sent_pong;819;3F27
Dispatcher:3F27;825478;36082;256;0;2;204;255;805;819
Listener:Sent_pong;819;8D93
Dispatcher:8D93;825704;22500;256;0;2;205;255;781;819
Listener:Sent_pong;819;CBB8
Dispatcher:CBB8;825756;24372;256;0;2;206;250;780;819
Listener:Sent_pong;819;FCED
Dispatcher:FCED;825779;24996;256;0;2;210;253;785;819
Listener:Sent_pong;819;A7E4
Dispatcher:A7E4;825824;27886;256;0;2;206;252;803;819
Listener:Sent_pong;819;A78F
Dispatcher:A78F;825998;26278;256;0;2;201;249;810;819
Listener:Sent_pong;819;F436
Dispatcher:F436;826030;44229;256;0;2;193;255;809;819
Listener:Sent_pong;820;3F27
Dispatcher:3F27;826491;42826;256;0;2;204;255;806;820
Listener:Sent_pong;820;8D93
Dispatcher:8D93;826711;28860;256;0;2;205;255;782;820
Listener:Sent_pong;820;CBB8
Dispatcher:CBB8;826764;29545;256;0;2;206;250;781;820
Listener:Sent_pong;820;FCED
Dispatcher:FCED;826792;32920;256;0;2;210;253;786;820
Listener:Sent_pong;820;A7E4
Dispatcher:A7E4;826833;26586;256;0;2;206;252;804;820
Listener:Sent_pong;820;A78F
Dispatcher:A78F;827012;31204;256;0;2;201;249;811;820
Listener:Sent_pong;820;F436
Dispatcher:F436;827038;44989;256;0;2;193;255;810;820
Listener:Sent_pong;821;3F27
Dispatcher:3F27;827499;39270;256;0;2;204;255;807;821
Listener:Sent_pong;821;8D93
Dispatcher:8D93;827719;30290;256;0;2;205;255;783;821
Listener:Sent_pong;821;CBB8
Dispatcher:CBB8;827772;25350;256;0;2;206;250;782;821
Listener:Sent_pong;821;FCED
Dispatcher:FCED;827800;26964;256;0;2;210;253;787;821
Listener:Sent_pong;821;A7E4
Dispatcher:A7E4;827847;32806;256;0;2;206;252;805;821
Listener:Sent_pong;821;A78F
Dispatcher:A78F;828019;26612;256;0;2;201;249;812;821
Listener:Sent_pong;821;F436
Dispatcher:F436;828052;50615;256;0;2;193;255;811;821
Listener:Sent_pong;822;3F27
Dispatcher:3F27;828508;45238;256;0;2;204;255;808;822
Listener:Sent_pong;822;8D93
Dispatcher:8D93;828727;24058;256;0;2;205;255;784;822
Listener:Sent_pong;822;CBB8
Dispatcher:CBB8;828784;32498;256;0;2;206;250;783;822
Listener:Sent_pong;822;FCED
Dispatcher:FCED;828811;29898;256;0;2;210;253;788;822
Listener:Sent_pong;822;A7E4
Dispatcher:A7E4;828855;23712;256;0;2;206;252;806;822
Listener:Sent_pong;822;A78F
Dispatcher:A78F;829028;29492;256;0;2;201;249;813;822
Listener:Sent_pong;822;F436
Dispatcher:F436;829060;48007;256;0;2;193;255;812;822
Listener:Sent_pong;823;3F27
Dispatcher:3F27;829522;45694;256;0;2;204;255;809;823
Listener:Sent_pong;823;8D93
Dispatcher:8D93;829734;27898;256;0;2;205;255;785;823
Listener:Sent_pong;823;CBB8
Dispatcher:CBB8;829792;26299;256;0;2;206;250;784;823
Listener:Sent_pong;823;FCED
Dispatcher:FCED;829819;31876;256;0;2;210;253;789;823
Listener:Sent_pong;823;A7E4
Dispatcher:A7E4;829861;25020;256;0;2;206;252;807;823
Listener:Sent_pong;823;A78F
Dispatcher:A78F;830041;33806;256;0;2;201;249;814;823
Listener:Sent_pong;823;F436
Dispatcher:F436;830067;38313;256;0;2;193;255;813;823
Listener:Sent_pong;824;3F27
Dispatcher:3F27;830530;38950;256;0;2;204;255;810;824
Listener:Sent_pong;824;8D93
Dispatcher:8D93;830742;27268;256;0;2;205;255;786;824
Listener:Sent_pong;824;CBB8
Dispatcher:CBB8;830800;27879;256;0;2;206;250;785;824
Listener:Sent_pong;824;FCED
Dispatcher:FCED;830828;30218;256;0;2;210;253;790;824
Listener:Sent_pong;824;A7E4
Dispatcher:A7E4;830875;32098;256;0;2;206;252;808;824
Listener:Sent_pong;824;A78F
Dispatcher:A78F;831048;24728;256;0;2;201;249;815;824
Listener:Sent_pong;824;F436
Dispatcher:F436;831077;41957;256;0;2;193;255;814;824
Listener:Sent_pong;825;3F27
Dispatcher:3F27;831539;39544;256;0;2;204;255;811;825
Listener:Sent_pong;825;8D93
Dispatcher:8D93;831750;28864;256;0;2;205;255;787;825
Listener:Sent_pong;825;CBB8
Dispatcher:CBB8;831808;28164;256;0;2;206;250;786;825
Listener:Sent_pong;825;FCED
Dispatcher:FCED;831836;26640;256;0;2;210;253;791;825
Listener:Sent_pong;825;A7E4
Dispatcher:A7E4;831882;22742;256;0;2;206;252;809;825
Listener:Sent_pong;825;A78F
Dispatcher:A78F;832057;29806;256;0;2;201;249;816;825
Listener:Sent_pong;825;F436
Dispatcher:F436;832085;37365;256;0;2;193;255;815;825
Listener:Sent_pong;826;3F27
Dispatcher:3F27;832550;44182;256;0;2;204;255;812;826
Listener:Sent_pong;826;8D93
Dispatcher:8D93;832758;26616;256;0;2;205;255;788;826
Listener:Sent_pong;826;CBB8
Dispatcher:CBB8;832817;29161;256;0;2;206;250;787;826
Listener:Sent_pong;826;FCED
Dispatcher:FCED;832843;26692;256;0;2;210;253;792;826
Listener:Sent_pong;826;A7E4
Dispatcher:A7E4;832890;26918;256;0;2;206;252;810;826
Listener:Sent_pong;826;A78F
Dispatcher:A78F;833070;28352;256;0;2;201;249;817;826
Listener:Sent_pong;826;F436
Dispatcher:F436;833092;38021;256;0;2;193;255;816;826
Listener:Sent_pong;827;3F27
Dispatcher:3F27;833559;47374;256;0;2;204;255;813;827
Listener:Sent_pong;827;8D93
Dispatcher:8D93;833766;29512;256;0;2;205;255;789;827
Listener:Sent_pong;827;CBB8
Dispatcher:CBB8;833826;27246;256;0;2;206;250;788;827
Listener:Sent_pong;827;FCED
Dispatcher:FCED;833850;25998;256;0;2;210;253;793;827
Listener:Sent_pong;827;A7E4
Dispatcher:A7E4;833903;33676;256;0;2;206;252;811;827
Listener:Sent_pong;827;A78F
Dispatcher:A78F;834077;26004;256;0;2;201;249;818;827
Listener:Sent_pong;827;F436
Dispatcher:F436;834107;49889;256;0;2;193;255;817;827
Listener:Sent_pong;828;3F27
Dispatcher:3F27;834567;38920;256;0;2;204;255;814;828
Listener:Sent_pong;828;8D93
Dispatcher:8D93;834774;26286;256;0;2;205;255;790;828
Listener:Sent_pong;828;CBB8
Dispatcher:CBB8;834834;29006;256;0;2;206;250;789;828
Listener:Sent_pong;828;FCED
Dispatcher:FCED;834863;32306;256;0;2;210;253;794;828
Listener:Sent_pong;828;A7E4
Dispatcher:A7E4;834911;25982;256;0;2;206;252;812;828
Listener:Sent_pong;828;A78F
Dispatcher:A78F;835086;29830;256;0;2;201;249;819;828
Listener:Sent_pong;828;F436
Dispatcher:F436;835116;42501;256;0;2;193;255;818;828
Listener:Sent_pong;829;3F27
Dispatcher:3F27;835581;45056;256;0;2;204;255;815;829
Listener:Sent_pong;829;8D93
Dispatcher:8D93;835782;23734;256;0;2;205;255;791;829
Listener:Sent_pong;829;CBB8
Dispatcher:CBB8;835843;27886;256;0;2;206;250;790;829
Listener:Sent_pong;829;FCED
Dispatcher:FCED;835872;29848;256;0;2;210;253;795;829
Listener:Sent_pong;829;A7E4
Dispatcher:A7E4;835919;26604;256;0;2;206;252;813;829
Listener:Sent_pong;829;A78F
Dispatcher:A78F;836101;32116;256;0;2;201;249;820;829
Listener:Sent_pong;829;F436
Dispatcher:F436;836124;38971;256;0;2;193;255;819;829
Listener:Sent_pong;830;3F27
Dispatcher:3F27;836590;51618;256;0;2;204;255;816;830
Listener:Sent_pong;830;8D93
Dispatcher:8D93;836791;27574;256;0;2;205;255;792;830
Listener:Sent_pong;830;CBB8
Dispatcher:CBB8;836851;28534;256;0;2;206;250;791;830
Listener:Sent_pong;830;FCED
Dispatcher:FCED;836880;26986;256;0;2;210;253;796;830
Listener:Sent_pong;830;A7E4
Dispatcher:A7E4;836949;51564;256;0;2;206;252;814;830
Listener:Sent_pong;830;A78F
Dispatcher:A78F;837109;26314;256;0;2;201;249;821;830
Listener:Sent_pong;830;F436
Dispatcher:F436;837140;45837;256;0;2;193;255;820;830
Listener:Sent_pong;831;3F27
Dispatcher:3F27;837599;26944;256;0;2;204;255;817;831
Listener:Sent_pong;831;8D93
Dispatcher:8D93;837798;25646;256;0;2;205;255;793;831
Listener:Sent_pong;831;CBB8
Dispatcher:CBB8;837858;25018;256;0;2;206;250;792;831
Listener:Sent_pong;831;FCED
Dispatcher:FCED;837887;27616;256;0;2;210;253;797;831
Listener:Sent_pong;831;A7E4
Dispatcher:A7E4;837957;33180;256;0;2;206;252;815;831
Listener:Sent_pong;831;A78F
Dispatcher:A78F;838117;24710;256;0;2;201;249;822;831
Listener:Sent_pong;831;F436
Dispatcher:F436;838149;44297;256;0;2;193;255;821;831
Listener:Sent_pong;832;3F27
Dispatcher:3F27;838608;29492;256;0;2;204;255;818;832
Listener:Sent_pong;832;8D93
Dispatcher:8D93;838813;32738;256;0;2;205;255;794;832
Listener:Sent_pong;832;CBB8
Dispatcher:CBB8;838865;25681;256;0;2;206;250;793;832
Listener:Sent_pong;832;FCED
Dispatcher:FCED;838895;24404;256;0;2;210;253;798;832
Listener:Sent_pong;832;A7E4
Dispatcher:A7E4;838964;26616;256;0;2;206;252;816;832
Listener:Sent_pong;832;A78F
Dispatcher:A78F;839129;32840;256;0;2;201;249;823;832
Listener:Sent_pong;832;F436
Dispatcher:F436;839157;40571;256;0;2;193;255;822;832
Listener:Sent_pong;833;3F27
Dispatcher:3F27;839616;25340;256;0;2;204;255;819;833
Listener:Sent_pong;833;8D93
Dispatcher:8D93;839821;28202;256;0;2;205;255;795;833
Listener:Sent_pong;833;CBB8
Dispatcher:CBB8;839873;45785;256;0;2;206;250;794;833
Listener:Sent_pong;833;FCED
Dispatcher:FCED;839907;47558;256;0;2;210;253;799;833
Listener:Sent_pong;833;A7E4
Dispatcher:A7E4;839973;42802;256;0;2;206;252;817;833
Listener:Sent_pong;833;A78F
Dispatcher:A78F;840138;29514;256;0;2;201;249;824;833
Listener:Sent_pong;833;F436
Dispatcher:F436;840165;42809;256;0;2;193;255;823;833
Listener:Sent_pong;834;3F27
Dispatcher:3F27;840623;27570;256;0;2;204;255;820;834
Listener:Sent_pong;834;8D93
Dispatcher:8D93;840828;25632;256;0;2;205;255;796;834
Listener:Sent_pong;834;CBB8
Dispatcher:CBB8;840882;50549;256;0;2;206;250;795;834
Listener:Sent_pong;834;FCED
Dispatcher:FCED;840919;46272;256;0;2;210;253;800;834
Listener:Sent_pong;834;A7E4
Dispatcher:A7E4;840981;38114;256;0;2;206;252;818;834
Listener:Sent_pong;834;A78F
Dispatcher:A78F;841147;29312;256;0;2;201;249;825;834
Listener:Sent_pong;834;F436
Dispatcher:F436;841172;26665;256;0;2;193;255;824;834
Listener:Sent_pong;835;3F27
Dispatcher:3F27;841638;45516;256;0;2;204;255;821;835
Listener:Sent_pong;835;8D93
Dispatcher:8D93;841845;35958;256;0;2;205;255;797;835
Listener:Sent_pong;835;CBB8
Dispatcher:CBB8;841891;38354;256;0;2;206;250;796;835
Listener:Sent_pong;835;FCED
Dispatcher:FCED;841926;47152;256;0;2;210;253;801;835
Listener:Sent_pong;835;A7E4
Dispatcher:A7E4;841988;37014;256;0;2;206;252;819;835
Listener:Sent_pong;835;A78F
Dispatcher:A78F;842155;26608;256;0;2;201;249;826;835
Listener:Sent_pong;835;F436
Dispatcher:F436;842180;29517;256;0;2;193;255;825;835
Listener:Sent_pong;836;3F27
Dispatcher:3F27;842646;50010;256;0;2;204;255;822;836
Listener:Sent_pong;836;8D93
Dispatcher:8D93;842853;26948;256;0;2;205;255;798;836
Listener:Sent_pong;836;CBB8
Dispatcher:CBB8;842899;36072;256;0;2;206;250;797;836
Listener:Sent_pong;836;FCED
Dispatcher:FCED;842934;41360;256;0;2;210;253;802;836
Listener:Sent_pong;836;A7E4
Dispatcher:A7E4;842997;38950;256;0;2;206;252;820;836
Listener:Sent_pong;836;A78F
Dispatcher:A78F;843163;25660;256;0;2;201;249;827;836
Listener:Sent_pong;836;F436
Dispatcher:F436;843194;34121;256;0;2;193;255;826;836
Listener:Sent_pong;837;3F27
Dispatcher:3F27;843655;40506;256;0;2;204;255;823;837
Listener:Sent_pong;837;8D93
Dispatcher:8D93;843861;29812;256;0;2;205;255;799;837
Listener:Sent_pong;837;CBB8
Dispatcher:CBB8;843907;49144;256;0;2;206;250;798;837
Listener:Sent_pong;837;FCED
Dispatcher:FCED;843943;46556;256;0;2;210;253;803;837
Listener:Sent_pong;837;A7E4
Dispatcher:A7E4;844005;56098;256;0;2;206;252;821;837
Listener:Sent_pong;837;A78F
Dispatcher:A78F;844170;27244;256;0;2;201;249;828;837
Listener:Sent_pong;837;F436
Dispatcher:F436;844203;28249;256;0;2;193;255;827;837
Listener:Sent_pong;838;3F27
Dispatcher:3F27;844670;43128;256;0;2;204;255;824;838
Listener:Sent_pong;838;8D93
Dispatcher:8D93;844870;27902;256;0;2;205;255;800;838
Listener:Sent_pong;838;CBB8
Dispatcher:CBB8;844915;42145;256;0;2;206;250;799;838
Listener:Sent_pong;838;FCED
Dispatcher:FCED;844958;48870;256;0;2;210;253;804;838
Listener:Sent_pong;838;A7E4
Dispatcher:A7E4;845013;45920;256;0;2;206;252;822;838
Listener:Sent_pong;838;A78F
Dispatcher:A78F;845177;27076;256;0;2;201;249;829;838
Listener:Sent_pong;838;F436
Dispatcher:F436;845216;33721;256;0;2;193;255;828;838
Listener:Sent_pong;839;3F27
Dispatcher:3F27;845677;41952;256;0;2;204;255;825;839
Listener:Sent_pong;839;8D93
Dispatcher:8D93;845878;28858;256;0;2;205;255;801;839
Listener:Sent_pong;839;CBB8
Dispatcher:CBB8;845923;39622;256;0;2;206;250;800;839
Listener:Sent_pong;839;FCED
Dispatcher:FCED;845967;42494;256;0;2;210;253;805;839
Listener:Sent_pong;839;A7E4
Dispatcher:A7E4;846022;29818;256;0;2;206;252;823;839
Listener:Sent_pong;839;A78F
Dispatcher:A78F;846184;30262;256;0;2;201;249;830;839
Listener:Sent_pong;839;F436
Dispatcher:F436;846224;25023;256;0;2;193;255;829;839
Listener:Sent_pong;840;3F27
Dispatcher:3F27;846684;37956;256;0;2;204;255;826;840
Listener:Sent_pong;840;8D93
Dispatcher:8D93;846885;23420;256;0;2;205;255;802;840
Listener:Sent_pong;840;CBB8
Dispatcher:CBB8;846931;60445;256;0;2;206;250;801;840
Listener:Sent_pong;840;FCED
Dispatcher:FCED;846979;47566;256;0;2;210;253;806;840
Listener:Sent_pong;840;A7E4
Dispatcher:A7E4;847031;31844;256;0;2;206;252;824;840
Listener:Sent_pong;840;A78F
Dispatcher:A78F;847192;26948;256;0;2;201;249;831;840
Listener:Sent_pong;840;F436
Dispatcher:F436;847233;27585;256;0;2;193;255;830;840
Listener:Sent_pong;841;3F27
Dispatcher:3F27;847698;44748;256;0;2;204;255;827;841
Listener:Sent_pong;841;8D93
Dispatcher:8D93;847899;33394;256;0;2;205;255;803;841
Listener:Sent_pong;841;CBB8
Dispatcher:CBB8;847939;41501;256;0;2;206;250;802;841
Listener:Sent_pong;841;FCED
Dispatcher:FCED;847986;39078;256;0;2;210;253;807;841
Listener:Sent_pong;841;A7E4
Dispatcher:A7E4;848042;30892;256;0;2;206;252;825;841
Listener:Sent_pong;841;A78F
Dispatcher:A78F;848200;28212;256;0;2;201;249;832;841
Listener:Sent_pong;841;F436
Dispatcher:F436;848240;26619;256;0;2;193;255;831;841
Listener:Sent_pong;842;3F27
Dispatcher:3F27;848706;40842;256;0;2;204;255;828;842
Listener:Sent_pong;842;8D93
Dispatcher:8D93;848907;25670;256;0;2;205;255;804;842
Listener:Sent_pong;842;CBB8
Dispatcher:CBB8;848947;40548;256;0;2;206;250;803;842
Listener:Sent_pong;842;FCED
Dispatcher:FCED;848993;37054;256;0;2;210;253;808;842
Listener:Sent_pong;842;A7E4
Dispatcher:A7E4;849050;29474;256;0;2;206;252;826;842
Listener:Sent_pong;842;A78F
Dispatcher:A78F;849209;30450;256;0;2;201;249;833;842
Listener:Sent_pong;842;F436
Dispatcher:F436;849256;32565;256;0;2;193;255;832;842
Listener:Sent_pong;843;3F27
Dispatcher:3F27;849715;41498;256;0;2;204;255;829;843
Listener:Sent_pong;843;8D93
Dispatcher:8D93;849914;26642;256;0;2;205;255;805;843
Listener:Sent_pong;843;CBB8
Dispatcher:CBB8;849956;68783;256;0;2;206;250;804;843
Listener:Sent_pong;843;FCED
Dispatcher:FCED;850000;51450;256;0;2;210;253;809;843
Listener:Sent_pong;843;A7E4
Dispatcher:A7E4;850059;27900;256;0;2;206;252;827;843
Listener:Sent_pong;843;A78F
Dispatcher:A78F;850217;27914;256;0;2;201;249;834;843
Listener:Sent_pong;843;F436
Dispatcher:F436;850263;24725;256;0;2;193;255;833;843
Listener:Sent_pong;844;3F27
Dispatcher:3F27;850727;43146;256;0;2;204;255;830;844
Listener:Sent_pong;844;8D93
Dispatcher:8D93;850929;32420;256;0;2;205;255;806;844
Listener:Sent_pong;844;CBB8
Dispatcher:CBB8;850964;39908;256;0;2;206;250;805;844
Listener:Sent_pong;844;FCED
Dispatcher:FCED;851009;46480;256;0;2;210;253;810;844
Listener:Sent_pong;844;A7E4
Dispatcher:A7E4;851065;26920;256;0;2;206;252;828;844
Listener:Sent_pong;844;A78F
Dispatcher:A78F;851224;33724;256;0;2;201;249;835;844
Listener:Sent_pong;844;F436
Dispatcher:F436;851271;26613;256;0;2;193;255;834;844
Listener:Sent_pong;845;3F27
Dispatcher:3F27;851734;42690;256;0;2;204;255;831;845
Listener:Sent_pong;845;8D93
Dispatcher:8D93;851937;23428;256;0;2;205;255;807;845
Listener:Sent_pong;845;CBB8
Dispatcher:CBB8;851971;34437;256;0;2;206;250;806;845
Listener:Sent_pong;845;FCED
Dispatcher:FCED;852017;40260;256;0;2;210;253;811;845
Listener:Sent_pong;845;A7E4
Dispatcher:A7E4;852080;35920;256;0;2;206;252;829;845
Listener:Sent_pong;845;A78F
Dispatcher:A78F;852233;27268;256;0;2;201;249;836;845
Listener:Sent_pong;845;F436
Dispatcher:F436;852281;26441;256;0;2;193;255;835;845
Listener:Sent_pong;846;3F27
Dispatcher:3F27;852741;36038;256;0;2;204;255;832;846
Listener:Sent_pong;846;8D93
Dispatcher:8D93;852944;29954;256;0;2;205;255;808;846
Listener:Sent_pong;846;CBB8
Dispatcher:CBB8;852979;38612;256;0;2;206;250;807;846
Listener:Sent_pong;846;FCED
Dispatcher:FCED;853024;37688;256;0;2;210;253;812;846
Listener:Sent_pong;846;A7E4
Dispatcher:A7E4;853087;24654;256;0;2;206;252;830;846
Listener:Sent_pong;846;A78F
Dispatcher:A78F;853241;28882;256;0;2;201;249;837;846
Listener:Sent_pong;846;F436
Dispatcher:F436;853288;24719;256;0;2;193;255;836;846
Listener:Sent_pong;847;3F27
Dispatcher:3F27;853756;49542;256;0;2;204;255;833;847
Listener:Sent_pong;847;8D93
Dispatcher:8D93;853961;36710;256;0;2;205;255;809;847
Listener:Sent_pong;847;CBB8
Dispatcher:CBB8;853987;44391;256;0;2;206;250;808;847
Listener:Sent_pong;847;FCED
Dispatcher:FCED;854032;46118;256;0;2;210;253;813;847
Listener:Sent_pong;847;A7E4
Dispatcher:A7E4;854096;28818;256;0;2;206;252;831;847
Listener:Sent_pong;847;A78F
Dispatcher:A78F;854250;33778;256;0;2;201;249;838;847
Listener:Sent_pong;847;F436
Dispatcher:F436;854296;26945;256;0;2;193;255;837;847
Listener:Sent_pong;848;3F27
Dispatcher:3F27;854765;42904;256;0;2;204;255;834;848
Listener:Sent_pong;848;8D93
Dispatcher:8D93;854969;25664;256;0;2;205;255;810;848
Listener:Sent_pong;848;CBB8
Dispatcher:CBB8;854994;36480;256;0;2;206;250;809;848
Listener:Sent_pong;848;FCED
Dispatcher:FCED;855040;38326;256;0;2;210;253;814;848
Listener:Sent_pong;848;A7E4
Dispatcher:A7E4;855108;29288;256;0;2;206;252;832;848
Listener:Sent_pong;848;A78F
Dispatcher:A78F;855257;22454;256;0;2;201;249;839;848
Listener:Sent_pong;848;F436
Dispatcher:F436;855313;50195;256;0;2;193;255;838;848
Listener:Sent_pong;849;3F27
Dispatcher:3F27;855772;52852;256;0;2;204;255;835;849
Listener:Sent_pong;849;8D93
Dispatcher:8D93;855976;43572;256;0;2;205;255;811;849
Listener:Sent_pong;849;CBB8
Dispatcher:CBB8;856005;63678;256;0;2;206;250;810;849
Listener:Sent_pong;849;FCED
Dispatcher:FCED;856064;42161;256;0;2;210;253;815;849
Listener:Sent_pong;849;A7E4
Dispatcher:A7E4;856116;25658;256;0;2;206;252;833;849
Listener:Sent_pong;849;A78F
Dispatcher:A78F;856263;22482;256;0;2;201;249;840;849
Listener:Sent_pong;849;F436
Dispatcher:F436;856328;52267;256;0;2;193;255;839;849
Listener:Sent_pong;850;3F27
Dispatcher:3F27;856785;57706;256;0;2;204;255;836;850
Listener:Sent_pong;850;8D93
Dispatcher:8D93;856990;49124;256;0;2;205;255;812;850
Listener:Sent_pong;850;CBB8
Dispatcher:CBB8;857013;66243;256;0;2;206;250;811;850
Listener:Sent_pong;850;FCED
Dispatcher:FCED;857082;35474;256;0;2;210;253;816;850
Listener:Sent_pong;850;A7E4
Dispatcher:A7E4;857124;25640;256;0;2;206;252;834;850
Listener:Sent_pong;850;A78F
Dispatcher:A78F;857271;27910;256;0;2;201;249;841;850
Listener:Sent_pong;850;F436
Dispatcher:F436;857335;38645;256;0;2;193;255;840;850
Listener:Sent_pong;851;3F27
Dispatcher:3F27;857792;52214;256;0;2;204;255;837;851
Listener:Sent_pong;851;8D93
Dispatcher:8D93;857998;40562;256;0;2;205;255;813;851
Listener:Sent_pong;851;CBB8
Dispatcher:CBB8;858037;68482;256;0;2;206;250;812;851
Listener:Sent_pong;851;FCED
Dispatcher:FCED;858090;26934;256;0;2;210;253;817;851
Listener:Sent_pong;851;A7E4
Dispatcher:A7E4;858137;33998;256;0;2;206;252;835;851
Listener:Sent_pong;851;A78F
Dispatcher:A78F;858279;26276;256;0;2;201;249;842;851
Listener:Sent_pong;851;F436
Dispatcher:F436;858343;37041;256;0;2;193;255;841;851
Listener:Sent_pong;852;3F27
Dispatcher:3F27;858800;51254;256;0;2;204;255;838;852
Listener:Sent_pong;852;8D93
Dispatcher:8D93;859006;39582;256;0;2;205;255;814;852
Listener:Sent_pong;852;CBB8
Dispatcher:CBB8;859046;58119;256;0;2;206;250;813;852
Listener:Sent_pong;852;FCED
Dispatcher:FCED;859103;29942;256;0;2;210;253;818;852
Listener:Sent_pong;852;A7E4
Dispatcher:A7E4;859146;27238;256;0;2;206;252;836;852
Listener:Sent_pong;852;A78F
Dispatcher:A78F;859287;27906;256;0;2;201;249;843;852
Listener:Sent_pong;852;F436
Dispatcher:F436;859350;40837;256;0;2;193;255;842;852
Listener:Sent_pong;853;3F27
Dispatcher:3F27;859814;59324;256;0;2;204;255;839;853
Listener:Sent_pong;853;8D93
Dispatcher:8D93;860017;45202;256;0;2;205;255;815;853
Listener:Sent_pong;853;CBB8
Dispatcher:CBB8;860054;52006;256;0;2;206;250;814;853
Listener:Sent_pong;853;FCED
Dispatcher:FCED;860110;32178;256;0;2;210;253;819;853
Listener:Sent_pong;853;A7E4
Dispatcher:A7E4;860154;26608;256;0;2;206;252;837;853
Listener:Sent_pong;853;A78F
Dispatcher:A78F;860295;27918;256;0;2;201;249;844;853
Listener:Sent_pong;853;F436
Dispatcher:F436;860358;39935;256;0;2;193;255;843;853
Listener:Sent_pong;854;3F27
Dispatcher:3F27;860823;55542;256;0;2;204;255;840;854
Listener:Sent_pong;854;8D93
Dispatcher:8D93;861024;56818;256;0;2;205;255;816;854
Listener:Sent_pong;854;CBB8
Dispatcher:CBB8;861061;58443;256;0;2;206;250;815;854
Listener:Sent_pong;854;FCED
Dispatcher:FCED;861119;25195;256;0;2;210;253;820;854
Listener:Sent_pong;854;A7E4
Dispatcher:A7E4;861164;25904;256;0;2;206;252;838;854
Listener:Sent_pong;854;A78F
Dispatcher:A78F;861302;23428;256;0;2;201;249;845;854
Listener:Sent_pong;854;F436
Dispatcher:F436;861373;47789;256;0;2;193;255;844;854
Listener:Sent_pong;855;3F27
Dispatcher:3F27;861830;54474;256;0;2;204;255;841;855
Listener:Sent_pong;855;8D93
Dispatcher:8D93;862032;37040;256;0;2;205;255;817;855
Listener:Sent_pong;855;CBB8
Dispatcher:CBB8;862067;47695;256;0;2;206;250;816;855
Listener:Sent_pong;855;FCED
Dispatcher:FCED;862128;24414;256;0;2;210;253;821;855
Listener:Sent_pong;855;A7E4
Dispatcher:A7E4;862173;27530;256;0;2;206;252;839;855
Listener:Sent_pong;855;A78F
Dispatcher:A78F;862318;37234;256;0;2;201;249;846;855
Listener:Sent_pong;855;F436
Dispatcher:F436;862381;48125;256;0;2;193;255;845;855
Listener:Sent_pong;856;3F27
Dispatcher:3F27;862841;50738;256;0;2;204;255;842;856
Listener:Sent_pong;856;8D93
Dispatcher:8D93;863045;43626;256;0;2;205;255;818;856
Listener:Sent_pong;856;CBB8
Dispatcher:CBB8;863080;55320;256;0;2;206;250;817;856
Listener:Sent_pong;856;FCED
Dispatcher:FCED;863135;25029;256;0;2;210;253;822;856
Listener:Sent_pong;856;A7E4
Dispatcher:A7E4;863181;27556;256;0;2;206;252;840;856
Listener:Sent_pong;856;A78F
Dispatcher:A78F;863325;23424;256;0;2;201;249;847;856
Listener:Sent_pong;856;F436
Dispatcher:F436;863388;38007;256;0;2;193;255;846;856
Listener:Sent_pong;857;3F27
Dispatcher:3F27;863849;55870;256;0;2;204;255;843;857
Listener:Sent_pong;857;8D93
Dispatcher:8D93;864054;54368;256;0;2;205;255;819;857
Listener:Sent_pong;857;CBB8
Dispatcher:CBB8;864088;56709;256;0;2;206;250;818;857
Listener:Sent_pong;857;FCED
Dispatcher:FCED;864143;27444;256;0;2;210;253;823;857
Listener:Sent_pong;857;A7E4
Dispatcher:A7E4;864197;37974;256;0;2;206;252;841;857
Listener:Sent_pong;857;A78F
Dispatcher:A78F;864332;23084;256;0;2;201;249;848;857
Listener:Sent_pong;857;F436
Dispatcher:F436;864398;38599;256;0;2;193;255;847;857
Listener:Sent_pong;858;3F27
Dispatcher:3F27;864858;54788;256;0;2;204;255;844;858
Listener:Sent_pong;858;8D93
Dispatcher:8D93;865062;55644;256;0;2;205;255;820;858
Listener:Sent_pong;858;CBB8
Dispatcher:CBB8;865103;75253;256;0;2;206;250;819;858
Listener:Sent_pong;858;FCED
Dispatcher:FCED;865151;37328;256;0;2;210;253;824;858
Listener:Sent_pong;858;A7E4
Dispatcher:A7E4;865205;24664;256;0;2;206;252;842;858
Listener:Sent_pong;858;A78F
Dispatcher:A78F;865347;33412;256;0;2;201;249;849;858
Listener:Sent_pong;858;F436
Dispatcher:F436;865407;45167;256;0;2;193;255;848;858
Listener:Sent_pong;859;3F27
Dispatcher:3F27;865872;60614;256;0;2;204;255;845;859
Listener:Sent_pong;859;8D93
Dispatcher:8D93;866077;48268;256;0;2;205;255;821;859
Listener:Sent_pong;859;CBB8
Dispatcher:CBB8;866114;57900;256;0;2;206;250;820;859
Listener:Sent_pong;859;FCED
Dispatcher:FCED;866167;36036;256;0;2;210;253;825;859
Listener:Sent_pong;859;A7E4
Dispatcher:A7E4;866213;25942;256;0;2;206;252;843;859
Listener:Sent_pong;859;A78F
Dispatcher:A78F;866355;27900;256;0;2;201;238;850;859
Listener:Sent_pong;859;F436
Dispatcher:F436;866415;42175;256;0;2;193;255;849;859
Listener:Sent_pong;860;3F27
Dispatcher:3F27;866881;53640;256;0;2;204;255;846;860
Listener:Sent_pong;860;8D93
Dispatcher:8D93;867085;37048;256;0;2;205;255;822;860
Listener:Sent_pong;860;CBB8
Dispatcher:CBB8;867122;51554;256;0;2;206;250;821;860
Listener:Sent_pong;860;FCED
Dispatcher:FCED;867175;26628;256;0;2;210;253;826;860
Listener:Sent_pong;860;A7E4
Dispatcher:A7E4;867222;26430;256;0;2;206;252;844;860
Listener:Sent_pong;860;A78F
Dispatcher:A78F;867363;29806;256;0;2;201;242;851;860
Listener:Sent_pong;860;F436
Dispatcher:F436;867428;44565;256;0;2;193;255;850;860
Listener:Sent_pong;861;3F27
Dispatcher:3F27;867889;51260;256;0;2;204;255;847;861
Listener:Sent_pong;861;8D93
Dispatcher:8D93;868092;37350;256;0;2;205;255;823;861
Listener:Sent_pong;861;CBB8
Dispatcher:CBB8;868128;53168;256;0;2;206;250;822;861
Listener:Sent_pong;861;FCED
Dispatcher:FCED;868182;25668;256;0;2;210;253;827;861
Listener:Sent_pong;861;A7E4
Dispatcher:A7E4;868230;26586;256;0;2;206;252;845;861
Listener:Sent_pong;861;A78F
Dispatcher:A78F;868378;32884;256;0;2;201;244;852;861
Listener:Sent_pong;861;F436
Dispatcher:F436;868437;37381;256;0;2;193;255;851;861
Listener:Sent_pong;862;3F27
Dispatcher:3F27;868900;43192;256;0;2;204;255;848;862
Listener:Sent_pong;862;8D93
Dispatcher:8D93;869105;36048;256;0;2;205;255;824;862
Listener:Sent_pong;862;CBB8
Dispatcher:CBB8;869136;42450;256;0;2;206;250;823;862
Listener:Sent_pong;862;FCED
Dispatcher:FCED;869190;29964;256;0;2;210;253;828;862
Listener:Sent_pong;862;A7E4
Dispatcher:A7E4;869237;29452;256;0;2;206;252;846;862
Listener:Sent_pong;862;A78F
Dispatcher:A78F;869385;26312;256;0;2;201;246;853;862
Listener:Sent_pong;862;F436
Dispatcher:F436;869445;37989;256;0;2;193;255;852;862
Listener:Sent_pong;863;3F27
Dispatcher:3F27;869908;39888;256;0;2;204;255;849;863
Listener:Sent_pong;863;8D93
Dispatcher:8D93;870112;22468;256;0;2;205;255;825;863
Listener:Sent_pong;863;CBB8
Dispatcher:CBB8;870145;29322;256;0;2;206;250;824;863
Listener:Sent_pong;863;FCED
Dispatcher:FCED;870197;24706;256;0;2;210;253;829;863
Listener:Sent_pong;863;A7E4
Dispatcher:A7E4;870253;31786;256;0;2;206;252;847;863
Listener:Sent_pong;863;A78F
Dispatcher:A78F;870397;30566;256;0;2;201;248;854;863
Listener:Sent_pong;863;F436
Dispatcher:F436;870459;52937;256;0;2;193;255;853;863
Listener:Sent_pong;864;3F27
Dispatcher:3F27;870917;39230;256;0;2;204;255;850;864
Listener:Sent_pong;864;8D93
Dispatcher:8D93;871120;26614;256;0;2;205;255;826;864
Listener:Sent_pong;864;CBB8
Dispatcher:CBB8;871153;25324;256;0;2;206;250;825;864
Listener:Sent_pong;864;FCED
Dispatcher:FCED;871203;24086;256;0;2;210;253;830;864
Listener:Sent_pong;864;A7E4
Dispatcher:A7E4;871259;23086;256;0;2;206;252;848;864
Listener:Sent_pong;864;A78F
Dispatcher:A78F;871406;28858;256;0;2;201;249;855;864
Listener:Sent_pong;864;F436
Dispatcher:F436;871466;47323;256;0;2;193;255;854;864
Listener:Sent_pong;865;3F27
Dispatcher:3F27;871931;46020;256;0;2;204;255;851;865
Listener:Sent_pong;865;8D93
Dispatcher:8D93;872135;32242;256;0;2;205;255;827;865
Listener:Sent_pong;865;CBB8
Dispatcher:CBB8;872161;27589;256;0;2;206;250;826;865
Listener:Sent_pong;865;FCED
Dispatcher:FCED;872212;25692;256;0;2;210;253;831;865
Listener:Sent_pong;865;A7E4
Dispatcher:A7E4;872266;25980;256;0;2;206;252;849;865
Listener:Sent_pong;865;A78F
Dispatcher:A78F;872414;28214;256;0;2;201;249;856;865
Listener:Sent_pong;865;F436
Dispatcher:F436;872474;41521;256;0;2;193;255;855;865
Listener:Sent_pong;866;3F27
Dispatcher:3F27;872940;51938;256;0;2;204;255;852;866
Listener:Sent_pong;866;8D93
Dispatcher:8D93;873143;26642;256;0;2;205;255;828;866
Listener:Sent_pong;866;CBB8
Dispatcher:CBB8;873169;28358;256;0;2;206;250;827;866
Listener:Sent_pong;866;FCED
Dispatcher:FCED;873220;28902;256;0;2;210;253;832;866
Listener:Sent_pong;866;A7E4
Dispatcher:A7E4;873282;34964;256;0;2;206;252;850;866
Listener:Sent_pong;866;A78F
Dispatcher:A78F;873423;26914;256;0;2;201;249;857;866
Listener:Sent_pong;866;F436
Dispatcher:F436;873489;44583;256;0;2;193;255;856;866
Listener:Sent_pong;867;3F27
Dispatcher:3F27;873948;38602;256;0;2;204;255;853;867
Listener:Sent_pong;867;8D93
Dispatcher:8D93;874150;27584;256;0;2;205;255;829;867
Listener:Sent_pong;867;CBB8
Dispatcher:CBB8;874178;27573;256;0;2;206;250;828;867
Listener:Sent_pong;867;FCED
Dispatcher:FCED;874228;26634;256;0;2;210;253;833;867
Listener:Sent_pong;867;A7E4
Dispatcher:A7E4;874290;28200;256;0;2;206;252;851;867
Listener:Sent_pong;867;A78F
Dispatcher:A78F;874432;25980;256;0;2;201;249;858;867
Listener:Sent_pong;867;F436
Dispatcher:F436;874497;38955;256;0;2;193;255;857;867
Listener:Sent_pong;868;3F27
Dispatcher:3F27;874960;43790;256;0;2;204;255;854;868
Listener:Sent_pong;868;8D93
Dispatcher:8D93;875162;30570;256;0;2;205;255;830;868
Listener:Sent_pong;868;CBB8
Dispatcher:CBB8;875187;30450;256;0;2;206;250;829;868
Listener:Sent_pong;868;FCED
Dispatcher:FCED;875236;26322;256;0;2;210;253;834;868
Listener:Sent_pong;868;A7E4
Dispatcher:A7E4;875298;26932;256;0;2;206;252;852;868
Listener:Sent_pong;868;A78F
Dispatcher:A78F;875439;27258;256;0;2;201;249;859;868
Listener:Sent_pong;868;F436
Dispatcher:F436;875505;42157;256;0;2;193;255;858;868
Listener:Sent_pong;869;3F27
Dispatcher:3F27;875967;37322;256;0;2;204;255;855;869
Listener:Sent_pong;869;8D93
Dispatcher:8D93;876169;25962;256;0;2;205;255;831;869
Listener:Sent_pong;869;CBB8
Dispatcher:CBB8;876195;26961;256;0;2;206;250;830;869
Listener:Sent_pong;869;FCED
Dispatcher:FCED;876244;26312;256;0;2;210;253;835;869
Listener:Sent_pong;869;A7E4
Dispatcher:A7E4;876311;31474;256;0;2;206;252;853;869
Listener:Sent_pong;869;A78F
Dispatcher:A78F;876446;24358;256;0;2;201;249;860;869
Listener:Sent_pong;869;F436
Dispatcher:F436;876514;39927;256;0;2;193;255;859;869
Listener:Sent_pong;870;3F27
Dispatcher:3F27;876975;40848;256;0;2;204;255;856;870
Listener:Sent_pong;870;8D93
Dispatcher:8D93;877177;26614;256;0;2;205;255;832;870
Listener:Sent_pong;870;CBB8
Dispatcher:CBB8;877202;25980;256;0;2;206;250;831;870
Listener:Sent_pong;870;FCED
Dispatcher:FCED;877253;27904;256;0;2;210;253;836;870
Listener:Sent_pong;870;A7E4
Dispatcher:A7E4;877320;27552;256;0;2;206;252;854;870
Listener:Sent_pong;870;A78F
Dispatcher:A78F;877462;35752;256;0;2;201;249;861;870
Listener:Sent_pong;870;F436
Dispatcher:F436;877521;47109;256;0;2;193;255;860;870
Listener:Sent_pong;871;3F27
Dispatcher:3F27;877990;49210;256;0;2;204;255;857;871
Listener:Sent_pong;871;8D93
Dispatcher:8D93;878194;39688;256;0;2;205;255;833;871
Listener:Sent_pong;871;CBB8
Dispatcher:CBB8;878219;32198;256;0;2;206;250;832;871
Listener:Sent_pong;871;FCED
Dispatcher:FCED;878261;26644;256;0;2;210;253;837;871
Listener:Sent_pong;871;A7E4
Dispatcher:A7E4;878328;28206;256;0;2;206;252;855;871
Listener:Sent_pong;871;A78F
Dispatcher:A78F;878469;26312;256;0;2;201;249;862;871
Listener:Sent_pong;871;F436
Dispatcher:F436;878528;34793;256;0;2;193;255;861;871
Listener:Sent_pong;872;3F27
Dispatcher:3F27;878997;36346;256;0;2;204;255;858;872
Listener:Sent_pong;872;8D93
Dispatcher:8D93;879201;26292;256;0;2;205;255;834;872
Listener:Sent_pong;872;CBB8
Dispatcher:CBB8;879226;28665;256;0;2;206;250;833;872
Listener:Sent_pong;872;FCED
Dispatcher:FCED;879269;25016;256;0;2;210;253;838;872
Listener:Sent_pong;872;A7E4
Dispatcher:A7E4;879341;31544;256;0;2;206;252;856;872
Listener:Sent_pong;872;A78F
Dispatcher:A78F;879476;25974;256;0;2;201;249;863;872
Listener:Sent_pong;872;F436
Dispatcher:F436;879535;51529;256;0;2;193;255;862;872
Listener:Sent_pong;873;3F27
Dispatcher:3F27;880004;38976;256;0;2;204;255;859;873
Listener:Sent_pong;873;8D93
Dispatcher:8D93;880209;24716;256;0;2;205;255;835;873
Listener:Sent_pong;873;CBB8
Dispatcher:CBB8;880234;25347;256;0;2;206;250;834;873
Listener:Sent_pong;873;FCED
Dispatcher:FCED;880278;28534;256;0;2;210;253;839;873
Listener:Sent_pong;873;A7E4
Dispatcher:A7E4;880350;28844;256;0;2;206;252;857;873
Listener:Sent_pong;873;A78F
Dispatcher:A78F;880491;36544;256;0;2;201;249;864;873
Listener:Sent_pong;873;F436
Dispatcher:F436;880543;40555;256;0;2;193;255;863;873
Listener:Sent_pong;874;3F27
Dispatcher:3F27;881019;49180;256;0;2;204;255;860;874
Listener:Sent_pong;874;8D93
Dispatcher:8D93;881223;34996;256;0;2;205;255;836;874
Listener:Sent_pong;874;CBB8
Dispatcher:CBB8;881252;35838;256;0;2;206;250;835;874
Listener:Sent_pong;874;FCED
Dispatcher:FCED;881286;26296;256;0;2;210;253;840;874
Listener:Sent_pong;874;A7E4
Dispatcher:A7E4;881358;25636;256;0;2;206;252;858;874
Listener:Sent_pong;874;A78F
Dispatcher:A78F;881499;26286;256;0;2;201;249;865;874
Listener:Sent_pong;874;F436
Dispatcher:F436;881549;36081;256;0;2;193;255;864;874
Listener:Sent_pong;875;3F27
Dispatcher:3F27;882028;41426;256;0;2;204;255;861;875
Listener:Sent_pong;875;8D93
Dispatcher:8D93;882232;27880;256;0;2;205;255;837;875
Listener:Sent_pong;875;CBB8
Dispatcher:CBB8;882267;33062;256;0;2;206;250;836;875
Listener:Sent_pong;875;FCED
Dispatcher:FCED;882295;29492;256;0;2;210;253;841;875
Listener:Sent_pong;875;A7E4
Dispatcher:A7E4;882368;28166;256;0;2;206;252;859;875
Listener:Sent_pong;875;A78F
Dispatcher:A78F;882508;31058;256;0;2;201;249;866;875
Listener:Sent_pong;875;F436
Dispatcher:F436;882557;43447;256;0;2;193;255;865;875
Listener:Sent_pong;876;3F27
Dispatcher:3F27;883036;41182;256;0;2;204;255;862;876
Listener:Sent_pong;876;8D93
Dispatcher:8D93;883240;30452;256;0;2;205;255;838;876
Listener:Sent_pong;876;CBB8
Dispatcher:CBB8;883276;28537;256;0;2;206;250;837;876
Listener:Sent_pong;876;FCED
Dispatcher:FCED;883303;25686;256;0;2;210;253;842;876
Listener:Sent_pong;876;A7E4
Dispatcher:A7E4;883376;25308;256;0;2;206;252;860;876
Listener:Sent_pong;876;A78F
Dispatcher:A78F;883522;32824;256;0;2;201;249;867;876
Listener:Sent_pong;876;F436
Dispatcher:F436;883573;49579;256;0;2;193;255;866;876
Listener:Sent_pong;877;3F27
Dispatcher:3F27;884045;45698;256;0;2;204;255;863;877
Listener:Sent_pong;877;8D93
Dispatcher:8D93;884249;27898;256;0;2;205;255;839;877
Listener:Sent_pong;877;CBB8
Dispatcher:CBB8;884284;25342;256;0;2;206;250;838;877
Listener:Sent_pong;877;FCED
Dispatcher:FCED;884312;26320;256;0;2;210;253;843;877
Listener:Sent_pong;877;A7E4
Dispatcher:A7E4;884385;24984;256;0;2;206;252;861;877
Listener:Sent_pong;877;A78F
Dispatcher:A78F;884529;28202;256;0;2;201;249;868;877
Listener:Sent_pong;877;F436
Dispatcher:F436;884582;37687;256;0;2;193;255;867;877
Listener:Sent_pong;878;3F27
Dispatcher:3F27;885052;37298;256;0;2;204;255;864;878
Listener:Sent_pong;878;8D93
Dispatcher:8D93;885256;23742;256;0;2;205;255;840;878
Listener:Sent_pong;878;CBB8
Dispatcher:CBB8;885291;24690;256;0;2;206;250;839;878
Listener:Sent_pong;878;FCED
Dispatcher:FCED;885319;28554;256;0;2;210;253;844;878
Listener:Sent_pong;878;A7E4
Dispatcher:A7E4;885400;34974;256;0;2;206;252;862;878
Listener:Sent_pong;878;A78F
Dispatcher:A78F;885538;27878;256;0;2;201;249;869;878
Listener:Sent_pong;878;F436
Dispatcher:F436;885590;51539;256;0;2;193;255;868;878
Listener:Sent_pong;879;3F27
Dispatcher:3F27;886059;36050;256;0;2;204;255;865;879
Listener:Sent_pong;879;8D93
Dispatcher:8D93;886263;25660;256;0;2;205;255;841;879
Listener:Sent_pong;879;CBB8
Dispatcher:CBB8;886300;26315;256;0;2;206;250;840;879
Listener:Sent_pong;879;FCED
Dispatcher:FCED;886326;25342;256;0;2;210;253;845;879
Listener:Sent_pong;879;A7E4
Dispatcher:A7E4;886408;27876;256;0;2;206;252;863;879
Listener:Sent_pong;879;A78F
Dispatcher:A78F;886554;35748;256;0;2;201;249;870;879
Listener:Sent_pong;879;F436
Dispatcher:F436;886597;37669;256;0;2;193;255;869;879
Listener:Sent_pong;880;3F27
Dispatcher:3F27;887067;37942;256;0;2;204;255;866;880
Listener:Sent_pong;880;8D93
Dispatcher:8D93;887270;27702;256;0;2;205;255;842;880
Listener:Sent_pong;880;CBB8
Dispatcher:CBB8;887308;25024;256;0;2;206;250;841;880
Listener:Sent_pong;880;FCED
Dispatcher:FCED;887335;28232;256;0;2;210;253;846;880
Listener:Sent_pong;880;A7E4
Dispatcher:A7E4;887415;23080;256;0;2;206;252;864;880
Listener:Sent_pong;880;A78F
Dispatcher:A78F;887562;26946;256;0;2;201;249;871;880
Listener:Sent_pong;880;F436
Dispatcher:F436;887604;40577;256;0;2;193;255;870;880
Listener:Sent_pong;881;3F27
Dispatcher:3F27;888076;42142;256;0;2;204;255;867;881
Listener:Sent_pong;881;8D93
Dispatcher:8D93;888277;24722;256;0;2;205;255;843;881
Listener:Sent_pong;881;CBB8
Dispatcher:CBB8;888315;26603;256;0;2;206;250;842;881
Listener:Sent_pong;881;FCED
Dispatcher:FCED;888344;25352;256;0;2;210;253;847;881
Listener:Sent_pong;881;A7E4
Dispatcher:A7E4;888427;29882;256;0;2;206;252;865;881
Listener:Sent_pong;881;A78F
Dispatcher:A78F;888569;25356;256;0;2;201;249;872;881
Listener:Sent_pong;881;F436
Dispatcher:F436;888613;47103;256;0;2;193;255;871;881
Listener:Sent_pong;882;3F27
Dispatcher:3F27;889083;39882;256;0;2;204;255;868;882
Listener:Sent_pong;882;8D93
Dispatcher:8D93;889284;27282;256;0;2;205;255;844;882
Listener:Sent_pong;882;CBB8
Dispatcher:CBB8;889324;27922;256;0;2;206;250;843;882
Listener:Sent_pong;882;FCED
Dispatcher:FCED;889353;27894;256;0;2;210;253;848;882
Listener:Sent_pong;882;A7E4
Dispatcher:A7E4;889435;27256;256;0;2;206;252;866;882
Listener:Sent_pong;882;A78F
Dispatcher:A78F;889581;28802;256;0;2;201;249;873;882
Listener:Sent_pong;882;F436
Dispatcher:F436;889622;40263;256;0;2;193;255;872;882
Listener:Sent_pong;883;3F27
Dispatcher:3F27;890092;42370;256;0;2;204;255;869;883
Listener:Sent_pong;883;8D93
Dispatcher:8D93;890291;32724;256;0;2;205;255;845;883
Listener:Sent_pong;883;CBB8
Dispatcher:CBB8;890332;27916;256;0;2;206;250;844;883
Listener:Sent_pong;883;FCED
Dispatcher:FCED;890361;25686;256;0;2;210;253;849;883
Listener:Sent_pong;883;A7E4
Dispatcher:A7E4;890442;24688;256;0;2;206;252;867;883
Listener:Sent_pong;883;A78F
Dispatcher:A78F;890589;27558;256;0;2;201;249;874;883
Listener:Sent_pong;883;F436
Dispatcher:F436;890630;38337;256;0;2;193;255;873;883
Listener:Sent_pong;884;3F27
Dispatcher:3F27;891099;39578;256;0;2;204;255;870;884
Listener:Sent_pong;884;8D93
Dispatcher:8D93;891298;25016;256;0;2;205;255;846;884
Listener:Sent_pong;884;CBB8
Dispatcher:CBB8;891340;27894;256;0;2;206;250;845;884
Listener:Sent_pong;884;FCED
Dispatcher:FCED;891368;26620;256;0;2;210;253;850;884
Listener:Sent_pong;884;A7E4
Dispatcher:A7E4;891456;30804;256;0;2;206;252;868;884
Listener:Sent_pong;884;A78F
Dispatcher:A78F;891597;26624;256;0;2;201;249;875;884
Listener:Sent_pong;884;F436
Dispatcher:F436;891639;55851;256;0;2;193;255;874;884
Listener:Sent_pong;885;3F27
Dispatcher:3F27;892108;41152;256;0;2;204;255;871;885
Listener:Sent_pong;885;8D93
Dispatcher:8D93;892307;26004;256;0;2;205;255;847;885
Listener:Sent_pong;885;CBB8
Dispatcher:CBB8;892349;27563;256;0;2;206;250;846;885
Listener:Sent_pong;885;FCED
Dispatcher:FCED;892376;26262;256;0;2;210;253;851;885
Listener:Sent_pong;885;A7E4
Dispatcher:A7E4;892463;24346;256;0;2;206;252;869;885
Listener:Sent_pong;885;A78F
Dispatcher:A78F;892610;33030;256;0;2;201;249;876;885
Listener:Sent_pong;885;F436
Dispatcher:F436;892648;40863;256;0;2;193;255;875;885
Listener:Sent_pong;886;3F27
Dispatcher:3F27;893133;55876;256;0;2;204;255;872;886
Listener:Sent_pong;886;8D93
Dispatcher:8D93;893314;29018;256;0;2;205;255;848;886
Listener:Sent_pong;886;CBB8
Dispatcher:CBB8;893357;26612;256;0;2;206;250;847;886
Listener:Sent_pong;886;FCED
Dispatcher:FCED;893382;22468;256;0;2;210;253;852;886
Listener:Sent_pong;886;A7E4
Dispatcher:A7E4;893472;26586;256;0;2;206;252;870;886
Listener:Sent_pong;886;A78F
Dispatcher:A78F;893618;23734;256;0;2;201;249;877;886
Listener:Sent_pong;886;F436
Dispatcher:F436;893656;38951;256;0;2;193;255;876;886
Listener:Sent_pong;887;3F27
Dispatcher:3F27;894141;39878;256;0;2;204;255;873;887
Listener:Sent_pong;887;8D93
Dispatcher:8D93;894321;24072;256;0;2;205;255;849;887
Listener:Sent_pong;887;CBB8
Dispatcher:CBB8;894365;27260;256;0;2;206;250;848;887
Listener:Sent_pong;887;FCED
Dispatcher:FCED;894389;27098;256;0;2;210;253;853;887
Listener:Sent_pong;887;A7E4
Dispatcher:A7E4;894488;35952;256;0;2;206;252;871;887
Listener:Sent_pong;887;A78F
Dispatcher:A78F;894625;24370;256;0;2;201;249;878;887
Listener:Sent_pong;887;F436
Dispatcher:F436;894663;40675;256;0;2;193;255;877;887
Listener:Sent_pong;888;3F27
Dispatcher:3F27;895149;38918;256;0;2;204;255;874;888
Listener:Sent_pong;888;8D93
Dispatcher:8D93;895328;25990;256;0;2;205;255;850;888
Listener:Sent_pong;888;CBB8
Dispatcher:CBB8;895373;28229;256;0;2;206;250;849;888
Listener:Sent_pong;888;FCED
Dispatcher:FCED;895400;30132;256;0;2;210;253;854;888
Listener:Sent_pong;888;A7E4
Dispatcher:A7E4;895495;25312;256;0;2;206;252;872;888
Listener:Sent_pong;888;A78F
Dispatcher:A78F;895636;29938;256;0;2;201;249;879;888
Listener:Sent_pong;888;F436
Dispatcher:F436;895671;38321;256;0;2;193;255;878;888
Listener:Sent_pong;889;3F27
Dispatcher:3F27;896162;44410;256;0;2;204;255;875;889
Listener:Sent_pong;889;8D93
Dispatcher:8D93;896337;29496;256;0;2;205;255;851;889
Listener:Sent_pong;889;CBB8
Dispatcher:CBB8;896381;29184;256;0;2;206;250;850;889
Listener:Sent_pong;889;FCED
Dispatcher:FCED;896409;28288;256;0;2;210;253;855;889
Listener:Sent_pong;889;A7E4
Dispatcher:A7E4;896502;23418;256;0;2;206;252;873;889
Listener:Sent_pong;889;A78F
Dispatcher:A78F;896644;25638;256;0;2;201;249;880;889
Listener:Sent_pong;889;F436
Dispatcher:F436;896678;39585;256;0;2;193;255;879;889
Listener:Sent_pong;890;3F27
Dispatcher:3F27;897171;39254;256;0;2;204;255;876;890
Listener:Sent_pong;890;8D93
Dispatcher:8D93;897345;26302;256;0;2;205;255;852;890
Listener:Sent_pong;890;CBB8
Dispatcher:CBB8;897390;35689;256;0;2;206;250;851;890
Listener:Sent_pong;890;FCED
Dispatcher:FCED;897426;35512;256;0;2;210;253;856;890
Listener:Sent_pong;890;A7E4
Dispatcher:A7E4;897515;32494;256;0;2;206;252;874;890
Listener:Sent_pong;890;A78F
Dispatcher:A78F;897653;29802;256;0;2;201;249;881;890
Listener:Sent_pong;890;F436
Dispatcher:F436;897686;40009;256;0;2;193;255;880;890
Listener:Sent_pong;891;3F27
Dispatcher:3F27;898180;26618;256;0;2;204;255;877;891
Listener:Sent_pong;891;8D93
Dispatcher:8D93;898352;25352;256;0;2;205;255;853;891
Listener:Sent_pong;891;CBB8
Dispatcher:CBB8;898397;25365;256;0;2;206;250;852;891
Listener:Sent_pong;891;FCED
Dispatcher:FCED;898436;30244;256;0;2;210;253;857;891
Listener:Sent_pong;891;A7E4
Dispatcher:A7E4;898522;24042;256;0;2;206;252;875;891
Listener:Sent_pong;891;A78F
Dispatcher:A78F;898668;34498;256;0;2;201;249;882;891
Listener:Sent_pong;892;3F27
Dispatcher:3F27;899194;34690;256;0;2;204;255;878;892
Listener:Sent_pong;892;8D93
Dispatcher:8D93;899360;27926;256;0;2;205;255;854;892
Listener:Sent_pong;892;CBB8
Dispatcher:CBB8;899405;27587;256;0;2;206;250;853;892
Listener:Sent_pong;892;FCED
Dispatcher:FCED;899443;23742;256;0;2;210;253;858;892
Listener:Sent_pong;892;A7E4
Dispatcher:A7E4;899530;27230;256;0;2;206;252;876;892
Listener:Sent_pong;892;A78F
Dispatcher:A78F;899677;34498;256;0;2;201;249;882;892
Listener:Sent_pong;892;F436
Dispatcher:F436;899759;39611;256;0;2;193;255;881;892
Listener:Sent_pong;893;3F27
Dispatcher:3F27;900202;27900;256;0;2;204;255;879;893
Listener:Sent_pong;893;8D93
Dispatcher:8D93;900367;25052;256;0;2;205;255;855;893
Listener:Sent_pong;893;CBB8
Dispatcher:CBB8;900412;25014;256;0;2;206;250;854;893
Listener:Sent_pong;893;FCED
Dispatcher:FCED;900450;26966;256;0;2;210;253;859;893
Listener:Sent_pong;893;A7E4
Dispatcher:A7E4;900545;34306;256;0;2;206;252;877;893
Listener:Sent_pong;893;A78F
Dispatcher:A78F;900684;25968;256;0;2;201;249;883;893
Listener:Sent_pong;893;F436
Dispatcher:F436;900766;34839;256;0;2;193;255;882;893
Listener:Sent_pong;894;3F27
Dispatcher:3F27;901211;25994;256;0;2;204;255;880;894
Listener:Sent_pong;894;8D93
Dispatcher:8D93;901383;35590;256;0;2;205;255;856;894
Listener:Sent_pong;894;CBB8
Dispatcher:CBB8;901421;28839;256;0;2;206;250;855;894
Listener:Sent_pong;894;FCED
Dispatcher:FCED;901459;30926;256;0;2;210;253;860;894
Listener:Sent_pong;894;A7E4
Dispatcher:A7E4;901554;28840;256;0;2;206;252;878;894
Listener:Sent_pong;894;A78F
Dispatcher:A78F;901696;32738;256;0;2;201;249;884;894
Listener:Sent_pong;894;F436
Dispatcher:F436;901773;39261;256;0;2;193;255;883;894
Listener:Sent_pong;895;3F27
Dispatcher:3F27;902222;45448;256;0;2;204;255;881;895
Listener:Sent_pong;895;8D93
Dispatcher:8D93;902392;28836;256;0;2;205;255;857;895
Listener:Sent_pong;895;CBB8
Dispatcher:CBB8;902429;28539;256;0;2;206;250;856;895
Listener:Sent_pong;895;FCED
Dispatcher:FCED;902466;26294;256;0;2;210;253;861;895
Listener:Sent_pong;895;A7E4
Dispatcher:A7E4;902562;25648;256;0;2;206;252;879;895
Listener:Sent_pong;895;A78F
Dispatcher:A78F;902705;52034;256;0;2;201;249;885;895
Listener:Sent_pong;895;F436
Dispatcher:F436;902782;29827;256;0;2;193;255;884;895
Listener:Sent_pong;896;3F27
Dispatcher:3F27;903230;43148;256;0;2;204;255;882;896
Listener:Sent_pong;896;8D93
Dispatcher:8D93;903401;29166;256;0;2;205;255;858;896
Listener:Sent_pong;896;CBB8
Dispatcher:CBB8;903436;24075;256;0;2;206;250;857;896
Listener:Sent_pong;896;FCED
Dispatcher:FCED;903475;25692;256;0;2;210;253;862;896
Listener:Sent_pong;896;A7E4
Dispatcher:A7E4;903577;33380;256;0;2;206;252;880;896
Listener:Sent_pong;896;A78F
Dispatcher:A78F;903713;25022;256;0;2;201;249;886;896
Listener:Sent_pong;896;F436
Dispatcher:F436;903790;25351;256;0;2;193;255;885;896
Listener:Sent_pong;897;3F27
Dispatcher:3F27;904239;38280;256;0;2;204;255;883;897
Listener:Sent_pong;897;8D93
Dispatcher:8D93;904408;28550;256;0;2;205;255;859;897
Listener:Sent_pong;897;CBB8
Dispatcher:CBB8;904443;24374;256;0;2;206;250;858;897
Listener:Sent_pong;897;FCED
Dispatcher:FCED;904484;27254;256;0;2;210;253;863;897
Listener:Sent_pong;897;A7E4
Dispatcher:A7E4;904585;27868;256;0;2;206;252;881;897
Listener:Sent_pong;897;F436
Dispatcher:F436;904798;31557;256;0;2;193;255;886;897
Listener:Sent_pong;898;3F27
Dispatcher:3F27;905251;42216;256;0;2;204;255;884;898
Listener:Sent_pong;898;8D93
Dispatcher:8D93;905416;25356;256;0;2;205;255;860;898
Listener:Sent_pong;898;CBB8
Dispatcher:CBB8;905451;26959;256;0;2;206;250;859;898
Listener:Sent_pong;898;FCED
Dispatcher:FCED;905492;25992;256;0;2;210;253;864;898
Listener:Sent_pong;898;A7E4
Dispatcher:A7E4;905592;26920;256;0;2;206;252;882;898
Listener:Sent_pong;898;A78F
Dispatcher:A78F;905735;36048;256;0;2;201;249;887;898
Listener:Sent_pong;898;F436
Dispatcher:F436;905807;30775;256;0;2;193;255;887;898
Listener:Sent_pong;899;3F27
Dispatcher:3F27;906259;43868;256;0;2;204;255;885;899
Listener:Sent_pong;899;8D93
Dispatcher:8D93;906424;24038;256;0;2;205;255;861;899
Listener:Sent_pong;899;CBB8
Dispatcher:CBB8;906459;36395;256;0;2;206;250;860;899
Listener:Sent_pong;899;FCED
Dispatcher:FCED;906501;40584;256;0;2;210;253;865;899
Listener:Sent_pong;899;A7E4
Dispatcher:A7E4;906601;40374;256;0;2;206;252;883;899
Listener:Sent_pong;899;A78F
Dispatcher:A78F;906744;29490;256;0;2;201;249;888;899
Listener:Sent_pong;899;F436
Dispatcher:F436;906816;26941;256;0;2;193;255;888;899
Listener:Sent_pong;900;3F27
Dispatcher:3F27;907267;37658;256;0;2;204;255;886;900
Listener:Sent_pong;900;8D93
Dispatcher:8D93;907430;25286;256;0;2;205;255;862;900
Listener:Sent_pong;900;CBB8
Dispatcher:CBB8;907468;42139;256;0;2;206;250;861;900
Listener:Sent_pong;900;FCED
Dispatcher:FCED;907508;40300;256;0;2;210;253;866;900
Listener:Sent_pong;900;A7E4
Dispatcher:A7E4;907608;27242;256;0;2;206;252;884;900
Listener:Sent_pong;900;A78F
Dispatcher:A78F;907755;28968;256;0;2;201;249;889;900
Listener:Sent_pong;900;F436
Dispatcher:F436;907825;43079;256;0;2;193;255;889;900
Listener:Sent_pong;901;3F27
Dispatcher:3F27;908282;46966;256;0;2;204;255;887;901
Listener:Sent_pong;901;8D93
Dispatcher:8D93;908438;25374;256;0;2;205;255;863;901
Listener:Sent_pong;901;CBB8
Dispatcher:CBB8;908476;38242;256;0;2;206;250;862;901
Listener:Sent_pong;901;FCED
Dispatcher:FCED;908515;39928;256;0;2;210;253;867;901
Listener:Sent_pong;901;A7E4
Dispatcher:A7E4;908617;27560;256;0;2;206;252;885;901
Listener:Sent_pong;901;A78F
Dispatcher:A78F;908761;23096;256;0;2;201;249;890;901
Listener:Sent_pong;901;F436
Dispatcher:F436;908833;25345;256;0;2;193;255;890;901
Listener:Sent_pong;902;3F27
Dispatcher:3F27;909290;52336;256;0;2;204;255;888;902
Listener:Sent_pong;902;8D93
Dispatcher:8D93;909447;27918;256;0;2;205;255;864;902
Listener:Sent_pong;902;CBB8
Dispatcher:CBB8;909485;41163;256;0;2;206;250;863;902
Listener:Sent_pong;902;FCED
Dispatcher:FCED;909534;52174;256;0;2;210;253;868;902
Listener:Sent_pong;902;A7E4
Dispatcher:A7E4;909632;33704;256;0;2;206;252;886;902
Listener:Sent_pong;902;A78F
Dispatcher:A78F;909770;30112;256;0;2;201;249;891;902
Listener:Sent_pong;902;F436
Dispatcher:F436;909840;28867;256;0;2;193;255;891;902
Listener:Sent_pong;903;3F27
Dispatcher:3F27;910298;39246;256;0;2;204;255;889;903
Listener:Sent_pong;903;8D93
Dispatcher:8D93;910455;44466;256;0;2;205;255;865;903
Listener:Sent_pong;903;CBB8
Dispatcher:CBB8;910495;40456;256;0;2;206;250;864;903
Listener:Sent_pong;903;FCED
Dispatcher:FCED;910543;37074;256;0;2;210;253;869;903
Listener:Sent_pong;903;A7E4
Dispatcher:A7E4;910638;23386;256;0;2;206;252;887;903
Listener:Sent_pong;903;A78F
Dispatcher:A78F;910786;34350;256;0;2;201;249;892;903
Listener:Sent_pong;903;F436
Dispatcher:F436;910848;25005;256;0;2;193;255;892;903
Listener:Sent_pong;904;3F27
Dispatcher:3F27;911312;47378;256;0;2;204;255;890;904
Listener:Sent_pong;904;8D93
Dispatcher:8D93;911462;24702;256;0;2;205;255;866;904
Listener:Sent_pong;904;CBB8
Dispatcher:CBB8;911503;42252;256;0;2;206;250;865;904
Listener:Sent_pong;904;FCED
Dispatcher:FCED;911550;37676;256;0;2;210;253;870;904
Listener:Sent_pong;904;A7E4
Dispatcher:A7E4;911647;28510;256;0;2;206;252;888;904
Listener:Sent_pong;904;A78F
Dispatcher:A78F;911794;25664;256;0;2;201;249;893;904
Listener:Sent_pong;904;F436
Dispatcher:F436;911854;25015;256;0;2;193;255;893;904
Listener:Sent_pong;905;3F27
Dispatcher:3F27;912320;45736;256;0;2;204;255;891;905
Listener:Sent_pong;905;8D93
Dispatcher:8D93;912470;23738;256;0;2;205;255;867;905
Listener:Sent_pong;905;CBB8
Dispatcher:CBB8;912511;39573;256;0;2;206;250;866;905
Listener:Sent_pong;905;FCED
Dispatcher:FCED;912559;40582;256;0;2;210;253;871;905
Listener:Sent_pong;905;A7E4
Dispatcher:A7E4;912660;33052;256;0;2;206;252;889;905
Listener:Sent_pong;905;A78F
Dispatcher:A78F;912801;28516;256;0;2;201;249;894;905
Listener:Sent_pong;905;F436
Dispatcher:F436;912865;28171;256;0;2;193;255;894;905
Listener:Sent_pong;906;3F27
Dispatcher:3F27;913328;40822;256;0;2;204;255;892;906
Listener:Sent_pong;906;8D93
Dispatcher:8D93;913477;31914;256;0;2;205;255;868;906
Listener:Sent_pong;906;CBB8
Dispatcher:CBB8;913520;43426;256;0;2;206;250;867;906
Listener:Sent_pong;906;FCED
Dispatcher:FCED;913565;41670;256;0;2;210;253;872;906
Listener:Sent_pong;906;A7E4
Dispatcher:A7E4;913666;24994;256;0;2;206;252;890;906
Listener:Sent_pong;906;A78F
Dispatcher:A78F;913812;29934;256;0;2;201;249;895;906
Listener:Sent_pong;906;F436
Dispatcher:F436;913873;26623;256;0;2;193;255;895;906
Listener:Sent_pong;907;3F27
Dispatcher:3F27;914337;43738;256;0;2;204;255;893;907
Listener:Sent_pong;907;8D93
Dispatcher:8D93;914484;23428;256;0;2;205;255;869;907
Listener:Sent_pong;907;CBB8
Dispatcher:CBB8;914528;39695;256;0;2;206;250;868;907
Listener:Sent_pong;907;FCED
Dispatcher:FCED;914572;36384;256;0;2;210;253;873;907
Listener:Sent_pong;907;A7E4
Dispatcher:A7E4;914674;25326;256;0;2;206;252;891;907
Listener:Sent_pong;907;A78F
Dispatcher:A78F;914819;26944;256;0;2;201;249;896;907
Listener:Sent_pong;907;F436
Dispatcher:F436;914880;25659;256;0;2;193;255;896;907
Listener:Sent_pong;908;3F27
Dispatcher:3F27;915345;46104;256;0;2;204;255;894;908
Listener:Sent_pong;908;8D93
Dispatcher:8D93;915491;25010;256;0;2;205;255;870;908
Listener:Sent_pong;908;CBB8
Dispatcher:CBB8;915534;37030;256;0;2;206;250;869;908
Listener:Sent_pong;908;FCED
Dispatcher:FCED;915586;48382;256;0;2;210;253;874;908
Listener:Sent_pong;908;A7E4
Dispatcher:A7E4;915690;33990;256;0;2;206;252;892;908
Listener:Sent_pong;908;A78F
Dispatcher:A78F;915827;26942;256;0;2;201;249;897;908
Listener:Sent_pong;908;F436
Dispatcher:F436;915909;62307;256;0;2;193;255;897;908
Listener:Sent_pong;909;3F27
Dispatcher:3F27;916352;49004;256;0;2;204;255;895;909
Listener:Sent_pong;909;8D93
Dispatcher:8D93;916499;39914;256;0;2;205;255;871;909
Listener:Sent_pong;909;CBB8
Dispatcher:CBB8;916542;49016;256;0;2;206;250;870;909
Listener:Sent_pong;909;FCED
Dispatcher:FCED;916593;24052;256;0;2;210;253;875;909
Listener:Sent_pong;909;A7E4
Dispatcher:A7E4;916699;29790;256;0;2;206;252;893;909
Listener:Sent_pong;909;A78F
Dispatcher:A78F;916842;34676;256;0;2;201;249;898;909
Listener:Sent_pong;909;F436
Dispatcher:F436;916918;41513;256;0;2;193;255;898;909
Listener:Sent_pong;910;3F27
Dispatcher:3F27;917366;59320;256;0;2;204;255;896;910
Listener:Sent_pong;910;8D93
Dispatcher:8D93;917506;43098;256;0;2;205;255;872;910
Listener:Sent_pong;910;CBB8
Dispatcher:CBB8;917550;53816;256;0;2;206;250;871;910
Listener:Sent_pong;910;FCED
Dispatcher:FCED;917601;26758;256;0;2;210;253;876;910
Listener:Sent_pong;910;A7E4
Dispatcher:A7E4;917708;26612;256;0;2;206;252;894;910
Listener:Sent_pong;910;A78F
Dispatcher:A78F;917849;25334;256;0;2;201;249;899;910
Listener:Sent_pong;910;F436
Dispatcher:F436;917925;40211;256;0;2;193;255;899;910
Listener:Sent_pong;911;3F27
Dispatcher:3F27;918374;50746;256;0;2;204;255;897;911
Listener:Sent_pong;911;8D93
Dispatcher:8D93;918513;36090;256;0;2;205;255;873;911
Listener:Sent_pong;911;CBB8
Dispatcher:CBB8;918559;55128;256;0;2;206;250;872;911
Listener:Sent_pong;911;FCED
Dispatcher:FCED;918612;28902;256;0;2;210;253;877;911
Listener:Sent_pong;911;A7E4
Dispatcher:A7E4;918720;29616;256;0;2;206;252;895;911
Listener:Sent_pong;911;A78F
Dispatcher:A78F;918856;23454;256;0;2;201;249;900;911
Listener:Sent_pong;911;F436
Dispatcher:F436;918933;43459;256;0;2;193;255;900;911
Listener:Sent_pong;912;3F27
Dispatcher:3F27;919382;55538;256;0;2;204;255;898;912
Listener:Sent_pong;912;8D93
Dispatcher:8D93;919521;41502;256;0;2;205;255;874;912
Listener:Sent_pong;912;CBB8
Dispatcher:CBB8;919566;52866;256;0;2;206;250;873;912
Listener:Sent_pong;912;FCED
Dispatcher:FCED;919620;26956;256;0;2;210;253;878;912
Listener:Sent_pong;912;A7E4
Dispatcher:A7E4;919728;27570;256;0;2;206;252;896;912
Listener:Sent_pong;912;A78F
Dispatcher:A78F;919871;32894;256;0;2;201;249;901;912
Listener:Sent_pong;912;F436
Dispatcher:F436;919942;42265;256;0;2;193;255;901;912
Listener:Sent_pong;913;3F27
Dispatcher:3F27;920395;58332;256;0;2;204;255;899;913
Listener:Sent_pong;913;8D93
Dispatcher:8D93;920530;38978;256;0;2;205;255;875;913
Listener:Sent_pong;913;CBB8
Dispatcher:CBB8;920574;54919;256;0;2;206;250;874;913
Listener:Sent_pong;913;FCED
Dispatcher:FCED;920629;26305;256;0;2;210;253;879;913
Listener:Sent_pong;913;A7E4
Dispatcher:A7E4;920735;24366;256;0;2;206;252;897;913
Listener:Sent_pong;913;A78F
Dispatcher:A78F;920879;25344;256;0;2;201;249;902;913
Listener:Sent_pong;913;F436
Dispatcher:F436;920950;38003;256;0;2;193;255;902;913
Listener:Sent_pong;914;3F27
Dispatcher:3F27;921403;52686;256;0;2;204;255;900;914
Listener:Sent_pong;914;8D93
Dispatcher:8D93;921539;38072;256;0;2;205;255;876;914
Listener:Sent_pong;914;CBB8
Dispatcher:CBB8;921584;54439;256;0;2;206;250;875;914
Listener:Sent_pong;914;FCED
Dispatcher:FCED;921637;29648;256;0;2;210;253;880;914
Listener:Sent_pong;914;A7E4
Dispatcher:A7E4;921747;31810;256;0;2;206;252;898;914
Listener:Sent_pong;914;A78F
Dispatcher:A78F;921886;24700;256;0;2;201;249;903;914
Listener:Sent_pong;914;F436
Dispatcher:F436;921959;42791;256;0;2;193;255;903;914
Listener:Sent_pong;915;3F27
Dispatcher:3F27;922411;51558;256;0;2;204;255;901;915
Listener:Sent_pong;915;8D93
Dispatcher:8D93;922546;39274;256;0;2;205;255;877;915
Listener:Sent_pong;915;CBB8
Dispatcher:CBB8;922592;52219;256;0;2;206;250;876;915
Listener:Sent_pong;915;FCED
Dispatcher:FCED;922646;27729;256;0;2;210;253;881;915
Listener:Sent_pong;915;A7E4
Dispatcher:A7E4;922755;28512;256;0;2;206;252;899;915
Listener:Sent_pong;915;A78F
Dispatcher:A78F;922899;31928;256;0;2;201;249;904;915
Listener:Sent_pong;915;F436
Dispatcher:F436;922965;45915;256;0;2;193;255;904;915
Listener:Sent_pong;916;3F27
Dispatcher:3F27;923427;58990;256;0;2;204;255;902;916
Listener:Sent_pong;916;8D93
Dispatcher:8D93;923554;35152;256;0;2;205;255;878;916
Listener:Sent_pong;916;CBB8
Dispatcher:CBB8;923601;56806;256;0;2;206;250;877;916
Listener:Sent_pong;916;FCED
Dispatcher:FCED;923654;27874;256;0;2;210;253;882;916
Listener:Sent_pong;916;A7E4
Dispatcher:A7E4;923763;28494;256;0;2;206;252;900;916
Listener:Sent_pong;916;A78F
Dispatcher:A78F;923908;25982;256;0;2;201;249;905;916
Listener:Sent_pong;916;F436
Dispatcher:F436;923973;43365;256;0;2;193;255;905;916
Listener:Sent_pong;917;3F27
Dispatcher:3F27;924436;50112;256;0;2;204;255;903;917
Listener:Sent_pong;917;8D93
Dispatcher:8D93;924570;43478;256;0;2;205;255;879;917
Listener:Sent_pong;917;CBB8
Dispatcher:CBB8;924610;49612;256;0;2;206;250;878;917
Listener:Sent_pong;917;FCED
Dispatcher:FCED;924661;26947;256;0;2;210;253;883;917
Listener:Sent_pong;917;A7E4
Dispatcher:A7E4;924775;32398;256;0;2;206;252;901;917
Listener:Sent_pong;917;A78F
Dispatcher:A78F;924916;26636;256;0;2;201;249;906;917
Listener:Sent_pong;917;F436
Dispatcher:F436;924980;38311;256;0;2;193;255;906;917
Listener:Sent_pong;918;3F27
Dispatcher:3F27;925444;51560;256;0;2;204;255;904;918
Listener:Sent_pong;918;8D93
Dispatcher:8D93;925579;36072;256;0;2;205;255;880;918
Listener:Sent_pong;918;CBB8
Dispatcher:CBB8;925617;48047;256;0;2;206;250;879;918
Listener:Sent_pong;918;FCED
Dispatcher:FCED;925669;28034;256;0;2;210;253;884;918
Listener:Sent_pong;918;A7E4
Dispatcher:A7E4;925783;26932;256;0;2;206;252;902;918
Listener:Sent_pong;918;A78F
Dispatcher:A78F;925923;30204;256;0;2;201;249;907;918
Listener:Sent_pong;918;F436
Dispatcher:F436;925988;37653;256;0;2;193;255;907;918
Listener:Sent_pong;919;3F27
Dispatcher:3F27;926453;49988;256;0;2;204;255;905;919
Listener:Sent_pong;919;8D93
Dispatcher:8D93;926585;37380;256;0;2;205;255;881;919
Listener:Sent_pong;919;CBB8
Dispatcher:CBB8;926625;54302;256;0;2;206;250;880;919
Listener:Sent_pong;919;FCED
Dispatcher:FCED;926677;26473;256;0;2;210;253;885;919
Listener:Sent_pong;919;A7E4
Dispatcher:A7E4;926791;29492;256;0;2;206;252;903;919
Listener:Sent_pong;919;A78F
Dispatcher:A78F;926932;29194;256;0;2;201;249;908;919
Listener:Sent_pong;919;F436
Dispatcher:F436;926996;39911;256;0;2;193;255;908;919
Listener:Sent_pong;920;3F27
Dispatcher:3F27;927461;51896;256;0;2;204;255;906;920
Listener:Sent_pong;920;8D93
Dispatcher:8D93;927600;48343;256;0;2;205;255;882;920
Listener:Sent_pong;920;CBB8
Dispatcher:CBB8;927637;52430;256;0;2;206;250;881;920
Listener:Sent_pong;920;FCED
Dispatcher:FCED;927684;27076;256;0;2;210;253;886;920
Listener:Sent_pong;920;A7E4
Dispatcher:A7E4;927806;34968;256;0;2;206;252;904;920
Listener:Sent_pong;920;A78F
Dispatcher:A78F;927939;28856;256;0;2;201;249;909;920
Listener:Sent_pong;920;F436
Dispatcher:F436;928010;45397;256;0;2;193;255;909;920
Listener:Sent_pong;921;3F27
Dispatcher:3F27;928468;52872;256;0;2;204;255;907;921
Listener:Sent_pong;921;8D93
Dispatcher:8D93;928609;42604;256;0;2;205;255;883;921
Listener:Sent_pong;921;CBB8
Dispatcher:CBB8;928645;51463;256;0;2;206;250;882;921
Listener:Sent_pong;921;FCED
Dispatcher:FCED;928694;28807;256;0;2;210;253;887;921
Listener:Sent_pong;921;A7E4
Dispatcher:A7E4;928814;26574;256;0;2;206;252;905;921
Listener:Sent_pong;921;A78F
Dispatcher:A78F;928948;30578;256;0;2;201;249;910;921
Listener:Sent_pong;921;F436
Dispatcher:F436;929019;46141;256;0;2;193;255;910;921
Listener:Sent_pong;922;3F27
Dispatcher:3F27;929482;44572;256;0;2;204;255;908;922
Listener:Sent_pong;922;8D93
Dispatcher:8D93;929618;26622;256;0;2;205;255;884;922
Listener:Sent_pong;922;CBB8
Dispatcher:CBB8;929654;47801;256;0;2;206;250;883;922
Listener:Sent_pong;922;FCED
Dispatcher:FCED;929701;23120;256;0;2;210;253;888;922
Listener:Sent_pong;922;A7E4
Dispatcher:A7E4;929822;24998;256;0;2;206;252;906;922
Listener:Sent_pong;922;A78F
Dispatcher:A78F;929955;26304;256;0;2;201;249;911;922
Listener:Sent_pong;922;F436
Dispatcher:F436;930026;34801;256;0;2;193;255;911;922
Listener:Sent_pong;923;3F27
Dispatcher:3F27;930490;34126;256;0;2;204;255;909;923
Listener:Sent_pong;923;8D93
Dispatcher:8D93;930626;24526;256;0;2;205;255;885;923
Listener:Sent_pong;923;CBB8
Dispatcher:CBB8;930661;24388;256;0;2;206;250;884;923
Listener:Sent_pong;923;FCED
Dispatcher:FCED;930708;23120;256;0;2;210;253;888;923
Listener:Sent_pong;923;A7E4
Dispatcher:A7E4;930838;35600;256;0;2;206;252;907;923
Listener:Sent_pong;923;A78F
Dispatcher:A78F;930964;24730;256;0;2;201;249;912;923
Listener:Sent_pong;923;F436
Dispatcher:F436;931041;47279;256;0;2;193;255;912;923
Listener:Sent_pong;924;3F27
Dispatcher:3F27;931499;37958;256;0;2;204;255;910;924
Listener:Sent_pong;924;8D93
Dispatcher:8D93;931635;26282;256;0;2;205;255;886;924
Listener:Sent_pong;924;CBB8
Dispatcher:CBB8;931668;24718;256;0;2;206;250;885;924
Listener:Sent_pong;924;FCED
Dispatcher:FCED;931716;27590;256;0;2;210;253;889;924
Listener:Sent_pong;924;A7E4
Dispatcher:A7E4;931847;26928;256;0;2;206;252;908;924
Listener:Sent_pong;924;A78F
Dispatcher:A78F;931972;29288;256;0;2;201;249;913;924
Listener:Sent_pong;924;F436
Dispatcher:F436;932049;46425;256;0;2;193;255;913;924
Listener:Sent_pong;925;3F27
Dispatcher:3F27;932512;40246;256;0;2;204;255;911;925
Listener:Sent_pong;925;8D93
Dispatcher:8D93;932642;24384;256;0;2;205;255;887;925
Listener:Sent_pong;925;CBB8
Dispatcher:CBB8;932675;26602;256;0;2;206;250;886;925
Listener:Sent_pong;925;FCED
Dispatcher:FCED;932724;28236;256;0;2;210;253;890;925
Listener:Sent_pong;925;A7E4
Dispatcher:A7E4;932855;27246;256;0;2;206;252;909;925
Listener:Sent_pong;925;A78F
Dispatcher:A78F;932980;24694;256;0;2;201;249;914;925
Listener:Sent_pong;925;F436
Dispatcher:F436;933058;41203;256;0;2;193;255;914;925
Listener:Sent_pong;926;3F27
Dispatcher:3F27;933521;47936;256;0;2;204;255;912;926
Listener:Sent_pong;926;8D93
Dispatcher:8D93;933658;36280;256;0;2;205;255;888;926
Listener:Sent_pong;926;CBB8
Dispatcher:CBB8;933684;26612;256;0;2;206;250;887;926
Listener:Sent_pong;926;FCED
Dispatcher:FCED;933732;25678;256;0;2;210;253;891;926
Listener:Sent_pong;926;A7E4
Dispatcher:A7E4;933863;25900;256;0;2;206;252;910;926
Listener:Sent_pong;926;A78F
Dispatcher:A78F;933989;30168;256;0;2;201;249;915;926
Listener:Sent_pong;926;F436
Dispatcher:F436;934069;42299;256;0;2;193;255;915;926
Listener:Sent_pong;927;3F27
Dispatcher:3F27;934529;40536;256;0;2;204;255;913;927
Listener:Sent_pong;927;8D93
Dispatcher:8D93;934665;24388;256;0;2;205;255;889;927
Listener:Sent_pong;927;CBB8
Dispatcher:CBB8;934692;28221;256;0;2;206;250;888;927
Listener:Sent_pong;927;FCED
Dispatcher:FCED;934740;26964;256;0;2;210;253;892;927
Listener:Sent_pong;927;A7E4
Dispatcher:A7E4;934870;25316;256;0;2;206;252;911;927
Listener:Sent_pong;927;A78F
Dispatcher:A78F;934998;36404;256;0;2;201;249;916;927
Listener:Sent_pong;927;F436
Dispatcher:F436;935076;38011;256;0;2;193;255;916;927
Listener:Sent_pong;928;3F27
Dispatcher:3F27;935544;45066;256;0;2;204;255;914;928
Listener:Sent_pong;928;8D93
Dispatcher:8D93;935673;23742;256;0;2;205;255;890;928
Listener:Sent_pong;928;CBB8
Dispatcher:CBB8;935700;24386;256;0;2;206;250;889;928
Listener:Sent_pong;928;FCED
Dispatcher:FCED;935749;26648;256;0;2;210;253;893;928
Listener:Sent_pong;928;A7E4
Dispatcher:A7E4;935879;25970;256;0;2;206;252;912;928
Listener:Sent_pong;928;A78F
Dispatcher:A78F;936006;24392;256;0;2;201;249;917;928
Listener:Sent_pong;928;F436
Dispatcher:F436;936084;38299;256;0;2;193;255;917;928
Listener:Sent_pong;929;3F27
Dispatcher:3F27;936553;49370;256;0;2;204;255;915;929
Listener:Sent_pong;929;8D93
Dispatcher:8D93;936689;32712;256;0;2;205;255;891;929
Listener:Sent_pong;929;CBB8
Dispatcher:CBB8;936708;26391;256;0;2;206;250;890;929
Listener:Sent_pong;929;FCED
Dispatcher:FCED;936755;24702;256;0;2;210;253;894;929
Listener:Sent_pong;929;A7E4
Dispatcher:A7E4;936895;35900;256;0;2;206;252;913;929
Listener:Sent_pong;929;A78F
Dispatcher:A78F;937013;24390;256;0;2;201;249;918;929
Listener:Sent_pong;929;F436
Dispatcher:F436;937098;46839;256;0;2;193;255;918;929
Listener:Sent_pong;930;3F27
Dispatcher:3F27;937561;38612;256;0;2;204;255;916;930
Listener:Sent_pong;930;8D93
Dispatcher:8D93;937696;25348;256;0;2;205;255;892;930
Listener:Sent_pong;930;CBB8
Dispatcher:CBB8;937718;33392;256;0;2;206;250;891;930
Listener:Sent_pong;930;FCED
Dispatcher:FCED;937763;25362;256;0;2;210;253;895;930
Listener:Sent_pong;930;A7E4
Dispatcher:A7E4;937902;24680;256;0;2;206;252;914;930
Listener:Sent_pong;930;A78F
Dispatcher:A78F;938020;24996;256;0;2;201;249;919;930
Listener:Sent_pong;930;F436
Dispatcher:F436;938107;41791;256;0;2;193;255;919;930
Listener:Sent_pong;931;3F27
Dispatcher:3F27;938570;41756;256;0;2;204;255;917;931
Listener:Sent_pong;931;8D93
Dispatcher:8D93;938705;26306;256;0;2;205;255;893;931
Listener:Sent_pong;931;CBB8
Dispatcher:CBB8;938726;27246;256;0;2;206;250;892;931
Listener:Sent_pong;931;FCED
Dispatcher:FCED;938772;28834;256;0;2;210;253;896;931
Listener:Sent_pong;931;A7E4
Dispatcher:A7E4;938910;26602;256;0;2;206;252;915;931
Listener:Sent_pong;931;A78F
Dispatcher:A78F;939028;26626;256;0;2;201;249;920;931
Listener:Sent_pong;931;F436
Dispatcher:F436;939115;38341;256;0;2;193;255;920;931
Listener:Sent_pong;932;8D93
Dispatcher:8D93;939713;28222;256;0;2;205;255;894;932
Listener:Sent_pong;932;CBB8
Dispatcher:CBB8;939737;32807;256;0;2;206;249;893;932
Listener:Sent_pong;932;FCED
Dispatcher:FCED;939780;27906;256;0;2;210;253;897;932
Listener:Sent_pong;932;A7E4
Dispatcher:A7E4;939923;32718;256;0;2;206;252;916;932
Listener:Sent_pong;932;A78F
Dispatcher:A78F;940035;26624;256;0;2;201;249;921;932
Listener:Sent_pong;932;F436
Dispatcher:F436;940137;53793;256;0;2;193;255;921;932
Listener:Sent_pong;933;3F27
Dispatcher:3F27;940586;36978;256;0;2;204;255;918;933
Listener:Sent_pong;933;8D93
Dispatcher:8D93;940721;25990;256;0;2;205;255;895;933
Listener:Sent_pong;933;CBB8
Dispatcher:CBB8;940746;26962;256;0;2;206;249;894;933
Listener:Sent_pong;933;FCED
Dispatcher:FCED;940788;25990;256;0;2;210;253;898;933
Listener:Sent_pong;933;A7E4
Dispatcher:A7E4;940931;32472;256;0;2;206;252;917;933
Listener:Sent_pong;933;A78F
Dispatcher:A78F;941043;26300;256;0;2;201;249;922;933
Listener:Sent_pong;933;F436
Dispatcher:F436;941146;38455;256;0;2;193;255;922;933
Listener:Sent_pong;934;3F27
Dispatcher:3F27;941600;45064;256;0;2;204;255;919;934
Listener:Sent_pong;934;8D93
Dispatcher:8D93;941730;28868;256;0;2;205;255;896;934
Listener:Sent_pong;934;CBB8
Dispatcher:CBB8;941754;27640;256;0;2;206;249;895;934
Listener:Sent_pong;934;FCED
Dispatcher:FCED;941797;31232;256;0;2;210;253;899;934
Listener:Sent_pong;934;A7E4
Dispatcher:A7E4;941937;25666;256;0;2;206;252;918;934
Listener:Sent_pong;934;A78F
Dispatcher:A78F;942050;24038;256;0;2;201;249;923;934
Listener:Sent_pong;934;F436
Dispatcher:F436;942153;35445;256;0;2;193;255;923;934
Listener:Sent_pong;935;3F27
Dispatcher:3F27;942609;44150;256;0;2;204;255;920;935
Listener:Sent_pong;935;8D93
Dispatcher:8D93;942745;49460;256;0;2;205;255;897;935
Listener:Sent_pong;935;CBB8
Dispatcher:CBB8;942782;47410;256;0;2;206;249;896;935
Listener:Sent_pong;935;FCED
Dispatcher:FCED;942809;29758;256;0;2;210;253;900;935
Listener:Sent_pong;935;A7E4
Dispatcher:A7E4;942953;34664;256;0;2;206;252;919;935
Listener:Sent_pong;935;A78F
Dispatcher:A78F;943058;25332;256;0;2;201;249;924;935
Listener:Sent_pong;935;F436
Dispatcher:F436;943162;43437;256;0;2;193;255;924;935
Listener:Sent_pong;936;3F27
Dispatcher:3F27;943617;36702;256;0;2;204;255;921;936
Listener:Sent_pong;936;8D93
Dispatcher:8D93;943752;25334;256;0;2;205;255;898;936
Listener:Sent_pong;936;CBB8
Dispatcher:CBB8;943790;26931;256;0;2;206;249;897;936
Listener:Sent_pong;936;FCED
Dispatcher:FCED;943817;28600;256;0;2;210;253;901;936
Listener:Sent_pong;936;A7E4
Dispatcher:A7E4;943961;25628;256;0;2;206;252;920;936
Listener:Sent_pong;936;A78F
Dispatcher:A78F;944066;30288;256;0;2;201;249;925;936
Listener:Sent_pong;936;F436
Dispatcher:F436;944170;46225;256;0;2;193;255;925;936
Listener:Sent_pong;937;3F27
Dispatcher:3F27;944630;46652;256;0;2;204;255;922;937
Listener:Sent_pong;937;8D93
Dispatcher:8D93;944760;28534;256;0;2;205;255;899;937
Listener:Sent_pong;937;CBB8
Dispatcher:CBB8;944798;27902;256;0;2;206;249;898;937
Listener:Sent_pong;937;FCED
Dispatcher:FCED;944826;27922;256;0;2;210;253;902;937
Listener:Sent_pong;937;A7E4
Dispatcher:A7E4;944968;24678;256;0;2;206;252;921;937
Listener:Sent_pong;937;A78F
Dispatcher:A78F;945075;28866;256;0;2;201;249;926;937
Listener:Sent_pong;937;F436
Dispatcher:F436;945176;36717;256;0;2;193;255;926;937
Listener:Sent_pong;938;3F27
Dispatcher:3F27;945639;49506;256;0;2;204;255;923;938
Listener:Sent_pong;938;8D93
Dispatcher:8D93;945776;37362;256;0;2;205;255;900;938
Listener:Sent_pong;938;CBB8
Dispatcher:CBB8;945806;25654;256;0;2;206;249;899;938
Listener:Sent_pong;938;FCED
Dispatcher:FCED;945834;25334;256;0;2;210;253;903;938
Listener:Sent_pong;938;A7E4
Dispatcher:A7E4;945982;30840;256;0;2;206;252;922;938
Listener:Sent_pong;938;A78F
Dispatcher:A78F;946091;33380;256;0;2;201;249;927;938
Listener:Sent_pong;938;F436
Dispatcher:F436;946184;40239;256;0;2;193;255;927;938
Listener:Sent_pong;939;3F27
Dispatcher:3F27;946648;43724;256;0;2;204;255;924;939
Listener:Sent_pong;939;8D93
Dispatcher:8D93;946785;25676;256;0;2;205;255;901;939
Listener:Sent_pong;939;CBB8
Dispatcher:CBB8;946814;24409;256;0;2;206;249;900;939
Listener:Sent_pong;939;FCED
Dispatcher:FCED;946841;25676;256;0;2;210;253;904;939
Listener:Sent_pong;939;A7E4
Dispatcher:A7E4;946991;29798;256;0;2;206;252;923;939
Listener:Sent_pong;939;A78F
Dispatcher:A78F;947099;27564;256;0;2;201;249;928;939
Listener:Sent_pong;939;F436
Dispatcher:F436;947193;40877;256;0;2;193;255;928;939
Listener:Sent_pong;940;3F27
Dispatcher:3F27;947658;41954;256;0;2;204;255;925;940
Listener:Sent_pong;940;8D93
Dispatcher:8D93;947793;25670;256;0;2;205;255;902;940
Listener:Sent_pong;940;CBB8
Dispatcher:CBB8;947821;23423;256;0;2;206;249;901;940
Listener:Sent_pong;940;FCED
Dispatcher:FCED;947850;31878;256;0;2;210;253;905;940
Listener:Sent_pong;940;A7E4
Dispatcher:A7E4;947998;27536;256;0;2;206;252;924;940
Listener:Sent_pong;940;A78F
Dispatcher:A78F;948105;24996;256;0;2;201;249;929;940
Listener:Sent_pong;940;F436
Dispatcher:F436;948201;41849;256;0;2;193;255;929;940
Listener:Sent_pong;941;3F27
Dispatcher:3F27;948666;46110;256;0;2;204;255;926;941
Listener:Sent_pong;941;8D93
Dispatcher:8D93;948801;28334;256;0;2;205;255;903;941
Listener:Sent_pong;941;CBB8
Dispatcher:CBB8;948827;24700;256;0;2;206;249;902;941
Listener:Sent_pong;941;FCED
Dispatcher:FCED;948859;28236;256;0;2;210;253;906;941
Listener:Sent_pong;941;A7E4
Dispatcher:A7E4;949013;32736;256;0;2;206;252;925;941
Listener:Sent_pong;941;A78F
Dispatcher:A78F;949119;30822;256;0;2;201;249;930;941
Listener:Sent_pong;941;F436
Dispatcher:F436;949219;49047;256;0;2;193;255;930;941
Listener:Sent_pong;942;3F27
Dispatcher:3F27;949674;37002;256;0;2;204;255;927;942
Listener:Sent_pong;942;8D93
Dispatcher:8D93;949809;27602;256;0;2;205;255;904;942
Listener:Sent_pong;942;CBB8
Dispatcher:CBB8;949835;32536;256;0;2;206;249;903;942
Listener:Sent_pong;942;FCED
Dispatcher:FCED;949867;26946;256;0;2;210;253;907;942
Listener:Sent_pong;942;A7E4
Dispatcher:A7E4;950021;27896;256;0;2;206;252;926;942
Listener:Sent_pong;942;A78F
Dispatcher:A78F;950126;26624;256;0;2;201;249;931;942
Listener:Sent_pong;942;F436
Dispatcher:F436;950228;47383;256;0;2;193;255;931;942
Listener:Sent_pong;943;3F27
Dispatcher:3F27;950687;52474;256;0;2;204;255;928;943
Listener:Sent_pong;943;8D93
Dispatcher:8D93;950818;27276;256;0;2;205;255;905;943
Listener:Sent_pong;943;CBB8
Dispatcher:CBB8;950842;24061;256;0;2;206;249;904;943
Listener:Sent_pong;943;FCED
Dispatcher:FCED;950875;27270;256;0;2;210;253;908;943
Listener:Sent_pong;943;A7E4
Dispatcher:A7E4;951029;28534;256;0;2;206;252;927;943
Listener:Sent_pong;943;A78F
Dispatcher:A78F;951133;23114;256;0;2;201;249;932;943
Listener:Sent_pong;943;F436
Dispatcher:F436;951235;38941;256;0;2;193;255;932;943
Listener:Sent_pong;944;3F27
Dispatcher:3F27;951694;39902;256;0;2;204;255;929;944
Listener:Sent_pong;944;8D93
Dispatcher:8D93;951834;33800;256;0;2;205;255;906;944
Listener:Sent_pong;944;CBB8
Dispatcher:CBB8;951858;35819;256;0;2;206;249;905;944
Listener:Sent_pong;944;FCED
Dispatcher:FCED;951885;28070;256;0;2;210;253;909;944
Listener:Sent_pong;944;A7E4
Dispatcher:A7E4;952043;34742;256;0;2;206;252;928;944
Listener:Sent_pong;944;A78F
Dispatcher:A78F;952149;36858;256;0;2;201;249;933;944
Listener:Sent_pong;944;F436
Dispatcher:F436;952243;42477;256;0;2;193;255;933;944
Listener:Sent_pong;945;3F27
Dispatcher:3F27;952703;42150;256;0;2;204;255;930;945
Listener:Sent_pong;945;8D93
Dispatcher:8D93;952843;31126;256;0;2;205;255;907;945
Listener:Sent_pong;945;CBB8
Dispatcher:CBB8;952868;30313;256;0;2;206;249;906;945
Listener:Sent_pong;945;FCED
Dispatcher:FCED;952894;24754;256;0;2;210;253;910;945
Listener:Sent_pong;945;A7E4
Dispatcher:A7E4;953051;26258;256;0;2;206;252;929;945
Listener:Sent_pong;945;A78F
Dispatcher:A78F;953158;27880;256;0;2;201;249;934;945
Listener:Sent_pong;945;F436
Dispatcher:F436;953252;44215;256;0;2;193;255;934;945
Listener:Sent_pong;946;3F27
Dispatcher:3F27;953719;49854;256;0;2;204;255;931;946
Listener:Sent_pong;946;8D93
Dispatcher:8D93;953850;25676;256;0;2;205;255;908;946
Listener:Sent_pong;946;CBB8
Dispatcher:CBB8;953877;28543;256;0;2;206;249;907;946
Listener:Sent_pong;946;FCED
Dispatcher:FCED;953903;31734;256;0;2;210;253;911;946
Listener:Sent_pong;946;A7E4
Dispatcher:A7E4;954058;27872;256;0;2;206;252;930;946
Listener:Sent_pong;946;A78F
Dispatcher:A78F;954166;28518;256;0;2;201;249;935;946
Listener:Sent_pong;946;F436
Dispatcher:F436;954261;43431;256;0;2;193;255;935;946
Listener:Sent_pong;947;3F27
Dispatcher:3F27;954726;38300;256;0;2;204;255;932;947
Listener:Sent_pong;947;8D93
Dispatcher:8D93;954859;26374;256;0;2;205;255;909;947
Listener:Sent_pong;947;CBB8
Dispatcher:CBB8;954885;26002;256;0;2;206;249;908;947
Listener:Sent_pong;947;FCED
Dispatcher:FCED;954911;25662;256;0;2;210;253;912;947
Listener:Sent_pong;947;A7E4
Dispatcher:A7E4;955067;26604;256;0;2;206;252;931;947
Listener:Sent_pong;947;A78F
Dispatcher:A78F;955178;32498;256;0;2;201;249;936;947
Listener:Sent_pong;947;F436
Dispatcher:F436;955275;46753;256;0;2;193;255;936;947
Listener:Sent_pong;948;3F27
Dispatcher:3F27;955733;37630;256;0;2;204;255;933;948
Listener:Sent_pong;948;8D93
Dispatcher:8D93;955868;26634;256;0;2;205;255;910;948
Listener:Sent_pong;948;CBB8
Dispatcher:CBB8;955893;29624;256;0;2;206;249;909;948
Listener:Sent_pong;948;FCED
Dispatcher:FCED;955920;28520;256;0;2;210;253;913;948
Listener:Sent_pong;948;A7E4
Dispatcher:A7E4;956075;26588;256;0;2;206;252;932;948
Listener:Sent_pong;948;A78F
Dispatcher:A78F;956186;26944;256;0;2;201;249;937;948
Listener:Sent_pong;948;F436
Dispatcher:F436;956283;36393;256;0;2;193;255;937;948
Listener:Sent_pong;949;3F27
Dispatcher:3F27;956746;42256;256;0;2;204;255;934;949
Listener:Sent_pong;949;8D93
Dispatcher:8D93;956875;27894;256;0;2;205;255;911;949
Listener:Sent_pong;949;FCED
Dispatcher:FCED;956929;28556;256;0;2;210;253;914;949
Listener:Sent_pong;949;CBB8
Dispatcher:CBB8;956900;27238;256;0;2;206;249;910;949
Listener:Sent_pong;949;A7E4
Dispatcher:A7E4;957082;24050;256;0;2;206;252;933;949
Listener:Sent_pong;949;A78F
Dispatcher:A78F;957193;28224;256;0;2;201;249;938;949
Listener:Sent_pong;949;F436
Dispatcher:F436;957290;39611;256;0;2;193;255;938;949
Listener:Sent_pong;950;3F27
Dispatcher:3F27;957755;38306;256;0;2;204;255;935;950
Listener:Sent_pong;950;8D93
Dispatcher:8D93;957893;52672;256;0;2;205;255;912;950
Listener:Sent_pong;950;CBB8
Dispatcher:CBB8;957930;75798;256;0;2;206;249;911;950
Listener:Sent_pong;950;FCED
Dispatcher:FCED;957936;26806;256;0;2;210;253;915;950
Listener:Sent_pong;950;A7E4
Dispatcher:A7E4;958090;27892;256;0;2;206;252;934;950
Listener:Sent_pong;950;A78F
Dispatcher:A78F;958205;32508;256;0;2;201;249;939;950
Listener:Sent_pong;950;F436
Dispatcher:F436;958304;43743;256;0;2;193;255;939;950
Listener:Sent_pong;951;3F27
Dispatcher:3F27;958762;25992;256;0;2;204;255;936;951
Listener:Sent_pong;951;8D93
Dispatcher:8D93;958902;28866;256;0;2;205;255;913;951
Listener:Sent_pong;951;CBB8
Dispatcher:CBB8;958938;35027;256;0;2;206;249;912;951
Listener:Sent_pong;951;A7E4
Dispatcher:A7E4;959099;27874;256;0;2;206;252;935;951
Listener:Sent_pong;951;A78F
Dispatcher:A78F;959213;27596;256;0;2;201;249;940;951
Listener:Sent_pong;951;F436
Dispatcher:F436;959313;49411;256;0;2;193;255;940;951
Listener:Sent_pong;952;3F27
Dispatcher:3F27;959778;35956;256;0;2;204;255;937;952
Listener:Sent_pong;952;8D93
Dispatcher:8D93;959909;24710;256;0;2;205;255;914;952
Listener:Sent_pong;952;CBB8
Dispatcher:CBB8;959947;65031;256;0;2;206;249;913;952
Listener:Sent_pong;952;FCED
Dispatcher:FCED;959953;47688;256;0;2;210;253;916;952
Listener:Sent_pong;952;A7E4
Dispatcher:A7E4;960107;24988;256;0;2;206;252;936;952
Listener:Sent_pong;952;A78F
Dispatcher:A78F;960222;29806;256;0;2;201;249;941;952
Listener:Sent_pong;952;F436
Dispatcher:F436;960320;41227;256;0;2;193;255;941;952
Listener:Sent_pong;953;3F27
Dispatcher:3F27;960786;24724;256;0;2;204;255;938;953
Listener:Sent_pong;953;8D93
Dispatcher:8D93;960919;30610;256;0;2;205;255;915;953
Listener:Sent_pong;953;CBB8
Dispatcher:CBB8;960954;23749;256;0;2;206;249;914;953
Listener:Sent_pong;953;FCED
Dispatcher:FCED;960981;48416;256;0;2;210;253;917;953
Listener:Sent_pong;953;A7E4
Dispatcher:A7E4;961116;33240;256;0;2;206;252;937;953
Listener:Sent_pong;953;A78F
Dispatcher:A78F;961236;35706;256;0;2;201;249;942;953
Listener:Sent_pong;953;F436
Dispatcher:F436;961332;44781;256;0;2;193;255;942;953
Listener:Sent_pong;954;3F27
Dispatcher:3F27;961793;26950;256;0;2;204;255;939;954
Listener:Sent_pong;954;8D93
Dispatcher:8D93;961928;30136;256;0;2;205;255;916;954
Listener:Sent_pong;954;CBB8
Dispatcher:CBB8;961961;26001;256;0;2;206;249;915;954
Listener:Sent_pong;954;FCED
Dispatcher:FCED;961989;24388;256;0;2;210;253;918;954
Listener:Sent_pong;954;A7E4
Dispatcher:A7E4;962123;24998;256;0;2;206;252;938;954
Listener:Sent_pong;954;A78F
Dispatcher:A78F;962245;25026;256;0;2;201;249;943;954
Listener:Sent_pong;954;F436
Dispatcher:F436;962340;44781;256;0;2;193;255;942;954
Listener:Sent_pong;955;3F27
Dispatcher:3F27;962803;41966;256;0;2;204;255;940;955
Listener:Sent_pong;955;8D93
Dispatcher:8D93;962937;29232;256;0;2;205;255;917;955
Listener:Sent_pong;955;CBB8
Dispatcher:CBB8;962968;25963;256;0;2;206;249;916;955
Listener:Sent_pong;955;FCED
Dispatcher:FCED;962996;25996;256;0;2;210;253;919;955
Listener:Sent_pong;955;A7E4
Dispatcher:A7E4;963131;24064;256;0;2;206;252;939;955
Listener:Sent_pong;955;A78F
Dispatcher:A78F;963253;27570;256;0;2;201;249;944;955
Listener:Sent_pong;955;F436
Dispatcher:F436;963347;24713;256;0;2;193;255;943;955
Listener:Sent_pong;956;3F27
Dispatcher:3F27;963811;44488;256;0;2;204;255;941;956
Listener:Sent_pong;956;8D93
Dispatcher:8D93;963951;31530;256;0;2;205;255;918;956
Listener:Sent_pong;956;CBB8
Dispatcher:CBB8;963976;26598;256;0;2;206;249;917;956
Listener:Sent_pong;956;FCED
Dispatcher:FCED;964003;25988;256;0;2;210;253;920;956
Listener:Sent_pong;956;A7E4
Dispatcher:A7E4;964139;33764;256;0;2;206;252;940;956
Listener:Sent_pong;956;A78F
Dispatcher:A78F;964265;31062;256;0;2;201;249;945;956
Listener:Sent_pong;956;F436
Dispatcher:F436;964363;34353;256;0;2;193;255;944;956
Listener:Sent_pong;957;3F27
Dispatcher:3F27;964819;38904;256;0;2;204;255;942;957
Listener:Sent_pong;957;8D93
Dispatcher:8D93;964958;27272;256;0;2;205;255;919;957
Listener:Sent_pong;957;CBB8
Dispatcher:CBB8;964983;25037;256;0;2;206;249;918;957
Listener:Sent_pong;957;FCED
Dispatcher:FCED;965012;26636;256;0;2;210;253;921;957
Listener:Sent_pong;957;A7E4
Dispatcher:A7E4;965146;28514;256;0;2;206;252;941;957
Listener:Sent_pong;957;A78F
Dispatcher:A78F;965272;24050;256;0;2;201;249;946;957
Listener:Sent_pong;957;F436
Dispatcher:F436;965372;28887;256;0;2;193;255;945;957
Listener:Sent_pong;958;3F27
Dispatcher:3F27;965832;45390;256;0;2;204;255;943;958
Listener:Sent_pong;958;CBB8
Dispatcher:CBB8;965992;28896;256;0;2;206;249;919;958
Listener:Sent_pong;958;FCED
Dispatcher:FCED;966018;28122;256;0;2;210;253;922;958
Listener:Sent_pong;958;A7E4
Dispatcher:A7E4;966155;27856;256;0;2;206;251;942;958
Listener:Sent_pong;958;A78F
Dispatcher:A78F;966280;28854;256;0;2;201;240;947;958
Listener:Sent_pong;958;F436
Dispatcher:F436;966386;31477;256;0;2;193;255;946;958
Listener:Sent_pong;959;3F27
Dispatcher:3F27;966841;45268;256;0;2;204;255;944;959
Listener:Sent_pong;959;8D93
Dispatcher:8D93;966970;28536;256;0;2;205;255;920;959
Listener:Sent_pong;959;CBB8
Dispatcher:CBB8;967000;48850;256;0;2;206;249;920;959
Listener:Sent_pong;959;FCED
Dispatcher:FCED;967025;45268;256;0;2;210;253;923;959
Listener:Sent_pong;959;A7E4
Dispatcher:A7E4;967164;57468;256;0;2;206;251;943;959
Listener:Sent_pong;959;A78F
Dispatcher:A78F;967294;35946;256;0;2;201;247;948;959
Listener:Sent_pong;959;F436
Dispatcher:F436;967393;25659;256;0;2;193;255;947;959
Listener:Sent_pong;960;3F27
Dispatcher:3F27;967849;47038;256;0;2;204;255;945;960
Listener:Sent_pong;960;8D93
Dispatcher:8D93;967978;27924;256;0;2;205;255;921;960
Listener:Sent_pong;960;CBB8
Dispatcher:CBB8;968008;44500;256;0;2;206;249;921;960
Listener:Sent_pong;960;FCED
Dispatcher:FCED;968034;57910;256;0;2;210;253;924;960
Listener:Sent_pong;960;A7E4
Dispatcher:A7E4;968172;26904;256;0;2;206;251;944;960
Listener:Sent_pong;960;A78F
Dispatcher:A78F;968301;25644;256;0;2;201;249;949;960
Listener:Sent_pong;960;F436
Dispatcher:F436;968401;26633;256;0;2;193;255;948;960
Listener:Sent_pong;961;3F27
Dispatcher:3F27;968865;44430;256;0;2;204;255;946;961
Listener:Sent_pong;961;8D93
Dispatcher:8D93;968985;25358;256;0;2;205;255;922;961
Listener:Sent_pong;961;CBB8
Dispatcher:CBB8;969016;44500;256;0;2;206;249;921;961
Listener:Sent_pong;961;FCED
Dispatcher:FCED;969042;57910;256;0;2;210;253;924;961
Listener:Sent_pong;961;A7E4
Dispatcher:A7E4;969178;23422;256;0;2;206;251;945;961
Listener:Sent_pong;961;A78F
Dispatcher:A78F;969310;29532;256;0;2;201;249;950;961
Listener:Sent_pong;961;F436
Dispatcher:F436;969407;24387;256;0;2;193;255;949;961
Listener:Sent_pong;962;3F27
Dispatcher:3F27;969874;48272;256;0;2;204;255;947;962
Listener:Sent_pong;962;8D93
Dispatcher:8D93;969993;26958;256;0;2;205;255;923;962
Listener:Sent_pong;962;CBB8
Dispatcher:CBB8;970024;44500;256;0;2;206;249;921;962
Listener:Sent_pong;962;FCED
Dispatcher:FCED;970050;48444;256;0;2;210;253;925;962
Listener:Sent_pong;962;A7E4
Dispatcher:A7E4;970187;25952;256;0;2;206;251;946;962
Listener:Sent_pong;962;A78F
Dispatcher:A78F;970324;34438;256;0;2;201;249;951;962
Listener:Sent_pong;962;F436
Dispatcher:F436;970420;30809;256;0;2;193;255;950;962
Listener:Sent_pong;963;3F27
Dispatcher:3F27;970883;41802;256;0;2;204;255;948;963
Listener:Sent_pong;963;8D93
Dispatcher:8D93;971000;24054;256;0;2;205;255;924;963
Listener:Sent_pong;963;CBB8
Dispatcher:CBB8;971032;63547;256;0;2;206;249;922;963
Listener:Sent_pong;963;FCED
Dispatcher:FCED;971061;63184;256;0;2;210;253;926;963
Listener:Sent_pong;963;A7E4
Dispatcher:A7E4;971194;25338;256;0;2;206;251;947;963
Listener:Sent_pong;963;A78F
Dispatcher:A78F;971332;24392;256;0;2;201;249;952;963
Listener:Sent_pong;963;F436
Dispatcher:F436;971428;26641;256;0;2;193;255;951;963
Listener:Sent_pong;964;3F27
Dispatcher:3F27;971892;38308;256;0;2;204;255;949;964
Listener:Sent_pong;964;8D93
Dispatcher:8D93;972008;25040;256;0;2;205;255;925;964
Listener:Sent_pong;964;CBB8
Dispatcher:CBB8;972039;36041;256;0;2;206;249;923;964
Listener:Sent_pong;964;FCED
Dispatcher:FCED;972078;49402;256;0;2;210;253;927;964
Listener:Sent_pong;964;A7E4
Dispatcher:A7E4;972202;25640;256;0;2;206;251;948;964
Listener:Sent_pong;964;A78F
Dispatcher:A78F;972339;23746;256;0;2;201;249;953;964
Listener:Sent_pong;964;F436
Dispatcher:F436;972436;27585;256;0;2;193;255;952;964
Listener:Sent_pong;965;3F27
Dispatcher:3F27;972900;43968;256;0;2;204;255;950;965
Listener:Sent_pong;965;8D93
Dispatcher:8D93;973015;25340;256;0;2;205;255;926;965
Listener:Sent_pong;965;CBB8
Dispatcher:CBB8;973046;37681;256;0;2;206;249;924;965
Listener:Sent_pong;965;FCED
Dispatcher:FCED;973087;44224;256;0;2;210;253;928;965
Listener:Sent_pong;965;A7E4
Dispatcher:A7E4;973210;27560;256;0;2;206;251;949;965
Listener:Sent_pong;965;A78F
Dispatcher:A78F;973352;38254;256;0;2;201;249;954;965
Listener:Sent_pong;965;F436
Dispatcher:F436;973447;30267;256;0;2;193;255;953;965
Listener:Sent_pong;966;3F27
Dispatcher:3F27;973907;36370;256;0;2;204;255;951;966
Listener:Sent_pong;966;8D93
Dispatcher:8D93;974022;29518;256;0;2;205;255;927;966
Listener:Sent_pong;966;CBB8
Dispatcher:CBB8;974053;37681;256;0;2;206;249;924;966
Listener:Sent_pong;966;FCED
Dispatcher:FCED;974110;61868;256;0;2;210;253;929;966
Listener:Sent_pong;966;A7E4
Dispatcher:A7E4;974219;27590;256;0;2;206;251;950;966
Listener:Sent_pong;966;A78F
Dispatcher:A78F;974359;23118;256;0;2;201;249;955;966
Listener:Sent_pong;966;F436
Dispatcher:F436;974454;23419;256;0;2;193;255;954;966
Listener:Sent_pong;967;3F27
Dispatcher:3F27;974919;43300;256;0;2;204;255;952;967
Listener:Sent_pong;967;8D93
Dispatcher:8D93;975031;27270;256;0;2;205;255;928;967
Listener:Sent_pong;967;CBB8
Dispatcher:CBB8;975062;40519;256;0;2;206;249;925;967
Listener:Sent_pong;967;FCED
Dispatcher:FCED;975119;40390;256;0;2;210;253;930;967
Listener:Sent_pong;967;A7E4
Dispatcher:A7E4;975228;28000;256;0;2;206;251;951;967
Listener:Sent_pong;967;A78F
Dispatcher:A78F;975368;31124;256;0;2;201;249;956;967
Listener:Sent_pong;967;F436
Dispatcher:F436;975462;27597;256;0;2;193;255;955;967
Listener:Sent_pong;968;3F27
Dispatcher:3F27;975927;45902;256;0;2;204;255;953;968
Listener:Sent_pong;968;8D93
Dispatcher:8D93;976038;25982;256;0;2;205;255;929;968
Listener:Sent_pong;968;CBB8
Dispatcher:CBB8;976071;41486;256;0;2;206;249;926;968
Listener:Sent_pong;968;FCED
Dispatcher:FCED;976127;39296;256;0;2;210;253;931;968
Listener:Sent_pong;968;A7E4
Dispatcher:A7E4;976237;26292;256;0;2;206;251;952;968
Listener:Sent_pong;968;A78F
Dispatcher:A78F;976383;35620;256;0;2;201;249;957;968
Listener:Sent_pong;968;F436
Dispatcher:F436;976476;34751;256;0;2;193;255;956;968
Listener:Sent_pong;969;3F27
Dispatcher:3F27;976934;52220;256;0;2;204;255;954;969
Listener:Sent_pong;969;8D93
Dispatcher:8D93;977045;36726;256;0;2;205;255;930;969
Listener:Sent_pong;969;CBB8
Dispatcher:CBB8;977078;54918;256;0;2;206;249;927;969
Listener:Sent_pong;969;FCED
Dispatcher:FCED;977134;23766;256;0;2;210;253;932;969
Listener:Sent_pong;969;A7E4
Dispatcher:A7E4;977246;32072;256;0;2;206;251;953;969
Listener:Sent_pong;969;A78F
Dispatcher:A78F;977391;26310;256;0;2;201;249;958;969
Listener:Sent_pong;969;F436
Dispatcher:F436;977484;44853;256;0;2;193;255;957;969
Listener:Sent_pong;970;3F27
Dispatcher:3F27;977941;52770;256;0;2;204;255;955;970
Listener:Sent_pong;970;8D93
Dispatcher:8D93;978052;39266;256;0;2;205;255;931;970
Listener:Sent_pong;970;CBB8
Dispatcher:CBB8;978087;52408;256;0;2;206;249;928;970
Listener:Sent_pong;970;FCED
Dispatcher:FCED;978141;32208;256;0;2;210;253;933;970
Listener:Sent_pong;970;A7E4
Dispatcher:A7E4;978259;31854;256;0;2;206;251;954;970
Listener:Sent_pong;970;A78F
Dispatcher:A78F;978397;22156;256;0;2;201;249;959;970
Listener:Sent_pong;970;F436
Dispatcher:F436;978491;37023;256;0;2;193;255;958;970
Listener:Sent_pong;971;3F27
Dispatcher:3F27;978949;62536;256;0;2;204;255;956;971
Listener:Sent_pong;971;8D93
Dispatcher:8D93;979060;41334;256;0;2;205;255;932;971
Listener:Sent_pong;971;CBB8
Dispatcher:CBB8;979097;55797;256;0;2;206;249;929;971
Listener:Sent_pong;971;FCED
Dispatcher:FCED;979149;23455;256;0;2;210;253;934;971
Listener:Sent_pong;971;A7E4
Dispatcher:A7E4;979266;25646;256;0;2;206;251;955;971
Listener:Sent_pong;971;A78F
Dispatcher:A78F;979410;33078;256;0;2;201;249;960;971
Listener:Sent_pong;971;F436
Dispatcher:F436;979506;42163;256;0;2;193;255;959;971
Listener:Sent_pong;972;3F27
Dispatcher:3F27;979957;52206;256;0;2;204;255;957;972
Listener:Sent_pong;972;8D93
Dispatcher:8D93;980069;38946;256;0;2;205;255;933;972
Listener:Sent_pong;972;CBB8
Dispatcher:CBB8;980104;50923;256;0;2;206;249;930;972
Listener:Sent_pong;972;FCED
Dispatcher:FCED;980158;29518;256;0;2;210;253;935;972
Listener:Sent_pong;972;A7E4
Dispatcher:A7E4;980274;26926;256;0;2;206;251;956;972
Listener:Sent_pong;972;A78F
Dispatcher:A78F;980417;28866;256;0;2;201;249;961;972
Listener:Sent_pong;972;F436
Dispatcher:F436;980514;51327;256;0;2;193;255;960;972
Listener:Sent_pong;973;3F27
Dispatcher:3F27;980965;56066;256;0;2;204;255;958;973
Listener:Sent_pong;973;8D93
Dispatcher:8D93;981077;39582;256;0;2;205;255;934;973
Listener:Sent_pong;973;CBB8
Dispatcher:CBB8;981111;55797;256;0;2;206;249;931;973
Listener:Sent_pong;973;FCED
Dispatcher:FCED;981167;27799;256;0;2;210;253;936;973
Listener:Sent_pong;973;A7E4
Dispatcher:A7E4;981290;32538;256;0;2;206;251;957;973
Listener:Sent_pong;973;A78F
Dispatcher:A78F;981425;28222;256;0;2;201;249;962;973
Listener:Sent_pong;973;F436
Dispatcher:F436;981521;37361;256;0;2;193;255;961;973
Listener:Sent_pong;974;3F27
Dispatcher:3F27;981972;49018;256;0;2;204;255;959;974
Listener:Sent_pong;974;8D93
Dispatcher:8D93;982086;40872;256;0;2;205;255;935;974
Listener:Sent_pong;974;CBB8
Dispatcher:CBB8;982124;54741;256;0;2;206;249;932;974
Listener:Sent_pong;974;FCED
Dispatcher:FCED;982174;29016;256;0;2;210;253;937;974
Listener:Sent_pong;974;A7E4
Dispatcher:A7E4;982298;26912;256;0;2;206;251;958;974
Listener:Sent_pong;974;A78F
Dispatcher:A78F;982438;31164;256;0;2;201;249;963;974
Listener:Sent_pong;974;F436
Dispatcher:F436;982535;44759;256;0;2;193;255;962;974
Listener:Sent_pong;975;3F27
Dispatcher:3F27;982980;53184;256;0;2;204;255;960;975
Listener:Sent_pong;975;8D93
Dispatcher:8D93;983094;37678;256;0;2;205;255;936;975
Listener:Sent_pong;975;CBB8
Dispatcher:CBB8;983133;53510;256;0;2;206;249;933;975
Listener:Sent_pong;975;FCED
Dispatcher:FCED;983185;29509;256;0;2;210;253;938;975
Listener:Sent_pong;975;A7E4
Dispatcher:A7E4;983304;23096;256;0;2;206;251;959;975
Listener:Sent_pong;975;A78F
Dispatcher:A78F;983445;25652;256;0;2;201;249;964;975
Listener:Sent_pong;975;F436
Dispatcher:F436;983543;44885;256;0;2;193;255;963;975
Listener:Sent_pong;976;3F27
Dispatcher:3F27;983988;52542;256;0;2;204;255;961;976
Listener:Sent_pong;976;8D93
Dispatcher:8D93;984108;48386;256;0;2;205;255;937;976
Listener:Sent_pong;976;CBB8
Dispatcher:CBB8;984146;52663;256;0;2;206;249;934;976
Listener:Sent_pong;976;FCED
Dispatcher:FCED;984192;26064;256;0;2;210;253;939;976
Listener:Sent_pong;976;A7E4
Dispatcher:A7E4;984316;29226;256;0;2;206;251;960;976
Listener:Sent_pong;976;A78F
Dispatcher:A78F;984452;24400;256;0;2;201;249;965;976
Listener:Sent_pong;976;F436
Dispatcher:F436;984551;38957;256;0;2;193;255;964;976
Listener:Sent_pong;977;3F27
Dispatcher:3F27;984996;48376;256;0;2;204;255;962;977
Listener:Sent_pong;977;8D93
Dispatcher:8D93;985115;45806;256;0;2;205;255;938;977
Listener:Sent_pong;977;CBB8
Dispatcher:CBB8;985158;61837;256;0;2;206;249;935;977
Listener:Sent_pong;977;FCED
Dispatcher:FCED;985203;33610;256;0;2;210;253;940;977
Listener:Sent_pong;977;A7E4
Dispatcher:A7E4;985324;25320;256;0;2;206;251;961;977
Listener:Sent_pong;977;A78F
Dispatcher:A78F;985468;35474;256;0;2;201;249;966;977
Listener:Sent_pong;977;F436
Dispatcher:F436;985559;46125;256;0;2;193;255;965;977
Listener:Sent_pong;978;3F27
Dispatcher:3F27;986004;51886;256;0;2;204;255;963;978
Listener:Sent_pong;978;8D93
Dispatcher:8D93;986123;40584;256;0;2;205;255;939;978
Listener:Sent_pong;978;CBB8
Dispatcher:CBB8;986167;52174;256;0;2;206;249;936;978
Listener:Sent_pong;978;FCED
Dispatcher:FCED;986216;30265;256;0;2;210;253;941;978
Listener:Sent_pong;978;A7E4
Dispatcher:A7E4;986331;28856;256;0;2;206;251;962;978
Listener:Sent_pong;978;A78F
Dispatcher:A78F;986476;28840;256;0;2;201;249;967;978
Listener:Sent_pong;978;F436
Dispatcher:F436;986567;39619;256;0;2;193;255;966;978
Listener:Sent_pong;979;3F27
Dispatcher:3F27;987011;52866;256;0;2;204;255;964;979
Listener:Sent_pong;979;8D93
Dispatcher:8D93;987137;46134;256;0;2;205;255;940;979
Listener:Sent_pong;979;CBB8
Dispatcher:CBB8;987175;54786;256;0;2;206;249;937;979
Listener:Sent_pong;979;FCED
Dispatcher:FCED;987227;26764;256;0;2;210;253;942;979
Listener:Sent_pong;979;A7E4
Dispatcher:A7E4;987345;32426;256;0;2;206;251;963;979
Listener:Sent_pong;979;A78F
Dispatcher:A78F;987484;28546;256;0;2;201;249;968;979
Listener:Sent_pong;979;F436
Dispatcher:F436;987575;39569;256;0;2;193;255;967;979
Listener:Sent_pong;980;3F27
Dispatcher:3F27;988019;57962;256;0;2;204;255;965;980
Listener:Sent_pong;980;8D93
Dispatcher:8D93;988144;38642;256;0;2;205;255;941;980
Listener:Sent_pong;980;CBB8
Dispatcher:CBB8;988183;50934;256;0;2;206;249;938;980
Listener:Sent_pong;980;FCED
Dispatcher:FCED;988235;25689;256;0;2;210;253;943;980
Listener:Sent_pong;980;A7E4
Dispatcher:A7E4;988352;24994;256;0;2;206;251;964;980
Listener:Sent_pong;980;A78F
Dispatcher:A78F;988499;36372;256;0;2;201;249;969;980
Listener:Sent_pong;980;F436
Dispatcher:F436;988583;48691;256;0;2;193;255;968;980
Listener:Sent_pong;981;3F27
Dispatcher:3F27;989028;53828;256;0;2;204;255;966;981
Listener:Sent_pong;981;8D93
Dispatcher:8D93;989152;39918;256;0;2;205;255;942;981
Listener:Sent_pong;981;CBB8
Dispatcher:CBB8;989191;50272;256;0;2;206;249;939;981
Listener:Sent_pong;981;FCED
Dispatcher:FCED;989244;26000;256;0;2;210;253;944;981
Listener:Sent_pong;981;A7E4
Dispatcher:A7E4;989359;24044;256;0;2;206;251;965;981
Listener:Sent_pong;981;A78F
Dispatcher:A78F;989507;24688;256;0;2;201;249;970;981
Listener:Sent_pong;981;F436
Dispatcher:F436;989591;41851;256;0;2;193;255;969;981
Listener:Sent_pong;982;3F27
Dispatcher:3F27;990037;45452;256;0;2;204;255;967;982
Listener:Sent_pong;982;8D93
Dispatcher:8D93;990166;33080;256;0;2;205;255;943;982
Listener:Sent_pong;982;CBB8
Dispatcher:CBB8;990199;37341;256;0;2;206;249;940;982
Listener:Sent_pong;982;FCED
Dispatcher:FCED;990252;27256;256;0;2;210;253;945;982
Listener:Sent_pong;982;A7E4
Dispatcher:A7E4;990366;27154;256;0;2;206;251;966;982
Listener:Sent_pong;982;A78F
Dispatcher:A78F;990515;25006;256;0;2;201;249;971;982
Listener:Sent_pong;982;F436
Dispatcher:F436;990598;36707;256;0;2;193;255;970;982
Listener:Sent_pong;983;3F27
Dispatcher:3F27;991045;41194;256;0;2;204;255;968;983
Listener:Sent_pong;983;8D93
Dispatcher:8D93;991174;26634;256;0;2;205;255;944;983
Listener:Sent_pong;983;CBB8
Dispatcher:CBB8;991207;26624;256;0;2;206;249;941;983
Listener:Sent_pong;983;FCED
Dispatcher:FCED;991260;28574;256;0;2;210;253;946;983
Listener:Sent_pong;983;A7E4
Dispatcher:A7E4;991373;26266;256;0;2;206;251;967;983
Listener:Sent_pong;983;A78F
Dispatcher:A78F;991526;31838;256;0;2;201;249;972;983
Listener:Sent_pong;983;F436
Dispatcher:F436;991606;42931;256;0;2;193;255;971;983
Listener:Sent_pong;984;3F27
Dispatcher:3F27;992052;38266;256;0;2;204;255;969;984
Listener:Sent_pong;984;8D93
Dispatcher:8D93;992183;27912;256;0;2;205;255;945;984
Listener:Sent_pong;984;CBB8
Dispatcher:CBB8;992215;27608;256;0;2;206;249;942;984
Listener:Sent_pong;984;FCED
Dispatcher:FCED;992268;26658;256;0;2;210;253;947;984
Listener:Sent_pong;984;A7E4
Dispatcher:A7E4;992381;25668;256;0;2;206;251;968;984
Listener:Sent_pong;984;A78F
Dispatcher:A78F;992534;26300;256;0;2;201;249;973;984
Listener:Sent_pong;984;F436
Dispatcher:F436;992615;38991;256;0;2;193;255;972;984
Listener:Sent_pong;985;3F27
Dispatcher:3F27;993059;36344;256;0;2;204;255;970;985
Listener:Sent_pong;985;8D93
Dispatcher:8D93;993196;29616;256;0;2;205;255;946;985
Listener:Sent_pong;985;CBB8
Dispatcher:CBB8;993222;24702;256;0;2;206;249;943;985
Listener:Sent_pong;985;FCED
Dispatcher:FCED;993276;27580;256;0;2;210;253;948;985
Listener:Sent_pong;985;A7E4
Dispatcher:A7E4;993389;25466;256;0;2;206;251;969;985
Listener:Sent_pong;985;A78F
Dispatcher:A78F;993541;23428;256;0;2;201;249;974;985
Listener:Sent_pong;985;F436
Dispatcher:F436;993622;40557;256;0;2;193;255;973;985
Listener:Sent_pong;986;3F27
Dispatcher:3F27;994066;36714;256;0;2;204;255;971;986
Listener:Sent_pong;986;8D93
Dispatcher:8D93;994204;24044;256;0;2;205;255;947;986
Listener:Sent_pong;986;CBB8
Dispatcher:CBB8;994229;28997;256;0;2;206;249;944;986
Listener:Sent_pong;986;FCED
Dispatcher:FCED;994284;24382;256;0;2;210;253;949;986
Listener:Sent_pong;986;A7E4
Dispatcher:A7E4;994396;25310;256;0;2;206;251;970;986
Listener:Sent_pong;986;A78F
Dispatcher:A78F;994556;33238;256;0;2;201;249;975;986
Listener:Sent_pong;986;F436
Dispatcher:F436;994629;36207;256;0;2;193;255;974;986
Listener:Sent_pong;987;3F27
Dispatcher:3F27;995079;46660;256;0;2;204;255;972;987
Listener:Sent_pong;987;8D93
Dispatcher:8D93;995213;29502;256;0;2;205;255;948;987
Listener:Sent_pong;987;CBB8
Dispatcher:CBB8;995237;25360;256;0;2;206;249;945;987
Listener:Sent_pong;987;FCED
Dispatcher:FCED;995293;31878;256;0;2;210;253;950;987
Listener:Sent_pong;987;A7E4
Dispatcher:A7E4;995404;26268;256;0;2;206;251;971;987
Listener:Sent_pong;987;A78F
Dispatcher:A78F;995564;26926;256;0;2;201;249;976;987
Listener:Sent_pong;987;F436
Dispatcher:F436;995638;40873;256;0;2;193;255;975;987
Listener:Sent_pong;988;3F27
Dispatcher:3F27;996087;38286;256;0;2;204;255;973;988
Listener:Sent_pong;988;8D93
Dispatcher:8D93;996223;28016;256;0;2;205;255;949;988
Listener:Sent_pong;988;CBB8
Dispatcher:CBB8;996245;27899;256;0;2;206;249;946;988
Listener:Sent_pong;988;FCED
Dispatcher:FCED;996300;28542;256;0;2;210;253;951;988
Listener:Sent_pong;988;A7E4
Dispatcher:A7E4;996413;36076;256;0;2;206;251;972;988
Listener:Sent_pong;988;A78F
Dispatcher:A78F;996571;27900;256;0;2;201;249;977;988
Listener:Sent_pong;988;F436
Dispatcher:F436;996645;38963;256;0;2;193;255;976;988
Listener:Sent_pong;989;3F27
Dispatcher:3F27;997095;45426;256;0;2;204;255;974;989
Listener:Sent_pong;989;8D93
Dispatcher:8D93;997230;25348;256;0;2;205;255;950;989
Listener:Sent_pong;989;CBB8
Dispatcher:CBB8;997254;28854;256;0;2;206;249;947;989
Listener:Sent_pong;989;FCED
Dispatcher:FCED;997308;26320;256;0;2;210;253;952;989
Listener:Sent_pong;989;A7E4
Dispatcher:A7E4;997420;25636;256;0;2;206;251;973;989
Listener:Sent_pong;989;A78F
Dispatcher:A78F;997584;30598;256;0;2;201;249;978;989
Listener:Sent_pong;989;F436
Dispatcher:F436;997653;42775;256;0;2;193;255;977;989
Listener:Sent_pong;990;3F27
Dispatcher:3F27;998108;44724;256;0;2;204;255;975;990
Listener:Sent_pong;990;8D93
Dispatcher:8D93;998237;28548;256;0;2;205;255;951;990
Listener:Sent_pong;990;CBB8
Dispatcher:CBB8;998262;28907;256;0;2;206;249;948;990
Listener:Sent_pong;990;FCED
Dispatcher:FCED;998317;30782;256;0;2;210;253;953;990
Listener:Sent_pong;990;A7E4
Dispatcher:A7E4;998427;25632;256;0;2;206;251;974;990
Listener:Sent_pong;990;A78F
Dispatcher:A78F;998593;26892;256;0;2;201;249;979;990
Listener:Sent_pong;990;F436
Dispatcher:F436;998660;38329;256;0;2;193;255;978;990
Listener:Sent_pong;991;3F27
Dispatcher:3F27;999116;38300;256;0;2;204;255;976;991
Listener:Sent_pong;991;8D93
Dispatcher:8D93;999253;28548;256;0;2;205;255;951;991
Listener:Sent_pong;991;CBB8
Dispatcher:CBB8;999284;40288;256;0;2;206;249;949;991
Listener:Sent_pong;991;FCED
Dispatcher:FCED;999326;29812;256;0;2;210;253;954;991
Listener:Sent_pong;991;A7E4
Dispatcher:A7E4;999434;28162;256;0;2;206;251;975;991
Listener:Sent_pong;991;A78F
Dispatcher:A78F;999602;26628;256;0;2;201;249;980;991
Listener:Sent_pong;991;F436
Dispatcher:F436;999669;42477;256;0;2;193;255;979;991
Listener:Sent_pong;992;3F27
Dispatcher:3F27;1000125;42436;256;0;2;204;255;977;992
Listener:Sent_pong;992;8D93
Dispatcher:8D93;1000261;25992;256;0;2;205;255;952;992
Listener:Sent_pong;992;CBB8
Dispatcher:CBB8;1000296;32520;256;0;2;206;249;950;992
Listener:Sent_pong;992;FCED
Dispatcher:FCED;1000333;24370;256;0;2;210;253;955;992
Listener:Sent_pong;992;A7E4
Dispatcher:A7E4;1000442;28496;256;0;2;206;251;976;992
Listener:Sent_pong;992;A78F
Dispatcher:A78F;1000615;35214;256;0;2;201;249;981;992
Listener:Sent_pong;992;F436
Dispatcher:F436;1000678;42477;256;0;2;193;255;979;992
Listener:Sent_pong;993;3F27
Dispatcher:3F27;1001138;46020;256;0;2;204;255;978;993
Listener:Sent_pong;993;8D93
Dispatcher:8D93;1001268;26946;256;0;2;205;255;953;993
Listener:Sent_pong;993;CBB8
Dispatcher:CBB8;1001303;23728;256;0;2;206;249;951;993
Listener:Sent_pong;993;FCED
Dispatcher:FCED;1001341;23750;256;0;2;210;253;956;993
Listener:Sent_pong;993;A7E4
Dispatcher:A7E4;1001451;25944;256;0;2;206;251;977;993
Listener:Sent_pong;993;A78F
Dispatcher:A78F;1001622;26290;256;0;2;201;249;982;993
Listener:Sent_pong;993;F436
Dispatcher:F436;1001687;42179;256;0;2;193;255;980;993
Listener:Sent_pong;994;3F27
Dispatcher:3F27;1002146;39886;256;0;2;204;255;979;994
Listener:Sent_pong;994;8D93
Dispatcher:8D93;1002285;32860;256;0;2;205;255;954;994
Listener:Sent_pong;994;CBB8
Dispatcher:CBB8;1002310;25032;256;0;2;206;249;952;994
Listener:Sent_pong;994;FCED
Dispatcher:FCED;1002348;23744;256;0;2;210;253;957;994
Listener:Sent_pong;994;A7E4
Dispatcher:A7E4;1002458;26260;256;0;2;206;251;978;994
Listener:Sent_pong;994;A78F
Dispatcher:A78F;1002629;25036;256;0;2;201;249;983;994
Listener:Sent_pong;994;F436
Dispatcher:F436;1002696;38941;256;0;2;193;255;981;994
Listener:Sent_pong;995;3F27
Dispatcher:3F27;1003155;37352;256;0;2;204;255;980;995
Listener:Sent_pong;995;8D93
Dispatcher:8D93;1003292;25996;256;0;2;205;255;955;995
Listener:Sent_pong;995;CBB8
Dispatcher:CBB8;1003318;26459;256;0;2;206;249;953;995
Listener:Sent_pong;995;FCED
Dispatcher:FCED;1003355;27610;256;0;2;210;253;958;995
Listener:Sent_pong;995;A7E4
Dispatcher:A7E4;1003465;26592;256;0;2;206;251;979;995
Listener:Sent_pong;995;A78F
Dispatcher:A78F;1003643;31442;256;0;2;201;249;984;995
Listener:Sent_pong;995;F436
Dispatcher:F436;1003705;48653;256;0;2;193;255;982;995
Listener:Sent_pong;996;3F27
Dispatcher:3F27;1004168;46658;256;0;2;204;255;981;996
Listener:Sent_pong;996;8D93
Dispatcher:8D93;1004299;26618;256;0;2;205;255;956;996
Listener:Sent_pong;996;CBB8
Dispatcher:CBB8;1004325;26619;256;0;2;206;249;954;996
Listener:Sent_pong;996;FCED
Dispatcher:FCED;1004363;31264;256;0;2;210;253;959;996
Listener:Sent_pong;996;A7E4
Dispatcher:A7E4;1004475;30556;256;0;2;206;251;980;996
Listener:Sent_pong;996;A78F
Dispatcher:A78F;1004650;22784;256;0;2;201;249;985;996
Listener:Sent_pong;996;F436
Dispatcher:F436;1004711;43233;256;0;2;193;255;983;996
Listener:Sent_pong;997;3F27
Dispatcher:3F27;1005176;48596;256;0;2;204;255;982;997
Listener:Sent_pong;997;8D93
Dispatcher:8D93;1005315;33526;256;0;2;205;255;957;997
Listener:Sent_pong;997;CBB8
Dispatcher:CBB8;1005336;30626;256;0;2;206;249;955;997
Listener:Sent_pong;997;FCED
Dispatcher:FCED;1005370;26006;256;0;2;210;253;960;997
Listener:Sent_pong;997;A7E4
Dispatcher:A7E4;1005483;27568;256;0;2;206;251;981;997
Listener:Sent_pong;997;A78F
Dispatcher:A78F;1005657;25314;256;0;2;201;249;986;997
Listener:Sent_pong;997;F436
Dispatcher:F436;1005720;42513;256;0;2;193;255;984;997
Listener:Sent_pong;998;3F27
Dispatcher:3F27;1006185;42752;256;0;2;204;255;983;998
Listener:Sent_pong;998;8D93
Dispatcher:8D93;1006324;28924;256;0;2;205;255;958;998
Listener:Sent_pong;998;CBB8
Dispatcher:CBB8;1006346;31344;256;0;2;206;249;956;998
Listener:Sent_pong;998;FCED
Dispatcher:FCED;1006377;27264;256;0;2;210;253;961;998
Listener:Sent_pong;998;A7E4
Dispatcher:A7E4;1006491;24986;256;0;2;206;251;982;998
Listener:Sent_pong;998;A78F
Dispatcher:A78F;1006672;31750;256;0;2;201;249;987;998
Listener:Sent_pong;998;F436
Dispatcher:F436;1006728;40249;256;0;2;193;255;985;998
Listener:Sent_pong;999;3F27
Dispatcher:3F27;1007199;43330;256;0;2;204;255;984;999
Listener:Sent_pong;999;8D93
Dispatcher:8D93;1007330;23436;256;0;2;205;255;959;999
Listener:Sent_pong;999;CBB8
Dispatcher:CBB8;1007354;28556;256;0;2;206;249;957;999
Listener:Sent_pong;999;FCED
Dispatcher:FCED;1007385;26630;256;0;2;210;253;962;999
Listener:Sent_pong;999;A7E4
Dispatcher:A7E4;1007505;30812;256;0;2;206;251;983;999
Listener:Sent_pong;999;A78F
Dispatcher:A78F;1007680;25978;256;0;2;201;249;988;999
Listener:Sent_pong;999;F436
Dispatcher:F436;1007735;40257;256;0;2;193;255;986;999
Listener:Sent_pong;1000;3F27
Dispatcher:3F27;1008208;49002;256;0;2;204;255;985;1000
Listener:Sent_pong;1000;8D93
Dispatcher:8D93;1008343;28986;256;0;2;205;255;960;1000
Listener:Sent_pong;1000;CBB8
Dispatcher:CBB8;1008362;26550;256;0;2;206;249;958;1000
Listener:Sent_pong;1000;FCED
Dispatcher:FCED;1008394;28222;256;0;2;210;253;963;1000
Listener:Sent_pong;1000;A7E4
Dispatcher:A7E4;1008514;27878;256;0;2;206;251;984;1000
Listener:Sent_pong;1000;A78F
Dispatcher:A78F;1008687;27562;256;0;2;201;249;989;1000
Listener:Sent_pong;1000;F436
Dispatcher:F436;1008742;40257;256;0;2;193;255;986;1000
exp
exp
Summary:

Printer:3F27;1015;1
Parents:3F27:A7E4;
Printer:FCED;1015;0
Parents:FCED:
Printer:F436;1015;0
Parents:F436:
Printer:A7E4;1015;0
Parents:A7E4:
Printer:8D93;1015;0
Parents:8D93:
Printer:A78F;1015;0
Parents:A78F:
Printer:CBB8;1015;1
Parents:CBB8:8D93;
Total_parent_changes: 2
Total nodes: 7
CURRENT-TREE--1015,3F27-1015,FCED-1015,F436-1015,A7E4-1015,8D93-1015,A78F-1015,CBB8
error: invalid command
> ^CConnection to lille.iot-lab.info closed.
make: *** [/home/tin/Desktop/RIOT_CODE/RIOT/examples/networking/gnrc/experiment_rpl_of/root_experiment/../../../../../Makefile.include:870: term] Error 130

Script done on 2026-06-23 13:39:06+02:00 [COMMAND_EXIT_CODE="2"]
